Date,Time,Trade No.,Type,Instrument,Price,Quantity,Value,Effect,Fees
1/2/2013,2:45:00 PM CST,1,sell to open,SPY $142 put exp. 2/16/2013,143,1,143,credit,1.142
1/2/2013,2:45:00 PM CST,1,buy to open,SPY $137 put exp. 2/16/2013,68,1,68,debit,1.127
1/17/2013,2:45:00 PM CST,1,buy to close,SPY $142 put exp. 2/16/2013,55,1,55,debit,0.127
1/17/2013,2:45:00 PM CST,1,sell to close,SPY $137 put exp. 2/16/2013,22,1,22,credit,0.142
1/17/2013,2:45:00 PM CST,2,sell to open,SPY $145 put exp. 2/22/2013,127,1,127,credit,1.142
1/17/2013,2:45:00 PM CST,2,buy to open,SPY $141 put exp. 2/22/2013,62,1,62,debit,1.127
1/28/2013,2:45:00 PM CST,2,buy to close,SPY $145 put exp. 2/22/2013,52,1,52,debit,0.127
1/28/2013,2:45:00 PM CST,2,sell to close,SPY $141 put exp. 2/22/2013,23,1,23,credit,0.142
1/28/2013,2:45:00 PM CST,3,sell to open,SPY $146 put exp. 3/16/2013,148,1,148,credit,1.142
1/28/2013,2:45:00 PM CST,3,buy to open,SPY $141 put exp. 3/16/2013,71,1,71,debit,1.127
2/14/2013,2:45:00 PM CST,3,buy to close,SPY $146 put exp. 3/16/2013,57,1,57,debit,0.127
2/14/2013,2:45:00 PM CST,3,sell to close,SPY $141 put exp. 3/16/2013,24,1,24,credit,0.142
2/14/2013,2:45:00 PM CST,4,sell to open,SPY $149 put exp. 3/28/2013,148,1,148,credit,1.142
2/14/2013,2:45:00 PM CST,4,buy to open,SPY $143 put exp. 3/28/2013,57,1,57,debit,1.127
3/5/2013,2:45:00 PM CST,4,buy to close,SPY $149 put exp. 3/28/2013,61,1,61,debit,0.127
3/5/2013,2:45:00 PM CST,4,sell to close,SPY $143 put exp. 3/28/2013,19,1,19,credit,0.142
3/5/2013,2:45:00 PM CST,5,sell to open,SPY $150 put exp. 4/20/2013,145,1,145,credit,1.142
3/5/2013,2:45:00 PM CST,5,buy to open,SPY $145 put exp. 4/20/2013,70,1,70,debit,1.127
3/14/2013,2:45:00 PM CDT,5,buy to close,SPY $150 put exp. 4/20/2013,60,1,60,debit,0.127
3/14/2013,2:45:00 PM CDT,5,sell to close,SPY $145 put exp. 4/20/2013,27,1,27,credit,0.142
3/14/2013,2:45:00 PM CDT,6,sell to open,SPY $154 put exp. 4/20/2013,130,1,130,credit,1.142
3/14/2013,2:45:00 PM CDT,6,buy to open,SPY $151 put exp. 4/20/2013,73,1,73,debit,1.127
4/1/2013,2:45:00 PM CDT,6,buy to close,SPY $154 put exp. 4/20/2013,97,1,97,debit,0.127
4/1/2013,2:45:00 PM CDT,6,sell to close,SPY $151 put exp. 4/20/2013,47,1,47,credit,0.142
4/1/2013,2:45:00 PM CDT,7,sell to open,SPY $152 put exp. 5/18/2013,150,1,150,credit,1.142
4/1/2013,2:45:00 PM CDT,7,buy to open,SPY $147 put exp. 5/18/2013,74,1,74,debit,1.127
4/11/2013,2:45:00 PM CDT,7,buy to close,SPY $152 put exp. 5/18/2013,57,1,57,debit,0.127
4/11/2013,2:45:00 PM CDT,7,sell to close,SPY $147 put exp. 5/18/2013,25,1,25,credit,0.142
4/11/2013,2:45:00 PM CDT,8,sell to open,SPY $156 put exp. 5/18/2013,118,1,118,credit,1.142
4/11/2013,2:45:00 PM CDT,8,buy to open,SPY $152 put exp. 5/18/2013,57,1,57,debit,1.127
4/29/2013,2:45:00 PM CDT,8,buy to close,SPY $156 put exp. 5/18/2013,75,1,75,debit,0.127
4/29/2013,2:45:00 PM CDT,8,sell to close,SPY $152 put exp. 5/18/2013,29,1,29,credit,0.142
4/29/2013,2:45:00 PM CDT,9,sell to open,SPY $155 put exp. 6/22/2013,188,1,188,credit,1.142
4/29/2013,2:45:00 PM CDT,9,buy to open,SPY $149 put exp. 6/22/2013,86,1,86,debit,1.127
5/8/2013,2:45:00 PM CDT,9,buy to close,SPY $155 put exp. 6/22/2013,77,1,77,debit,0.127
5/8/2013,2:45:00 PM CDT,9,sell to close,SPY $149 put exp. 6/22/2013,33,1,33,credit,0.142
5/8/2013,2:45:00 PM CDT,10,sell to open,SPY $159 put exp. 6/22/2013,145,1,145,credit,1.142
5/8/2013,2:45:00 PM CDT,10,buy to open,SPY $154 put exp. 6/22/2013,66,1,66,debit,1.127
5/17/2013,2:45:00 PM CDT,10,buy to close,SPY $159 put exp. 6/22/2013,59,1,59,debit,0.127
5/17/2013,2:45:00 PM CDT,10,sell to close,SPY $154 put exp. 6/22/2013,27,1,27,credit,0.142
5/17/2013,2:45:00 PM CDT,11,sell to open,SPY $163 put exp. 6/28/2013,154,1,154,credit,1.142
5/17/2013,2:45:00 PM CDT,11,buy to open,SPY $158 put exp. 6/28/2013,67,1,67,debit,1.127
6/7/2013,2:45:00 PM CDT,11,buy to close,SPY $163 put exp. 6/28/2013,189,1,189,debit,0.127
6/7/2013,2:45:00 PM CDT,11,sell to close,SPY $158 put exp. 6/28/2013,70,1,70,credit,0.142
6/7/2013,2:45:00 PM CDT,12,sell to open,SPY $160 put exp. 7/20/2013,188,1,188,credit,1.142
6/7/2013,2:45:00 PM CDT,12,buy to open,SPY $154 put exp. 7/20/2013,84,1,84,debit,1.127
7/1/2013,2:45:00 PM CDT,12,buy to close,SPY $160 put exp. 7/20/2013,169,1,169,debit,0.127
7/1/2013,2:45:00 PM CDT,12,sell to close,SPY $154 put exp. 7/20/2013,46,1,46,credit,0.142
7/1/2013,2:45:00 PM CDT,13,sell to open,SPY $156 put exp. 8/17/2013,187,1,187,credit,1.142
7/1/2013,2:45:00 PM CDT,13,buy to open,SPY $150 put exp. 8/17/2013,88,1,88,debit,1.127
7/9/2013,2:45:00 PM CDT,13,buy to close,SPY $156 put exp. 8/17/2013,69,1,69,debit,0.127
7/9/2013,2:45:00 PM CDT,13,sell to close,SPY $150 put exp. 8/17/2013,28,1,28,credit,0.142
7/9/2013,2:45:00 PM CDT,14,sell to open,SPY $161 put exp. 8/17/2013,151,1,151,credit,1.142
7/9/2013,2:45:00 PM CDT,14,buy to open,SPY $156 put exp. 8/17/2013,69,1,69,debit,1.127
7/18/2013,2:45:00 PM CDT,14,buy to close,SPY $161 put exp. 8/17/2013,56,1,56,debit,0.127
7/18/2013,2:45:00 PM CDT,14,sell to close,SPY $156 put exp. 8/17/2013,24,1,24,credit,0.142
7/18/2013,2:45:00 PM CDT,15,sell to open,SPY $165 put exp. 8/23/2013,148,1,148,credit,1.142
7/18/2013,2:45:00 PM CDT,15,buy to open,SPY $160 put exp. 8/23/2013,66,1,66,debit,1.127
8/1/2013,2:45:00 PM CDT,15,buy to close,SPY $165 put exp. 8/23/2013,53,1,53,debit,0.127
8/1/2013,2:45:00 PM CDT,15,sell to close,SPY $160 put exp. 8/23/2013,19,1,19,credit,0.142
8/1/2013,2:45:00 PM CDT,16,sell to open,SPY $166 put exp. 9/21/2013,178,1,178,credit,1.142
8/1/2013,2:45:00 PM CDT,16,buy to open,SPY $160 put exp. 9/21/2013,76,1,76,debit,1.127
9/3/2013,2:45:00 PM CDT,16,buy to close,SPY $166 put exp. 9/21/2013,332,1,332,debit,0.127
9/3/2013,2:45:00 PM CDT,16,sell to close,SPY $160 put exp. 9/21/2013,99,1,99,credit,0.142
9/3/2013,2:45:00 PM CDT,17,sell to open,SPY $159 put exp. 10/19/2013,198,1,198,credit,1.142
9/3/2013,2:45:00 PM CDT,17,buy to open,SPY $153 put exp. 10/19/2013,94,1,94,debit,1.127
9/10/2013,2:45:00 PM CDT,17,buy to close,SPY $159 put exp. 10/19/2013,76,1,76,debit,0.127
9/10/2013,2:45:00 PM CDT,17,sell to close,SPY $153 put exp. 10/19/2013,33,1,33,credit,0.142
9/10/2013,2:45:00 PM CDT,18,sell to open,SPY $164 put exp. 10/19/2013,159,1,159,credit,1.142
9/10/2013,2:45:00 PM CDT,18,buy to open,SPY $159 put exp. 10/19/2013,76,1,76,debit,1.127
9/18/2013,2:45:00 PM CDT,18,buy to close,SPY $164 put exp. 10/19/2013,58,1,58,debit,0.127
9/18/2013,2:45:00 PM CDT,18,sell to close,SPY $159 put exp. 10/19/2013,26,1,26,credit,0.142
9/18/2013,2:45:00 PM CDT,19,sell to open,SPY $168 put exp. 11/16/2013,214,1,214,credit,1.142
9/18/2013,2:45:00 PM CDT,19,buy to open,SPY $161 put exp. 11/16/2013,93,1,93,debit,1.127
10/17/2013,2:45:00 PM CDT,19,buy to close,SPY $168 put exp. 11/16/2013,84,1,84,debit,0.127
10/17/2013,2:45:00 PM CDT,19,sell to close,SPY $161 put exp. 11/16/2013,27,1,27,credit,0.142
10/17/2013,2:45:00 PM CDT,20,sell to open,SPY $169.5 put exp. 11/22/2013,133,1,133,credit,1.142
10/17/2013,2:45:00 PM CDT,20,buy to open,SPY $165 put exp. 11/22/2013,66,1,66,debit,1.127
10/28/2013,2:45:00 PM CDT,20,buy to close,SPY $169.5 put exp. 11/22/2013,46,1,46,debit,0.127
10/28/2013,2:45:00 PM CDT,20,sell to close,SPY $165 put exp. 11/22/2013,22,1,22,credit,0.142
10/28/2013,2:45:00 PM CDT,21,sell to open,SPY $171 put exp. 12/21/2013,173,1,173,credit,1.142
10/28/2013,2:45:00 PM CDT,21,buy to open,SPY $165 put exp. 12/21/2013,78,1,78,debit,1.127
11/14/2013,2:45:00 PM CST,21,buy to close,SPY $171 put exp. 12/21/2013,72,1,72,debit,0.127
11/14/2013,2:45:00 PM CST,21,sell to close,SPY $165 put exp. 12/21/2013,32,1,32,credit,0.142
11/14/2013,2:45:00 PM CST,22,sell to open,SPY $175 put exp. 12/31/2013,176,1,176,credit,1.142
11/14/2013,2:45:00 PM CST,22,buy to open,SPY $169 put exp. 12/31/2013,76,1,76,debit,1.127
12/6/2013,2:45:00 PM CST,22,buy to close,SPY $175 put exp. 12/31/2013,72,1,72,debit,0.127
12/6/2013,2:45:00 PM CST,22,sell to close,SPY $169 put exp. 12/31/2013,29,1,29,credit,0.142
12/6/2013,2:45:00 PM CST,23,sell to open,SPY $176 put exp. 1/18/2014,154,1,154,credit,1.142
12/6/2013,2:45:00 PM CST,23,buy to open,SPY $171 put exp. 1/18/2014,78,1,78,debit,1.127
12/23/2013,2:45:00 PM CST,23,buy to close,SPY $176 put exp. 1/18/2014,54,1,54,debit,0.127
12/23/2013,2:45:00 PM CST,23,sell to close,SPY $171 put exp. 1/18/2014,28,1,28,credit,0.142
12/23/2013,2:45:00 PM CST,24,sell to open,SPY $179.5 put exp. 1/24/2014,124,1,124,credit,1.142
12/23/2013,2:45:00 PM CST,24,buy to open,SPY $175 put exp. 1/24/2014,63,1,63,debit,1.127
1/3/2014,2:45:00 PM CST,24,buy to close,SPY $179.5 put exp. 1/24/2014,89,1,89,debit,0.127
1/3/2014,2:45:00 PM CST,24,sell to close,SPY $175 put exp. 1/24/2014,40,1,40,credit,0.142
1/3/2014,2:45:00 PM CST,25,sell to open,SPY $179 put exp. 2/22/2014,188,1,188,credit,1.142
1/3/2014,2:45:00 PM CST,25,buy to open,SPY $173 put exp. 2/22/2014,89,1,89,debit,1.127
2/3/2014,2:45:00 PM CST,25,buy to close,SPY $179 put exp. 2/22/2014,592,1,592,debit,0.127
2/3/2014,2:45:00 PM CST,25,sell to close,SPY $173 put exp. 2/22/2014,265,1,265,credit,0.142
2/3/2014,2:45:00 PM CST,26,sell to open,SPY $168 put exp. 3/22/2014,275,1,275,credit,1.142
2/3/2014,2:45:00 PM CST,26,buy to open,SPY $158 put exp. 3/22/2014,112,1,112,debit,1.127
2/7/2014,2:45:00 PM CST,26,buy to close,SPY $168 put exp. 3/22/2014,81,1,81,debit,0.127
2/7/2014,2:45:00 PM CST,26,sell to close,SPY $158 put exp. 3/22/2014,30,1,30,credit,0.142
2/7/2014,2:45:00 PM CST,27,sell to open,SPY $175 put exp. 3/22/2014,190,1,190,credit,1.142
2/7/2014,2:45:00 PM CST,27,buy to open,SPY $169 put exp. 3/22/2014,91,1,91,debit,1.127
2/14/2014,2:45:00 PM CST,27,buy to close,SPY $175 put exp. 3/22/2014,76,1,76,debit,0.127
2/14/2014,2:45:00 PM CST,27,sell to close,SPY $169 put exp. 3/22/2014,35,1,35,credit,0.142
2/14/2014,2:45:00 PM CST,28,sell to open,SPY $179 put exp. 3/31/2014,168,1,168,credit,1.142
2/14/2014,2:45:00 PM CST,28,buy to open,SPY $174 put exp. 3/31/2014,88,1,88,debit,1.127
3/4/2014,2:45:00 PM CST,28,buy to close,SPY $179 put exp. 3/31/2014,63,1,63,debit,0.127
3/4/2014,2:45:00 PM CST,28,sell to close,SPY $174 put exp. 3/31/2014,30,1,30,credit,0.142
3/4/2014,2:45:00 PM CST,29,sell to open,SPY $183 put exp. 4/19/2014,191,1,191,credit,1.142
3/4/2014,2:45:00 PM CST,29,buy to open,SPY $175 put exp. 4/19/2014,75,1,75,debit,1.127
3/31/2014,2:45:00 PM CDT,29,buy to close,SPY $183 put exp. 4/19/2014,82,1,82,debit,0.127
3/31/2014,2:45:00 PM CDT,29,sell to close,SPY $175 put exp. 4/19/2014,17,1,17,credit,0.142
3/31/2014,2:45:00 PM CDT,30,sell to open,SPY $182 put exp. 5/17/2014,182,1,182,credit,1.142
3/31/2014,2:45:00 PM CDT,30,buy to open,SPY $176 put exp. 5/17/2014,90,1,90,debit,1.127
4/28/2014,2:45:00 PM CDT,30,buy to close,SPY $182 put exp. 5/17/2014,69,1,69,debit,0.127
4/28/2014,2:45:00 PM CDT,30,sell to close,SPY $176 put exp. 5/17/2014,20,1,20,credit,0.142
4/28/2014,2:45:00 PM CDT,31,sell to open,SPY $183 put exp. 6/6/2014,168,1,168,credit,1.142
4/28/2014,2:45:00 PM CDT,31,buy to open,SPY $177.5 put exp. 6/6/2014,80,1,80,debit,1.127
5/12/2014,2:45:00 PM CDT,31,buy to close,SPY $183 put exp. 6/6/2014,51,1,51,debit,0.127
5/12/2014,2:45:00 PM CDT,31,sell to close,SPY $177.5 put exp. 6/6/2014,20,1,20,credit,0.142
5/12/2014,2:45:00 PM CDT,32,sell to open,SPY $185 put exp. 6/27/2014,178,1,178,credit,1.142
5/12/2014,2:45:00 PM CDT,32,buy to open,SPY $178.5 put exp. 6/27/2014,76,1,76,debit,1.127
5/29/2014,2:45:00 PM CDT,32,buy to close,SPY $185 put exp. 6/27/2014,60,1,60,debit,0.127
5/29/2014,2:45:00 PM CDT,32,sell to close,SPY $178.5 put exp. 6/27/2014,20,1,20,credit,0.142
5/29/2014,2:45:00 PM CDT,33,sell to open,SPY $188 put exp. 7/11/2014,161,1,161,credit,1.142
5/29/2014,2:45:00 PM CDT,33,buy to open,SPY $183 put exp. 7/11/2014,80,1,80,debit,1.127
6/9/2014,2:45:00 PM CDT,33,buy to close,SPY $188 put exp. 7/11/2014,59,1,59,debit,0.127
6/9/2014,2:45:00 PM CDT,33,sell to close,SPY $183 put exp. 7/11/2014,25,1,25,credit,0.142
6/9/2014,2:45:00 PM CDT,34,sell to open,SPY $191 put exp. 7/25/2014,164,1,164,credit,1.142
6/9/2014,2:45:00 PM CDT,34,buy to open,SPY $185 put exp. 7/25/2014,69,1,69,debit,1.127
6/30/2014,2:45:00 PM CDT,34,buy to close,SPY $191 put exp. 7/25/2014,68,1,68,debit,0.127
6/30/2014,2:45:00 PM CDT,34,sell to close,SPY $185 put exp. 7/25/2014,29,1,29,credit,0.142
6/30/2014,2:45:00 PM CDT,35,sell to open,SPY $192 put exp. 8/16/2014,158,1,158,credit,1.142
6/30/2014,2:45:00 PM CDT,35,buy to open,SPY $185 put exp. 8/16/2014,67,1,67,debit,1.127
7/23/2014,2:45:00 PM CDT,35,buy to close,SPY $192 put exp. 8/16/2014,50,1,50,debit,0.127
7/23/2014,2:45:00 PM CDT,35,sell to close,SPY $185 put exp. 8/16/2014,16,1,16,credit,0.142
7/23/2014,2:45:00 PM CDT,36,sell to open,SPY $195 put exp. 8/29/2014,147,1,147,credit,1.142
7/23/2014,2:45:00 PM CDT,36,buy to open,SPY $189.5 put exp. 8/29/2014,69,1,69,debit,1.127
8/8/2014,2:45:00 PM CDT,36,buy to close,SPY $195 put exp. 8/29/2014,350,1,350,debit,0.127
8/8/2014,2:45:00 PM CDT,36,sell to close,SPY $189.5 put exp. 8/29/2014,153,1,153,credit,0.142
8/8/2014,2:45:00 PM CDT,37,sell to open,SPY $187 put exp. 9/20/2014,214,1,214,credit,1.142
8/8/2014,2:45:00 PM CDT,37,buy to open,SPY $180 put exp. 9/20/2014,102,1,102,debit,1.127
8/14/2014,2:45:00 PM CDT,37,buy to close,SPY $187 put exp. 9/20/2014,87,1,87,debit,0.127
8/14/2014,2:45:00 PM CDT,37,sell to close,SPY $180 put exp. 9/20/2014,36,1,36,credit,0.142
8/14/2014,2:45:00 PM CDT,38,sell to open,SPY $191 put exp. 9/30/2014,186,1,186,credit,1.142
8/14/2014,2:45:00 PM CDT,38,buy to open,SPY $183 put exp. 9/30/2014,73,1,73,debit,1.127
8/22/2014,2:45:00 PM CDT,38,buy to close,SPY $191 put exp. 9/30/2014,83,1,83,debit,0.127
8/22/2014,2:45:00 PM CDT,38,sell to close,SPY $183 put exp. 9/30/2014,31,1,31,credit,0.142
8/22/2014,2:45:00 PM CDT,39,sell to open,SPY $194.5 put exp. 10/3/2014,152,1,152,credit,1.142
8/22/2014,2:45:00 PM CDT,39,buy to open,SPY $189.5 put exp. 10/3/2014,80,1,80,debit,1.127
9/12/2014,2:45:00 PM CDT,39,buy to close,SPY $194.5 put exp. 10/3/2014,112,1,112,debit,0.127
9/12/2014,2:45:00 PM CDT,39,sell to close,SPY $189.5 put exp. 10/3/2014,52,1,52,credit,0.142
9/12/2014,2:45:00 PM CDT,40,sell to open,SPY $193.5 put exp. 10/24/2014,178,1,178,credit,1.142
9/12/2014,2:45:00 PM CDT,40,buy to open,SPY $187.5 put exp. 10/24/2014,93,1,93,debit,1.127
10/3/2014,2:45:00 PM CDT,40,buy to close,SPY $193.5 put exp. 10/24/2014,143,1,143,debit,0.127
10/3/2014,2:45:00 PM CDT,40,sell to close,SPY $187.5 put exp. 10/24/2014,52,1,52,credit,0.142
10/3/2014,2:45:00 PM CDT,41,sell to open,SPY $191.5 put exp. 11/14/2014,192,1,192,credit,1.142
10/3/2014,2:45:00 PM CDT,41,buy to open,SPY $187 put exp. 11/14/2014,116,1,116,debit,1.127
10/24/2014,2:45:00 PM CDT,41,buy to close,SPY $191.5 put exp. 11/14/2014,131,1,131,debit,0.127
10/24/2014,2:45:00 PM CDT,41,sell to close,SPY $187 put exp. 11/14/2014,68,1,68,credit,0.142
10/24/2014,2:45:00 PM CDT,42,sell to open,SPY $191 put exp. 12/5/2014,225,1,225,credit,1.142
10/24/2014,2:45:00 PM CDT,42,buy to open,SPY $185 put exp. 12/5/2014,123,1,123,debit,1.127
10/31/2014,2:45:00 PM CDT,42,buy to close,SPY $191 put exp. 12/5/2014,79,1,79,debit,0.127
10/31/2014,2:45:00 PM CDT,42,sell to close,SPY $185 put exp. 12/5/2014,40,1,40,credit,0.142
10/31/2014,2:45:00 PM CDT,43,sell to open,SPY $196.5 put exp. 12/12/2014,191,1,191,credit,1.142
10/31/2014,2:45:00 PM CDT,43,buy to open,SPY $190 put exp. 12/12/2014,94,1,94,debit,1.127
11/11/2014,2:45:00 PM CST,43,buy to close,SPY $196.5 put exp. 12/12/2014,82,1,82,debit,0.127
11/11/2014,2:45:00 PM CST,43,sell to close,SPY $190 put exp. 12/12/2014,37,1,37,credit,0.142
11/11/2014,2:45:00 PM CST,44,sell to open,SPY $198.5 put exp. 12/26/2014,188,1,188,credit,1.142
11/11/2014,2:45:00 PM CST,44,buy to open,SPY $192.5 put exp. 12/26/2014,97,1,97,debit,1.127
11/24/2014,2:45:00 PM CST,44,buy to close,SPY $198.5 put exp. 12/26/2014,77,1,77,debit,0.127
11/24/2014,2:45:00 PM CST,44,sell to close,SPY $192.5 put exp. 12/26/2014,39,1,39,credit,0.142
11/24/2014,2:45:00 PM CST,45,sell to open,SPY $202.5 put exp. 1/2/2015,161,1,161,credit,1.142
11/24/2014,2:45:00 PM CST,45,buy to open,SPY $196 put exp. 1/2/2015,74,1,74,debit,1.127
12/12/2014,2:45:00 PM CST,45,buy to close,SPY $202.5 put exp. 1/2/2015,454,1,454,debit,0.127
12/12/2014,2:45:00 PM CST,45,sell to close,SPY $196 put exp. 1/2/2015,229,1,229,credit,0.142
12/12/2014,2:45:00 PM CST,46,sell to open,SPY $193.5 put exp. 1/23/2015,289,1,289,credit,1.142
12/12/2014,2:45:00 PM CST,46,buy to open,SPY $186 put exp. 1/23/2015,212,1,212,debit,1.127
12/17/2014,2:45:00 PM CST,46,buy to close,SPY $193.5 put exp. 1/23/2015,207,1,207,debit,0.127
12/17/2014,2:45:00 PM CST,46,sell to close,SPY $186 put exp. 1/23/2015,241,1,241,credit,0.142
12/17/2014,2:45:00 PM CST,47,sell to open,SPY $194.5 put exp. 1/30/2015,263,1,263,credit,1.142
12/17/2014,2:45:00 PM CST,47,buy to open,SPY $185 put exp. 1/30/2015,123,1,123,debit,1.127
12/19/2014,2:45:00 PM CST,47,buy to close,SPY $194.5 put exp. 1/30/2015,120,1,120,debit,0.127
12/19/2014,2:45:00 PM CST,47,sell to close,SPY $185 put exp. 1/30/2015,59,1,59,credit,0.142
12/19/2014,2:45:00 PM CST,48,sell to open,SPY $201.5 put exp. 1/30/2015,225,1,225,credit,1.142
12/19/2014,2:45:00 PM CST,48,buy to open,SPY $194 put exp. 1/30/2015,115,1,115,debit,1.127
1/9/2015,2:45:00 PM CST,48,buy to close,SPY $201.5 put exp. 1/30/2015,191,1,191,debit,0.127
1/9/2015,2:45:00 PM CST,48,sell to close,SPY $194 put exp. 1/30/2015,69,1,69,credit,0.142
1/9/2015,2:45:00 PM CST,49,sell to open,SPY $199 put exp. 2/20/2015,259,1,259,credit,1.142
1/9/2015,2:45:00 PM CST,49,buy to open,SPY $190 put exp. 2/20/2015,120,1,120,debit,1.127
1/30/2015,2:45:00 PM CST,49,buy to close,SPY $199 put exp. 2/20/2015,351,1,351,debit,0.127
1/30/2015,2:45:00 PM CST,49,sell to close,SPY $190 put exp. 2/20/2015,127,1,127,credit,0.142
2/2/2015,2:45:00 PM CST,50,sell to open,SPY $195 put exp. 3/20/2015,294,1,294,credit,1.142
2/2/2015,2:45:00 PM CST,50,buy to open,SPY $184 put exp. 3/20/2015,129,1,129,debit,1.127
2/12/2015,2:45:00 PM CST,50,buy to close,SPY $195 put exp. 3/20/2015,89,1,89,debit,0.127
2/12/2015,2:45:00 PM CST,50,sell to close,SPY $184 put exp. 3/20/2015,36,1,36,credit,0.142
2/12/2015,2:45:00 PM CST,51,sell to open,SPY $203 put exp. 3/31/2015,251,1,251,credit,1.142
2/12/2015,2:45:00 PM CST,51,buy to open,SPY $194 put exp. 3/31/2015,114,1,114,debit,1.127
3/2/2015,2:45:00 PM CST,51,buy to close,SPY $203 put exp. 3/31/2015,74,1,74,debit,0.127
3/2/2015,2:45:00 PM CST,51,sell to close,SPY $194 put exp. 3/31/2015,24,1,24,credit,0.142
3/2/2015,2:45:00 PM CST,52,sell to open,SPY $207 put exp. 4/17/2015,226,1,226,credit,1.142
3/2/2015,2:45:00 PM CST,52,buy to open,SPY $200 put exp. 4/17/2015,113,1,113,debit,1.127
3/27/2015,2:45:00 PM CDT,52,buy to close,SPY $207 put exp. 4/17/2015,326,1,326,debit,0.127
3/27/2015,2:45:00 PM CDT,52,sell to close,SPY $200 put exp. 4/17/2015,112,1,112,credit,0.142
3/27/2015,2:45:00 PM CDT,53,sell to open,SPY $200 put exp. 5/8/2015,218,1,218,credit,1.142
3/27/2015,2:45:00 PM CDT,53,buy to open,SPY $193 put exp. 5/8/2015,105,1,105,debit,1.127
4/9/2015,2:45:00 PM CDT,53,buy to close,SPY $200 put exp. 5/8/2015,76,1,76,debit,0.127
4/9/2015,2:45:00 PM CDT,53,sell to close,SPY $193 put exp. 5/8/2015,27,1,27,credit,0.142
4/9/2015,2:45:00 PM CDT,54,sell to open,SPY $204 put exp. 5/22/2015,206,1,206,credit,1.142
4/9/2015,2:45:00 PM CDT,54,buy to open,SPY $196.5 put exp. 5/22/2015,91,1,91,debit,1.127
4/24/2015,2:45:00 PM CDT,54,buy to close,SPY $204 put exp. 5/22/2015,76,1,76,debit,0.127
4/24/2015,2:45:00 PM CDT,54,sell to close,SPY $196.5 put exp. 5/22/2015,26,1,26,credit,0.142
4/24/2015,2:45:00 PM CDT,55,sell to open,SPY $207 put exp. 6/5/2015,182,1,182,credit,1.142
4/24/2015,2:45:00 PM CDT,55,buy to open,SPY $200.5 put exp. 6/5/2015,86,1,86,debit,1.127
5/15/2015,2:45:00 PM CDT,55,buy to close,SPY $207 put exp. 6/5/2015,78,1,78,debit,0.127
5/15/2015,2:45:00 PM CDT,55,sell to close,SPY $200.5 put exp. 6/5/2015,26,1,26,credit,0.142
5/15/2015,2:45:00 PM CDT,56,sell to open,SPY $207 put exp. 6/30/2015,214,1,214,credit,1.142
5/15/2015,2:45:00 PM CDT,56,buy to open,SPY $200 put exp. 6/30/2015,102,1,102,debit,1.127
6/9/2015,2:45:00 PM CDT,56,buy to close,SPY $207 put exp. 6/30/2015,241,1,241,debit,0.127
6/9/2015,2:45:00 PM CDT,56,sell to close,SPY $200 put exp. 6/30/2015,75,1,75,credit,0.142
6/9/2015,2:45:00 PM CDT,57,sell to open,SPY $202.5 put exp. 7/24/2015,236,1,236,credit,1.142
6/9/2015,2:45:00 PM CDT,57,buy to open,SPY $195.5 put exp. 7/24/2015,112,1,112,debit,1.127
6/18/2015,2:45:00 PM CDT,57,buy to close,SPY $202.5 put exp. 7/24/2015,104,1,104,debit,0.127
6/18/2015,2:45:00 PM CDT,57,sell to close,SPY $195.5 put exp. 7/24/2015,47,1,47,credit,0.142
6/18/2015,2:45:00 PM CDT,58,sell to open,SPY $207 put exp. 7/31/2015,209,1,209,credit,1.142
6/18/2015,2:45:00 PM CDT,58,buy to open,SPY $200.5 put exp. 7/31/2015,104,1,104,debit,1.127
7/10/2015,2:45:00 PM CDT,58,buy to close,SPY $207 put exp. 7/31/2015,274,1,274,debit,0.127
7/10/2015,2:45:00 PM CDT,58,sell to close,SPY $200.5 put exp. 7/31/2015,113,1,113,credit,0.142
7/10/2015,2:45:00 PM CDT,59,sell to open,SPY $202 put exp. 8/21/2015,247,1,247,credit,1.142
7/10/2015,2:45:00 PM CDT,59,buy to open,SPY $194 put exp. 8/21/2015,120,1,120,debit,1.127
7/16/2015,2:45:00 PM CDT,59,buy to close,SPY $202 put exp. 8/21/2015,76,1,76,debit,0.127
7/16/2015,2:45:00 PM CDT,59,sell to close,SPY $194 put exp. 8/21/2015,31,1,31,credit,0.142
7/16/2015,2:45:00 PM CDT,60,sell to open,SPY $207.5 put exp. 8/28/2015,181,1,181,credit,1.142
7/16/2015,2:45:00 PM CDT,60,buy to open,SPY $200.5 put exp. 8/28/2015,82,1,82,debit,1.127
8/7/2015,2:45:00 PM CDT,60,buy to close,SPY $207.5 put exp. 8/28/2015,228,1,228,debit,0.127
8/7/2015,2:45:00 PM CDT,60,sell to close,SPY $200.5 put exp. 8/28/2015,69,1,69,credit,0.142
8/7/2015,2:45:00 PM CDT,61,sell to open,SPY $202 put exp. 9/18/2015,218,1,218,credit,1.142
8/7/2015,2:45:00 PM CDT,61,buy to open,SPY $196 put exp. 9/18/2015,110,1,110,debit,1.127
8/28/2015,2:45:00 PM CDT,61,buy to close,SPY $202 put exp. 9/18/2015,643,1,643,debit,0.127
8/28/2015,2:45:00 PM CDT,61,sell to close,SPY $196 put exp. 9/18/2015,385,1,385,credit,0.142
8/28/2015,2:45:00 PM CDT,62,sell to open,SPY $190.5 put exp. 10/9/2015,375,1,375,credit,1.142
8/28/2015,2:45:00 PM CDT,62,buy to open,SPY $180 put exp. 10/9/2015,200,1,200,debit,1.127
9/18/2015,2:45:00 PM CDT,62,buy to close,SPY $190.5 put exp. 10/9/2015,228,1,228,debit,0.127
9/18/2015,2:45:00 PM CDT,62,sell to close,SPY $180 put exp. 10/9/2015,72,1,72,credit,0.142
9/18/2015,2:45:00 PM CDT,63,sell to open,SPY $190 put exp. 10/30/2015,358,1,358,credit,1.142
9/18/2015,2:45:00 PM CDT,63,buy to open,SPY $180 put exp. 10/30/2015,168,1,168,debit,1.127
10/7/2015,2:45:00 PM CDT,63,buy to close,SPY $190 put exp. 10/30/2015,99,1,99,debit,0.127
10/7/2015,2:45:00 PM CDT,63,sell to close,SPY $180 put exp. 10/30/2015,27,1,27,credit,0.142
10/7/2015,2:45:00 PM CDT,64,sell to open,SPY $193 put exp. 11/20/2015,273,1,273,credit,1.142
10/7/2015,2:45:00 PM CDT,64,buy to open,SPY $185 put exp. 11/20/2015,132,1,132,debit,1.127
10/16/2015,2:45:00 PM CDT,64,buy to close,SPY $193 put exp. 11/20/2015,106,1,106,debit,0.127
10/16/2015,2:45:00 PM CDT,64,sell to close,SPY $185 put exp. 11/20/2015,44,1,44,credit,0.142
10/16/2015,2:45:00 PM CDT,65,sell to open,SPY $198 put exp. 11/27/2015,217,1,217,credit,1.142
10/16/2015,2:45:00 PM CDT,65,buy to open,SPY $190 put exp. 11/27/2015,96,1,96,debit,1.127
10/28/2015,2:45:00 PM CDT,65,buy to close,SPY $198 put exp. 11/27/2015,72,1,72,debit,0.127
10/28/2015,2:45:00 PM CDT,65,sell to close,SPY $190 put exp. 11/27/2015,27,1,27,credit,0.142
10/29/2015,2:45:00 PM CDT,66,sell to open,SPY $203.5 put exp. 12/11/2015,217,1,217,credit,1.142
10/29/2015,2:45:00 PM CDT,66,buy to open,SPY $196.5 put exp. 12/11/2015,108,1,108,debit,1.127
11/20/2015,2:45:00 PM CST,66,buy to close,SPY $203.5 put exp. 12/11/2015,108,1,108,debit,0.127
11/20/2015,2:45:00 PM CST,66,sell to close,SPY $196.5 put exp. 12/11/2015,38,1,38,credit,0.142
11/20/2015,2:45:00 PM CST,67,sell to open,SPY $203 put exp. 12/31/2015,236,1,236,credit,1.142
11/20/2015,2:45:00 PM CST,67,buy to open,SPY $198 put exp. 12/31/2015,145,1,145,debit,1.127
12/10/2015,2:45:00 PM CST,67,buy to close,SPY $203 put exp. 12/31/2015,277,1,277,debit,0.127
12/10/2015,2:45:00 PM CST,67,sell to close,SPY $198 put exp. 12/31/2015,148,1,148,credit,0.142
12/10/2015,2:45:00 PM CST,68,sell to open,SPY $197.5 put exp. 1/22/2016,259,1,259,credit,1.142
12/10/2015,2:45:00 PM CST,68,buy to open,SPY $190 put exp. 1/22/2016,140,1,140,debit,1.127
12/29/2015,2:45:00 PM CST,68,buy to close,SPY $197.5 put exp. 1/22/2016,73,1,73,debit,0.127
12/29/2015,2:45:00 PM CST,68,sell to close,SPY $190 put exp. 1/22/2016,28,1,28,credit,0.142
12/29/2015,2:45:00 PM CST,69,sell to open,SPY $201 put exp. 2/19/2016,267,1,267,credit,1.142
12/29/2015,2:45:00 PM CST,69,buy to open,SPY $193 put exp. 2/19/2016,140,1,140,debit,1.127
1/29/2016,2:45:00 PM CST,69,buy to close,SPY $201 put exp. 2/19/2016,809,1,809,debit,0.127
1/29/2016,2:45:00 PM CST,69,sell to close,SPY $193 put exp. 2/19/2016,318,1,318,credit,0.142
1/29/2016,2:45:00 PM CST,70,sell to open,SPY $186.5 put exp. 3/11/2016,265,1,265,credit,1.142
1/29/2016,2:45:00 PM CST,70,buy to open,SPY $178 put exp. 3/11/2016,126,1,126,debit,1.127
2/19/2016,2:45:00 PM CST,70,buy to close,SPY $186.5 put exp. 3/11/2016,163,1,163,debit,0.127
2/19/2016,2:45:00 PM CST,70,sell to close,SPY $178 put exp. 3/11/2016,50,1,50,credit,0.142
2/19/2016,2:45:00 PM CST,71,sell to open,SPY $184.5 put exp. 4/1/2016,279,1,279,credit,1.142
2/19/2016,2:45:00 PM CST,71,buy to open,SPY $175 put exp. 4/1/2016,121,1,121,debit,1.127
3/1/2016,2:45:00 PM CST,71,buy to close,SPY $184.5 put exp. 4/1/2016,92,1,92,debit,0.127
3/1/2016,2:45:00 PM CST,71,sell to close,SPY $175 put exp. 4/1/2016,31,1,31,credit,0.142
3/1/2016,2:45:00 PM CST,72,sell to open,SPY $191 put exp. 4/15/2016,277,1,277,credit,1.142
3/1/2016,2:45:00 PM CST,72,buy to open,SPY $182 put exp. 4/15/2016,125,1,125,debit,1.127
3/14/2016,2:45:00 PM CDT,72,buy to close,SPY $191 put exp. 4/15/2016,110,1,110,debit,0.127
3/14/2016,2:45:00 PM CDT,72,sell to close,SPY $182 put exp. 4/15/2016,42,1,42,credit,0.142
3/14/2016,2:45:00 PM CDT,73,sell to open,SPY $195 put exp. 4/29/2016,247,1,247,credit,1.142
3/14/2016,2:45:00 PM CDT,73,buy to open,SPY $185 put exp. 4/29/2016,105,1,105,debit,1.127
3/29/2016,2:45:00 PM CDT,73,buy to close,SPY $195 put exp. 4/29/2016,74,1,74,debit,0.127
3/29/2016,2:45:00 PM CDT,73,sell to close,SPY $185 put exp. 4/29/2016,22,1,22,credit,0.142
3/29/2016,2:45:00 PM CDT,74,sell to open,SPY $199 put exp. 5/20/2016,232,1,232,credit,1.142
3/29/2016,2:45:00 PM CDT,74,buy to open,SPY $192 put exp. 5/20/2016,120,1,120,debit,1.127
4/18/2016,2:45:00 PM CDT,74,buy to close,SPY $199 put exp. 5/20/2016,74,1,74,debit,0.127
4/18/2016,2:45:00 PM CDT,74,sell to close,SPY $192 put exp. 5/20/2016,32,1,32,credit,0.142
4/18/2016,2:45:00 PM CDT,75,sell to open,SPY $205 put exp. 5/27/2016,194,1,194,credit,1.142
4/18/2016,2:45:00 PM CDT,75,buy to open,SPY $198 put exp. 5/27/2016,87,1,87,debit,1.127
5/6/2016,2:45:00 PM CDT,75,buy to close,SPY $205 put exp. 5/27/2016,238,1,238,debit,0.127
5/6/2016,2:45:00 PM CDT,75,sell to close,SPY $198 put exp. 5/27/2016,73,1,73,credit,0.142
5/6/2016,2:45:00 PM CDT,76,sell to open,SPY $200 put exp. 6/17/2016,242,1,242,credit,1.142
5/6/2016,2:45:00 PM CDT,76,buy to open,SPY $193 put exp. 6/17/2016,117,1,117,debit,1.127
5/24/2016,2:45:00 PM CDT,76,buy to close,SPY $200 put exp. 6/17/2016,82,1,82,debit,0.127
5/24/2016,2:45:00 PM CDT,76,sell to close,SPY $193 put exp. 6/17/2016,27,1,27,credit,0.142
5/24/2016,2:45:00 PM CDT,77,sell to open,SPY $201 put exp. 7/15/2016,232,1,232,credit,1.142
5/24/2016,2:45:00 PM CDT,77,buy to open,SPY $193 put exp. 7/15/2016,111,1,111,debit,1.127
6/8/2016,2:45:00 PM CDT,77,buy to close,SPY $201 put exp. 7/15/2016,95,1,95,debit,0.127
6/8/2016,2:45:00 PM CDT,77,sell to close,SPY $193 put exp. 7/15/2016,41,1,41,credit,0.142
6/8/2016,2:45:00 PM CDT,78,sell to open,SPY $206 put exp. 7/22/2016,199,1,199,credit,1.142
6/8/2016,2:45:00 PM CDT,78,buy to open,SPY $198.5 put exp. 7/22/2016,95,1,95,debit,1.127
7/1/2016,2:45:00 PM CDT,78,buy to close,SPY $206 put exp. 7/22/2016,117,1,117,debit,0.127
7/1/2016,2:45:00 PM CDT,78,sell to close,SPY $198.5 put exp. 7/22/2016,36,1,36,credit,0.142
7/1/2016,2:45:00 PM CDT,79,sell to open,SPY $205 put exp. 8/12/2016,209,1,209,credit,1.142
7/1/2016,2:45:00 PM CDT,79,buy to open,SPY $196.5 put exp. 8/12/2016,90,1,90,debit,1.127
7/11/2016,2:45:00 PM CDT,79,buy to close,SPY $205 put exp. 8/12/2016,89,1,89,debit,0.127
7/11/2016,2:45:00 PM CDT,79,sell to close,SPY $196.5 put exp. 8/12/2016,34,1,34,credit,0.142
7/11/2016,2:45:00 PM CDT,80,sell to open,SPY $208.5 put exp. 8/26/2016,205,1,205,credit,1.142
7/11/2016,2:45:00 PM CDT,80,buy to open,SPY $201.5 put exp. 8/26/2016,104,1,104,debit,1.127
7/22/2016,2:45:00 PM CDT,80,buy to close,SPY $208.5 put exp. 8/26/2016,88,1,88,debit,0.127
7/22/2016,2:45:00 PM CDT,80,sell to close,SPY $201.5 put exp. 8/26/2016,41,1,41,credit,0.142
7/22/2016,2:45:00 PM CDT,81,sell to open,SPY $212.5 put exp. 9/2/2016,181,1,181,credit,1.142
7/22/2016,2:45:00 PM CDT,81,buy to open,SPY $206 put exp. 9/2/2016,91,1,91,debit,1.127
8/11/2016,2:45:00 PM CDT,81,buy to close,SPY $212.5 put exp. 9/2/2016,62,1,62,debit,0.127
8/11/2016,2:45:00 PM CDT,81,sell to close,SPY $206 put exp. 9/2/2016,24,1,24,credit,0.142
8/11/2016,2:45:00 PM CDT,82,sell to open,SPY $212.5 put exp. 9/23/2016,175,1,175,credit,1.142
8/11/2016,2:45:00 PM CDT,82,buy to open,SPY $207 put exp. 9/23/2016,100,1,100,debit,1.127
9/2/2016,2:45:00 PM CDT,82,buy to close,SPY $212.5 put exp. 9/23/2016,89,1,89,debit,0.127
9/2/2016,2:45:00 PM CDT,82,sell to close,SPY $207 put exp. 9/23/2016,36,1,36,credit,0.142
9/2/2016,2:45:00 PM CDT,83,sell to open,SPY $212.5 put exp. 10/14/2016,178,1,178,credit,1.142
9/2/2016,2:45:00 PM CDT,83,buy to open,SPY $205 put exp. 10/14/2016,79,1,79,debit,1.127
9/23/2016,2:45:00 PM CDT,83,buy to close,SPY $212.5 put exp. 10/14/2016,112,1,112,debit,0.127
9/23/2016,2:45:00 PM CDT,83,sell to close,SPY $205 put exp. 10/14/2016,32,1,32,credit,0.142
9/23/2016,2:45:00 PM CDT,84,sell to open,SPY $211 put exp. 11/4/2016,190,1,190,credit,1.142
9/23/2016,2:45:00 PM CDT,84,buy to open,SPY $204 put exp. 11/4/2016,90,1,90,debit,1.127
10/14/2016,2:45:00 PM CDT,84,buy to close,SPY $211 put exp. 11/4/2016,168,1,168,debit,0.127
10/14/2016,2:45:00 PM CDT,84,sell to close,SPY $204 put exp. 11/4/2016,50,1,50,credit,0.142
10/14/2016,2:45:00 PM CDT,85,sell to open,SPY $208 put exp. 11/25/2016,229,1,229,credit,1.142
10/14/2016,2:45:00 PM CDT,85,buy to open,SPY $200 put exp. 11/25/2016,104,1,104,debit,1.127
11/4/2016,2:45:00 PM CDT,85,buy to close,SPY $208 put exp. 11/25/2016,394,1,394,debit,0.127
11/4/2016,2:45:00 PM CDT,85,sell to close,SPY $200 put exp. 11/25/2016,186,1,186,credit,0.142
11/4/2016,2:45:00 PM CDT,86,sell to open,SPY $201 put exp. 12/16/2016,328,1,328,credit,1.142
11/4/2016,2:45:00 PM CDT,86,buy to open,SPY $191 put exp. 12/16/2016,157,1,157,debit,1.127
11/8/2016,2:45:00 PM CST,86,buy to close,SPY $201 put exp. 12/16/2016,141,1,141,debit,0.127
11/8/2016,2:45:00 PM CST,86,sell to close,SPY $191 put exp. 12/16/2016,64,1,64,credit,0.142
11/8/2016,2:45:00 PM CST,87,sell to open,SPY $207.5 put exp. 12/23/2016,273,1,273,credit,1.142
11/8/2016,2:45:00 PM CST,87,buy to open,SPY $197.5 put exp. 12/23/2016,124,1,124,debit,1.127
11/17/2016,2:45:00 PM CST,87,buy to close,SPY $207.5 put exp. 12/23/2016,88,1,88,debit,0.127
11/17/2016,2:45:00 PM CST,87,sell to close,SPY $197.5 put exp. 12/23/2016,29,1,29,credit,0.142
11/17/2016,2:45:00 PM CST,88,sell to open,SPY $213 put exp. 12/30/2016,201,1,201,credit,1.142
11/17/2016,2:45:00 PM CST,88,buy to open,SPY $206 put exp. 12/30/2016,94,1,94,debit,1.127
12/5/2016,2:45:00 PM CST,88,buy to close,SPY $213 put exp. 12/30/2016,77,1,77,debit,0.127
12/5/2016,2:45:00 PM CST,88,sell to close,SPY $206 put exp. 12/30/2016,28,1,28,credit,0.142
12/5/2016,2:45:00 PM CST,89,sell to open,SPY $215 put exp. 1/20/2017,197,1,197,credit,1.142
12/5/2016,2:45:00 PM CST,89,buy to open,SPY $209 put exp. 1/20/2017,104,1,104,debit,1.127
12/9/2016,2:45:00 PM CST,89,buy to close,SPY $215 put exp. 1/20/2017,89,1,89,debit,0.127
12/9/2016,2:45:00 PM CST,89,sell to close,SPY $209 put exp. 1/20/2017,46,1,46,credit,0.142
12/9/2016,2:45:00 PM CST,90,sell to open,SPY $221 put exp. 1/20/2017,183,1,183,credit,1.142
12/9/2016,2:45:00 PM CST,90,buy to open,SPY $215 put exp. 1/20/2017,89,1,89,debit,1.127
12/30/2016,2:45:00 PM CST,90,buy to close,SPY $221 put exp. 1/20/2017,175,1,175,debit,0.127
12/30/2016,2:45:00 PM CST,90,sell to close,SPY $215 put exp. 1/20/2017,68,1,68,credit,0.142
12/30/2016,2:45:00 PM CST,91,sell to open,SPY $217.5 put exp. 2/10/2017,206,1,206,credit,1.142
12/30/2016,2:45:00 PM CST,91,buy to open,SPY $210 put exp. 2/10/2017,99,1,99,debit,1.127
1/4/2017,2:45:00 PM CST,91,buy to close,SPY $217.5 put exp. 2/10/2017,85,1,85,debit,0.127
1/4/2017,2:45:00 PM CST,91,sell to close,SPY $210 put exp. 2/10/2017,35,1,35,credit,0.142
1/4/2017,2:45:00 PM CST,92,sell to open,SPY $222 put exp. 2/17/2017,183,1,183,credit,1.142
1/4/2017,2:45:00 PM CST,92,buy to open,SPY $216 put exp. 2/17/2017,93,1,93,debit,1.127
1/25/2017,2:45:00 PM CST,92,buy to close,SPY $222 put exp. 2/17/2017,45,1,45,debit,0.127
1/25/2017,2:45:00 PM CST,92,sell to close,SPY $216 put exp. 2/17/2017,19,1,19,credit,0.142
1/26/2017,2:45:00 PM CST,93,sell to open,SPY $225.5 put exp. 3/10/2017,168,1,168,credit,1.142
1/26/2017,2:45:00 PM CST,93,buy to open,SPY $220 put exp. 3/10/2017,87,1,87,debit,1.127
2/13/2017,2:45:00 PM CST,93,buy to close,SPY $225.5 put exp. 3/10/2017,51,1,51,debit,0.127
2/13/2017,2:45:00 PM CST,93,sell to close,SPY $220 put exp. 3/10/2017,25,1,25,credit,0.142
2/13/2017,2:45:00 PM CST,94,sell to open,SPY $228 put exp. 3/31/2017,187,1,187,credit,1.142
2/13/2017,2:45:00 PM CST,94,buy to open,SPY $221 put exp. 3/31/2017,86,1,86,debit,1.127
2/27/2017,2:45:00 PM CST,94,buy to close,SPY $228 put exp. 3/31/2017,84,1,84,debit,0.127
2/27/2017,2:45:00 PM CST,94,sell to close,SPY $221 put exp. 3/31/2017,38,1,38,credit,0.142
2/27/2017,2:45:00 PM CST,95,sell to open,SPY $232 put exp. 4/7/2017,175,1,175,credit,1.142
2/27/2017,2:45:00 PM CST,95,buy to open,SPY $225.5 put exp. 4/7/2017,82,1,82,debit,1.127
3/15/2017,2:45:00 PM CDT,95,buy to close,SPY $232 put exp. 4/7/2017,65,1,65,debit,0.127
3/15/2017,2:45:00 PM CDT,95,sell to close,SPY $225.5 put exp. 4/7/2017,28,1,28,credit,0.142
3/15/2017,2:45:00 PM CDT,96,sell to open,SPY $234 put exp. 4/28/2017,189,1,189,credit,1.142
3/15/2017,2:45:00 PM CDT,96,buy to open,SPY $226.5 put exp. 4/28/2017,86,1,86,debit,1.127
4/7/2017,2:45:00 PM CDT,96,buy to close,SPY $234 put exp. 4/28/2017,190,1,190,debit,0.127
4/7/2017,2:45:00 PM CDT,96,sell to close,SPY $226.5 put exp. 4/28/2017,65,1,65,credit,0.142
4/7/2017,2:45:00 PM CDT,97,sell to open,SPY $231 put exp. 5/19/2017,207,1,207,credit,1.142
4/7/2017,2:45:00 PM CDT,97,buy to open,SPY $223 put exp. 5/19/2017,96,1,96,debit,1.127
4/24/2017,2:45:00 PM CDT,97,buy to close,SPY $231 put exp. 5/19/2017,69,1,69,debit,0.127
4/24/2017,2:45:00 PM CDT,97,sell to close,SPY $223 put exp. 5/19/2017,24,1,24,credit,0.142
4/24/2017,2:45:00 PM CDT,98,sell to open,SPY $233.5 put exp. 6/2/2017,148,1,148,credit,1.142
4/24/2017,2:45:00 PM CDT,98,buy to open,SPY $228.5 put exp. 6/2/2017,79,1,79,debit,1.127
5/8/2017,2:45:00 PM CDT,98,buy to close,SPY $233.5 put exp. 6/2/2017,55,1,55,debit,0.127
5/8/2017,2:45:00 PM CDT,98,sell to close,SPY $228.5 put exp. 6/2/2017,27,1,27,credit,0.142
5/8/2017,2:45:00 PM CDT,99,sell to open,SPY $234.5 put exp. 6/23/2017,174,1,174,credit,1.142
5/8/2017,2:45:00 PM CDT,99,buy to open,SPY $229 put exp. 6/23/2017,93,1,93,debit,1.127
5/25/2017,2:45:00 PM CDT,99,buy to close,SPY $234.5 put exp. 6/23/2017,73,1,73,debit,0.127
5/25/2017,2:45:00 PM CDT,99,sell to close,SPY $229 put exp. 6/23/2017,37,1,37,credit,0.142
5/25/2017,2:45:00 PM CDT,100,sell to open,SPY $237 put exp. 7/7/2017,157,1,157,credit,1.142
5/25/2017,2:45:00 PM CDT,100,buy to open,SPY $229.5 put exp. 7/7/2017,69,1,69,debit,1.127
6/13/2017,2:45:00 PM CDT,100,buy to close,SPY $237 put exp. 7/7/2017,60,1,60,debit,0.127
6/13/2017,2:45:00 PM CDT,100,sell to close,SPY $229.5 put exp. 7/7/2017,25,1,25,credit,0.142
6/13/2017,2:45:00 PM CDT,101,sell to open,SPY $240 put exp. 7/28/2017,181,1,181,credit,1.142
6/13/2017,2:45:00 PM CDT,101,buy to open,SPY $232.5 put exp. 7/28/2017,87,1,87,debit,1.127
7/7/2017,2:45:00 PM CDT,101,buy to close,SPY $240 put exp. 7/28/2017,124,1,124,debit,0.127
7/7/2017,2:45:00 PM CDT,101,sell to close,SPY $232.5 put exp. 7/28/2017,39,1,39,credit,0.142
7/7/2017,2:45:00 PM CDT,102,sell to open,SPY $238 put exp. 8/18/2017,174,1,174,credit,1.142
7/7/2017,2:45:00 PM CDT,102,buy to open,SPY $232 put exp. 8/18/2017,96,1,96,debit,1.127
7/14/2017,2:45:00 PM CDT,102,buy to close,SPY $238 put exp. 8/18/2017,74,1,74,debit,0.127
7/14/2017,2:45:00 PM CDT,102,sell to close,SPY $232 put exp. 8/18/2017,41,1,41,credit,0.142
7/14/2017,2:45:00 PM CDT,103,sell to open,SPY $242.5 put exp. 8/25/2017,151,1,151,credit,1.142
7/14/2017,2:45:00 PM CDT,103,buy to open,SPY $235 put exp. 8/25/2017,67,1,67,debit,1.127
8/4/2017,2:45:00 PM CDT,103,buy to close,SPY $242.5 put exp. 8/25/2017,67,1,67,debit,0.127
8/4/2017,2:45:00 PM CDT,103,sell to close,SPY $235 put exp. 8/25/2017,27,1,27,credit,0.142
8/4/2017,2:45:00 PM CDT,104,sell to open,SPY $243 put exp. 9/15/2017,172,1,172,credit,1.142
8/4/2017,2:45:00 PM CDT,104,buy to open,SPY $237 put exp. 9/15/2017,96,1,96,debit,1.127
8/25/2017,2:45:00 PM CDT,104,buy to close,SPY $243 put exp. 9/15/2017,176,1,176,debit,0.127
8/25/2017,2:45:00 PM CDT,104,sell to close,SPY $237 put exp. 9/15/2017,62,1,62,credit,0.142
8/25/2017,2:45:00 PM CDT,105,sell to open,SPY $239 put exp. 10/6/2017,191,1,191,credit,1.142
8/25/2017,2:45:00 PM CDT,105,buy to open,SPY $231 put exp. 10/6/2017,88,1,88,debit,1.127
9/11/2017,2:45:00 PM CDT,105,buy to close,SPY $239 put exp. 10/6/2017,55,1,55,debit,0.127
9/11/2017,2:45:00 PM CDT,105,sell to close,SPY $231 put exp. 10/6/2017,26,1,26,credit,0.142
9/11/2017,2:45:00 PM CDT,106,sell to open,SPY $243 put exp. 10/27/2017,181,1,181,credit,1.142
9/11/2017,2:45:00 PM CDT,106,buy to open,SPY $235 put exp. 10/27/2017,94,1,94,debit,1.127
9/28/2017,2:45:00 PM CDT,106,buy to close,SPY $243 put exp. 10/27/2017,66,1,66,debit,0.127
9/28/2017,2:45:00 PM CDT,106,sell to close,SPY $235 put exp. 10/27/2017,27,1,27,credit,0.142
9/28/2017,2:45:00 PM CDT,107,sell to open,SPY $246 put exp. 11/10/2017,154,1,154,credit,1.142
9/28/2017,2:45:00 PM CDT,107,buy to open,SPY $239 put exp. 11/10/2017,78,1,78,debit,1.127
10/5/2017,2:45:00 PM CDT,107,buy to close,SPY $246 put exp. 11/10/2017,65,1,65,debit,0.127
10/5/2017,2:45:00 PM CDT,107,sell to close,SPY $239 put exp. 11/10/2017,35,1,35,credit,0.142
10/5/2017,2:45:00 PM CDT,108,sell to open,SPY $251 put exp. 11/17/2017,147,1,147,credit,1.142
10/5/2017,2:45:00 PM CDT,108,buy to open,SPY $246 put exp. 11/17/2017,88,1,88,debit,1.127
10/27/2017,2:45:00 PM CDT,108,buy to close,SPY $251 put exp. 11/17/2017,61,1,61,debit,0.127
10/27/2017,2:45:00 PM CDT,108,sell to close,SPY $246 put exp. 11/17/2017,34,1,34,credit,0.142
10/27/2017,2:45:00 PM CDT,109,sell to open,SPY $254 put exp. 12/8/2017,169,1,169,credit,1.142
10/27/2017,2:45:00 PM CDT,109,buy to open,SPY $248 put exp. 12/8/2017,96,1,96,debit,1.127
11/17/2017,2:45:00 PM CST,109,buy to close,SPY $254 put exp. 12/8/2017,94,1,94,debit,0.127
11/17/2017,2:45:00 PM CST,109,sell to close,SPY $248 put exp. 12/8/2017,44,1,44,credit,0.142
11/17/2017,2:45:00 PM CST,110,sell to open,SPY $252 put exp. 12/29/2017,176,1,176,credit,1.142
11/17/2017,2:45:00 PM CST,110,buy to open,SPY $245 put exp. 12/29/2017,92,1,92,debit,1.127
11/28/2017,2:45:00 PM CST,110,buy to close,SPY $252 put exp. 12/29/2017,60,1,60,debit,0.127
11/28/2017,2:45:00 PM CST,110,sell to close,SPY $245 put exp. 12/29/2017,29,1,29,credit,0.142
11/28/2017,2:45:00 PM CST,111,sell to open,SPY $258 put exp. 1/19/2018,208,1,208,credit,1.142
11/28/2017,2:45:00 PM CST,111,buy to open,SPY $250 put exp. 1/19/2018,97,1,97,debit,1.127
12/11/2017,2:45:00 PM CST,111,buy to close,SPY $258 put exp. 1/19/2018,92,1,92,debit,0.127
12/11/2017,2:45:00 PM CST,111,sell to close,SPY $250 put exp. 1/19/2018,44,1,44,credit,0.142
12/11/2017,2:45:00 PM CST,112,sell to open,SPY $262 put exp. 1/26/2018,175,1,175,credit,1.142
12/11/2017,2:45:00 PM CST,112,buy to open,SPY $256 put exp. 1/26/2018,93,1,93,debit,1.127
1/2/2018,2:45:00 PM CST,112,buy to close,SPY $262 put exp. 1/26/2018,60,1,60,debit,0.127
1/2/2018,2:45:00 PM CST,112,sell to close,SPY $256 put exp. 1/26/2018,31,1,31,credit,0.142
1/2/2018,2:45:00 PM CST,113,sell to open,SPY $265 put exp. 2/16/2018,180,1,180,credit,1.142
1/2/2018,2:45:00 PM CST,113,buy to open,SPY $259 put exp. 2/16/2018,103,1,103,debit,1.127
1/9/2018,2:45:00 PM CST,113,buy to close,SPY $265 put exp. 2/16/2018,85,1,85,debit,0.127
1/9/2018,2:45:00 PM CST,113,sell to close,SPY $259 put exp. 2/16/2018,50,1,50,credit,0.142
1/9/2018,2:45:00 PM CST,114,sell to open,SPY $270 put exp. 2/23/2018,168,1,168,credit,1.142
1/9/2018,2:45:00 PM CST,114,buy to open,SPY $265 put exp. 2/23/2018,102,1,102,debit,1.127
1/19/2018,2:45:00 PM CST,114,buy to close,SPY $270 put exp. 2/23/2018,86,1,86,debit,0.127
1/19/2018,2:45:00 PM CST,114,sell to close,SPY $265 put exp. 2/23/2018,56,1,56,credit,0.142
1/19/2018,2:45:00 PM CST,115,sell to open,SPY $276 put exp. 3/2/2018,189,1,189,credit,1.142
1/19/2018,2:45:00 PM CST,115,buy to open,SPY $270 put exp. 3/2/2018,106,1,106,debit,1.127
2/9/2018,2:45:00 PM CST,115,buy to close,SPY $276 put exp. 3/2/2018,1461,1,1461,debit,0.127
2/9/2018,2:45:00 PM CST,115,sell to close,SPY $270 put exp. 3/2/2018,993,1,993,credit,0.142
2/9/2018,2:45:00 PM CST,116,sell to open,SPY $250 put exp. 3/29/2018,468,1,468,credit,1.142
2/9/2018,2:45:00 PM CST,116,buy to open,SPY $231 put exp. 3/29/2018,219,1,219,debit,1.127
2/14/2018,2:45:00 PM CST,116,buy to close,SPY $250 put exp. 3/29/2018,161,1,161,debit,0.127
2/14/2018,2:45:00 PM CST,116,sell to close,SPY $231 put exp. 3/29/2018,65,1,65,credit,0.142
2/14/2018,2:45:00 PM CST,117,sell to open,SPY $261 put exp. 3/29/2018,306,1,306,credit,1.142
2/14/2018,2:45:00 PM CST,117,buy to open,SPY $247 put exp. 3/29/2018,137,1,137,debit,1.127
2/26/2018,2:45:00 PM CST,117,buy to close,SPY $261 put exp. 3/29/2018,95,1,95,debit,0.127
2/26/2018,2:45:00 PM CST,117,sell to close,SPY $247 put exp. 3/29/2018,40,1,40,credit,0.142
2/26/2018,2:45:00 PM CST,118,sell to open,SPY $271 put exp. 4/6/2018,252,1,252,credit,1.142
2/26/2018,2:45:00 PM CST,118,buy to open,SPY $262.5 put exp. 4/6/2018,133,1,133,debit,1.127
3/16/2018,2:45:00 PM CDT,118,buy to close,SPY $271 put exp. 4/6/2018,153,1,153,debit,0.127
3/16/2018,2:45:00 PM CDT,118,sell to close,SPY $262.5 put exp. 4/6/2018,61,1,61,credit,0.142
3/16/2018,2:45:00 PM CDT,119,sell to open,SPY $269 put exp. 4/27/2018,253,1,253,credit,1.142
3/16/2018,2:45:00 PM CDT,119,buy to open,SPY $260 put exp. 4/27/2018,137,1,137,debit,1.127
4/6/2018,2:45:00 PM CDT,119,buy to close,SPY $269 put exp. 4/27/2018,1005,1,1005,debit,0.127
4/6/2018,2:45:00 PM CDT,119,sell to close,SPY $260 put exp. 4/27/2018,473,1,473,credit,0.142
4/6/2018,2:45:00 PM CDT,120,sell to open,SPY $251 put exp. 5/18/2018,352,1,352,credit,1.142
4/6/2018,2:45:00 PM CDT,120,buy to open,SPY $240 put exp. 5/18/2018,177,1,177,debit,1.127
4/12/2018,2:45:00 PM CDT,120,buy to close,SPY $251 put exp. 5/18/2018,141,1,141,debit,0.127
4/12/2018,2:45:00 PM CDT,120,sell to close,SPY $240 put exp. 5/18/2018,63,1,63,credit,0.142
4/12/2018,2:45:00 PM CDT,121,sell to open,SPY $259.5 put exp. 5/25/2018,322,1,322,credit,1.142
4/12/2018,2:45:00 PM CDT,121,buy to open,SPY $248 put exp. 5/25/2018,142,1,142,debit,1.127
4/17/2018,2:45:00 PM CDT,121,buy to close,SPY $259.5 put exp. 5/25/2018,144,1,144,debit,0.127
4/17/2018,2:45:00 PM CDT,121,sell to close,SPY $248 put exp. 5/25/2018,62,1,62,credit,0.142
4/17/2018,2:45:00 PM CDT,122,sell to open,SPY $264 put exp. 6/1/2018,244,1,244,credit,1.142
4/17/2018,2:45:00 PM CDT,122,buy to open,SPY $253 put exp. 6/1/2018,108,1,108,debit,1.127
5/10/2018,2:45:00 PM CDT,122,buy to close,SPY $264 put exp. 6/1/2018,79,1,79,debit,0.127
5/10/2018,2:45:00 PM CDT,122,sell to close,SPY $253 put exp. 6/1/2018,22,1,22,credit,0.142
5/10/2018,2:45:00 PM CDT,123,sell to open,SPY $266 put exp. 6/22/2018,249,1,249,credit,1.142
5/10/2018,2:45:00 PM CDT,123,buy to open,SPY $256 put exp. 6/22/2018,101,1,101,debit,1.127
6/1/2018,2:45:00 PM CDT,123,buy to close,SPY $266 put exp. 6/22/2018,107,1,107,debit,0.127
6/1/2018,2:45:00 PM CDT,123,sell to close,SPY $256 put exp. 6/22/2018,38,1,38,credit,0.142
6/1/2018,2:45:00 PM CDT,124,sell to open,SPY $266 put exp. 7/13/2018,201,1,201,credit,1.142
6/1/2018,2:45:00 PM CDT,124,buy to open,SPY $257 put exp. 7/13/2018,99,1,99,debit,1.127
6/8/2018,2:45:00 PM CDT,124,buy to close,SPY $266 put exp. 7/13/2018,97,1,97,debit,0.127
6/8/2018,2:45:00 PM CDT,124,sell to close,SPY $257 put exp. 7/13/2018,50,1,50,credit,0.142
6/8/2018,2:45:00 PM CDT,125,sell to open,SPY $272 put exp. 7/20/2018,210,1,210,credit,1.142
6/8/2018,2:45:00 PM CDT,125,buy to open,SPY $264 put exp. 7/20/2018,108,1,108,debit,1.127
6/29/2018,2:45:00 PM CDT,125,buy to close,SPY $272 put exp. 7/20/2018,309,1,309,debit,0.127
6/29/2018,2:45:00 PM CDT,125,sell to close,SPY $264 put exp. 7/20/2018,126,1,126,credit,0.142
6/29/2018,2:45:00 PM CDT,126,sell to open,SPY $266 put exp. 8/10/2018,265,1,265,credit,1.142
6/29/2018,2:45:00 PM CDT,126,buy to open,SPY $255 put exp. 8/10/2018,125,1,125,debit,1.127
7/9/2018,2:45:00 PM CDT,126,buy to close,SPY $266 put exp. 8/10/2018,83,1,83,debit,0.127
7/9/2018,2:45:00 PM CDT,126,sell to close,SPY $255 put exp. 8/10/2018,37,1,37,credit,0.142
7/9/2018,2:45:00 PM CDT,127,sell to open,SPY $272.5 put exp. 8/24/2018,224,1,224,credit,1.142
7/9/2018,2:45:00 PM CDT,127,buy to open,SPY $263 put exp. 8/24/2018,107,1,107,debit,1.127
7/25/2018,2:45:00 PM CDT,127,buy to close,SPY $272.5 put exp. 8/24/2018,74,1,74,debit,0.127
7/25/2018,2:45:00 PM CDT,127,sell to close,SPY $263 put exp. 8/24/2018,37,1,37,credit,0.142
7/25/2018,2:45:00 PM CDT,128,sell to open,SPY $279.5 put exp. 8/31/2018,184,1,184,credit,1.142
7/25/2018,2:45:00 PM CDT,128,buy to open,SPY $271 put exp. 8/31/2018,87,1,87,debit,1.127
8/8/2018,2:45:00 PM CDT,128,buy to close,SPY $279.5 put exp. 8/31/2018,72,1,72,debit,0.127
8/8/2018,2:45:00 PM CDT,128,sell to close,SPY $271 put exp. 8/31/2018,27,1,27,credit,0.142
8/8/2018,2:45:00 PM CDT,129,sell to open,SPY $281 put exp. 9/21/2018,205,1,205,credit,1.142
8/8/2018,2:45:00 PM CDT,129,buy to open,SPY $274 put exp. 9/21/2018,108,1,108,debit,1.127
8/27/2018,2:45:00 PM CDT,129,buy to close,SPY $281 put exp. 9/21/2018,85,1,85,debit,0.127
8/27/2018,2:45:00 PM CDT,129,sell to close,SPY $274 put exp. 9/21/2018,43,1,43,credit,0.142
8/27/2018,2:45:00 PM CDT,130,sell to open,SPY $285 put exp. 10/5/2018,220,1,220,credit,1.142
8/27/2018,2:45:00 PM CDT,130,buy to open,SPY $277.5 put exp. 10/5/2018,111,1,111,debit,1.127
9/14/2018,2:45:00 PM CDT,130,buy to close,SPY $285 put exp. 10/5/2018,100,1,100,debit,0.127
9/14/2018,2:45:00 PM CDT,130,sell to close,SPY $277.5 put exp. 10/5/2018,42,1,42,credit,0.142
9/14/2018,2:45:00 PM CDT,131,sell to open,SPY $285 put exp. 10/26/2018,196,1,196,credit,1.142
9/14/2018,2:45:00 PM CDT,131,buy to open,SPY $277.5 put exp. 10/26/2018,104,1,104,debit,1.127
10/5/2018,2:45:00 PM CDT,131,buy to close,SPY $285 put exp. 10/26/2018,249,1,249,debit,0.127
10/5/2018,2:45:00 PM CDT,131,sell to close,SPY $277.5 put exp. 10/26/2018,121,1,121,credit,0.142
10/5/2018,2:45:00 PM CDT,132,sell to open,SPY $281 put exp. 11/16/2018,295,1,295,credit,1.142
10/5/2018,2:45:00 PM CDT,132,buy to open,SPY $272 put exp. 11/16/2018,168,1,168,debit,1.127
10/26/2018,2:45:00 PM CDT,132,buy to close,SPY $281 put exp. 11/16/2018,1621,1,1621,debit,0.127
10/26/2018,2:45:00 PM CDT,132,sell to close,SPY $272 put exp. 11/16/2018,941,1,941,credit,0.142
10/26/2018,2:45:00 PM CDT,133,sell to open,SPY $257.5 put exp. 12/7/2018,459,1,459,credit,1.142
10/26/2018,2:45:00 PM CDT,133,buy to open,SPY $240 put exp. 12/7/2018,179,1,179,debit,1.127
11/1/2018,2:45:00 PM CDT,133,buy to close,SPY $257.5 put exp. 12/7/2018,185,1,185,debit,0.127
11/1/2018,2:45:00 PM CDT,133,sell to close,SPY $240 put exp. 12/7/2018,58,1,58,credit,0.142
11/1/2018,2:45:00 PM CDT,134,sell to open,SPY $265 put exp. 12/14/2018,362,1,362,credit,1.142
11/1/2018,2:45:00 PM CDT,134,buy to open,SPY $253 put exp. 12/14/2018,167,1,167,debit,1.127
11/7/2018,2:45:00 PM CST,134,buy to close,SPY $265 put exp. 12/14/2018,144,1,144,debit,0.127
11/7/2018,2:45:00 PM CST,134,sell to close,SPY $253 put exp. 12/14/2018,61,1,61,credit,0.142
11/7/2018,2:45:00 PM CST,135,sell to open,SPY $273 put exp. 12/21/2018,346,1,346,credit,1.142
11/7/2018,2:45:00 PM CST,135,buy to open,SPY $262 put exp. 12/21/2018,161,1,161,debit,1.127
11/30/2018,2:45:00 PM CST,135,buy to close,SPY $273 put exp. 12/21/2018,400,1,400,debit,0.127
11/30/2018,2:45:00 PM CST,135,sell to close,SPY $262 put exp. 12/21/2018,140,1,140,credit,0.142
11/30/2018,2:45:00 PM CST,136,sell to open,SPY $267 put exp. 1/11/2019,341,1,341,credit,1.142
11/30/2018,2:45:00 PM CST,136,buy to open,SPY $255 put exp. 1/11/2019,147,1,147,debit,1.127
12/21/2018,2:45:00 PM CST,136,buy to close,SPY $267 put exp. 1/11/2019,2572,1,2572,debit,0.127
12/21/2018,2:45:00 PM CST,136,sell to close,SPY $255 put exp. 1/11/2019,1460,1,1460,credit,0.142
12/21/2018,2:45:00 PM CST,137,sell to open,SPY $230 put exp. 2/1/2019,421,1,421,credit,1.142
12/21/2018,2:45:00 PM CST,137,buy to open,SPY $215 put exp. 2/1/2019,188,1,188,debit,1.127
1/2/2019,2:45:00 PM CST,137,buy to close,SPY $230 put exp. 2/1/2019,140,1,140,debit,0.127
1/2/2019,2:45:00 PM CST,137,sell to close,SPY $215 put exp. 2/1/2019,48,1,48,credit,0.142
1/2/2019,2:45:00 PM CST,138,sell to open,SPY $240 put exp. 2/15/2019,400,1,400,credit,1.142
1/2/2019,2:45:00 PM CST,138,buy to open,SPY $228 put exp. 2/15/2019,189,1,189,debit,1.127
1/9/2019,2:45:00 PM CST,138,buy to close,SPY $240 put exp. 2/15/2019,154,1,154,debit,0.127
1/9/2019,2:45:00 PM CST,138,sell to close,SPY $228 put exp. 2/15/2019,64,1,64,credit,0.142
1/9/2019,2:45:00 PM CST,139,sell to open,SPY $250 put exp. 2/22/2019,361,1,361,credit,1.142
1/9/2019,2:45:00 PM CST,139,buy to open,SPY $239 put exp. 2/22/2019,170,1,170,debit,1.127
1/17/2019,2:45:00 PM CST,139,buy to close,SPY $250 put exp. 2/22/2019,169,1,169,debit,0.127
1/17/2019,2:45:00 PM CST,139,sell to close,SPY $239 put exp. 2/22/2019,81,1,81,credit,0.142
1/17/2019,2:45:00 PM CST,140,sell to open,SPY $256 put exp. 3/1/2019,308,1,308,credit,1.142
1/17/2019,2:45:00 PM CST,140,buy to open,SPY $244 put exp. 3/1/2019,139,1,139,debit,1.127
1/31/2019,2:45:00 PM CST,140,buy to close,SPY $256 put exp. 3/1/2019,109,1,109,debit,0.127
1/31/2019,2:45:00 PM CST,140,sell to close,SPY $244 put exp. 3/1/2019,43,1,43,credit,0.142
1/31/2019,2:45:00 PM CST,141,sell to open,SPY $263 put exp. 3/15/2019,326,1,326,credit,1.142
1/31/2019,2:45:00 PM CST,141,buy to open,SPY $253 put exp. 3/15/2019,157,1,157,debit,1.127
2/13/2019,2:45:00 PM CST,141,buy to close,SPY $263 put exp. 3/15/2019,129,1,129,debit,0.127
2/13/2019,2:45:00 PM CST,141,sell to close,SPY $253 put exp. 3/15/2019,55,1,55,credit,0.142
2/13/2019,2:45:00 PM CST,142,sell to open,SPY $269 put exp. 3/29/2019,317,1,317,credit,1.142
2/13/2019,2:45:00 PM CST,142,buy to open,SPY $259 put exp. 3/29/2019,147,1,147,debit,1.127
2/25/2019,2:45:00 PM CST,142,buy to close,SPY $269 put exp. 3/29/2019,145,1,145,debit,0.127
2/25/2019,2:45:00 PM CST,142,sell to close,SPY $259 put exp. 3/29/2019,65,1,65,credit,0.142
2/25/2019,2:45:00 PM CST,143,sell to open,SPY $273 put exp. 4/5/2019,245,1,245,credit,1.142
2/25/2019,2:45:00 PM CST,143,buy to open,SPY $264 put exp. 4/5/2019,120,1,120,debit,1.127
3/15/2019,2:45:00 PM CDT,143,buy to close,SPY $273 put exp. 4/5/2019,83,1,83,debit,0.127
3/15/2019,2:45:00 PM CDT,143,sell to close,SPY $264 put exp. 4/5/2019,29,1,29,credit,0.142
3/15/2019,2:45:00 PM CDT,144,sell to open,SPY $275 put exp. 4/26/2019,210,1,210,credit,1.142
3/15/2019,2:45:00 PM CDT,144,buy to open,SPY $266 put exp. 4/26/2019,97,1,97,debit,1.127
4/1/2019,2:45:00 PM CDT,144,buy to close,SPY $275 put exp. 4/26/2019,87,1,87,debit,0.127
4/1/2019,2:45:00 PM CDT,144,sell to close,SPY $266 put exp. 4/26/2019,35,1,35,credit,0.142
4/1/2019,2:45:00 PM CDT,145,sell to open,SPY $280 put exp. 5/17/2019,277,1,277,credit,1.142
4/1/2019,2:45:00 PM CDT,145,buy to open,SPY $271 put exp. 5/17/2019,138,1,138,debit,1.127
4/12/2019,2:45:00 PM CDT,145,buy to close,SPY $280 put exp. 5/17/2019,121,1,121,debit,0.127
4/12/2019,2:45:00 PM CDT,145,sell to close,SPY $271 put exp. 5/17/2019,57,1,57,credit,0.142
4/12/2019,2:45:00 PM CDT,146,sell to open,SPY $285 put exp. 5/24/2019,232,1,232,credit,1.142
4/12/2019,2:45:00 PM CDT,146,buy to open,SPY $276 put exp. 5/24/2019,109,1,109,debit,1.127
4/29/2019,2:45:00 PM CDT,146,buy to close,SPY $285 put exp. 5/24/2019,110,1,110,debit,0.127
4/29/2019,2:45:00 PM CDT,146,sell to close,SPY $276 put exp. 5/24/2019,52,1,52,credit,0.142
4/29/2019,2:45:00 PM CDT,147,sell to open,SPY $289 put exp. 6/7/2019,235,1,235,credit,1.142
4/29/2019,2:45:00 PM CDT,147,buy to open,SPY $281 put exp. 6/7/2019,127,1,127,debit,1.127
5/17/2019,2:45:00 PM CDT,147,buy to close,SPY $289 put exp. 6/7/2019,507,1,507,debit,0.127
5/17/2019,2:45:00 PM CDT,147,sell to close,SPY $281 put exp. 6/7/2019,232,1,232,credit,0.142
5/17/2019,2:45:00 PM CDT,148,sell to open,SPY $278 put exp. 6/28/2019,333,1,333,credit,1.142
5/17/2019,2:45:00 PM CDT,148,buy to open,SPY $267 put exp. 6/28/2019,155,1,155,debit,1.127
6/7/2019,2:45:00 PM CDT,148,buy to close,SPY $278 put exp. 6/28/2019,153,1,153,debit,0.127
6/7/2019,2:45:00 PM CDT,148,sell to close,SPY $267 put exp. 6/28/2019,48,1,48,credit,0.142
6/7/2019,2:45:00 PM CDT,149,sell to open,SPY $280 put exp. 7/19/2019,325,1,325,credit,1.142
6/7/2019,2:45:00 PM CDT,149,buy to open,SPY $270 put exp. 7/19/2019,157,1,157,debit,1.127
6/19/2019,2:45:00 PM CDT,149,buy to close,SPY $280 put exp. 7/19/2019,124,1,124,debit,0.127
6/19/2019,2:45:00 PM CDT,149,sell to close,SPY $270 put exp. 7/19/2019,52,1,52,credit,0.142
6/19/2019,2:45:00 PM CDT,150,sell to open,SPY $286 put exp. 8/2/2019,307,1,307,credit,1.142
6/19/2019,2:45:00 PM CDT,150,buy to open,SPY $275 put exp. 8/2/2019,139,1,139,debit,1.127
7/3/2019,2:45:00 PM CDT,150,buy to close,SPY $286 put exp. 8/2/2019,101,1,101,debit,0.127
7/3/2019,2:45:00 PM CDT,150,sell to close,SPY $275 put exp. 8/2/2019,41,1,41,credit,0.142
7/3/2019,2:45:00 PM CDT,151,sell to open,SPY $293 put exp. 8/16/2019,270,1,270,credit,1.142
7/3/2019,2:45:00 PM CDT,151,buy to open,SPY $284 put exp. 8/16/2019,136,1,136,debit,1.127
7/24/2019,2:45:00 PM CDT,151,buy to close,SPY $293 put exp. 8/16/2019,98,1,98,debit,0.127
7/24/2019,2:45:00 PM CDT,151,sell to close,SPY $284 put exp. 8/16/2019,38,1,38,credit,0.142
7/24/2019,2:45:00 PM CDT,152,sell to open,SPY $296 put exp. 8/30/2019,220,1,220,credit,1.142
7/24/2019,2:45:00 PM CDT,152,buy to open,SPY $289 put exp. 8/30/2019,120,1,120,debit,1.127
8/9/2019,2:45:00 PM CDT,152,buy to close,SPY $296 put exp. 8/30/2019,556,1,556,debit,0.127
8/9/2019,2:45:00 PM CDT,152,sell to close,SPY $289 put exp. 8/30/2019,307,1,307,credit,0.142
8/9/2019,2:45:00 PM CDT,153,sell to open,SPY $284 put exp. 9/20/2019,382,1,382,credit,1.142
8/9/2019,2:45:00 PM CDT,153,buy to open,SPY $272 put exp. 9/20/2019,190,1,190,debit,1.127
8/30/2019,2:45:00 PM CDT,153,buy to close,SPY $284 put exp. 9/20/2019,260,1,260,debit,0.127
8/30/2019,2:45:00 PM CDT,153,sell to close,SPY $272 put exp. 9/20/2019,95,1,95,credit,0.142
8/30/2019,2:45:00 PM CDT,154,sell to open,SPY $282.5 put exp. 10/11/2019,399,1,399,credit,1.142
8/30/2019,2:45:00 PM CDT,154,buy to open,SPY $270 put exp. 10/11/2019,196,1,196,debit,1.127
9/6/2019,2:45:00 PM CDT,154,buy to close,SPY $282.5 put exp. 10/11/2019,162,1,162,debit,0.127
9/6/2019,2:45:00 PM CDT,154,sell to close,SPY $270 put exp. 10/11/2019,69,1,69,credit,0.142
9/6/2019,2:45:00 PM CDT,155,sell to open,SPY $290 put exp. 10/18/2019,325,1,325,credit,1.142
9/6/2019,2:45:00 PM CDT,155,buy to open,SPY $279 put exp. 10/18/2019,166,1,166,debit,1.127
9/27/2019,2:45:00 PM CDT,155,buy to close,SPY $290 put exp. 10/18/2019,283,1,283,debit,0.127
9/27/2019,2:45:00 PM CDT,155,sell to close,SPY $279 put exp. 10/18/2019,105,1,105,credit,0.142
9/27/2019,2:45:00 PM CDT,156,sell to open,SPY $286 put exp. 11/8/2019,362,1,362,credit,1.142
9/27/2019,2:45:00 PM CDT,156,buy to open,SPY $275 put exp. 11/8/2019,187,1,187,debit,1.127
10/15/2019,2:45:00 PM CDT,156,buy to close,SPY $286 put exp. 11/8/2019,87,1,87,debit,0.127
10/15/2019,2:45:00 PM CDT,156,sell to close,SPY $275 put exp. 11/8/2019,26,1,26,credit,0.142
10/15/2019,2:45:00 PM CDT,157,sell to open,SPY $292.5 put exp. 11/29/2019,311,1,311,credit,1.142
10/15/2019,2:45:00 PM CDT,157,buy to open,SPY $282 put exp. 11/29/2019,147,1,147,debit,1.127
10/30/2019,2:45:00 PM CDT,157,buy to close,SPY $292.5 put exp. 11/29/2019,117,1,117,debit,0.127
10/30/2019,2:45:00 PM CDT,157,sell to close,SPY $282 put exp. 11/29/2019,47,1,47,credit,0.142
10/30/2019,2:45:00 PM CDT,158,sell to open,SPY $295 put exp. 12/20/2019,312,1,312,credit,1.142
10/30/2019,2:45:00 PM CDT,158,buy to open,SPY $284 put exp. 12/20/2019,159,1,159,debit,1.127
11/15/2019,2:45:00 PM CST,158,buy to close,SPY $295 put exp. 12/20/2019,112,1,112,debit,0.127
11/15/2019,2:45:00 PM CST,158,sell to close,SPY $284 put exp. 12/20/2019,49,1,49,credit,0.142
11/15/2019,2:45:00 PM CST,159,sell to open,SPY $304 put exp. 12/31/2019,285,1,285,credit,1.142
11/15/2019,2:45:00 PM CST,159,buy to open,SPY $294 put exp. 12/31/2019,144,1,144,debit,1.127
12/10/2019,2:45:00 PM CST,159,buy to close,SPY $304 put exp. 12/31/2019,185,1,185,debit,0.127
12/10/2019,2:45:00 PM CST,159,sell to close,SPY $294 put exp. 12/31/2019,82,1,82,credit,0.142
12/10/2019,2:45:00 PM CST,160,sell to open,SPY $304.5 put exp. 1/24/2020,359,1,359,credit,1.142
12/10/2019,2:45:00 PM CST,160,buy to open,SPY $292.5 put exp. 1/24/2020,181,1,181,debit,1.127
12/16/2019,2:45:00 PM CST,160,buy to close,SPY $304.5 put exp. 1/24/2020,132,1,132,debit,0.127
12/16/2019,2:45:00 PM CST,160,sell to close,SPY $292.5 put exp. 1/24/2020,62,1,62,credit,0.142
12/16/2019,2:45:00 PM CST,161,sell to open,SPY $312 put exp. 1/31/2020,275,1,275,credit,1.142
12/16/2019,2:45:00 PM CST,161,buy to open,SPY $302.5 put exp. 1/31/2020,149,1,149,debit,1.127
1/8/2020,2:45:00 PM CST,161,buy to close,SPY $312 put exp. 1/31/2020,90,1,90,debit,0.127
1/8/2020,2:45:00 PM CST,161,sell to close,SPY $302.5 put exp. 1/31/2020,39,1,39,credit,0.142
1/8/2020,2:45:00 PM CST,162,sell to open,SPY $319 put exp. 2/21/2020,304,1,304,credit,1.142
1/8/2020,2:45:00 PM CST,162,buy to open,SPY $309 put exp. 2/21/2020,161,1,161,debit,1.127
1/31/2020,2:45:00 PM CST,162,buy to close,SPY $319 put exp. 2/21/2020,437,1,437,debit,0.127
1/31/2020,2:45:00 PM CST,162,sell to close,SPY $309 put exp. 2/21/2020,200,1,200,credit,0.142
1/31/2020,2:45:00 PM CST,163,sell to open,SPY $312.5 put exp. 3/13/2020,444,1,444,credit,1.142
1/31/2020,2:45:00 PM CST,163,buy to open,SPY $297.5 put exp. 3/13/2020,199,1,199,debit,1.127
2/5/2020,2:45:00 PM CST,163,buy to close,SPY $312.5 put exp. 3/13/2020,140,1,140,debit,0.127
2/5/2020,2:45:00 PM CST,163,sell to close,SPY $297.5 put exp. 3/13/2020,55,1,55,credit,0.142
2/5/2020,2:45:00 PM CST,164,sell to open,SPY $324 put exp. 3/20/2020,360,1,360,credit,1.142
2/5/2020,2:45:00 PM CST,164,buy to open,SPY $313 put exp. 3/20/2020,191,1,191,debit,1.127
2/27/2020,2:45:00 PM CST,164,buy to close,SPY $324 put exp. 3/20/2020,2485,1,2485,debit,0.127
2/27/2020,2:45:00 PM CST,164,sell to close,SPY $313 put exp. 3/20/2020,1655,1,1655,credit,0.142
2/27/2020,2:45:00 PM CST,165,sell to open,SPY $285 put exp. 4/9/2020,692,1,692,credit,1.142
2/27/2020,2:45:00 PM CST,165,buy to open,SPY $265 put exp. 4/9/2020,311,1,311,debit,1.127
3/19/2020,2:45:00 PM CDT,165,buy to close,SPY $285 put exp. 4/9/2020,4344,1,4344,debit,0.127
3/19/2020,2:45:00 PM CDT,165,sell to close,SPY $265 put exp. 4/9/2020,2811,1,2811,credit,0.142
3/19/2020,2:45:00 PM CDT,166,sell to open,SPY $220 put exp. 5/1/2020,1273,1,1273,credit,1.142
3/19/2020,2:45:00 PM CDT,166,buy to open,SPY $190 put exp. 5/1/2020,598,1,598,debit,1.127
3/30/2020,2:45:00 PM CDT,166,buy to close,SPY $220 put exp. 5/1/2020,511,1,511,debit,0.127
3/30/2020,2:45:00 PM CDT,166,sell to close,SPY $190 put exp. 5/1/2020,199,1,199,credit,0.142
3/30/2020,2:45:00 PM CDT,167,sell to open,SPY $240 put exp. 5/15/2020,1090,1,1090,credit,1.142
3/30/2020,2:45:00 PM CDT,167,buy to open,SPY $211 put exp. 5/15/2020,537,1,537,debit,1.127
4/9/2020,2:45:00 PM CDT,167,buy to close,SPY $240 put exp. 5/15/2020,369,1,369,debit,0.127
4/9/2020,2:45:00 PM CDT,167,sell to close,SPY $211 put exp. 5/15/2020,119,1,119,credit,0.142
4/9/2020,2:45:00 PM CDT,168,sell to open,SPY $261 put exp. 5/22/2020,847,1,847,credit,1.142
4/9/2020,2:45:00 PM CDT,168,buy to open,SPY $237 put exp. 5/22/2020,402,1,402,debit,1.127
4/27/2020,2:45:00 PM CDT,168,buy to close,SPY $261 put exp. 5/22/2020,255,1,255,debit,0.127
4/27/2020,2:45:00 PM CDT,168,sell to close,SPY $237 put exp. 5/22/2020,80,1,80,credit,0.142
4/27/2020,2:45:00 PM CDT,169,sell to open,SPY $274 put exp. 6/5/2020,652,1,652,credit,1.142
4/27/2020,2:45:00 PM CDT,169,buy to open,SPY $250 put exp. 6/5/2020,269,1,269,debit,1.127
5/11/2020,2:45:00 PM CDT,169,buy to close,SPY $274 put exp. 6/5/2020,251,1,251,debit,0.127
5/11/2020,2:45:00 PM CDT,169,sell to close,SPY $250 put exp. 6/5/2020,70,1,70,credit,0.142
5/11/2020,2:45:00 PM CDT,170,sell to open,SPY $279 put exp. 6/26/2020,624,1,624,credit,1.142
5/11/2020,2:45:00 PM CDT,170,buy to open,SPY $260 put exp. 6/26/2020,306,1,306,debit,1.127
5/29/2020,2:45:00 PM CDT,170,buy to close,SPY $279 put exp. 6/26/2020,251,1,251,debit,0.127
5/29/2020,2:45:00 PM CDT,170,sell to close,SPY $260 put exp. 6/26/2020,105,1,105,credit,0.142
5/29/2020,2:45:00 PM CDT,171,sell to open,SPY $290 put exp. 7/10/2020,587,1,587,credit,1.142
5/29/2020,2:45:00 PM CDT,171,buy to open,SPY $270 put exp. 7/10/2020,274,1,274,debit,1.127
6/5/2020,2:45:00 PM CDT,171,buy to close,SPY $290 put exp. 7/10/2020,221,1,221,debit,0.127
6/5/2020,2:45:00 PM CDT,171,sell to close,SPY $270 put exp. 7/10/2020,92,1,92,credit,0.142
6/5/2020,2:45:00 PM CDT,172,sell to open,SPY $306 put exp. 7/17/2020,536,1,536,credit,1.142
6/5/2020,2:45:00 PM CDT,172,buy to open,SPY $291 put exp. 7/17/2020,291,1,291,debit,1.127
6/26/2020,2:45:00 PM CDT,172,buy to close,SPY $306 put exp. 7/17/2020,1069,1,1069,debit,0.127
6/26/2020,2:45:00 PM CDT,172,sell to close,SPY $291 put exp. 7/17/2020,535,1,535,credit,0.142
6/26/2020,2:45:00 PM CDT,173,sell to open,SPY $285 put exp. 8/7/2020,704,1,704,credit,1.142
6/26/2020,2:45:00 PM CDT,173,buy to open,SPY $265 put exp. 8/7/2020,347,1,347,debit,1.127
7/2/2020,2:45:00 PM CDT,173,buy to close,SPY $285 put exp. 8/7/2020,279,1,279,debit,0.127
7/2/2020,2:45:00 PM CDT,173,sell to close,SPY $265 put exp. 8/7/2020,116,1,116,credit,0.142
7/2/2020,2:45:00 PM CDT,174,sell to open,SPY $299 put exp. 8/14/2020,589,1,589,credit,1.142
7/2/2020,2:45:00 PM CDT,174,buy to open,SPY $280 put exp. 8/14/2020,286,1,286,debit,1.127
7/17/2020,2:45:00 PM CDT,174,buy to close,SPY $299 put exp. 8/14/2020,230,1,230,debit,0.127
7/17/2020,2:45:00 PM CDT,174,sell to close,SPY $280 put exp. 8/14/2020,90,1,90,credit,0.142
7/17/2020,2:45:00 PM CDT,175,sell to open,SPY $310 put exp. 8/28/2020,579,1,579,credit,1.142
7/17/2020,2:45:00 PM CDT,175,buy to open,SPY $290 put exp. 8/28/2020,266,1,266,debit,1.127
8/3/2020,2:45:00 PM CDT,175,buy to close,SPY $310 put exp. 8/28/2020,228,1,228,debit,0.127
8/3/2020,2:45:00 PM CDT,175,sell to close,SPY $290 put exp. 8/28/2020,77,1,77,credit,0.142
8/3/2020,2:45:00 PM CDT,176,sell to open,SPY $316 put exp. 9/18/2020,604,1,604,credit,1.142
8/3/2020,2:45:00 PM CDT,176,buy to open,SPY $296 put exp. 9/18/2020,290,1,290,debit,1.127
8/17/2020,2:45:00 PM CDT,176,buy to close,SPY $316 put exp. 9/18/2020,253,1,253,debit,0.127
8/17/2020,2:45:00 PM CDT,176,sell to close,SPY $296 put exp. 9/18/2020,107,1,107,credit,0.142
8/17/2020,2:45:00 PM CDT,177,sell to open,SPY $325 put exp. 10/2/2020,542,1,542,credit,1.142
8/17/2020,2:45:00 PM CDT,177,buy to open,SPY $308 put exp. 10/2/2020,297,1,297,debit,1.127
8/28/2020,2:45:00 PM CDT,177,buy to close,SPY $325 put exp. 10/2/2020,255,1,255,debit,0.127
8/28/2020,2:45:00 PM CDT,177,sell to close,SPY $308 put exp. 10/2/2020,139,1,139,credit,0.142
8/28/2020,2:45:00 PM CDT,178,sell to open,SPY $337 put exp. 10/9/2020,500,1,500,credit,1.142
8/28/2020,2:45:00 PM CDT,178,buy to open,SPY $315 put exp. 10/9/2020,229,1,229,debit,1.127
9/18/2020,2:45:00 PM CDT,178,buy to close,SPY $337 put exp. 10/9/2020,964,1,964,debit,0.127
9/18/2020,2:45:00 PM CDT,178,sell to close,SPY $315 put exp. 10/9/2020,247,1,247,credit,0.142
9/18/2020,2:45:00 PM CDT,179,sell to open,SPY $318 put exp. 10/30/2020,594,1,594,credit,1.142
9/18/2020,2:45:00 PM CDT,179,buy to open,SPY $295 put exp. 10/30/2020,231,1,231,debit,1.127
10/7/2020,2:45:00 PM CDT,179,buy to close,SPY $318 put exp. 10/30/2020,195,1,195,debit,0.127
10/7/2020,2:45:00 PM CDT,179,sell to close,SPY $295 put exp. 10/30/2020,47,1,47,credit,0.142
10/7/2020,2:45:00 PM CDT,180,sell to open,SPY $325 put exp. 11/20/2020,692,1,692,credit,1.142
10/7/2020,2:45:00 PM CDT,180,buy to open,SPY $304 put exp. 11/20/2020,316,1,316,debit,1.127
10/30/2020,2:45:00 PM CDT,180,buy to close,SPY $325 put exp. 11/20/2020,1125,1,1125,debit,0.127
10/30/2020,2:45:00 PM CDT,180,sell to close,SPY $304 put exp. 11/20/2020,489,1,489,credit,0.142
10/30/2020,2:45:00 PM CDT,181,sell to open,SPY $306 put exp. 12/11/2020,839,1,839,credit,1.142
10/30/2020,2:45:00 PM CDT,181,buy to open,SPY $280 put exp. 12/11/2020,366,1,366,debit,1.127
11/4/2020,2:45:00 PM CST,181,buy to close,SPY $306 put exp. 12/11/2020,279,1,279,debit,0.127
11/4/2020,2:45:00 PM CST,181,sell to close,SPY $280 put exp. 12/11/2020,109,1,109,credit,0.142
11/4/2020,2:45:00 PM CST,182,sell to open,SPY $328 put exp. 12/18/2020,740,1,740,credit,1.142
11/4/2020,2:45:00 PM CST,182,buy to open,SPY $305 put exp. 12/18/2020,350,1,350,debit,1.127
11/9/2020,2:45:00 PM CST,182,buy to close,SPY $328 put exp. 12/18/2020,312,1,312,debit,0.127
11/9/2020,2:45:00 PM CST,182,sell to close,SPY $305 put exp. 12/18/2020,132,1,132,credit,0.142
11/9/2020,2:45:00 PM CST,183,sell to open,SPY $343 put exp. 12/24/2020,600,1,600,credit,1.142
11/9/2020,2:45:00 PM CST,183,buy to open,SPY $320 put exp. 12/24/2020,266,1,266,debit,1.127
12/1/2020,2:45:00 PM CST,183,buy to close,SPY $343 put exp. 12/24/2020,177,1,177,debit,0.127
12/1/2020,2:45:00 PM CST,183,sell to close,SPY $320 put exp. 12/24/2020,56,1,56,credit,0.142
12/1/2020,2:45:00 PM CST,184,sell to open,SPY $352 put exp. 1/15/2021,573,1,573,credit,1.142
12/1/2020,2:45:00 PM CST,184,buy to open,SPY $334 put exp. 1/15/2021,286,1,286,debit,1.127
12/28/2020,2:45:00 PM CST,184,buy to close,SPY $352 put exp. 1/15/2021,154,1,154,debit,0.127
12/28/2020,2:45:00 PM CST,184,sell to close,SPY $334 put exp. 1/15/2021,58,1,58,credit,0.142
12/28/2020,2:45:00 PM CST,185,sell to open,SPY $360 put exp. 2/5/2021,499,1,499,credit,1.142
12/28/2020,2:45:00 PM CST,185,buy to open,SPY $342.5 put exp. 2/5/2021,254,1,254,debit,1.127
1/15/2021,2:45:00 PM CST,185,buy to close,SPY $360 put exp. 2/5/2021,308,1,308,debit,0.127
1/15/2021,2:45:00 PM CST,185,sell to close,SPY $342.5 put exp. 2/5/2021,134,1,134,credit,0.142
1/15/2021,2:45:00 PM CST,186,sell to open,SPY $362 put exp. 2/26/2021,603,1,603,credit,1.142
1/15/2021,2:45:00 PM CST,186,buy to open,SPY $340 put exp. 2/26/2021,283,1,283,debit,1.127
2/4/2021,2:45:00 PM CST,186,buy to close,SPY $362 put exp. 2/26/2021,177,1,177,debit,0.127
2/4/2021,2:45:00 PM CST,186,sell to close,SPY $340 put exp. 2/26/2021,63,1,63,credit,0.142
2/4/2021,2:45:00 PM CST,187,sell to open,SPY $371 put exp. 3/19/2021,600,1,600,credit,1.142
2/4/2021,2:45:00 PM CST,187,buy to open,SPY $350 put exp. 3/19/2021,293,1,293,debit,1.127
2/24/2021,2:45:00 PM CST,187,buy to close,SPY $371 put exp. 3/19/2021,236,1,236,debit,0.127
2/24/2021,2:45:00 PM CST,187,sell to close,SPY $350 put exp. 3/19/2021,91,1,91,credit,0.142
2/24/2021,2:45:00 PM CST,188,sell to open,SPY $377 put exp. 4/16/2021,651,1,651,credit,1.142
2/24/2021,2:45:00 PM CST,188,buy to open,SPY $355 put exp. 4/16/2021,331,1,331,debit,1.127
3/26/2021,2:45:00 PM CDT,188,buy to close,SPY $377 put exp. 4/16/2021,193,1,193,debit,0.127
3/26/2021,2:45:00 PM CDT,188,sell to close,SPY $355 put exp. 4/16/2021,64,1,64,credit,0.142
3/26/2021,2:45:00 PM CDT,189,sell to open,SPY $382 put exp. 5/7/2021,496,1,496,credit,1.142
3/26/2021,2:45:00 PM CDT,189,buy to open,SPY $365 put exp. 5/7/2021,258,1,258,debit,1.127
4/5/2021,2:45:00 PM CDT,189,buy to close,SPY $382 put exp. 5/7/2021,195,1,195,debit,0.127
4/5/2021,2:45:00 PM CDT,189,sell to close,SPY $365 put exp. 5/7/2021,94,1,94,credit,0.142
4/5/2021,2:45:00 PM CDT,190,sell to open,SPY $395 put exp. 5/21/2021,487,1,487,credit,1.142
4/5/2021,2:45:00 PM CDT,190,buy to open,SPY $377 put exp. 5/21/2021,243,1,243,debit,1.127
4/16/2021,2:45:00 PM CDT,190,buy to close,SPY $395 put exp. 5/21/2021,216,1,216,debit,0.127
4/16/2021,2:45:00 PM CDT,190,sell to close,SPY $377 put exp. 5/21/2021,99,1,99,credit,0.142
4/16/2021,2:45:00 PM CDT,191,sell to open,SPY $407 put exp. 5/28/2021,457,1,457,credit,1.142
4/16/2021,2:45:00 PM CDT,191,buy to open,SPY $390 put exp. 5/28/2021,227,1,227,debit,1.127
5/7/2021,2:45:00 PM CDT,191,buy to close,SPY $407 put exp. 5/28/2021,196,1,196,debit,0.127
5/7/2021,2:45:00 PM CDT,191,sell to close,SPY $390 put exp. 5/28/2021,81,1,81,credit,0.142
5/7/2021,2:45:00 PM CDT,192,sell to open,SPY $410 put exp. 6/18/2021,486,1,486,credit,1.142
5/7/2021,2:45:00 PM CDT,192,buy to open,SPY $393 put exp. 6/18/2021,254,1,254,debit,1.127
5/28/2021,2:45:00 PM CDT,192,buy to close,SPY $410 put exp. 6/18/2021,240,1,240,debit,0.127
5/28/2021,2:45:00 PM CDT,192,sell to close,SPY $393 put exp. 6/18/2021,91,1,91,credit,0.142
5/28/2021,2:45:00 PM CDT,193,sell to open,SPY $409 put exp. 7/9/2021,439,1,439,credit,1.142
5/28/2021,2:45:00 PM CDT,193,buy to open,SPY $395 put exp. 7/9/2021,253,1,253,debit,1.127
6/18/2021,2:45:00 PM CDT,193,buy to close,SPY $409 put exp. 7/9/2021,362,1,362,debit,0.127
6/18/2021,2:45:00 PM CDT,193,sell to close,SPY $395 put exp. 7/9/2021,173,1,173,credit,0.142
6/18/2021,2:45:00 PM CDT,194,sell to open,SPY $404 put exp. 7/30/2021,526,1,526,credit,1.142
6/18/2021,2:45:00 PM CDT,194,buy to open,SPY $386 put exp. 7/30/2021,279,1,279,debit,1.127
6/25/2021,2:45:00 PM CDT,194,buy to close,SPY $404 put exp. 7/30/2021,211,1,211,debit,0.127
6/25/2021,2:45:00 PM CDT,194,sell to close,SPY $386 put exp. 7/30/2021,107,1,107,credit,0.142
6/25/2021,2:45:00 PM CDT,195,sell to open,SPY $416 put exp. 8/6/2021,412,1,412,credit,1.142
6/25/2021,2:45:00 PM CDT,195,buy to open,SPY $400 put exp. 8/6/2021,222,1,222,debit,1.127
7/12/2021,2:45:00 PM CDT,195,buy to close,SPY $416 put exp. 8/6/2021,170,1,170,debit,0.127
7/12/2021,2:45:00 PM CDT,195,sell to close,SPY $400 put exp. 8/6/2021,84,1,84,credit,0.142
7/12/2021,2:45:00 PM CDT,196,sell to open,SPY $425 put exp. 8/27/2021,494,1,494,credit,1.142
7/12/2021,2:45:00 PM CDT,196,buy to open,SPY $407 put exp. 8/27/2021,269,1,269,debit,1.127
8/6/2021,2:45:00 PM CDT,196,buy to close,SPY $425 put exp. 8/27/2021,166,1,166,debit,0.127
8/6/2021,2:45:00 PM CDT,196,sell to close,SPY $407 put exp. 8/27/2021,66,1,66,credit,0.142
8/6/2021,2:45:00 PM CDT,197,sell to open,SPY $429 put exp. 9/17/2021,473,1,473,credit,1.142
8/6/2021,2:45:00 PM CDT,197,buy to open,SPY $409 put exp. 9/17/2021,237,1,237,debit,1.127
8/25/2021,2:45:00 PM CDT,197,buy to close,SPY $429 put exp. 9/17/2021,173,1,173,debit,0.127
8/25/2021,2:45:00 PM CDT,197,sell to close,SPY $409 put exp. 9/17/2021,75,1,75,credit,0.142
8/25/2021,2:45:00 PM CDT,198,sell to open,SPY $436 put exp. 10/15/2021,567,1,567,credit,1.142
8/25/2021,2:45:00 PM CDT,198,buy to open,SPY $416 put exp. 10/15/2021,314,1,314,debit,1.127
9/24/2021,2:45:00 PM CDT,198,buy to close,SPY $436 put exp. 10/15/2021,329,1,329,debit,0.127
9/24/2021,2:45:00 PM CDT,198,sell to close,SPY $416 put exp. 10/15/2021,122,1,122,credit,0.142
9/24/2021,2:45:00 PM CDT,199,sell to open,SPY $432 put exp. 11/5/2021,534,1,534,credit,1.142
9/24/2021,2:45:00 PM CDT,199,buy to open,SPY $410 put exp. 11/5/2021,254,1,254,debit,1.127
10/15/2021,2:45:00 PM CDT,199,buy to close,SPY $432 put exp. 11/5/2021,210,1,210,debit,0.127
10/15/2021,2:45:00 PM CDT,199,sell to close,SPY $410 put exp. 11/5/2021,59,1,59,credit,0.142
10/15/2021,2:45:00 PM CDT,200,sell to open,SPY $434 put exp. 11/26/2021,474,1,474,credit,1.142
10/15/2021,2:45:00 PM CDT,200,buy to open,SPY $417 put exp. 11/26/2021,252,1,252,debit,1.127
10/26/2021,2:45:00 PM CDT,200,buy to close,SPY $434 put exp. 11/26/2021,210,1,210,debit,0.127
10/26/2021,2:45:00 PM CDT,200,sell to close,SPY $417 put exp. 11/26/2021,108,1,108,credit,0.142
10/26/2021,2:45:00 PM CDT,201,sell to open,SPY $443 put exp. 12/17/2021,578,1,578,credit,1.142
10/26/2021,2:45:00 PM CDT,201,buy to open,SPY $421 put exp. 12/17/2021,292,1,292,debit,1.127
11/16/2021,2:45:00 PM CST,201,buy to close,SPY $443 put exp. 12/17/2021,221,1,221,debit,0.127
11/16/2021,2:45:00 PM CST,201,sell to close,SPY $421 put exp. 12/17/2021,93,1,93,credit,0.142
11/16/2021,2:45:00 PM CST,202,sell to open,SPY $457 put exp. 12/31/2021,556,1,556,credit,1.142
11/16/2021,2:45:00 PM CST,202,buy to open,SPY $437 put exp. 12/31/2021,281,1,281,debit,1.127
12/10/2021,2:45:00 PM CST,202,buy to close,SPY $457 put exp. 12/31/2021,323,1,323,debit,0.127
12/10/2021,2:45:00 PM CST,202,sell to close,SPY $437 put exp. 12/31/2021,121,1,121,credit,0.142
12/10/2021,2:45:00 PM CST,203,sell to open,SPY $456 put exp. 1/21/2022,593,1,593,credit,1.142
12/10/2021,2:45:00 PM CST,203,buy to open,SPY $435 put exp. 1/21/2022,308,1,308,debit,1.127
12/27/2021,2:45:00 PM CST,203,buy to close,SPY $456 put exp. 1/21/2022,220,1,220,debit,0.127
12/27/2021,2:45:00 PM CST,203,sell to close,SPY $435 put exp. 1/21/2022,93,1,93,credit,0.142
12/27/2021,2:45:00 PM CST,204,sell to open,SPY $464 put exp. 2/4/2022,529,1,529,credit,1.142
12/27/2021,2:45:00 PM CST,204,buy to open,SPY $443 put exp. 2/4/2022,260,1,260,debit,1.127
1/14/2022,2:45:00 PM CST,204,buy to close,SPY $464 put exp. 2/4/2022,687,1,687,debit,0.127
1/14/2022,2:45:00 PM CST,204,sell to close,SPY $443 put exp. 2/4/2022,231,1,231,credit,0.142
1/14/2022,2:45:00 PM CST,205,sell to open,SPY $450 put exp. 2/25/2022,598,1,598,credit,1.142
1/14/2022,2:45:00 PM CST,205,buy to open,SPY $426 put exp. 2/25/2022,260,1,260,debit,1.127
2/4/2022,2:45:00 PM CST,205,buy to close,SPY $450 put exp. 2/25/2022,800,1,800,debit,0.127
2/4/2022,2:45:00 PM CST,205,sell to close,SPY $426 put exp. 2/25/2022,255,1,255,credit,0.142
2/4/2022,2:45:00 PM CST,206,sell to open,SPY $433 put exp. 3/18/2022,733,1,733,credit,1.142
2/4/2022,2:45:00 PM CST,206,buy to open,SPY $407 put exp. 3/18/2022,335,1,335,debit,1.127
2/24/2022,2:45:00 PM CST,206,buy to close,SPY $433 put exp. 3/18/2022,1463,1,1463,debit,0.127
2/24/2022,2:45:00 PM CST,206,sell to close,SPY $407 put exp. 3/18/2022,560,1,560,credit,0.142
2/24/2022,2:45:00 PM CST,207,sell to open,SPY $405 put exp. 4/8/2022,827,1,827,credit,1.142
2/24/2022,2:45:00 PM CST,207,buy to open,SPY $380 put exp. 4/8/2022,405,1,405,debit,1.127
3/17/2022,2:45:00 PM CDT,207,buy to close,SPY $405 put exp. 4/8/2022,221,1,221,debit,0.127
3/17/2022,2:45:00 PM CDT,207,sell to close,SPY $380 put exp. 4/8/2022,79,1,79,credit,0.142
3/17/2022,2:45:00 PM CDT,208,sell to open,SPY $422 put exp. 4/29/2022,765,1,765,credit,1.142
3/17/2022,2:45:00 PM CDT,208,buy to open,SPY $398 put exp. 4/29/2022,371,1,371,debit,1.127
3/28/2022,2:45:00 PM CDT,208,buy to close,SPY $422 put exp. 4/29/2022,234,1,234,debit,0.127
3/28/2022,2:45:00 PM CDT,208,sell to close,SPY $398 put exp. 4/29/2022,97,1,97,credit,0.142
3/28/2022,2:45:00 PM CDT,209,sell to open,SPY $441 put exp. 5/6/2022,613,1,613,credit,1.142
3/28/2022,2:45:00 PM CDT,209,buy to open,SPY $417 put exp. 5/6/2022,269,1,269,debit,1.127
4/18/2022,2:45:00 PM CDT,209,buy to close,SPY $441 put exp. 5/6/2022,1012,1,1012,debit,0.127
4/18/2022,2:45:00 PM CDT,209,sell to close,SPY $417 put exp. 5/6/2022,277,1,277,credit,0.142
4/18/2022,2:45:00 PM CDT,210,sell to open,SPY $421 put exp. 5/27/2022,672,1,672,credit,1.142
4/18/2022,2:45:00 PM CDT,210,buy to open,SPY $398 put exp. 5/27/2022,285,1,285,debit,1.127
5/6/2022,2:45:00 PM CDT,210,buy to close,SPY $421 put exp. 5/27/2022,1592,1,1592,debit,0.127
5/6/2022,2:45:00 PM CDT,210,sell to close,SPY $398 put exp. 5/27/2022,633,1,633,credit,0.142
5/6/2022,2:45:00 PM CDT,211,sell to open,SPY $392 put exp. 6/17/2022,876,1,876,credit,1.142
5/6/2022,2:45:00 PM CDT,211,buy to open,SPY $365 put exp. 6/17/2022,380,1,380,debit,1.127
5/27/2022,2:45:00 PM CDT,211,buy to close,SPY $392 put exp. 6/17/2022,323,1,323,debit,0.127
5/27/2022,2:45:00 PM CDT,211,sell to close,SPY $365 put exp. 6/17/2022,73,1,73,credit,0.142
5/27/2022,2:45:00 PM CDT,212,sell to open,SPY $397 put exp. 7/8/2022,747,1,747,credit,1.142
5/27/2022,2:45:00 PM CDT,212,buy to open,SPY $375 put exp. 7/8/2022,340,1,340,debit,1.127
6/17/2022,2:45:00 PM CDT,212,buy to close,SPY $397 put exp. 7/8/2022,3138,1,3138,debit,0.127
6/17/2022,2:45:00 PM CDT,212,sell to close,SPY $375 put exp. 7/8/2022,1416,1,1416,credit,0.142
6/17/2022,2:45:00 PM CDT,213,sell to open,SPY $350 put exp. 7/29/2022,773,1,773,credit,1.142
6/17/2022,2:45:00 PM CDT,213,buy to open,SPY $325 put exp. 7/29/2022,321,1,321,debit,1.127
6/24/2022,2:45:00 PM CDT,213,buy to close,SPY $350 put exp. 7/29/2022,245,1,245,debit,0.127
6/24/2022,2:45:00 PM CDT,213,sell to close,SPY $325 put exp. 7/29/2022,90,1,90,credit,0.142
6/24/2022,2:45:00 PM CDT,214,sell to open,SPY $372 put exp. 8/5/2022,713,1,713,credit,1.142
6/24/2022,2:45:00 PM CDT,214,buy to open,SPY $350 put exp. 8/5/2022,310,1,310,debit,1.127
7/15/2022,2:45:00 PM CDT,214,buy to close,SPY $372 put exp. 8/5/2022,410,1,410,debit,0.127
7/15/2022,2:45:00 PM CDT,214,sell to close,SPY $350 put exp. 8/5/2022,89,1,89,credit,0.142
7/15/2022,2:45:00 PM CDT,215,sell to open,SPY $370 put exp. 8/26/2022,681,1,681,credit,1.142
7/15/2022,2:45:00 PM CDT,215,buy to open,SPY $351 put exp. 8/26/2022,308,1,308,debit,1.127
7/27/2022,2:45:00 PM CDT,215,buy to close,SPY $370 put exp. 8/26/2022,211,1,211,debit,0.127
7/27/2022,2:45:00 PM CDT,215,sell to close,SPY $351 put exp. 8/26/2022,83,1,83,credit,0.142
7/27/2022,2:45:00 PM CDT,216,sell to open,SPY $386 put exp. 9/16/2022,736,1,736,credit,1.142
7/27/2022,2:45:00 PM CDT,216,buy to open,SPY $363 put exp. 9/16/2022,330,1,330,debit,1.127
8/10/2022,2:45:00 PM CDT,216,buy to close,SPY $386 put exp. 9/16/2022,223,1,223,debit,0.127
8/10/2022,2:45:00 PM CDT,216,sell to close,SPY $363 put exp. 9/16/2022,88,1,88,credit,0.142
8/10/2022,2:45:00 PM CDT,217,sell to open,SPY $405 put exp. 9/23/2022,622,1,622,credit,1.142
8/10/2022,2:45:00 PM CDT,217,buy to open,SPY $383 put exp. 9/23/2022,268,1,268,debit,1.127
9/2/2022,2:45:00 PM CDT,217,buy to close,SPY $405 put exp. 9/23/2022,1785,1,1785,debit,0.127
9/2/2022,2:45:00 PM CDT,217,sell to close,SPY $383 put exp. 9/23/2022,637,1,637,credit,0.142
9/2/2022,2:45:00 PM CDT,218,sell to open,SPY $375 put exp. 10/14/2022,709,1,709,credit,1.142
9/2/2022,2:45:00 PM CDT,218,buy to open,SPY $355 put exp. 10/14/2022,321,1,321,debit,1.127
9/9/2022,2:45:00 PM CDT,218,buy to close,SPY $375 put exp. 10/14/2022,252,1,252,debit,0.127
9/9/2022,2:45:00 PM CDT,218,sell to close,SPY $355 put exp. 10/14/2022,100,1,100,credit,0.142
9/9/2022,2:45:00 PM CDT,219,sell to open,SPY $392 put exp. 10/21/2022,646,1,646,credit,1.142
9/9/2022,2:45:00 PM CDT,219,buy to open,SPY $373 put exp. 10/21/2022,291,1,291,debit,1.127
9/30/2022,2:45:00 PM CDT,219,buy to close,SPY $392 put exp. 10/21/2022,3283,1,3283,debit,0.127
9/30/2022,2:45:00 PM CDT,219,sell to close,SPY $373 put exp. 10/21/2022,1722,1,1722,credit,0.142
9/30/2022,2:45:00 PM CDT,220,sell to open,SPY $345 put exp. 11/11/2022,813,1,813,credit,1.142
9/30/2022,2:45:00 PM CDT,220,buy to open,SPY $320 put exp. 11/11/2022,330,1,330,debit,1.127
10/4/2022,2:45:00 PM CDT,220,buy to close,SPY $345 put exp. 11/11/2022,372,1,372,debit,0.127
10/4/2022,2:45:00 PM CDT,220,sell to close,SPY $320 put exp. 11/11/2022,144,1,144,credit,0.142
10/4/2022,2:45:00 PM CDT,221,sell to open,SPY $361 put exp. 11/18/2022,770,1,770,credit,1.142
10/4/2022,2:45:00 PM CDT,221,buy to open,SPY $336 put exp. 11/18/2022,316,1,316,debit,1.127
10/28/2022,2:45:00 PM CDT,221,buy to close,SPY $361 put exp. 11/18/2022,181,1,181,debit,0.127
10/28/2022,2:45:00 PM CDT,221,sell to close,SPY $336 put exp. 11/18/2022,38,1,38,credit,0.142
10/28/2022,2:45:00 PM CDT,222,sell to open,SPY $375 put exp. 12/9/2022,699,1,699,credit,1.142
10/28/2022,2:45:00 PM CDT,222,buy to open,SPY $355 put exp. 12/9/2022,291,1,291,debit,1.127
11/11/2022,2:45:00 PM CST,222,buy to close,SPY $375 put exp. 12/9/2022,216,1,216,debit,0.127
11/11/2022,2:45:00 PM CST,222,sell to close,SPY $355 put exp. 12/9/2022,67,1,67,credit,0.142
11/11/2022,2:45:00 PM CST,223,sell to open,SPY $384 put exp. 12/23/2022,642,1,642,credit,1.142
11/11/2022,2:45:00 PM CST,223,buy to open,SPY $364 put exp. 12/23/2022,269,1,269,debit,1.127
11/30/2022,2:45:00 PM CST,223,buy to close,SPY $384 put exp. 12/23/2022,212,1,212,debit,0.127
11/30/2022,2:45:00 PM CST,223,sell to close,SPY $364 put exp. 12/23/2022,52,1,52,credit,0.142
11/30/2022,2:45:00 PM CST,224,sell to open,SPY $392 put exp. 1/20/2023,691,1,691,credit,1.142
11/30/2022,2:45:00 PM CST,224,buy to open,SPY $372 put exp. 1/20/2023,295,1,295,debit,1.127
12/30/2022,2:45:00 PM CST,224,buy to close,SPY $392 put exp. 1/20/2023,1320,1,1320,debit,0.127
12/30/2022,2:45:00 PM CST,224,sell to close,SPY $372 put exp. 1/20/2023,387,1,387,credit,0.142
12/30/2022,2:45:00 PM CST,225,sell to open,SPY $369 put exp. 2/10/2023,583,1,583,credit,1.142
12/30/2022,2:45:00 PM CST,225,buy to open,SPY $355 put exp. 2/10/2023,277,1,277,debit,1.127
1/11/2023,2:45:00 PM CST,225,buy to close,SPY $369 put exp. 2/10/2023,189,1,189,debit,0.127
1/11/2023,2:45:00 PM CST,225,sell to close,SPY $355 put exp. 2/10/2023,74,1,74,credit,0.142
1/11/2023,2:45:00 PM CST,226,sell to open,SPY $383 put exp. 2/24/2023,609,1,609,credit,1.142
1/11/2023,2:45:00 PM CST,226,buy to open,SPY $365 put exp. 2/24/2023,250,1,250,debit,1.127
1/26/2023,2:45:00 PM CST,226,buy to close,SPY $383 put exp. 2/24/2023,207,1,207,debit,0.127
1/26/2023,2:45:00 PM CST,226,sell to close,SPY $365 put exp. 2/24/2023,68,1,68,credit,0.142
1/26/2023,2:45:00 PM CST,227,sell to open,SPY $393 put exp. 3/10/2023,522,1,522,credit,1.142
1/26/2023,2:45:00 PM CST,227,buy to open,SPY $380 put exp. 3/10/2023,279,1,279,debit,1.127
2/7/2023,2:45:00 PM CST,227,buy to close,SPY $393 put exp. 3/10/2023,211,1,211,debit,0.127
2/7/2023,2:45:00 PM CST,227,sell to close,SPY $380 put exp. 3/10/2023,102,1,102,credit,0.142
2/7/2023,2:45:00 PM CST,228,sell to open,SPY $403 put exp. 3/24/2023,586,1,586,credit,1.142
2/7/2023,2:45:00 PM CST,228,buy to open,SPY $384 put exp. 3/24/2023,263,1,263,debit,1.127
3/2/2023,2:45:00 PM CST,228,buy to close,SPY $403 put exp. 3/24/2023,1039,1,1039,debit,0.127
3/2/2023,2:45:00 PM CST,228,sell to close,SPY $384 put exp. 3/24/2023,321,1,321,credit,0.142
3/2/2023,2:45:00 PM CST,229,sell to open,SPY $385 put exp. 4/14/2023,539,1,539,credit,1.142
3/2/2023,2:45:00 PM CST,229,buy to open,SPY $370 put exp. 4/14/2023,245,1,245,debit,1.127
3/24/2023,2:45:00 PM CDT,229,buy to close,SPY $385 put exp. 4/14/2023,404,1,404,debit,0.127
3/24/2023,2:45:00 PM CDT,229,sell to close,SPY $370 put exp. 4/14/2023,163,1,163,credit,0.142
3/24/2023,2:45:00 PM CDT,230,sell to open,SPY $383 put exp. 5/5/2023,624,1,624,credit,1.142
3/24/2023,2:45:00 PM CDT,230,buy to open,SPY $360 put exp. 5/5/2023,237,1,237,debit,1.127
3/31/2023,2:45:00 PM CDT,230,buy to close,SPY $383 put exp. 5/5/2023,229,1,229,debit,0.127
3/31/2023,2:45:00 PM CDT,230,sell to close,SPY $360 put exp. 5/5/2023,74,1,74,credit,0.142
3/31/2023,2:45:00 PM CDT,231,sell to open,SPY $397.5 put exp. 5/12/2023,552,1,552,credit,1.142
3/31/2023,2:45:00 PM CDT,231,buy to open,SPY $379 put exp. 5/12/2023,239,1,239,debit,1.127
4/17/2023,2:45:00 PM CDT,231,buy to close,SPY $397.5 put exp. 5/12/2023,205,1,205,debit,0.127
4/17/2023,2:45:00 PM CDT,231,sell to close,SPY $379 put exp. 5/12/2023,63,1,63,credit,0.142
4/17/2023,2:45:00 PM CDT,232,sell to open,SPY $404 put exp. 6/2/2023,497,1,497,credit,1.142
4/17/2023,2:45:00 PM CDT,232,buy to open,SPY $386 put exp. 6/2/2023,220,1,220,debit,1.127
5/12/2023,2:45:00 PM CDT,232,buy to close,SPY $404 put exp. 6/2/2023,294,1,294,debit,0.127
5/12/2023,2:45:00 PM CDT,232,sell to close,SPY $386 put exp. 6/2/2023,83,1,83,credit,0.142
5/12/2023,2:45:00 PM CDT,233,sell to open,SPY $400 put exp. 6/23/2023,486,1,486,credit,1.142
5/12/2023,2:45:00 PM CDT,233,buy to open,SPY $380 put exp. 6/23/2023,205,1,205,debit,1.127
5/26/2023,2:45:00 PM CDT,233,buy to close,SPY $400 put exp. 6/23/2023,232,1,232,debit,0.127
5/26/2023,2:45:00 PM CDT,233,sell to close,SPY $380 put exp. 6/23/2023,99,1,99,credit,0.142
5/26/2023,2:45:00 PM CDT,234,sell to open,SPY $409 put exp. 7/7/2023,479,1,479,credit,1.142
5/26/2023,2:45:00 PM CDT,234,buy to open,SPY $389 put exp. 7/7/2023,223,1,223,debit,1.127
6/2/2023,2:45:00 PM CDT,234,buy to close,SPY $409 put exp. 7/7/2023,186,1,186,debit,0.127
6/2/2023,2:45:00 PM CDT,234,sell to close,SPY $389 put exp. 7/7/2023,73,1,73,credit,0.142
6/2/2023,2:45:00 PM CDT,235,sell to open,SPY $419 put exp. 7/14/2023,395,1,395,credit,1.142
6/2/2023,2:45:00 PM CDT,235,buy to open,SPY $402 put exp. 7/14/2023,170,1,170,debit,1.127
6/13/2023,2:45:00 PM CDT,235,buy to close,SPY $419 put exp. 7/14/2023,175,1,175,debit,0.127
6/13/2023,2:45:00 PM CDT,235,sell to close,SPY $402 put exp. 7/14/2023,75,1,75,credit,0.142
6/13/2023,2:45:00 PM CDT,236,sell to open,SPY $427 put exp. 7/28/2023,411,1,411,credit,1.142
6/13/2023,2:45:00 PM CDT,236,buy to open,SPY $413 put exp. 7/28/2023,210,1,210,debit,1.127
6/30/2023,2:45:00 PM CDT,236,buy to close,SPY $427 put exp. 7/28/2023,122,1,122,debit,0.127
6/30/2023,2:45:00 PM CDT,236,sell to close,SPY $413 put exp. 7/28/2023,54,1,54,credit,0.142
6/30/2023,2:45:00 PM CDT,237,sell to open,SPY $437 put exp. 8/11/2023,365,1,365,credit,1.142
6/30/2023,2:45:00 PM CDT,237,buy to open,SPY $422 put exp. 8/11/2023,162,1,162,debit,1.127
7/17/2023,2:45:00 PM CDT,237,buy to close,SPY $437 put exp. 8/11/2023,139,1,139,debit,0.127
7/17/2023,2:45:00 PM CDT,237,sell to close,SPY $422 put exp. 8/11/2023,54,1,54,credit,0.142
7/17/2023,2:45:00 PM CDT,238,sell to open,SPY $444 put exp. 9/1/2023,414,1,414,credit,1.142
7/17/2023,2:45:00 PM CDT,238,buy to open,SPY $428 put exp. 9/1/2023,186,1,186,debit,1.127
8/11/2023,2:45:00 PM CDT,238,buy to close,SPY $444 put exp. 9/1/2023,448,1,448,debit,0.127
8/11/2023,2:45:00 PM CDT,238,sell to close,SPY $428 put exp. 9/1/2023,131,1,131,credit,0.142
8/11/2023,2:45:00 PM CDT,239,sell to open,SPY $435 put exp. 9/22/2023,450,1,450,credit,1.142
8/11/2023,2:45:00 PM CDT,239,buy to open,SPY $419 put exp. 9/22/2023,220,1,220,debit,1.127
8/30/2023,2:45:00 PM CDT,239,buy to close,SPY $435 put exp. 9/22/2023,147,1,147,debit,0.127
8/30/2023,2:45:00 PM CDT,239,sell to close,SPY $419 put exp. 9/22/2023,52,1,52,credit,0.142
8/30/2023,2:45:00 PM CDT,240,sell to open,SPY $441 put exp. 10/20/2023,457,1,457,credit,1.142
8/30/2023,2:45:00 PM CDT,240,buy to open,SPY $426 put exp. 10/20/2023,226,1,226,debit,1.127
9/29/2023,2:45:00 PM CDT,240,buy to close,SPY $441 put exp. 10/20/2023,1435,1,1435,debit,0.127
9/29/2023,2:45:00 PM CDT,240,sell to close,SPY $426 put exp. 10/20/2023,548,1,548,credit,0.142
9/29/2023,2:45:00 PM CDT,241,sell to open,SPY $418 put exp. 11/10/2023,513,1,513,credit,1.142
9/29/2023,2:45:00 PM CDT,241,buy to open,SPY $405 put exp. 11/10/2023,269,1,269,debit,1.127
10/11/2023,2:45:00 PM CDT,241,buy to close,SPY $418 put exp. 11/10/2023,206,1,206,debit,0.127
10/11/2023,2:45:00 PM CDT,241,sell to close,SPY $405 put exp. 11/10/2023,99,1,99,credit,0.142
10/11/2023,2:45:00 PM CDT,242,sell to open,SPY $428 put exp. 11/24/2023,492,1,492,credit,1.142
10/11/2023,2:45:00 PM CDT,242,buy to open,SPY $412 put exp. 11/24/2023,227,1,227,debit,1.127
11/3/2023,2:45:00 PM CDT,242,buy to close,SPY $428 put exp. 11/24/2023,251,1,251,debit,0.127
11/3/2023,2:45:00 PM CDT,242,sell to close,SPY $412 put exp. 11/24/2023,71,1,71,credit,0.142
11/3/2023,2:45:00 PM CDT,243,sell to open,SPY $426 put exp. 12/15/2023,457,1,457,credit,1.142
11/3/2023,2:45:00 PM CDT,243,buy to open,SPY $409 put exp. 12/15/2023,198,1,198,debit,1.127
11/14/2023,2:45:00 PM CST,243,buy to close,SPY $426 put exp. 12/15/2023,122,1,122,debit,0.127
11/14/2023,2:45:00 PM CST,243,sell to close,SPY $409 put exp. 12/15/2023,53,1,53,credit,0.142
11/14/2023,2:45:00 PM CST,244,sell to open,SPY $440 put exp. 12/29/2023,408,1,408,credit,1.142
11/14/2023,2:45:00 PM CST,244,buy to open,SPY $427 put exp. 12/29/2023,206,1,206,debit,1.127
11/27/2023,2:45:00 PM CST,244,buy to close,SPY $440 put exp. 12/29/2023,176,1,176,debit,0.127
11/27/2023,2:45:00 PM CST,244,sell to close,SPY $427 put exp. 12/29/2023,82,1,82,credit,0.142
11/27/2023,2:45:00 PM CST,245,sell to open,SPY $447 put exp. 1/5/2024,340,1,340,credit,1.142
11/27/2023,2:45:00 PM CST,245,buy to open,SPY $436 put exp. 1/5/2024,172,1,172,debit,1.127
12/11/2023,2:45:00 PM CST,245,buy to close,SPY $447 put exp. 1/5/2024,131,1,131,debit,0.127
12/11/2023,2:45:00 PM CST,245,sell to close,SPY $436 put exp. 1/5/2024,56,1,56,credit,0.142
12/11/2023,2:45:00 PM CST,246,sell to open,SPY $453 put exp. 1/26/2024,397,1,397,credit,1.142
12/11/2023,2:45:00 PM CST,246,buy to open,SPY $441 put exp. 1/26/2024,200,1,200,debit,1.127
12/14/2023,2:45:00 PM CST,246,buy to close,SPY $453 put exp. 1/26/2024,187,1,187,debit,0.127
12/14/2023,2:45:00 PM CST,246,sell to close,SPY $441 put exp. 1/26/2024,100,1,100,credit,0.142
12/14/2023,2:45:00 PM CST,247,sell to open,SPY $463 put exp. 1/26/2024,351,1,351,credit,1.142
12/14/2023,2:45:00 PM CST,247,buy to open,SPY $448 put exp. 1/26/2024,142,1,142,debit,1.127
12/28/2023,2:45:00 PM CST,247,buy to close,SPY $463 put exp. 1/26/2024,151,1,151,debit,0.127
12/28/2023,2:45:00 PM CST,247,sell to close,SPY $448 put exp. 1/26/2024,55,1,55,credit,0.142
12/28/2023,2:45:00 PM CST,248,sell to open,SPY $470 put exp. 2/9/2024,395,1,395,credit,1.142
12/28/2023,2:45:00 PM CST,248,buy to open,SPY $455 put exp. 2/9/2024,170,1,170,debit,1.127
1/19/2024,2:45:00 PM CST,248,buy to close,SPY $470 put exp. 2/9/2024,153,1,153,debit,0.127
1/19/2024,2:45:00 PM CST,248,sell to close,SPY $455 put exp. 2/9/2024,52,1,52,credit,0.142
1/19/2024,2:45:00 PM CST,249,sell to open,SPY $475 put exp. 3/1/2024,403,1,403,credit,1.142
1/19/2024,2:45:00 PM CST,249,buy to open,SPY $459 put exp. 3/1/2024,172,1,172,debit,1.127
1/29/2024,2:45:00 PM CST,249,buy to close,SPY $475 put exp. 3/1/2024,187,1,187,debit,0.127
1/29/2024,2:45:00 PM CST,249,sell to close,SPY $459 put exp. 3/1/2024,79,1,79,credit,0.142
1/29/2024,2:45:00 PM CST,250,sell to open,SPY $483 put exp. 3/15/2024,456,1,456,credit,1.142
1/29/2024,2:45:00 PM CST,250,buy to open,SPY $464 put exp. 3/15/2024,182,1,182,debit,1.127
2/9/2024,2:45:00 PM CST,250,buy to close,SPY $483 put exp. 3/15/2024,186,1,186,debit,0.127
2/9/2024,2:45:00 PM CST,250,sell to close,SPY $464 put exp. 3/15/2024,72,1,72,credit,0.142
2/9/2024,2:45:00 PM CST,251,sell to open,SPY $492 put exp. 3/28/2024,442,1,442,credit,1.142
2/9/2024,2:45:00 PM CST,251,buy to open,SPY $477 put exp. 3/28/2024,211,1,211,debit,1.127
2/29/2024,2:45:00 PM CST,251,buy to close,SPY $492 put exp. 3/28/2024,175,1,175,debit,0.127
2/29/2024,2:45:00 PM CST,251,sell to close,SPY $477 put exp. 3/28/2024,76,1,76,credit,0.142
2/29/2024,2:45:00 PM CST,252,sell to open,SPY $500 put exp. 4/12/2024,422,1,422,credit,1.142
2/29/2024,2:45:00 PM CST,252,buy to open,SPY $485 put exp. 4/12/2024,186,1,186,debit,1.127
3/19/2024,2:45:00 PM CDT,252,buy to close,SPY $500 put exp. 4/12/2024,175,1,175,debit,0.127
3/19/2024,2:45:00 PM CDT,252,sell to close,SPY $485 put exp. 4/12/2024,69,1,69,credit,0.142
3/19/2024,2:45:00 PM CDT,253,sell to open,SPY $508 put exp. 4/30/2024,462,1,462,credit,1.142
3/19/2024,2:45:00 PM CDT,253,buy to open,SPY $491 put exp. 4/30/2024,187,1,187,debit,1.127
3/27/2024,2:45:00 PM CDT,253,buy to close,SPY $508 put exp. 4/30/2024,206,1,206,debit,0.127
3/27/2024,2:45:00 PM CDT,253,sell to close,SPY $491 put exp. 4/30/2024,80,1,80,credit,0.142
3/27/2024,2:45:00 PM CDT,254,sell to open,SPY $515 put exp. 5/17/2024,494,1,494,credit,1.142
3/27/2024,2:45:00 PM CDT,254,buy to open,SPY $497 put exp. 5/17/2024,204,1,204,debit,1.127
4/26/2024,2:45:00 PM CDT,254,buy to close,SPY $515 put exp. 5/17/2024,892,1,892,debit,0.127
4/26/2024,2:45:00 PM CDT,254,sell to close,SPY $497 put exp. 5/17/2024,240,1,240,credit,0.142
4/26/2024,2:45:00 PM CDT,255,sell to open,SPY $500 put exp. 6/7/2024,494,1,494,credit,1.142
4/26/2024,2:45:00 PM CDT,255,buy to open,SPY $481 put exp. 6/7/2024,192,1,192,debit,1.127
5/7/2024,2:45:00 PM CDT,255,buy to close,SPY $500 put exp. 6/7/2024,187,1,187,debit,0.127
5/7/2024,2:45:00 PM CDT,255,sell to close,SPY $481 put exp. 6/7/2024,60,1,60,credit,0.142
5/7/2024,2:45:00 PM CDT,256,sell to open,SPY $508 put exp. 6/21/2024,473,1,473,credit,1.142
5/7/2024,2:45:00 PM CDT,256,buy to open,SPY $490 put exp. 6/21/2024,189,1,189,debit,1.127
5/15/2024,2:45:00 PM CDT,256,buy to close,SPY $508 put exp. 6/21/2024,164,1,164,debit,0.127
5/15/2024,2:45:00 PM CDT,256,sell to close,SPY $490 put exp. 6/21/2024,69,1,69,credit,0.142
5/15/2024,2:45:00 PM CDT,257,sell to open,SPY $521 put exp. 6/28/2024,425,1,425,credit,1.142
5/15/2024,2:45:00 PM CDT,257,buy to open,SPY $507 put exp. 6/28/2024,196,1,196,debit,1.127
6/7/2024,2:45:00 PM CDT,257,buy to close,SPY $521 put exp. 6/28/2024,178,1,178,debit,0.127
6/7/2024,2:45:00 PM CDT,257,sell to close,SPY $507 put exp. 6/28/2024,56,1,56,credit,0.142
6/7/2024,2:45:00 PM CDT,258,sell to open,SPY $525 put exp. 7/19/2024,424,1,424,credit,1.142
6/7/2024,2:45:00 PM CDT,258,buy to open,SPY $512 put exp. 7/19/2024,205,1,205,debit,1.127
6/13/2024,2:45:00 PM CDT,258,buy to close,SPY $525 put exp. 7/19/2024,190,1,190,debit,0.127
6/13/2024,2:45:00 PM CDT,258,sell to close,SPY $512 put exp. 7/19/2024,94,1,94,credit,0.142
6/13/2024,2:45:00 PM CDT,259,sell to open,SPY $534 put exp. 7/26/2024,395,1,395,credit,1.142
6/13/2024,2:45:00 PM CDT,259,buy to open,SPY $518 put exp. 7/26/2024,164,1,164,debit,1.127
7/2/2024,2:45:00 PM CDT,259,buy to close,SPY $534 put exp. 7/26/2024,145,1,145,debit,0.127
7/2/2024,2:45:00 PM CDT,259,sell to close,SPY $518 put exp. 7/26/2024,50,1,50,credit,0.142
7/2/2024,2:45:00 PM CDT,260,sell to open,SPY $542 put exp. 8/16/2024,472,1,472,credit,1.142
7/2/2024,2:45:00 PM CDT,260,buy to open,SPY $526 put exp. 8/16/2024,212,1,212,debit,1.127
7/10/2024,2:45:00 PM CDT,260,buy to close,SPY $542 put exp. 8/16/2024,224,1,224,debit,0.127
7/10/2024,2:45:00 PM CDT,260,sell to close,SPY $526 put exp. 8/16/2024,105,1,105,credit,0.142
7/10/2024,2:45:00 PM CDT,261,sell to open,SPY $553 put exp. 8/23/2024,474,1,474,credit,1.142
7/10/2024,2:45:00 PM CDT,261,buy to open,SPY $537.5 put exp. 8/23/2024,225,1,225,debit,1.127
8/2/2024,2:45:00 PM CDT,261,buy to close,SPY $553 put exp. 8/23/2024,2243,1,2243,debit,0.127
8/2/2024,2:45:00 PM CDT,261,sell to close,SPY $537.5 put exp. 8/23/2024,1220,1,1220,credit,0.142
8/2/2024,2:45:00 PM CDT,262,sell to open,SPY $515 put exp. 9/13/2024,768,1,768,credit,1.142
8/2/2024,2:45:00 PM CDT,262,buy to open,SPY $485 put exp. 9/13/2024,343,1,343,debit,1.127
8/13/2024,2:45:00 PM CDT,262,buy to close,SPY $515 put exp. 9/13/2024,289,1,289,debit,0.127
8/13/2024,2:45:00 PM CDT,262,sell to close,SPY $485 put exp. 9/13/2024,98,1,98,credit,0.142
8/13/2024,2:45:00 PM CDT,263,sell to open,SPY $528 put exp. 9/27/2024,668,1,668,credit,1.142
8/13/2024,2:45:00 PM CDT,263,buy to open,SPY $500 put exp. 9/27/2024,268,1,268,debit,1.127
8/15/2024,2:45:00 PM CDT,263,buy to close,SPY $528 put exp. 9/27/2024,310,1,310,debit,0.127
8/15/2024,2:45:00 PM CDT,263,sell to close,SPY $500 put exp. 9/27/2024,120,1,120,credit,0.142
8/15/2024,2:45:00 PM CDT,264,sell to open,SPY $542 put exp. 9/30/2024,556,1,556,credit,1.142
8/15/2024,2:45:00 PM CDT,264,buy to open,SPY $522 put exp. 9/30/2024,258,1,258,debit,1.127
9/9/2024,2:45:00 PM CDT,264,buy to close,SPY $542 put exp. 9/30/2024,731,1,731,debit,0.127
9/9/2024,2:45:00 PM CDT,264,sell to close,SPY $522 put exp. 9/30/2024,277,1,277,credit,0.142
9/9/2024,2:45:00 PM CDT,265,sell to open,SPY $530 put exp. 10/25/2024,727,1,727,credit,1.142
9/9/2024,2:45:00 PM CDT,265,buy to open,SPY $505 put exp. 10/25/2024,336,1,336,debit,1.127
9/13/2024,2:45:00 PM CDT,265,buy to close,SPY $530 put exp. 10/25/2024,297,1,297,debit,0.127
9/13/2024,2:45:00 PM CDT,265,sell to close,SPY $505 put exp. 10/25/2024,133,1,133,credit,0.142
9/13/2024,2:45:00 PM CDT,266,sell to open,SPY $548 put exp. 10/31/2024,625,1,625,credit,1.142
9/13/2024,2:45:00 PM CDT,266,buy to open,SPY $528 put exp. 10/31/2024,322,1,322,debit,1.127
9/24/2024,2:45:00 PM CDT,266,buy to close,SPY $548 put exp. 10/31/2024,293,1,293,debit,0.127
9/24/2024,2:45:00 PM CDT,266,sell to close,SPY $528 put exp. 10/31/2024,148,1,148,credit,0.142
9/24/2024,2:45:00 PM CDT,267,sell to open,SPY $559 put exp. 11/15/2024,723,1,723,credit,1.142
9/24/2024,2:45:00 PM CDT,267,buy to open,SPY $532 put exp. 11/15/2024,329,1,329,debit,1.127
10/18/2024,2:45:00 PM CDT,267,buy to close,SPY $559 put exp. 11/15/2024,291,1,291,debit,0.127
10/18/2024,2:45:00 PM CDT,267,sell to close,SPY $532 put exp. 11/15/2024,116,1,116,credit,0.142
10/18/2024,2:45:00 PM CDT,268,sell to open,SPY $572 put exp. 11/29/2024,632,1,632,credit,1.142
10/18/2024,2:45:00 PM CDT,268,buy to open,SPY $552 put exp. 11/29/2024,328,1,328,debit,1.127
11/6/2024,2:45:00 PM CST,268,buy to close,SPY $572 put exp. 11/29/2024,237,1,237,debit,0.127
11/6/2024,2:45:00 PM CST,268,sell to close,SPY $552 put exp. 11/29/2024,98,1,98,credit,0.142
11/6/2024,2:45:00 PM CST,269,sell to open,SPY $579 put exp. 12/20/2024,611,1,611,credit,1.142
11/6/2024,2:45:00 PM CST,269,buy to open,SPY $558 put exp. 12/20/2024,310,1,310,debit,1.127
11/26/2024,2:45:00 PM CST,269,buy to close,SPY $579 put exp. 12/20/2024,184,1,184,debit,0.127
11/26/2024,2:45:00 PM CST,269,sell to close,SPY $558 put exp. 12/20/2024,81,1,81,credit,0.142
11/26/2024,2:45:00 PM CST,270,sell to open,SPY $589 put exp. 1/17/2025,567,1,567,credit,1.142
11/26/2024,2:45:00 PM CST,270,buy to open,SPY $569 put exp. 1/17/2025,297,1,297,debit,1.127
12/27/2024,2:45:00 PM CST,270,buy to close,SPY $589 put exp. 1/17/2025,553,1,553,debit,0.127
12/27/2024,2:45:00 PM CST,270,sell to close,SPY $569 put exp. 1/17/2025,188,1,188,credit,0.142
12/27/2024,2:45:00 PM CST,271,sell to open,SPY $580 put exp. 2/7/2025,599,1,599,credit,1.142
12/27/2024,2:45:00 PM CST,271,buy to open,SPY $560 put exp. 2/7/2025,302,1,302,debit,1.127
1/17/2025,2:45:00 PM CST,271,buy to close,SPY $580 put exp. 2/7/2025,246,1,246,debit,0.127
1/17/2025,2:45:00 PM CST,271,sell to close,SPY $560 put exp. 2/7/2025,86,1,86,credit,0.142
1/17/2025,2:45:00 PM CST,272,sell to open,SPY $587 put exp. 2/28/2025,583,1,583,credit,1.142
1/17/2025,2:45:00 PM CST,272,buy to open,SPY $564 put exp. 2/28/2025,252,1,252,debit,1.127
2/7/2025,2:45:00 PM CST,272,buy to close,SPY $587 put exp. 2/28/2025,326,1,326,debit,0.127
2/7/2025,2:45:00 PM CST,272,sell to close,SPY $564 put exp. 2/28/2025,101,1,101,credit,0.142
2/7/2025,2:45:00 PM CST,273,sell to open,SPY $589 put exp. 3/21/2025,650,1,650,credit,1.142
2/7/2025,2:45:00 PM CST,273,buy to open,SPY $567 put exp. 3/21/2025,303,1,303,debit,1.127
2/19/2025,2:45:00 PM CST,273,buy to close,SPY $589 put exp. 3/21/2025,266,1,266,debit,0.127
2/19/2025,2:45:00 PM CST,273,sell to close,SPY $567 put exp. 3/21/2025,119,1,119,credit,0.142
2/19/2025,2:45:00 PM CST,274,sell to open,SPY $600 put exp. 4/4/2025,581,1,581,credit,1.142
2/19/2025,2:45:00 PM CST,274,buy to open,SPY $579 put exp. 4/4/2025,287,1,287,debit,1.127
3/14/2025,2:45:00 PM CDT,274,buy to close,SPY $600 put exp. 4/4/2025,3928,1,3928,debit,0.127
3/14/2025,2:45:00 PM CDT,274,sell to close,SPY $579 put exp. 4/4/2025,2061,1,2061,credit,0.142
3/14/2025,2:45:00 PM CDT,275,sell to open,SPY $543 put exp. 4/30/2025,813,1,813,credit,1.142
3/14/2025,2:45:00 PM CDT,275,buy to open,SPY $520 put exp. 4/30/2025,407,1,407,debit,1.127
3/24/2025,2:45:00 PM CDT,275,buy to close,SPY $543 put exp. 4/30/2025,287,1,287,debit,0.127
3/24/2025,2:45:00 PM CDT,275,sell to close,SPY $520 put exp. 4/30/2025,120,1,120,credit,0.142
3/24/2025,2:45:00 PM CDT,276,sell to open,SPY $562 put exp. 5/2/2025,651,1,651,credit,1.142
3/24/2025,2:45:00 PM CDT,276,buy to open,SPY $541 put exp. 5/2/2025,293,1,293,debit,1.127
4/11/2025,2:45:00 PM CDT,276,buy to close,SPY $562 put exp. 5/2/2025,3090,1,3090,debit,0.127
4/11/2025,2:45:00 PM CDT,276,sell to close,SPY $541 put exp. 5/2/2025,1913,1,1913,credit,0.142
4/11/2025,2:45:00 PM CDT,277,sell to open,SPY $509 put exp. 5/23/2025,1287,1,1287,credit,1.142
4/11/2025,2:45:00 PM CDT,277,buy to open,SPY $465 put exp. 5/23/2025,580,1,580,debit,1.127
4/24/2025,2:45:00 PM CDT,277,buy to close,SPY $509 put exp. 5/23/2025,436,1,436,debit,0.127
4/24/2025,2:45:00 PM CDT,277,sell to close,SPY $465 put exp. 5/23/2025,124,1,124,credit,0.142
4/24/2025,2:45:00 PM CDT,278,sell to open,SPY $527 put exp. 6/6/2025,970,1,970,credit,1.142
4/24/2025,2:45:00 PM CDT,278,buy to open,SPY $500 put exp. 6/6/2025,479,1,479,debit,1.127
5/2/2025,2:45:00 PM CDT,278,buy to close,SPY $527 put exp. 6/6/2025,387,1,387,debit,0.127
5/2/2025,2:45:00 PM CDT,278,sell to close,SPY $500 put exp. 6/6/2025,177,1,177,credit,0.142
5/2/2025,2:45:00 PM CDT,279,sell to open,SPY $550 put exp. 6/13/2025,884,1,884,credit,1.142
5/2/2025,2:45:00 PM CDT,279,buy to open,SPY $520 put exp. 6/13/2025,391,1,391,debit,1.127
5/12/2025,2:45:00 PM CDT,279,buy to close,SPY $550 put exp. 6/13/2025,311,1,311,debit,0.127
5/12/2025,2:45:00 PM CDT,279,sell to close,SPY $520 put exp. 6/13/2025,110,1,110,credit,0.142
5/12/2025,2:45:00 PM CDT,280,sell to open,SPY $565 put exp. 6/27/2025,748,1,748,credit,1.142
5/12/2025,2:45:00 PM CDT,280,buy to open,SPY $540 put exp. 6/27/2025,359,1,359,debit,1.127
6/3/2025,2:45:00 PM CDT,280,buy to close,SPY $565 put exp. 6/27/2025,228,1,228,debit,0.127
6/3/2025,2:45:00 PM CDT,280,sell to close,SPY $540 put exp. 6/27/2025,90,1,90,credit,0.142
6/3/2025,2:45:00 PM CDT,281,sell to open,SPY $580 put exp. 7/18/2025,749,1,749,credit,1.142
6/3/2025,2:45:00 PM CDT,281,buy to open,SPY $553 put exp. 7/18/2025,352,1,352,debit,1.127
6/24/2025,2:45:00 PM CDT,281,buy to close,SPY $580 put exp. 7/18/2025,236,1,236,debit,0.127
6/24/2025,2:45:00 PM CDT,281,sell to close,SPY $553 put exp. 7/18/2025,94,1,94,credit,0.142
6/24/2025,2:45:00 PM CDT,282,sell to open,SPY $590 put exp. 8/15/2025,726,1,726,credit,1.142
6/24/2025,2:45:00 PM CDT,282,buy to open,SPY $567 put exp. 8/15/2025,405,1,405,debit,1.127
7/9/2025,2:45:00 PM CDT,282,buy to close,SPY $590 put exp. 8/15/2025,276,1,276,debit,0.127
7/9/2025,2:45:00 PM CDT,282,sell to close,SPY $567 put exp. 8/15/2025,131,1,131,credit,0.142
7/9/2025,2:45:00 PM CDT,283,sell to open,SPY $610 put exp. 8/22/2025,655,1,655,credit,1.142
7/9/2025,2:45:00 PM CDT,283,buy to open,SPY $585 put exp. 8/22/2025,301,1,301,debit,1.127
7/24/2025,2:45:00 PM CDT,283,buy to close,SPY $610 put exp. 8/22/2025,272,1,272,debit,0.127
7/24/2025,2:45:00 PM CDT,283,sell to close,SPY $585 put exp. 8/22/2025,108,1,108,credit,0.142
7/24/2025,2:45:00 PM CDT,284,sell to open,SPY $622 put exp. 9/5/2025,623,1,623,credit,1.142
7/24/2025,2:45:00 PM CDT,284,buy to open,SPY $619 put exp. 9/5/2025,565,1,565,debit,1.127
8/14/2025,2:45:00 PM CDT,284,buy to close,SPY $622 put exp. 9/5/2025,189,1,189,debit,0.127
8/14/2025,2:45:00 PM CDT,284,sell to close,SPY $619 put exp. 9/5/2025,165,1,165,credit,0.142
8/14/2025,2:45:00 PM CDT,285,sell to open,SPY $631 put exp. 9/30/2025,634,1,634,credit,1.142
8/14/2025,2:45:00 PM CDT,285,buy to open,SPY $608 put exp. 9/30/2025,334,1,334,debit,1.127
9/9/2025,2:45:00 PM CDT,285,buy to close,SPY $631 put exp. 9/30/2025,268,1,268,debit,0.127
9/9/2025,2:45:00 PM CDT,285,sell to close,SPY $608 put exp. 9/30/2025,103,1,103,credit,0.142
9/9/2025,2:45:00 PM CDT,286,sell to open,SPY $635 put exp. 10/24/2025,659,1,659,credit,1.142
9/9/2025,2:45:00 PM CDT,286,buy to open,SPY $605 put exp. 10/24/2025,287,1,287,debit,1.127
9/22/2025,2:45:00 PM CDT,286,buy to close,SPY $635 put exp. 10/24/2025,290,1,290,debit,0.127
9/22/2025,2:45:00 PM CDT,286,sell to close,SPY $605 put exp. 10/24/2025,120,1,120,credit,0.142
9/22/2025,2:45:00 PM CDT,287,sell to open,SPY $654 put exp. 10/31/2025,675,1,675,credit,1.142
9/22/2025,2:45:00 PM CDT,287,buy to open,SPY $628 put exp. 10/31/2025,315,1,315,debit,1.127
10/10/2025,2:45:00 PM CDT,287,buy to close,SPY $654 put exp. 10/31/2025,1004,1,1004,debit,0.127
10/10/2025,2:45:00 PM CDT,287,sell to close,SPY $628 put exp. 10/31/2025,432,1,432,credit,0.142
10/10/2025,2:45:00 PM CDT,288,sell to open,SPY $638 put exp. 11/21/2025,928,1,928,credit,1.142
10/10/2025,2:45:00 PM CDT,288,buy to open,SPY $600 put exp. 11/21/2025,398,1,398,debit,1.127
10/20/2025,2:45:00 PM CDT,288,buy to close,SPY $638 put exp. 11/21/2025,380,1,380,debit,0.127
10/20/2025,2:45:00 PM CDT,288,sell to close,SPY $600 put exp. 11/21/2025,151,1,151,credit,0.142
10/20/2025,2:45:00 PM CDT,289,sell to open,SPY $658 put exp. 11/28/2025,754,1,754,credit,1.142
10/20/2025,2:45:00 PM CDT,289,buy to open,SPY $629 put exp. 11/28/2025,359,1,359,debit,1.127
11/7/2025,2:45:00 PM CST,289,buy to close,SPY $658 put exp. 11/28/2025,608,1,608,debit,0.127
11/7/2025,2:45:00 PM CST,289,sell to close,SPY $629 put exp. 11/28/2025,200,1,200,credit,0.142
11/7/2025,2:45:00 PM CST,290,sell to open,SPY $652 put exp. 12/19/2025,895,1,895,credit,1.142
11/7/2025,2:45:00 PM CST,290,buy to open,SPY $622 put exp. 12/19/2025,428,1,428,debit,1.127
11/26/2025,2:45:00 PM CST,290,buy to close,SPY $652 put exp. 12/19/2025,302,1,302,debit,0.127
11/26/2025,2:45:00 PM CST,290,sell to close,SPY $622 put exp. 12/19/2025,115,1,115,credit,0.142
11/26/2025,2:45:00 PM CST,291,sell to open,SPY $664 put exp. 1/9/2026,757,1,757,credit,1.142
11/26/2025,2:45:00 PM CST,291,buy to open,SPY $660 put exp. 1/9/2026,678,1,678,debit,1.127
12/19/2025,2:45:00 PM CST,291,buy to close,SPY $664 put exp. 1/9/2026,292,1,292,debit,0.127
12/19/2025,2:45:00 PM CST,291,sell to close,SPY $660 put exp. 1/9/2026,240,1,240,credit,0.142
12/19/2025,2:45:00 PM CST,292,sell to open,SPY $668 put exp. 1/30/2026,702,1,702,credit,1.142
12/19/2025,2:45:00 PM CST,292,buy to open,SPY $641 put exp. 1/30/2026,314,1,314,debit,1.127
1/6/2026,2:45:00 PM CST,292,buy to close,SPY $668 put exp. 1/30/2026,242,1,242,debit,0.127
1/6/2026,2:45:00 PM CST,292,sell to close,SPY $641 put exp. 1/30/2026,81,1,81,credit,0.142
1/6/2026,2:45:00 PM CST,293,sell to open,SPY $679 put exp. 2/20/2026,701,1,701,credit,1.142
1/6/2026,2:45:00 PM CST,293,buy to open,SPY $654 put exp. 2/20/2026,331,1,331,debit,1.127
1/30/2026,2:45:00 PM CST,293,buy to close,SPY $679 put exp. 2/20/2026,518,1,518,debit,0.127
1/30/2026,2:45:00 PM CST,293,sell to close,SPY $654 put exp. 2/20/2026,196,1,196,credit,0.142
1/30/2026,2:45:00 PM CST,294,sell to open,SPY $676 put exp. 3/13/2026,820,1,820,credit,1.142
1/30/2026,2:45:00 PM CST,294,buy to open,SPY $645 put exp. 3/13/2026,378,1,378,debit,1.127
2/19/2026,2:45:00 PM CST,294,buy to close,SPY $676 put exp. 3/13/2026,870,1,870,debit,0.127
2/19/2026,2:45:00 PM CST,294,sell to close,SPY $645 put exp. 3/13/2026,329,1,329,credit,0.142
2/19/2026,2:45:00 PM CST,295,sell to open,SPY $661 put exp. 4/2/2026,910,1,910,credit,1.142
2/19/2026,2:45:00 PM CST,295,buy to open,SPY $620 put exp. 4/2/2026,372,1,372,debit,1.127
3/12/2026,2:45:00 PM CDT,295,buy to close,SPY $661 put exp. 4/2/2026,1280,1,1280,debit,0.127
3/12/2026,2:45:00 PM CDT,295,sell to close,SPY $620 put exp. 4/2/2026,419,1,419,credit,0.142
3/12/2026,2:45:00 PM CDT,296,sell to open,SPY $641 put exp. 4/24/2026,1135,1,1135,credit,1.142
3/12/2026,2:45:00 PM CDT,296,buy to open,SPY $600 put exp. 4/24/2026,513,1,513,debit,1.127
4/6/2026,2:45:00 PM CDT,296,buy to close,SPY $641 put exp. 4/24/2026,642,1,642,debit,0.127
4/6/2026,2:45:00 PM CDT,296,sell to close,SPY $600 put exp. 4/24/2026,164,1,164,credit,0.142
4/6/2026,2:45:00 PM CDT,297,sell to open,SPY $638 put exp. 5/22/2026,1136,1,1136,credit,1.142
4/6/2026,2:45:00 PM CDT,297,buy to open,SPY $600 put exp. 5/22/2026,509,1,509,debit,1.127
4/9/2026,2:45:00 PM CDT,297,buy to close,SPY $638 put exp. 5/22/2026,501,1,501,debit,0.127
4/9/2026,2:45:00 PM CDT,297,sell to close,SPY $600 put exp. 5/22/2026,216,1,216,credit,0.142
4/9/2026,2:45:00 PM CDT,298,sell to open,SPY $664 put exp. 5/22/2026,920,1,920,credit,1.142
4/9/2026,2:45:00 PM CDT,298,buy to open,SPY $630 put exp. 5/22/2026,417,1,417,debit,1.127
4/16/2026,2:45:00 PM CDT,298,buy to close,SPY $664 put exp. 5/22/2026,405,1,405,debit,0.127
4/16/2026,2:45:00 PM CDT,298,sell to close,SPY $630 put exp. 5/22/2026,173,1,173,credit,0.142
4/16/2026,2:45:00 PM CDT,299,sell to open,SPY $686 put exp. 5/29/2026,839,1,839,credit,1.142
4/16/2026,2:45:00 PM CDT,299,buy to open,SPY $656 put exp. 5/29/2026,395,1,395,debit,1.127
4/30/2026,2:45:00 PM CDT,299,buy to close,SPY $686 put exp. 5/29/2026,348,1,348,debit,0.127
4/30/2026,2:45:00 PM CDT,299,sell to close,SPY $656 put exp. 5/29/2026,143,1,143,credit,0.142
4/30/2026,2:45:00 PM CDT,300,sell to open,SPY $702 put exp. 6/12/2026,817,1,817,credit,1.142
4/30/2026,2:45:00 PM CDT,300,buy to open,SPY $697 put exp. 6/12/2026,717,1,717,debit,1.127
5/13/2026,2:45:00 PM CDT,300,buy to close,SPY $702 put exp. 6/12/2026,300,1,300,debit,0.127
5/13/2026,2:45:00 PM CDT,300,sell to close,SPY $697 put exp. 6/12/2026,258,1,258,credit,0.142
5/13/2026,2:45:00 PM CDT,301,sell to open,SPY $724 put exp. 6/26/2026,877,1,877,credit,1.142
5/13/2026,2:45:00 PM CDT,301,buy to open,SPY $690 put exp. 6/26/2026,382,1,382,debit,1.127
5/28/2026,2:45:00 PM CDT,301,buy to close,SPY $724 put exp. 6/26/2026,321,1,321,debit,0.127
5/28/2026,2:45:00 PM CDT,301,sell to close,SPY $690 put exp. 6/26/2026,112,1,112,credit,0.142
5/28/2026,2:45:00 PM CDT,302,sell to open,SPY $737.5 put exp. 7/10/2026,765,1,765,credit,1.142
5/28/2026,2:45:00 PM CDT,302,buy to open,SPY $735 put exp. 7/10/2026,711,1,711,debit,1.127
6/22/2026,2:45:00 PM CDT,302,buy to close,SPY $737.5 put exp. 7/10/2026,683,1,683,debit,0.127
6/22/2026,2:45:00 PM CDT,302,sell to close,SPY $735 put exp. 7/10/2026,613,1,613,credit,0.142
