Date,Total profit/loss,Net liquidity,Drawdown,ROI
1/2/2013,-3.27,4396.73,0,-0.07
1/3/2013,-9.27,4390.73,0.14,-0.21
1/4/2013,-0.27,4399.73,0,-0.01
1/5/2013,-0.27,4399.73,0,-0.01
1/6/2013,-0.27,4399.73,0,-0.01
1/7/2013,0.73,4400.73,0,0.02
1/8/2013,-1.27,4398.73,0.05,-0.03
1/9/2013,5.73,4405.73,0,0.13
1/10/2013,19.73,4419.73,0,0.45
1/11/2013,22.73,4422.73,0,0.52
1/12/2013,22.73,4422.73,0,0.52
1/13/2013,22.73,4422.73,0,0.52
1/14/2013,19.73,4419.73,0.07,0.45
1/15/2013,25.73,4425.73,0,0.58
1/16/2013,27.73,4427.73,0,0.63
1/17/2013,36.19,4436.19,0,0.82
1/18/2013,46.19,4446.19,0,1.05
1/19/2013,46.19,4446.19,0,1.05
1/20/2013,46.19,4446.19,0,1.05
1/21/2013,46.19,4446.19,0,1.05
1/22/2013,64.19,4464.19,0,1.46
1/23/2013,66.19,4466.19,0,1.5
1/24/2013,67.19,4467.19,0,1.53
1/25/2013,72.19,4472.19,0,1.64
1/26/2013,72.19,4472.19,0,1.64
1/27/2013,72.19,4472.19,0,1.64
1/28/2013,68.66,4468.66,0.08,1.56
1/29/2013,82.66,4482.66,0,1.88
1/30/2013,66.66,4466.66,0.36,1.52
1/31/2013,67.66,4467.66,0.33,1.54
2/1/2013,86.66,4486.66,0,1.97
2/2/2013,86.66,4486.66,0,1.97
2/3/2013,86.66,4486.66,0,1.97
2/4/2013,65.66,4465.66,0.47,1.49
2/5/2013,87.66,4487.66,0,1.99
2/6/2013,90.66,4490.66,0,2.06
2/7/2013,90.66,4490.66,0,2.06
2/8/2013,100.66,4500.66,0,2.29
2/9/2013,100.66,4500.66,0,2.29
2/10/2013,100.66,4500.66,0,2.29
2/11/2013,104.66,4504.66,0,2.38
2/12/2013,110.66,4510.66,0,2.51
2/13/2013,111.66,4511.66,0,2.54
2/14/2013,110.12,4510.12,0.03,2.5
2/15/2013,111.12,4511.12,0.01,2.53
2/16/2013,111.12,4511.12,0.01,2.53
2/17/2013,111.12,4511.12,0.01,2.53
2/18/2013,111.12,4511.12,0.01,2.53
2/19/2013,135.12,4535.12,0,3.07
2/20/2013,88.12,4488.12,1.04,2
2/21/2013,72.12,4472.12,1.39,1.64
2/22/2013,104.12,4504.12,0.68,2.37
2/23/2013,104.12,4504.12,0.68,2.37
2/24/2013,104.12,4504.12,0.68,2.37
2/25/2013,28.12,4428.12,2.36,0.64
2/26/2013,48.12,4448.12,1.92,1.09
2/27/2013,112.12,4512.12,0.51,2.55
2/28/2013,105.12,4505.12,0.66,2.39
3/1/2013,119.12,4519.12,0.35,2.71
3/2/2013,119.12,4519.12,0.35,2.71
3/3/2013,119.12,4519.12,0.35,2.71
3/4/2013,144.12,4544.12,0,3.28
3/5/2013,157.58,4557.58,0,3.58
3/6/2013,158.58,4558.58,0,3.6
3/7/2013,167.58,4567.58,0,3.81
3/8/2013,177.58,4577.58,0,4.04
3/9/2013,177.58,4577.58,0,4.04
3/10/2013,177.58,4577.58,0,4.04
3/11/2013,188.58,4588.58,0,4.29
3/12/2013,184.58,4584.58,0.09,4.2
3/13/2013,190.58,4590.58,0,4.33
3/14/2013,197.04,4597.04,0,4.48
3/15/2013,195.04,4595.04,0.04,4.43
3/16/2013,195.04,4595.04,0.04,4.43
3/17/2013,195.04,4595.04,0.04,4.43
3/18/2013,182.04,4582.04,0.33,4.14
3/19/2013,174.04,4574.04,0.5,3.96
3/20/2013,187.04,4587.04,0.22,4.25
3/21/2013,169.04,4569.04,0.61,3.84
3/22/2013,192.04,4592.04,0.11,4.36
3/23/2013,192.04,4592.04,0.11,4.36
3/24/2013,192.04,4592.04,0.11,4.36
3/25/2013,185.04,4585.04,0.26,4.21
3/26/2013,203.04,4603.04,0,4.61
3/27/2013,201.04,4601.04,0.04,4.57
3/28/2013,213.04,4613.04,0,4.84
3/29/2013,213.04,4613.04,0,4.84
3/30/2013,213.04,4613.04,0,4.84
3/31/2013,213.04,4613.04,0,4.84
4/1/2013,201.5,4601.5,0.25,4.58
4/2/2013,214.5,4614.5,0,4.88
4/3/2013,192.5,4592.5,0.48,4.38
4/4/2013,201.5,4601.5,0.28,4.58
4/5/2013,189.5,4589.5,0.54,4.31
4/6/2013,189.5,4589.5,0.54,4.31
4/7/2013,189.5,4589.5,0.54,4.31
4/8/2013,213.5,4613.5,0.02,4.85
4/9/2013,221.5,4621.5,0,5.03
4/10/2013,241.5,4641.5,0,5.49
4/11/2013,242.97,4642.97,0,5.52
4/12/2013,235.97,4635.97,0.15,5.36
4/13/2013,235.97,4635.97,0.15,5.36
4/14/2013,235.97,4635.97,0.15,5.36
4/15/2013,157.97,4557.97,1.83,3.59
4/16/2013,214.97,4614.97,0.6,4.89
4/17/2013,169.97,4569.97,1.57,3.86
4/18/2013,145.97,4545.97,2.09,3.32
4/19/2013,173.97,4573.97,1.49,3.95
4/20/2013,173.97,4573.97,1.49,3.95
4/21/2013,173.97,4573.97,1.49,3.95
4/22/2013,193.97,4593.97,1.06,4.41
4/23/2013,230.97,4630.97,0.26,5.25
4/24/2013,231.97,4631.97,0.24,5.27
4/25/2013,245.97,4645.97,0,5.59
4/26/2013,238.97,4638.97,0.15,5.43
4/27/2013,238.97,4638.97,0.15,5.43
4/28/2013,238.97,4638.97,0.15,5.43
4/29/2013,255.43,4655.43,0,5.81
4/30/2013,264.43,4664.43,0,6.01
5/1/2013,238.43,4638.43,0.56,5.42
5/2/2013,263.43,4663.43,0.02,5.99
5/3/2013,290.43,4690.43,0,6.6
5/4/2013,290.43,4690.43,0,6.6
5/5/2013,290.43,4690.43,0,6.6
5/6/2013,297.43,4697.43,0,6.76
5/7/2013,306.43,4706.43,0,6.96
5/8/2013,311.89,4711.89,0,7.09
5/9/2013,305.89,4705.89,0.13,6.95
5/10/2013,315.89,4715.89,0,7.18
5/11/2013,315.89,4715.89,0,7.18
5/12/2013,315.89,4715.89,0,7.18
5/13/2013,316.89,4716.89,0,7.2
5/14/2013,336.89,4736.89,0,7.66
5/15/2013,345.89,4745.89,0,7.86
5/16/2013,340.89,4740.89,0.11,7.75
5/17/2013,354.35,4754.35,0,8.05
5/18/2013,354.35,4754.35,0,8.05
5/19/2013,354.35,4754.35,0,8.05
5/20/2013,357.35,4757.35,0,8.12
5/21/2013,354.35,4754.35,0.06,8.05
5/22/2013,339.35,4739.35,0.38,7.71
5/23/2013,330.35,4730.35,0.57,7.51
5/24/2013,334.35,4734.35,0.48,7.6
5/25/2013,334.35,4734.35,0.48,7.6
5/26/2013,334.35,4734.35,0.48,7.6
5/27/2013,334.35,4734.35,0.48,7.6
5/28/2013,344.35,4744.35,0.27,7.83
5/29/2013,328.35,4728.35,0.61,7.46
5/30/2013,344.35,4744.35,0.27,7.83
5/31/2013,290.35,4690.35,1.41,6.6
6/1/2013,290.35,4690.35,1.41,6.6
6/2/2013,290.35,4690.35,1.41,6.6
6/3/2013,309.35,4709.35,1.01,7.03
6/4/2013,295.35,4695.35,1.3,6.71
6/5/2013,232.35,4632.35,2.63,5.28
6/6/2013,279.35,4679.35,1.64,6.35
6/7/2013,320.81,4720.81,0.77,7.29
6/8/2013,320.81,4720.81,0.77,7.29
6/9/2013,320.81,4720.81,0.77,7.29
6/10/2013,326.81,4726.81,0.64,7.43
6/11/2013,297.81,4697.81,1.25,6.77
6/12/2013,261.81,4661.81,2.01,5.95
6/13/2013,316.81,4716.81,0.85,7.2
6/14/2013,294.81,4694.81,1.31,6.7
6/15/2013,294.81,4694.81,1.31,6.7
6/16/2013,294.81,4694.81,1.31,6.7
6/17/2013,322.81,4722.81,0.73,7.34
6/18/2013,343.81,4743.81,0.28,7.81
6/19/2013,311.81,4711.81,0.96,7.09
6/20/2013,226.81,4626.81,2.74,5.15
6/21/2013,228.81,4628.81,2.7,5.2
6/22/2013,228.81,4628.81,2.7,5.2
6/23/2013,228.81,4628.81,2.7,5.2
6/24/2013,177.81,4577.81,3.77,4.04
6/25/2013,221.81,4621.81,2.85,5.04
6/26/2013,260.81,4660.81,2.03,5.93
6/27/2013,290.81,4690.81,1.4,6.61
6/28/2013,273.81,4673.81,1.76,6.22
6/29/2013,273.81,4673.81,1.76,6.22
6/30/2013,273.81,4673.81,1.76,6.22
7/1/2013,300.27,4700.27,1.2,6.82
7/2/2013,300.27,4700.27,1.2,6.82
7/3/2013,306.27,4706.27,1.07,6.96
7/4/2013,306.27,4706.27,1.07,6.96
7/5/2013,335.28,4735.28,0.46,7.62
7/6/2013,335.28,4735.28,0.46,7.62
7/7/2013,335.28,4735.28,0.46,7.62
7/8/2013,348.28,4748.28,0.19,7.92
7/9/2013,355.74,4755.74,0.03,8.09
7/10/2013,360.74,4760.74,0,8.2
7/11/2013,384.74,4784.74,0,8.74
7/12/2013,386.74,4786.74,0,8.79
7/13/2013,386.74,4786.74,0,8.79
7/14/2013,386.74,4786.74,0,8.79
7/15/2013,397.74,4797.74,0,9.04
7/16/2013,389.74,4789.74,0.17,8.86
7/17/2013,397.74,4797.74,0,9.04
7/18/2013,401.2,4801.2,0,9.12
7/19/2013,421.2,4821.2,0,9.57
7/20/2013,421.2,4821.2,0,9.57
7/21/2013,421.2,4821.2,0,9.57
7/22/2013,429.2,4829.2,0,9.75
7/23/2013,423.2,4823.2,0.12,9.62
7/24/2013,419.2,4819.2,0.21,9.53
7/25/2013,421.2,4821.2,0.17,9.57
7/26/2013,429.2,4829.2,0,9.75
7/27/2013,429.2,4829.2,0,9.75
7/28/2013,429.2,4829.2,0,9.75
7/29/2013,426.2,4826.2,0.06,9.69
7/30/2013,431.2,4831.2,0,9.8
7/31/2013,431.2,4831.2,0,9.8
8/1/2013,447.66,4847.66,0,10.17
8/2/2013,459.66,4859.66,0,10.45
8/3/2013,459.66,4859.66,0,10.45
8/4/2013,459.66,4859.66,0,10.45
8/5/2013,461.66,4861.66,0,10.49
8/6/2013,445.66,4845.66,0.33,10.13
8/7/2013,436.66,4836.66,0.51,9.92
8/8/2013,448.66,4848.66,0.27,10.2
8/9/2013,434.66,4834.66,0.56,9.88
8/10/2013,434.66,4834.66,0.56,9.88
8/11/2013,434.66,4834.66,0.56,9.88
8/12/2013,436.66,4836.66,0.51,9.92
8/13/2013,448.66,4848.66,0.27,10.2
8/14/2013,431.66,4831.66,0.62,9.81
8/15/2013,367.66,4767.66,1.93,8.36
8/16/2013,357.66,4757.66,2.14,8.13
8/17/2013,357.66,4757.66,2.14,8.13
8/18/2013,357.66,4757.66,2.14,8.13
8/19/2013,337.66,4737.66,2.55,7.67
8/20/2013,357.66,4757.66,2.14,8.13
8/21/2013,313.66,4713.66,3.04,7.13
8/22/2013,374.66,4774.66,1.79,8.52
8/23/2013,396.66,4796.66,1.34,9.02
8/24/2013,396.66,4796.66,1.34,9.02
8/25/2013,396.66,4796.66,1.34,9.02
8/26/2013,370.66,4770.66,1.87,8.42
8/27/2013,281.66,4681.66,3.7,6.4
8/28/2013,293.66,4693.66,3.46,6.67
8/29/2013,312.66,4712.66,3.06,7.11
8/30/2013,297.66,4697.66,3.37,6.77
8/31/2013,297.66,4697.66,3.37,6.77
9/1/2013,297.66,4697.66,3.37,6.77
9/2/2013,297.66,4697.66,3.37,6.77
9/3/2013,314.12,4714.12,3.03,7.14
9/4/2013,334.12,4734.12,2.62,7.59
9/5/2013,337.12,4737.12,2.56,7.66
9/6/2013,338.12,4738.12,2.54,7.68
9/7/2013,338.12,4738.12,2.54,7.68
9/8/2013,338.12,4738.12,2.54,7.68
9/9/2013,359.12,4759.12,2.11,8.16
9/10/2013,372.59,4772.59,1.83,8.47
9/11/2013,385.59,4785.59,1.56,8.76
9/12/2013,380.59,4780.59,1.67,8.65
9/13/2013,386.59,4786.59,1.54,8.79
9/14/2013,386.59,4786.59,1.54,8.79
9/15/2013,386.59,4786.59,1.54,8.79
9/16/2013,398.59,4798.59,1.3,9.06
9/17/2013,407.59,4807.59,1.11,9.26
9/18/2013,421.05,4821.05,0.84,9.57
9/19/2013,425.05,4825.05,0.75,9.66
9/20/2013,403.05,4803.05,1.21,9.16
9/21/2013,403.05,4803.05,1.21,9.16
9/22/2013,403.05,4803.05,1.21,9.16
9/23/2013,381.05,4781.05,1.66,8.66
9/24/2013,381.05,4781.05,1.66,8.66
9/25/2013,373.05,4773.05,1.82,8.48
9/26/2013,390.05,4790.05,1.47,8.86
9/27/2013,378.05,4778.05,1.72,8.59
9/28/2013,378.05,4778.05,1.72,8.59
9/29/2013,378.05,4778.05,1.72,8.59
9/30/2013,356.05,4756.05,2.17,8.09
10/1/2013,386.05,4786.05,1.56,8.77
10/2/2013,371.05,4771.05,1.86,8.43
10/3/2013,337.05,4737.05,2.56,7.66
10/4/2013,375.05,4775.05,1.78,8.52
10/5/2013,375.05,4775.05,1.78,8.52
10/6/2013,375.05,4775.05,1.78,8.52
10/7/2013,331.05,4731.05,2.69,7.52
10/8/2013,291.05,4691.05,3.51,6.61
10/9/2013,282.05,4682.05,3.69,6.41
10/10/2013,382.05,4782.05,1.64,8.68
10/11/2013,419.05,4819.05,0.88,9.52
10/12/2013,419.05,4819.05,0.88,9.52
10/13/2013,419.05,4819.05,0.88,9.52
10/14/2013,430.05,4830.05,0.65,9.77
10/15/2013,398.05,4798.05,1.31,9.05
10/16/2013,455.05,4855.05,0.14,10.34
10/17/2013,482.51,4882.51,0,10.97
10/18/2013,498.51,4898.51,0,11.33
10/19/2013,498.51,4898.51,0,11.33
10/20/2013,498.51,4898.51,0,11.33
10/21/2013,502.51,4902.51,0,11.42
10/22/2013,511.51,4911.51,0,11.63
10/23/2013,506.51,4906.51,0.1,11.51
10/24/2013,514.51,4914.51,0,11.69
10/25/2013,519.51,4919.51,0,11.81
10/26/2013,519.51,4919.51,0,11.81
10/27/2013,519.51,4919.51,0,11.81
10/28/2013,521.97,4921.97,0,11.86
10/29/2013,534.97,4934.97,0,12.16
10/30/2013,524.97,4924.97,0.2,11.93
10/31/2013,519.97,4919.97,0.3,11.82
11/1/2013,521.97,4921.97,0.26,11.86
11/2/2013,521.97,4921.97,0.26,11.86
11/3/2013,521.97,4921.97,0.26,11.86
11/4/2013,537.97,4937.97,0,12.23
11/5/2013,528.97,4928.97,0.18,12.02
11/6/2013,542.97,4942.97,0,12.34
11/7/2013,508.97,4908.97,0.69,11.57
11/8/2013,546.97,4946.97,0,12.43
11/9/2013,546.97,4946.97,0,12.43
11/10/2013,546.97,4946.97,0,12.43
11/11/2013,550.97,4950.97,0,12.52
11/12/2013,549.97,4949.97,0.02,12.5
11/13/2013,566.97,4966.97,0,12.89
11/14/2013,575.43,4975.43,0,13.08
11/15/2013,589.43,4989.43,0,13.4
11/16/2013,589.43,4989.43,0,13.4
11/17/2013,589.43,4989.43,0,13.4
11/18/2013,582.43,4982.43,0.14,13.24
11/19/2013,575.43,4975.43,0.28,13.08
11/20/2013,570.43,4970.43,0.38,12.96
11/21/2013,597.43,4997.43,0,13.58
11/22/2013,612.43,5012.43,0,13.92
11/23/2013,612.43,5012.43,0,13.92
11/24/2013,612.43,5012.43,0,13.92
11/25/2013,615.43,5015.43,0,13.99
11/26/2013,616.43,5016.43,0,14.01
11/27/2013,619.43,5019.43,0,14.08
11/28/2013,619.43,5019.43,0,14.08
11/29/2013,619.43,5019.43,0,14.08
11/30/2013,619.43,5019.43,0,14.08
12/1/2013,619.43,5019.43,0,14.08
12/2/2013,617.43,5017.43,0.04,14.03
12/3/2013,604.43,5004.43,0.3,13.74
12/4/2013,607.43,5007.43,0.24,13.81
12/5/2013,592.43,4992.43,0.54,13.46
12/6/2013,629.9,5029.9,0,14.32
12/7/2013,629.9,5029.9,0,14.32
12/8/2013,629.9,5029.9,0,14.32
12/9/2013,636.9,5036.9,0,14.48
12/10/2013,628.9,5028.9,0.16,14.29
12/11/2013,589.9,4989.9,0.93,13.41
12/12/2013,581.9,4981.9,1.09,13.23
12/13/2013,581.9,4981.9,1.09,13.23
12/14/2013,581.9,4981.9,1.09,13.23
12/15/2013,581.9,4981.9,1.09,13.23
12/16/2013,603.9,5003.9,0.66,13.72
12/17/2013,592.9,4992.9,0.87,13.48
12/18/2013,652.9,5052.9,0,14.84
12/19/2013,653.9,5053.9,0,14.86
12/20/2013,669.9,5069.9,0,15.23
12/21/2013,669.9,5069.9,0,15.23
12/22/2013,669.9,5069.9,0,15.23
12/23/2013,677.36,5077.36,0,15.39
12/24/2013,685.36,5085.36,0,15.58
12/25/2013,685.36,5085.36,0,15.58
12/26/2013,695.36,5095.36,0,15.8
12/27/2013,696.36,5096.36,0,15.83
12/28/2013,696.36,5096.36,0,15.83
12/29/2013,696.36,5096.36,0,15.83
12/30/2013,693.36,5093.36,0.06,15.76
12/31/2013,704.36,5104.36,0,16.01
1/1/2014,704.36,5104.36,0,16.01
1/2/2014,685.36,5085.36,0.37,15.58
1/3/2014,687.82,5087.82,0.32,15.63
1/4/2014,687.82,5087.82,0.32,15.63
1/5/2014,687.82,5087.82,0.32,15.63
1/6/2014,684.82,5084.82,0.38,15.56
1/7/2014,703.82,5103.82,0.01,16
1/8/2014,708.82,5108.82,0,16.11
1/9/2014,711.82,5111.82,0,16.18
1/10/2014,722.82,5122.82,0,16.43
1/11/2014,722.82,5122.82,0,16.43
1/12/2014,722.82,5122.82,0,16.43
1/13/2014,684.82,5084.82,0.74,15.56
1/14/2014,715.82,5115.82,0.14,16.27
1/15/2014,727.82,5127.82,0,16.54
1/16/2014,723.82,5123.82,0.08,16.45
1/17/2014,726.82,5126.82,0.02,16.52
1/18/2014,726.82,5126.82,0.02,16.52
1/19/2014,726.82,5126.82,0.02,16.52
1/20/2014,726.82,5126.82,0.02,16.52
1/21/2014,735.82,5135.82,0,16.72
1/22/2014,737.82,5137.82,0,16.77
1/23/2014,714.82,5114.82,0.45,16.25
1/24/2014,621.82,5021.82,2.26,14.13
1/25/2014,621.82,5021.82,2.26,14.13
1/26/2014,621.82,5021.82,2.26,14.13
1/27/2014,599.82,4999.82,2.69,13.63
1/28/2014,638.82,5038.82,1.93,14.52
1/29/2014,590.82,4990.82,2.86,13.43
1/30/2014,617.82,5017.82,2.34,14.04
1/31/2014,608.82,5008.82,2.51,13.84
2/1/2014,608.82,5008.82,2.51,13.84
2/2/2014,608.82,5008.82,2.51,13.84
2/3/2014,457.28,4857.28,5.46,10.39
2/4/2014,490.28,4890.28,4.82,11.14
2/5/2014,486.28,4886.28,4.9,11.05
2/6/2014,532.28,4932.28,4,12.1
2/7/2014,566.74,4966.74,3.33,12.88
2/8/2014,566.74,4966.74,3.33,12.88
2/9/2014,566.74,4966.74,3.33,12.88
2/10/2014,571.74,4971.74,3.23,12.99
2/11/2014,599.74,4999.74,2.69,13.63
2/12/2014,603.74,5003.74,2.61,13.72
2/13/2014,610.74,5010.74,2.47,13.88
2/14/2014,621.21,5021.21,2.27,14.12
2/15/2014,621.21,5021.21,2.27,14.12
2/16/2014,621.21,5021.21,2.27,14.12
2/17/2014,621.21,5021.21,2.27,14.12
2/18/2014,627.21,5027.21,2.15,14.25
2/19/2014,608.21,5008.21,2.52,13.82
2/20/2014,629.21,5029.21,2.11,14.3
2/21/2014,628.21,5028.21,2.13,14.28
2/22/2014,628.21,5028.21,2.13,14.28
2/23/2014,628.21,5028.21,2.13,14.28
2/24/2014,644.21,5044.21,1.82,14.64
2/25/2014,645.21,5045.21,1.8,14.66
2/26/2014,640.21,5040.21,1.9,14.55
2/27/2014,654.21,5054.21,1.63,14.87
2/28/2014,661.21,5061.21,1.49,15.03
3/1/2014,661.21,5061.21,1.49,15.03
3/2/2014,661.21,5061.21,1.49,15.03
3/3/2014,638.21,5038.21,1.94,14.5
3/4/2014,665.67,5065.67,1.4,15.13
3/5/2014,669.67,5069.67,1.33,15.22
3/6/2014,675.67,5075.67,1.21,15.36
3/7/2014,679.67,5079.67,1.13,15.45
3/8/2014,679.67,5079.67,1.13,15.45
3/9/2014,679.67,5079.67,1.13,15.45
3/10/2014,680.67,5080.67,1.11,15.47
3/11/2014,657.67,5057.67,1.56,14.95
3/12/2014,667.67,5067.67,1.37,15.17
3/13/2014,617.67,5017.67,2.34,14.04
3/14/2014,601.67,5001.67,2.65,13.67
3/15/2014,601.67,5001.67,2.65,13.67
3/16/2014,601.67,5001.67,2.65,13.67
3/17/2014,652.67,5052.67,1.66,14.83
3/18/2014,683.67,5083.67,1.05,15.54
3/19/2014,664.67,5064.67,1.42,15.11
3/20/2014,696.67,5096.67,0.8,15.83
3/21/2014,684.67,5084.67,1.03,15.56
3/22/2014,684.67,5084.67,1.03,15.56
3/23/2014,684.67,5084.67,1.03,15.56
3/24/2014,668.67,5068.67,1.35,15.2
3/25/2014,695.67,5095.67,0.82,15.81
3/26/2014,653.67,5053.67,1.64,14.86
3/27/2014,651.67,5051.67,1.68,14.81
3/28/2014,680.67,5080.67,1.11,15.47
3/29/2014,680.67,5080.67,1.11,15.47
3/30/2014,680.67,5080.67,1.11,15.47
3/31/2014,715.13,5115.13,0.44,16.25
4/1/2014,736.13,5136.13,0.03,16.73
4/2/2014,741.13,5141.13,0,16.84
4/3/2014,740.13,5140.13,0.02,16.82
4/4/2014,714.13,5114.13,0.53,16.23
4/5/2014,714.13,5114.13,0.53,16.23
4/6/2014,714.13,5114.13,0.53,16.23
4/7/2014,679.13,5079.13,1.21,15.43
4/8/2014,693.13,5093.13,0.93,15.75
4/9/2014,728.13,5128.13,0.25,16.55
4/10/2014,660.13,5060.13,1.58,15
4/11/2014,626.13,5026.13,2.24,14.23
4/12/2014,626.13,5026.13,2.24,14.23
4/13/2014,626.13,5026.13,2.24,14.23
4/14/2014,658.13,5058.13,1.61,14.96
4/15/2014,691.13,5091.13,0.97,15.71
4/16/2014,718.13,5118.13,0.45,16.32
4/17/2014,732.13,5132.13,0.18,16.64
4/18/2014,732.13,5132.13,0.18,16.64
4/19/2014,732.13,5132.13,0.18,16.64
4/20/2014,732.13,5132.13,0.18,16.64
4/21/2014,746.13,5146.13,0,16.96
4/22/2014,760.13,5160.13,0,17.28
4/23/2014,760.13,5160.13,0,17.28
4/24/2014,761.13,5161.13,0,17.3
4/25/2014,744.13,5144.13,0.33,16.91
4/26/2014,744.13,5144.13,0.33,16.91
4/27/2014,744.13,5144.13,0.33,16.91
4/28/2014,754.59,5154.59,0.13,17.15
4/29/2014,764.59,5164.59,0,17.38
4/30/2014,775.59,5175.59,0,17.63
5/1/2014,778.59,5178.59,0,17.7
5/2/2014,777.59,5177.59,0.02,17.67
5/3/2014,777.59,5177.59,0.02,17.67
5/4/2014,777.59,5177.59,0.02,17.67
5/5/2014,781.59,5181.59,0,17.76
5/6/2014,764.59,5164.59,0.33,17.38
5/7/2014,779.59,5179.59,0.04,17.72
5/8/2014,779.59,5179.59,0.04,17.72
5/9/2014,787.59,5187.59,0,17.9
5/10/2014,787.59,5187.59,0,17.9
5/11/2014,787.59,5187.59,0,17.9
5/12/2014,810.05,5210.05,0,18.41
5/13/2014,810.05,5210.05,0,18.41
5/14/2014,799.05,5199.05,0.21,18.16
5/15/2014,764.05,5164.05,0.88,17.36
5/16/2014,785.05,5185.05,0.48,17.84
5/17/2014,785.05,5185.05,0.48,17.84
5/18/2014,785.05,5185.05,0.48,17.84
5/19/2014,805.05,5205.05,0.1,18.3
5/20/2014,775.05,5175.05,0.67,17.61
5/21/2014,814.05,5214.05,0,18.5
5/22/2014,823.05,5223.05,0,18.71
5/23/2014,839.05,5239.05,0,19.07
5/24/2014,839.05,5239.05,0,19.07
5/25/2014,839.05,5239.05,0,19.07
5/26/2014,839.05,5239.05,0,19.07
5/27/2014,858.05,5258.05,0,19.5
5/28/2014,861.05,5261.05,0,19.57
5/29/2014,869.52,5269.52,0,19.76
5/30/2014,871.52,5271.52,0,19.81
5/31/2014,871.52,5271.52,0,19.81
6/1/2014,871.52,5271.52,0,19.81
6/2/2014,877.52,5277.52,0,19.94
6/3/2014,876.52,5276.52,0.02,19.92
6/4/2014,879.52,5279.52,0,19.99
6/5/2014,896.52,5296.52,0,20.38
6/6/2014,912.52,5312.52,0,20.74
6/7/2014,912.52,5312.52,0,20.74
6/8/2014,912.52,5312.52,0,20.74
6/9/2014,911.98,5311.98,0.01,20.73
6/10/2014,915.98,5315.98,0,20.82
6/11/2014,907.98,5307.98,0.15,20.64
6/12/2014,882.98,5282.98,0.62,20.07
6/13/2014,896.98,5296.98,0.36,20.39
6/14/2014,896.98,5296.98,0.36,20.39
6/15/2014,896.98,5296.98,0.36,20.39
6/16/2014,900.98,5300.98,0.28,20.48
6/17/2014,913.98,5313.98,0.04,20.77
6/18/2014,944.98,5344.98,0,21.48
6/19/2014,952.98,5352.98,0,21.66
6/20/2014,958.98,5358.98,0,21.8
6/21/2014,958.98,5358.98,0,21.8
6/22/2014,958.98,5358.98,0,21.8
6/23/2014,960.98,5360.98,0,21.84
6/24/2014,943.98,5343.98,0.32,21.45
6/25/2014,952.98,5352.98,0.15,21.66
6/26/2014,954.98,5354.98,0.11,21.7
6/27/2014,961.98,5361.98,0,21.86
6/28/2014,961.98,5361.98,0,21.86
6/29/2014,961.98,5361.98,0,21.86
6/30/2014,967.44,5367.4400000000005,0,21.99
7/1/2014,985.44,5385.4400000000005,0,22.4
7/2/2014,990.44,5390.4400000000005,0,22.51
7/3/2014,1005.44,5405.4400000000005,0,22.85
7/4/2014,1005.44,5405.4400000000005,0,22.85
7/5/2014,1005.44,5405.4400000000005,0,22.85
7/6/2014,1005.44,5405.4400000000005,0,22.85
7/7/2014,994.44,5394.4400000000005,0.2,22.6
7/8/2014,978.44,5378.4400000000005,0.5,22.24
7/9/2014,990.44,5390.4400000000005,0.28,22.51
7/10/2014,973.44,5373.4400000000005,0.59,22.12
7/11/2014,985.44,5385.4400000000005,0.37,22.4
7/12/2014,985.44,5385.4400000000005,0.37,22.4
7/13/2014,985.44,5385.4400000000005,0.37,22.4
7/14/2014,1002.44,5402.4400000000005,0.06,22.78
7/15/2014,997.44,5397.4400000000005,0.15,22.67
7/16/2014,1010.44,5410.4400000000005,0,22.96
7/17/2014,969.44,5369.4400000000005,0.76,22.03
7/18/2014,1009.44,5409.4400000000005,0.02,22.94
7/19/2014,1009.44,5409.4400000000005,0.02,22.94
7/20/2014,1009.44,5409.4400000000005,0.02,22.94
7/21/2014,1003.44,5403.4400000000005,0.13,22.81
7/22/2014,1014.44,5414.4400000000005,0,23.06
7/23/2014,1020.9,5420.9,0,23.2
7/24/2014,1021.9,5421.9,0,23.23
7/25/2014,1006.9,5406.9,0.28,22.88
7/26/2014,1006.9,5406.9,0.28,22.88
7/27/2014,1006.9,5406.9,0.28,22.88
7/28/2014,1012.9,5412.9,0.17,23.02
7/29/2014,994.9,5394.9,0.5,22.61
7/30/2014,999.9,5399.9,0.41,22.73
7/31/2014,912.9,5312.9,2.01,20.75
8/1/2014,891.9,5291.9,2.4,20.27
8/2/2014,891.9,5291.9,2.4,20.27
8/3/2014,891.9,5291.9,2.4,20.27
8/4/2014,927.9,5327.9,1.73,21.09
8/5/2014,870.9,5270.9,2.79,19.79
8/6/2014,876.9,5276.9,2.67,19.93
8/7/2014,839.9,5239.9,3.36,19.09
8/8/2014,899.36,5299.36,2.26,20.44
8/9/2014,899.36,5299.36,2.26,20.44
8/10/2014,899.36,5299.36,2.26,20.44
8/11/2014,919.36,5319.36,1.89,20.89
8/12/2014,920.36,5320.36,1.87,20.92
8/13/2014,947.36,5347.36,1.37,21.53
8/14/2014,957.83,5357.83,1.18,21.77
8/15/2014,958.83,5358.83,1.16,21.79
8/16/2014,958.83,5358.83,1.16,21.79
8/17/2014,958.83,5358.83,1.16,21.79
8/18/2014,988.83,5388.83,0.61,22.47
8/19/2014,1001.83,5401.83,0.37,22.77
8/20/2014,1008.83,5408.83,0.24,22.93
8/21/2014,1017.83,5417.83,0.08,23.13
8/22/2014,1016.29,5416.29,0.1,23.1
8/23/2014,1016.29,5416.29,0.1,23.1
8/24/2014,1016.29,5416.29,0.1,23.1
8/25/2014,1024.29,5424.29,0,23.28
8/26/2014,1029.29,5429.29,0,23.39
8/27/2014,1028.29,5428.29,0.02,23.37
8/28/2014,1028.29,5428.29,0.02,23.37
8/29/2014,1032.29,5432.29,0,23.46
8/30/2014,1032.29,5432.29,0,23.46
8/31/2014,1032.29,5432.29,0,23.46
9/1/2014,1032.29,5432.29,0,23.46
9/2/2014,1036.29,5436.29,0,23.55
9/3/2014,1036.29,5436.29,0,23.55
9/4/2014,1034.29,5434.29,0.04,23.51
9/5/2014,1050.29,5450.29,0,23.87
9/6/2014,1050.29,5450.29,0,23.87
9/7/2014,1050.29,5450.29,0,23.87
9/8/2014,1045.29,5445.29,0.09,23.76
9/9/2014,1032.29,5432.29,0.33,23.46
9/10/2014,1041.29,5441.29,0.17,23.67
9/11/2014,1045.29,5445.29,0.09,23.76
9/12/2014,1025.75,5425.75,0.45,23.31
9/13/2014,1025.75,5425.75,0.45,23.31
9/14/2014,1025.75,5425.75,0.45,23.31
9/15/2014,1023.75,5423.75,0.49,23.27
9/16/2014,1049.75,5449.75,0.01,23.86
9/17/2014,1054.75,5454.75,0,23.97
9/18/2014,1068.75,5468.75,0,24.29
9/19/2014,1071.75,5471.75,0,24.36
9/20/2014,1071.75,5471.75,0,24.36
9/21/2014,1071.75,5471.75,0,24.36
9/22/2014,1048.75,5448.75,0.42,23.84
9/23/2014,1026.75,5426.75,0.82,23.34
9/24/2014,1054.75,5454.75,0.31,23.97
9/25/2014,1008.75,5408.75,1.15,22.93
9/26/2014,1035.75,5435.75,0.66,23.54
9/27/2014,1035.75,5435.75,0.66,23.54
9/28/2014,1035.75,5435.75,0.66,23.54
9/29/2014,1025.75,5425.75,0.84,23.31
9/30/2014,1015.75,5415.75,1.02,23.09
10/1/2014,972.75,5372.75,1.81,22.11
10/2/2014,971.75,5371.75,1.83,22.09
10/3/2014,1017.21,5417.21,1,23.12
10/4/2014,1017.21,5417.21,1,23.12
10/5/2014,1017.21,5417.21,1,23.12
10/6/2014,1012.21,5412.21,1.09,23
10/7/2014,979.21,5379.21,1.69,22.25
10/8/2014,1021.21,5421.21,0.92,23.21
10/9/2014,972.21,5372.21,1.82,22.1
10/10/2014,896.21,5296.21,3.21,20.37
10/11/2014,896.21,5296.21,3.21,20.37
10/12/2014,896.21,5296.21,3.21,20.37
10/13/2014,881.21,5281.21,3.48,20.03
10/14/2014,922.21,5322.21,2.73,20.96
10/15/2014,871.21,5271.21,3.67,19.8
10/16/2014,852.21,5252.21,4.01,19.37
10/17/2014,904.21,5304.21,3.06,20.55
10/18/2014,904.21,5304.21,3.06,20.55
10/19/2014,904.21,5304.21,3.06,20.55
10/20/2014,942.21,5342.21,2.37,21.41
10/21/2014,996.21,5396.21,1.38,22.64
10/22/2014,978.21,5378.21,1.71,22.23
10/23/2014,1010.21,5410.21,1.12,22.96
10/24/2014,1027.67,5427.67,0.81,23.36
10/25/2014,1027.67,5427.67,0.81,23.36
10/26/2014,1027.67,5427.67,0.81,23.36
10/27/2014,1030.67,5430.67,0.75,23.42
10/28/2014,1061.67,5461.67,0.18,24.13
10/29/2014,1060.67,5460.67,0.2,24.11
10/30/2014,1073.67,5473.67,0,24.4
10/31/2014,1089.14,5489.14,0,24.75
11/1/2014,1089.14,5489.14,0,24.75
11/2/2014,1089.14,5489.14,0,24.75
11/3/2014,1088.14,5488.14,0.02,24.73
11/4/2014,1085.14,5485.14,0.07,24.66
11/5/2014,1104.14,5504.14,0,25.09
11/6/2014,1117.14,5517.14,0,25.39
11/7/2014,1124.14,5524.14,0,25.55
11/8/2014,1124.14,5524.14,0,25.55
11/9/2014,1124.14,5524.14,0,25.55
11/10/2014,1138.14,5538.14,0,25.87
11/11/2014,1136.6,5536.6,0.03,25.83
11/12/2014,1137.6,5537.6,0.01,25.85
11/13/2014,1139.6,5539.6,0,25.9
11/14/2014,1145.6,5545.6,0,26.04
11/15/2014,1145.6,5545.6,0,26.04
11/16/2014,1145.6,5545.6,0,26.04
11/17/2014,1147.6,5547.6,0,26.08
11/18/2014,1163.6,5563.6,0,26.45
11/19/2014,1161.6,5561.6,0.04,26.4
11/20/2014,1167.6,5567.6,0,26.54
11/21/2014,1181.6,5581.6,0,26.85
11/22/2014,1181.6,5581.6,0,26.85
11/23/2014,1181.6,5581.6,0,26.85
11/24/2014,1189.06,5589.0599999999995,0,27.02
11/25/2014,1188.06,5588.0599999999995,0.02,27
11/26/2014,1197.06,5597.0599999999995,0,27.21
11/27/2014,1197.06,5597.0599999999995,0,27.21
11/28/2014,1182.06,5582.0599999999995,0.27,26.87
11/29/2014,1182.06,5582.0599999999995,0.27,26.87
11/30/2014,1182.06,5582.0599999999995,0.27,26.87
12/1/2014,1157.06,5557.0599999999995,0.71,26.3
12/2/2014,1183.06,5583.0599999999995,0.25,26.89
12/3/2014,1205.06,5605.0599999999995,0,27.39
12/4/2014,1203.06,5603.0599999999995,0.04,27.34
12/5/2014,1209.06,5609.0599999999995,0,27.48
12/6/2014,1209.06,5609.0599999999995,0,27.48
12/7/2014,1209.06,5609.0599999999995,0,27.48
12/8/2014,1181.06,5581.0599999999995,0.5,26.84
12/9/2014,1182.06,5582.0599999999995,0.48,26.87
12/10/2014,1094.06,5494.0599999999995,2.05,24.87
12/11/2014,1113.06,5513.0599999999995,1.71,25.3
12/12/2014,1046.52,5446.52,2.9,23.78
12/13/2014,1046.52,5446.52,2.9,23.78
12/14/2014,1046.52,5446.52,2.9,23.78
12/15/2014,1033.52,5433.52,3.13,23.49
12/16/2014,933.52,5333.52,4.91,21.22
12/17/2014,1155.98,5555.98,0.95,26.27
12/18/2014,1216.98,5616.98,0,27.66
12/19/2014,1233.45,5633.45,0,28.03
12/20/2014,1233.45,5633.45,0,28.03
12/21/2014,1233.45,5633.45,0,28.03
12/22/2014,1249.45,5649.45,0,28.4
12/23/2014,1259.45,5659.45,0,28.62
12/24/2014,1258.45,5658.45,0.02,28.6
12/25/2014,1258.45,5658.45,0.02,28.6
12/26/2014,1269.45,5669.45,0,28.85
12/27/2014,1269.45,5669.45,0,28.85
12/28/2014,1269.45,5669.45,0,28.85
12/29/2014,1275.45,5675.45,0,28.99
12/30/2014,1265.45,5665.45,0.18,28.76
12/31/2014,1229.45,5629.45,0.81,27.94
1/1/2015,1229.45,5629.45,0.81,27.94
1/2/2015,1236.45,5636.45,0.69,28.1
1/3/2015,1236.45,5636.45,0.69,28.1
1/4/2015,1236.45,5636.45,0.69,28.1
1/5/2015,1163.45,5563.45,1.97,26.44
1/6/2015,1106.45,5506.45,2.98,25.15
1/7/2015,1171.45,5571.45,1.83,26.62
1/8/2015,1244.45,5644.45,0.55,28.28
1/9/2015,1218.91,5618.91,1,27.7
1/10/2015,1218.91,5618.91,1,27.7
1/11/2015,1218.91,5618.91,1,27.7
1/12/2015,1189.91,5589.91,1.51,27.04
1/13/2015,1171.91,5571.91,1.82,26.63
1/14/2015,1152.91,5552.91,2.16,26.2
1/15/2015,1109.91,5509.91,2.92,25.23
1/16/2015,1170.91,5570.91,1.84,26.61
1/17/2015,1170.91,5570.91,1.84,26.61
1/18/2015,1170.91,5570.91,1.84,26.61
1/19/2015,1170.91,5570.91,1.84,26.61
1/20/2015,1183.91,5583.91,1.61,26.91
1/21/2015,1211.91,5611.91,1.12,27.54
1/22/2015,1269.91,5669.91,0.1,28.86
1/23/2015,1257.91,5657.91,0.31,28.59
1/24/2015,1257.91,5657.91,0.31,28.59
1/25/2015,1257.91,5657.91,0.31,28.59
1/26/2015,1281.91,5681.91,0,29.13
1/27/2015,1231.91,5631.91,0.88,28
1/28/2015,1156.91,5556.91,2.2,26.29
1/29/2015,1203.91,5603.91,1.37,27.36
1/30/2015,1133.64,5533.64,2.61,25.76
1/31/2015,1133.64,5533.64,2.61,25.76
2/1/2015,1133.64,5533.64,2.61,25.76
2/2/2015,1129.37,5529.37,2.68,25.67
2/3/2015,1178.37,5578.37,1.82,26.78
2/4/2015,1163.37,5563.37,2.09,26.44
2/5/2015,1194.37,5594.37,1.54,27.14
2/6/2015,1181.37,5581.37,1.77,26.85
2/7/2015,1181.37,5581.37,1.77,26.85
2/8/2015,1181.37,5581.37,1.77,26.85
2/9/2015,1180.37,5580.37,1.79,26.83
2/10/2015,1211.37,5611.37,1.24,27.53
2/11/2015,1212.37,5612.37,1.22,27.55
2/12/2015,1239.83,5639.83,0.74,28.18
2/13/2015,1254.83,5654.83,0.48,28.52
2/14/2015,1254.83,5654.83,0.48,28.52
2/15/2015,1254.83,5654.83,0.48,28.52
2/16/2015,1254.83,5654.83,0.48,28.52
2/17/2015,1261.83,5661.83,0.35,28.68
2/18/2015,1263.83,5663.83,0.32,28.72
2/19/2015,1266.83,5666.83,0.27,28.79
2/20/2015,1288.83,5688.83,0,29.29
2/21/2015,1288.83,5688.83,0,29.29
2/22/2015,1288.83,5688.83,0,29.29
2/23/2015,1292.83,5692.83,0,29.38
2/24/2015,1309.83,5709.83,0,29.77
2/25/2015,1311.83,5711.83,0,29.81
2/26/2015,1308.83,5708.83,0.05,29.75
2/27/2015,1304.83,5704.83,0.12,29.66
2/28/2015,1304.83,5704.83,0.12,29.66
3/1/2015,1304.83,5704.83,0.12,29.66
3/2/2015,1324.29,5724.29,0,30.1
3/3/2015,1310.29,5710.29,0.24,29.78
3/4/2015,1294.29,5694.29,0.52,29.42
3/5/2015,1302.29,5702.29,0.38,29.6
3/6/2015,1234.29,5634.29,1.57,28.05
3/7/2015,1234.29,5634.29,1.57,28.05
3/8/2015,1234.29,5634.29,1.57,28.05
3/9/2015,1257.29,5657.29,1.17,28.57
3/10/2015,1166.29,5566.29,2.76,26.51
3/11/2015,1158.29,5558.29,2.9,26.32
3/12/2015,1221.29,5621.29,1.8,27.76
3/13/2015,1181.29,5581.29,2.5,26.85
3/14/2015,1181.29,5581.29,2.5,26.85
3/15/2015,1181.29,5581.29,2.5,26.85
3/16/2015,1249.29,5649.29,1.31,28.39
3/17/2015,1247.29,5647.29,1.35,28.35
3/18/2015,1310.29,5710.29,0.24,29.78
3/19/2015,1297.29,5697.29,0.47,29.48
3/20/2015,1341.29,5741.29,0,30.48
3/21/2015,1341.29,5741.29,0,30.48
3/22/2015,1341.29,5741.29,0,30.48
3/23/2015,1334.29,5734.29,0.12,30.32
3/24/2015,1313.29,5713.29,0.49,29.85
3/25/2015,1226.29,5626.29,2,27.87
3/26/2015,1210.29,5610.29,2.28,27.51
3/27/2015,1219.76,5619.76,2.12,27.72
3/28/2015,1219.76,5619.76,2.12,27.72
3/29/2015,1219.76,5619.76,2.12,27.72
3/30/2015,1257.76,5657.76,1.45,28.59
3/31/2015,1234.76,5634.76,1.86,28.06
4/1/2015,1221.76,5621.76,2.08,27.77
4/2/2015,1241.76,5641.76,1.73,28.22
4/3/2015,1241.76,5641.76,1.73,28.22
4/4/2015,1241.76,5641.76,1.73,28.22
4/5/2015,1241.76,5641.76,1.73,28.22
4/6/2015,1260.76,5660.76,1.4,28.65
4/7/2015,1257.76,5657.76,1.45,28.59
4/8/2015,1272.76,5672.76,1.19,28.93
4/9/2015,1281.22,5681.22,1.05,29.12
4/10/2015,1302.22,5702.22,0.68,29.6
4/11/2015,1302.22,5702.22,0.68,29.6
4/12/2015,1302.22,5702.22,0.68,29.6
4/13/2015,1285.22,5685.22,0.98,29.21
4/14/2015,1290.22,5690.22,0.89,29.32
4/15/2015,1313.22,5713.22,0.49,29.85
4/16/2015,1316.22,5716.22,0.44,29.91
4/17/2015,1275.22,5675.22,1.15,28.98
4/18/2015,1275.22,5675.22,1.15,28.98
4/19/2015,1275.22,5675.22,1.15,28.98
4/20/2015,1316.22,5716.22,0.44,29.91
4/21/2015,1312.22,5712.22,0.51,29.82
4/22/2015,1332.22,5732.22,0.16,30.28
4/23/2015,1341.22,5741.22,0,30.48
4/24/2015,1344.68,5744.68,0,30.56
4/25/2015,1344.68,5744.68,0,30.56
4/26/2015,1344.68,5744.68,0,30.56
4/27/2015,1327.68,5727.68,0.3,30.17
4/28/2015,1340.68,5740.68,0.07,30.47
4/29/2015,1330.68,5730.68,0.24,30.24
4/30/2015,1286.68,5686.68,1.01,29.24
5/1/2015,1332.68,5732.68,0.21,30.29
5/2/2015,1332.68,5732.68,0.21,30.29
5/3/2015,1332.68,5732.68,0.21,30.29
5/4/2015,1348.68,5748.68,0,30.65
5/5/2015,1298.68,5698.68,0.87,29.52
5/6/2015,1274.68,5674.68,1.29,28.97
5/7/2015,1299.68,5699.68,0.85,29.54
5/8/2015,1357.68,5757.68,0,30.86
5/9/2015,1357.68,5757.68,0,30.86
5/10/2015,1357.68,5757.68,0,30.86
5/11/2015,1342.68,5742.68,0.26,30.52
5/12/2015,1340.68,5740.68,0.3,30.47
5/13/2015,1338.68,5738.68,0.33,30.42
5/14/2015,1379.68,5779.68,0,31.36
5/15/2015,1387.14,5787.14,0,31.53
5/16/2015,1387.14,5787.14,0,31.53
5/17/2015,1387.14,5787.14,0,31.53
5/18/2015,1399.14,5799.14,0,31.8
5/19/2015,1397.14,5797.14,0.03,31.75
5/20/2015,1400.14,5800.14,0,31.82
5/21/2015,1409.14,5809.14,0,32.03
5/22/2015,1406.14,5806.14,0.05,31.96
5/23/2015,1406.14,5806.14,0.05,31.96
5/24/2015,1406.14,5806.14,0.05,31.96
5/25/2015,1406.14,5806.14,0.05,31.96
5/26/2015,1369.14,5769.14,0.69,31.12
5/27/2015,1407.14,5807.14,0.03,31.98
5/28/2015,1405.14,5805.14,0.07,31.94
5/29/2015,1383.14,5783.14,0.45,31.44
5/30/2015,1383.14,5783.14,0.45,31.44
5/31/2015,1383.14,5783.14,0.45,31.44
6/1/2015,1388.14,5788.14,0.36,31.55
6/2/2015,1384.14,5784.14,0.43,31.46
6/3/2015,1399.14,5799.14,0.17,31.8
6/4/2015,1355.14,5755.14,0.93,30.8
6/5/2015,1359.14,5759.14,0.86,30.89
6/6/2015,1359.14,5759.14,0.86,30.89
6/7/2015,1359.14,5759.14,0.86,30.89
6/8/2015,1329.14,5729.14,1.38,30.21
6/9/2015,1329.6,5729.6,1.37,30.22
6/10/2015,1369.6,5769.6,0.68,31.13
6/11/2015,1376.6,5776.6,0.56,31.29
6/12/2015,1360.6,5760.6,0.84,30.92
6/13/2015,1360.6,5760.6,0.84,30.92
6/14/2015,1360.6,5760.6,0.84,30.92
6/15/2015,1342.6,5742.6,1.15,30.51
6/16/2015,1360.6,5760.6,0.84,30.92
6/17/2015,1368.6,5768.6,0.7,31.1
6/18/2015,1394.07,5794.07,0.26,31.68
6/19/2015,1384.07,5784.07,0.43,31.46
6/20/2015,1384.07,5784.07,0.43,31.46
6/21/2015,1384.07,5784.07,0.43,31.46
6/22/2015,1407.07,5807.07,0.04,31.98
6/23/2015,1413.07,5813.07,0,32.12
6/24/2015,1392.07,5792.07,0.36,31.64
6/25/2015,1378.07,5778.07,0.6,31.32
6/26/2015,1378.07,5778.07,0.6,31.32
6/27/2015,1378.07,5778.07,0.6,31.32
6/28/2015,1378.07,5778.07,0.6,31.32
6/29/2015,1291.07,5691.07,2.1,29.34
6/30/2015,1309.07,5709.07,1.79,29.75
7/1/2015,1330.07,5730.07,1.43,30.23
7/2/2015,1332.07,5732.07,1.39,30.27
7/3/2015,1332.07,5732.07,1.39,30.27
7/4/2015,1332.07,5732.07,1.39,30.27
7/5/2015,1332.07,5732.07,1.39,30.27
7/6/2015,1309.07,5709.07,1.79,29.75
7/7/2015,1336.07,5736.07,1.32,30.37
7/8/2015,1264.07,5664.07,2.56,28.73
7/9/2015,1282.07,5682.07,2.25,29.14
7/10/2015,1334.53,5734.53,1.35,30.33
7/11/2015,1334.53,5734.53,1.35,30.33
7/12/2015,1334.53,5734.53,1.35,30.33
7/13/2015,1379.53,5779.53,0.58,31.35
7/14/2015,1393.53,5793.53,0.34,31.67
7/15/2015,1393.53,5793.53,0.34,31.67
7/16/2015,1414.99,5814.99,0,32.16
7/17/2015,1425.99,5825.99,0,32.41
7/18/2015,1425.99,5825.99,0,32.41
7/19/2015,1425.99,5825.99,0,32.41
7/20/2015,1427.99,5827.99,0,32.45
7/21/2015,1418.99,5818.99,0.15,32.25
7/22/2015,1411.99,5811.99,0.27,32.09
7/23/2015,1386.99,5786.99,0.7,31.52
7/24/2015,1343.99,5743.99,1.44,30.55
7/25/2015,1343.99,5743.99,1.44,30.55
7/26/2015,1343.99,5743.99,1.44,30.55
7/27/2015,1298.99,5698.99,2.21,29.52
7/28/2015,1375.99,5775.99,0.89,31.27
7/29/2015,1413.99,5813.99,0.24,32.14
7/30/2015,1421.99,5821.99,0.1,32.32
7/31/2015,1408.99,5808.99,0.33,32.02
8/1/2015,1408.99,5808.99,0.33,32.02
8/2/2015,1408.99,5808.99,0.33,32.02
8/3/2015,1399.99,5799.99,0.48,31.82
8/4/2015,1387.99,5787.99,0.69,31.55
8/5/2015,1411.99,5811.99,0.27,32.09
8/6/2015,1373.99,5773.99,0.93,31.23
8/7/2015,1353.45,5753.45,1.28,30.76
8/8/2015,1353.45,5753.45,1.28,30.76
8/9/2015,1353.45,5753.45,1.28,30.76
8/10/2015,1391.45,5791.45,0.63,31.62
8/11/2015,1366.45,5766.45,1.06,31.06
8/12/2015,1367.45,5767.45,1.04,31.08
8/13/2015,1370.45,5770.45,0.99,31.15
8/14/2015,1380.45,5780.45,0.82,31.37
8/15/2015,1380.45,5780.45,0.82,31.37
8/16/2015,1380.45,5780.45,0.82,31.37
8/17/2015,1396.45,5796.45,0.54,31.74
8/18/2015,1391.45,5791.45,0.63,31.62
8/19/2015,1363.45,5763.45,1.11,30.99
8/20/2015,1297.45,5697.45,2.24,29.49
8/21/2015,1192.45,5592.45,4.04,27.1
8/22/2015,1192.45,5592.45,4.04,27.1
8/23/2015,1192.45,5592.45,4.04,27.1
8/24/2015,1085.45,5485.45,5.88,24.67
8/25/2015,1013.45,5413.45,7.11,23.03
8/26/2015,1095.45,5495.45,5.71,24.9
8/27/2015,1198.45,5598.45,3.94,27.24
8/28/2015,1200.91,5600.91,3.9,27.29
8/29/2015,1200.91,5600.91,3.9,27.29
8/30/2015,1200.91,5600.91,3.9,27.29
8/31/2015,1187.91,5587.91,4.12,27
9/1/2015,1074.91,5474.91,6.06,24.43
9/2/2015,1137.91,5537.91,4.98,25.86
9/3/2015,1160.91,5560.91,4.58,26.38
9/4/2015,1113.91,5513.91,5.39,25.32
9/5/2015,1113.91,5513.91,5.39,25.32
9/6/2015,1113.91,5513.91,5.39,25.32
9/7/2015,1113.91,5513.91,5.39,25.32
9/8/2015,1200.91,5600.91,3.9,27.29
9/9/2015,1145.91,5545.91,4.84,26.04
9/10/2015,1172.91,5572.91,4.38,26.66
9/11/2015,1190.91,5590.91,4.07,27.07
9/12/2015,1190.91,5590.91,4.07,27.07
9/13/2015,1190.91,5590.91,4.07,27.07
9/14/2015,1179.91,5579.91,4.26,26.82
9/15/2015,1242.91,5642.91,3.18,28.25
9/16/2015,1273.91,5673.91,2.64,28.95
9/17/2015,1274.91,5674.91,2.63,28.98
9/18/2015,1217.38,5617.38,3.61,27.67
9/19/2015,1217.38,5617.38,3.61,27.67
9/20/2015,1217.38,5617.38,3.61,27.67
9/21/2015,1244.38,5644.38,3.15,28.28
9/22/2015,1175.38,5575.38,4.33,26.71
9/23/2015,1201.38,5601.38,3.89,27.3
9/24/2015,1180.38,5580.38,4.25,26.83
9/25/2015,1184.38,5584.38,4.18,26.92
9/26/2015,1184.38,5584.38,4.18,26.92
9/27/2015,1184.38,5584.38,4.18,26.92
9/28/2015,1076.38,5476.38,6.03,24.46
9/29/2015,1071.38,5471.38,6.12,24.35
9/30/2015,1160.38,5560.38,4.59,26.37
10/1/2015,1129.38,5529.38,5.12,25.67
10/2/2015,1231.38,5631.38,3.37,27.99
10/3/2015,1231.38,5631.38,3.37,27.99
10/4/2015,1231.38,5631.38,3.37,27.99
10/5/2015,1309.38,5709.38,2.04,29.76
10/6/2015,1311.38,5711.38,2,29.8
10/7/2015,1331.84,5731.84,1.65,30.27
10/8/2015,1363.84,5763.84,1.1,31
10/9/2015,1367.84,5767.84,1.03,31.09
10/10/2015,1367.84,5767.84,1.03,31.09
10/11/2015,1367.84,5767.84,1.03,31.09
10/12/2015,1382.84,5782.84,0.77,31.43
10/13/2015,1364.84,5764.84,1.08,31.02
10/14/2015,1350.84,5750.84,1.32,30.7
10/15/2015,1397.84,5797.84,0.52,31.77
10/16/2015,1408.3,5808.3,0.34,32.01
10/17/2015,1408.3,5808.3,0.34,32.01
10/18/2015,1408.3,5808.3,0.34,32.01
10/19/2015,1415.3,5815.3,0.22,32.17
10/20/2015,1405.3,5805.3,0.39,31.94
10/21/2015,1383.3,5783.3,0.77,31.44
10/22/2015,1441.3,5841.3,0,32.76
10/23/2015,1471.3,5871.3,0,33.44
10/24/2015,1471.3,5871.3,0,33.44
10/25/2015,1471.3,5871.3,0,33.44
10/26/2015,1466.3,5866.3,0.09,33.32
10/27/2015,1461.3,5861.3,0.17,33.21
10/28/2015,1485.03,5885.03,0,33.75
10/29/2015,1481.76,5881.76,0.06,33.68
10/30/2015,1477.76,5877.76,0.12,33.59
10/31/2015,1477.76,5877.76,0.12,33.59
11/1/2015,1477.76,5877.76,0.12,33.59
11/2/2015,1509.76,5909.76,0,34.31
11/3/2015,1521.76,5921.76,0,34.59
11/4/2015,1501.76,5901.76,0.34,34.13
11/5/2015,1507.76,5907.76,0.24,34.27
11/6/2015,1510.76,5910.76,0.19,34.34
11/7/2015,1510.76,5910.76,0.19,34.34
11/8/2015,1510.76,5910.76,0.19,34.34
11/9/2015,1479.76,5879.76,0.71,33.63
11/10/2015,1488.76,5888.76,0.56,33.84
11/11/2015,1496.76,5896.76,0.42,34.02
11/12/2015,1427.76,5827.76,1.59,32.45
11/13/2015,1371.76,5771.76,2.53,31.18
11/14/2015,1371.76,5771.76,2.53,31.18
11/15/2015,1371.76,5771.76,2.53,31.18
11/16/2015,1441.76,5841.76,1.35,32.77
11/17/2015,1443.76,5843.76,1.32,32.81
11/18/2015,1509.76,5909.76,0.2,34.31
11/19/2015,1506.76,5906.76,0.25,34.24
11/20/2015,1518.22,5918.22,0.06,34.51
11/21/2015,1518.22,5918.22,0.06,34.51
11/22/2015,1518.22,5918.22,0.06,34.51
11/23/2015,1522.22,5922.22,0,34.6
11/24/2015,1523.22,5923.22,0,34.62
11/25/2015,1528.22,5928.22,0,34.73
11/26/2015,1528.22,5928.22,0,34.73
11/27/2015,1530.22,5930.22,0,34.78
11/28/2015,1530.22,5930.22,0,34.78
11/29/2015,1530.22,5930.22,0,34.78
11/30/2015,1523.22,5923.22,0.12,34.62
12/1/2015,1549.22,5949.22,0,35.21
12/2/2015,1521.22,5921.22,0.47,34.57
12/3/2015,1475.22,5875.22,1.24,33.53
12/4/2015,1541.22,5941.22,0.13,35.03
12/5/2015,1541.22,5941.22,0.13,35.03
12/6/2015,1541.22,5941.22,0.13,35.03
12/7/2015,1535.22,5935.22,0.24,34.89
12/8/2015,1509.22,5909.22,0.67,34.3
12/9/2015,1474.22,5874.22,1.26,33.51
12/10/2015,1477.69,5877.6900000000005,1.2,33.58
12/11/2015,1419.69,5819.6900000000005,2.18,32.27
12/12/2015,1419.69,5819.6900000000005,2.18,32.27
12/13/2015,1419.69,5819.6900000000005,2.18,32.27
12/14/2015,1433.69,5833.6900000000005,1.94,32.58
12/15/2015,1472.69,5872.6900000000005,1.29,33.47
12/16/2015,1516.69,5916.6900000000005,0.55,34.47
12/17/2015,1483.69,5883.6900000000005,1.1,33.72
12/18/2015,1431.69,5831.6900000000005,1.98,32.54
12/19/2015,1431.69,5831.6900000000005,1.98,32.54
12/20/2015,1431.69,5831.6900000000005,1.98,32.54
12/21/2015,1448.69,5848.6900000000005,1.69,32.92
12/22/2015,1488.69,5888.6900000000005,1.02,33.83
12/23/2015,1529.69,5929.6900000000005,0.33,34.77
12/24/2015,1527.69,5927.6900000000005,0.36,34.72
12/25/2015,1527.69,5927.6900000000005,0.36,34.72
12/26/2015,1527.69,5927.6900000000005,0.36,34.72
12/27/2015,1527.69,5927.6900000000005,0.36,34.72
12/28/2015,1527.69,5927.6900000000005,0.36,34.72
12/29/2015,1549.15,5949.15,0,35.21
12/30/2015,1531.15,5931.15,0.3,34.8
12/31/2015,1509.15,5909.15,0.67,34.3
1/1/2016,1509.15,5909.15,0.67,34.3
1/2/2016,1509.15,5909.15,0.67,34.3
1/3/2016,1509.15,5909.15,0.67,34.3
1/4/2016,1435.15,5835.15,1.92,32.62
1/5/2016,1450.15,5850.15,1.67,32.96
1/6/2016,1385.15,5785.15,2.76,31.48
1/7/2016,1295.15,5695.15,4.27,29.44
1/8/2016,1222.15,5622.15,5.5,27.78
1/9/2016,1222.15,5622.15,5.5,27.78
1/10/2016,1222.15,5622.15,5.5,27.78
1/11/2016,1221.15,5621.15,5.51,27.75
1/12/2016,1256.15,5656.15,4.93,28.55
1/13/2016,1124.15,5524.15,7.14,25.55
1/14/2016,1206.15,5606.15,5.77,27.41
1/15/2016,1092.15,5492.15,7.68,24.82
1/16/2016,1092.15,5492.15,7.68,24.82
1/17/2016,1092.15,5492.15,7.68,24.82
1/18/2016,1092.15,5492.15,7.68,24.82
1/19/2016,1085.15,5485.15,7.8,24.66
1/20/2016,1027.15,5427.15,8.78,23.34
1/21/2016,1049.15,5449.15,8.41,23.84
1/22/2016,1110.15,5510.15,7.38,25.23
1/23/2016,1110.15,5510.15,7.38,25.23
1/24/2016,1110.15,5510.15,7.38,25.23
1/25/2016,1026.15,5426.15,8.79,23.32
1/26/2016,1087.15,5487.15,7.77,24.71
1/27/2016,1032.15,5432.15,8.69,23.46
1/28/2016,1052.15,5452.15,8.36,23.91
1/29/2016,1182.61,5582.61,6.16,26.88
1/30/2016,1182.61,5582.61,6.16,26.88
1/31/2016,1182.61,5582.61,6.16,26.88
2/1/2016,1194.61,5594.61,5.96,27.15
2/2/2016,1128.61,5528.61,7.07,25.65
2/3/2016,1146.61,5546.61,6.77,26.06
2/4/2016,1148.61,5548.61,6.73,26.1
2/5/2016,1075.61,5475.61,7.96,24.45
2/6/2016,1075.61,5475.61,7.96,24.45
2/7/2016,1075.61,5475.61,7.96,24.45
2/8/2016,1026.61,5426.61,8.78,23.33
2/9/2016,1027.61,5427.61,8.77,23.35
2/10/2016,1027.61,5427.61,8.77,23.35
2/11/2016,988.61,5388.61,9.42,22.47
2/12/2016,1062.61,5462.61,8.18,24.15
2/13/2016,1062.61,5462.61,8.18,24.15
2/14/2016,1062.61,5462.61,8.18,24.15
2/15/2016,1062.61,5462.61,8.18,24.15
2/16/2016,1137.61,5537.61,6.92,25.85
2/17/2016,1205.61,5605.61,5.78,27.4
2/18/2016,1199.61,5599.61,5.88,27.26
2/19/2016,1207.07,5607.07,5.75,27.43
2/20/2016,1207.07,5607.07,5.75,27.43
2/21/2016,1207.07,5607.07,5.75,27.43
2/22/2016,1255.07,5655.07,4.94,28.52
2/23/2016,1220.07,5620.07,5.53,27.73
2/24/2016,1226.07,5626.07,5.43,27.87
2/25/2016,1262.07,5662.07,4.83,28.68
2/26/2016,1263.07,5663.07,4.81,28.71
2/27/2016,1263.07,5663.07,4.81,28.71
2/28/2016,1263.07,5663.07,4.81,28.71
2/29/2016,1252.07,5652.07,4.99,28.46
3/1/2016,1300.53,5700.53,4.18,29.56
3/2/2016,1320.53,5720.53,3.84,30.01
3/3/2016,1334.53,5734.53,3.61,30.33
3/4/2016,1343.53,5743.53,3.46,30.53
3/5/2016,1343.53,5743.53,3.46,30.53
3/6/2016,1343.53,5743.53,3.46,30.53
3/7/2016,1343.53,5743.53,3.46,30.53
3/8/2016,1312.53,5712.53,3.98,29.83
3/9/2016,1326.53,5726.53,3.74,30.15
3/10/2016,1331.53,5731.53,3.66,30.26
3/11/2016,1380.53,5780.53,2.84,31.38
3/12/2016,1380.53,5780.53,2.84,31.38
3/13/2016,1380.53,5780.53,2.84,31.38
3/14/2016,1382,5782,2.81,31.41
3/15/2016,1374,5774,2.95,31.23
3/16/2016,1401,5801,2.49,31.84
3/17/2016,1425,5825,2.09,32.39
3/18/2016,1441,5841,1.82,32.75
3/19/2016,1441,5841,1.82,32.75
3/20/2016,1441,5841,1.82,32.75
3/21/2016,1451,5851,1.65,32.98
3/22/2016,1450,5850,1.67,32.95
3/23/2016,1435,5835,1.92,32.61
3/24/2016,1432,5832,1.97,32.55
3/25/2016,1432,5832,1.97,32.55
3/26/2016,1432,5832,1.97,32.55
3/27/2016,1432,5832,1.97,32.55
3/28/2016,1440,5840,1.84,32.73
3/29/2016,1469.46,5869.46,1.34,33.4
3/30/2016,1486.46,5886.46,1.05,33.78
3/31/2016,1482.46,5882.46,1.12,33.69
4/1/2016,1499.46,5899.46,0.84,34.08
4/2/2016,1499.46,5899.46,0.84,34.08
4/3/2016,1499.46,5899.46,0.84,34.08
4/4/2016,1487.46,5887.46,1.04,33.81
4/5/2016,1456.46,5856.46,1.56,33.1
4/6/2016,1493.46,5893.46,0.94,33.94
4/7/2016,1454.46,5854.46,1.59,33.06
4/8/2016,1464.46,5864.46,1.42,33.28
4/9/2016,1464.46,5864.46,1.42,33.28
4/10/2016,1464.46,5864.46,1.42,33.28
4/11/2016,1466.46,5866.46,1.39,33.33
4/12/2016,1493.46,5893.46,0.94,33.94
4/13/2016,1522.46,5922.46,0.45,34.6
4/14/2016,1524.46,5924.46,0.42,34.65
4/15/2016,1523.46,5923.46,0.43,34.62
4/16/2016,1523.46,5923.46,0.43,34.62
4/17/2016,1523.46,5923.46,0.43,34.62
4/18/2016,1535.92,5935.92,0.22,34.91
4/19/2016,1544.92,5944.92,0.07,35.11
4/20/2016,1553.92,5953.92,0,35.32
4/21/2016,1533.92,5933.92,0.34,34.86
4/22/2016,1539.92,5939.92,0.24,35
4/23/2016,1539.92,5939.92,0.24,35
4/24/2016,1539.92,5939.92,0.24,35
4/25/2016,1527.92,5927.92,0.44,34.73
4/26/2016,1538.92,5938.92,0.25,34.98
4/27/2016,1549.92,5949.92,0.07,35.23
4/28/2016,1501.92,5901.92,0.87,34.13
4/29/2016,1488.92,5888.92,1.09,33.84
4/30/2016,1488.92,5888.92,1.09,33.84
5/1/2016,1488.92,5888.92,1.09,33.84
5/2/2016,1530.92,5930.92,0.39,34.79
5/3/2016,1489.92,5889.92,1.07,33.86
5/4/2016,1458.92,5858.92,1.6,33.16
5/5/2016,1451.92,5851.92,1.71,33
5/6/2016,1476.38,5876.38,1.3,33.55
5/7/2016,1476.38,5876.38,1.3,33.55
5/8/2016,1476.38,5876.38,1.3,33.55
5/9/2016,1486.38,5886.38,1.13,33.78
5/10/2016,1522.38,5922.38,0.53,34.6
5/11/2016,1497.38,5897.38,0.95,34.03
5/12/2016,1499.38,5899.38,0.92,34.08
5/13/2016,1473.38,5873.38,1.35,33.49
5/14/2016,1473.38,5873.38,1.35,33.49
5/15/2016,1473.38,5873.38,1.35,33.49
5/16/2016,1510.38,5910.38,0.73,34.33
5/17/2016,1502.38,5902.38,0.87,34.15
5/18/2016,1475.38,5875.38,1.32,33.53
5/19/2016,1473.38,5873.38,1.35,33.49
5/20/2016,1499.38,5899.38,0.92,34.08
5/21/2016,1499.38,5899.38,0.92,34.08
5/22/2016,1499.38,5899.38,0.92,34.08
5/23/2016,1499.38,5899.38,0.92,34.08
5/24/2016,1542.84,5942.84,0.19,35.06
5/25/2016,1565.84,5965.84,0,35.59
5/26/2016,1566.84,5966.84,0,35.61
5/27/2016,1581.84,5981.84,0,35.95
5/28/2016,1581.84,5981.84,0,35.95
5/29/2016,1581.84,5981.84,0,35.95
5/30/2016,1581.84,5981.84,0,35.95
5/31/2016,1581.84,5981.84,0,35.95
6/1/2016,1583.84,5983.84,0,36
6/2/2016,1593.84,5993.84,0,36.22
6/3/2016,1592.84,5992.84,0.02,36.2
6/4/2016,1592.84,5992.84,0.02,36.2
6/5/2016,1592.84,5992.84,0.02,36.2
6/6/2016,1603.84,6003.84,0,36.45
6/7/2016,1605.84,6005.84,0,36.5
6/8/2016,1609.31,6009.3099999999995,0,36.58
6/9/2016,1604.31,6004.3099999999995,0.08,36.46
6/10/2016,1565.31,5965.3099999999995,0.73,35.58
6/11/2016,1565.31,5965.3099999999995,0.73,35.58
6/12/2016,1565.31,5965.3099999999995,0.73,35.58
6/13/2016,1533.31,5933.3099999999995,1.26,34.85
6/14/2016,1523.31,5923.3099999999995,1.43,34.62
6/15/2016,1518.31,5918.3099999999995,1.51,34.51
6/16/2016,1534.31,5934.3099999999995,1.25,34.87
6/17/2016,1522.31,5922.3099999999995,1.45,34.6
6/18/2016,1522.31,5922.3099999999995,1.45,34.6
6/19/2016,1522.31,5922.3099999999995,1.45,34.6
6/20/2016,1552.31,5952.3099999999995,0.95,35.28
6/21/2016,1563.31,5963.3099999999995,0.77,35.53
6/22/2016,1549.31,5949.3099999999995,1,35.21
6/23/2016,1604.31,6004.3099999999995,0.08,36.46
6/24/2016,1471.31,5871.3099999999995,2.3,33.44
6/25/2016,1471.31,5871.3099999999995,2.3,33.44
6/26/2016,1471.31,5871.3099999999995,2.3,33.44
6/27/2016,1334.31,5734.3099999999995,4.58,30.33
6/28/2016,1431.31,5831.3099999999995,2.96,32.53
6/29/2016,1539.31,5939.3099999999995,1.16,34.98
6/30/2016,1603.31,6003.3099999999995,0.1,36.44
7/1/2016,1629.77,6029.77,0,37.04
7/2/2016,1629.77,6029.77,0,37.04
7/3/2016,1629.77,6029.77,0,37.04
7/4/2016,1629.77,6029.77,0,37.04
7/5/2016,1602.77,6002.77,0.45,36.43
7/6/2016,1627.77,6027.77,0.03,36.99
7/7/2016,1626.77,6026.77,0.05,36.97
7/8/2016,1684.77,6084.77,0,38.29
7/9/2016,1684.77,6084.77,0,38.29
7/10/2016,1684.77,6084.77,0,38.29
7/11/2016,1689.23,6089.23,0,38.39
7/12/2016,1709.23,6109.23,0,38.85
7/13/2016,1712.23,6112.23,0,38.91
7/14/2016,1724.23,6124.23,0,39.19
7/15/2016,1723.23,6123.23,0.02,39.16
7/16/2016,1723.23,6123.23,0.02,39.16
7/17/2016,1723.23,6123.23,0.02,39.16
7/18/2016,1732.23,6132.23,0,39.37
7/19/2016,1730.23,6130.23,0.03,39.32
7/20/2016,1743.23,6143.23,0,39.62
7/21/2016,1731.23,6131.23,0.2,39.35
7/22/2016,1741.69,6141.6900000000005,0.03,39.58
7/23/2016,1741.69,6141.6900000000005,0.03,39.58
7/24/2016,1741.69,6141.6900000000005,0.03,39.58
7/25/2016,1731.69,6131.6900000000005,0.19,39.36
7/26/2016,1735.69,6135.6900000000005,0.12,39.45
7/27/2016,1735.69,6135.6900000000005,0.12,39.45
7/28/2016,1743.69,6143.6900000000005,0,39.63
7/29/2016,1755.69,6155.6900000000005,0,39.9
7/30/2016,1755.69,6155.6900000000005,0,39.9
7/31/2016,1755.69,6155.6900000000005,0,39.9
8/1/2016,1748.69,6148.6900000000005,0.11,39.74
8/2/2016,1724.69,6124.6900000000005,0.5,39.2
8/3/2016,1740.69,6140.6900000000005,0.24,39.56
8/4/2016,1748.69,6148.6900000000005,0.11,39.74
8/5/2016,1780.69,6180.6900000000005,0,40.47
8/6/2016,1780.69,6180.6900000000005,0,40.47
8/7/2016,1780.69,6180.6900000000005,0,40.47
8/8/2016,1782.69,6182.6900000000005,0,40.52
8/9/2016,1784.69,6184.6900000000005,0,40.56
8/10/2016,1776.69,6176.6900000000005,0.13,40.38
8/11/2016,1791.15,6191.15,0,40.71
8/12/2016,1791.15,6191.15,0,40.71
8/13/2016,1791.15,6191.15,0,40.71
8/14/2016,1791.15,6191.15,0,40.71
8/15/2016,1800.15,6200.15,0,40.91
8/16/2016,1786.15,6186.15,0.23,40.59
8/17/2016,1793.15,6193.15,0.11,40.75
8/18/2016,1799.15,6199.15,0.02,40.89
8/19/2016,1800.15,6200.15,0,40.91
8/20/2016,1800.15,6200.15,0,40.91
8/21/2016,1800.15,6200.15,0,40.91
8/22/2016,1801.15,6201.15,0,40.94
8/23/2016,1807.15,6207.15,0,41.07
8/24/2016,1791.15,6191.15,0.26,40.71
8/25/2016,1784.15,6184.15,0.37,40.55
8/26/2016,1783.15,6183.15,0.39,40.53
8/27/2016,1783.15,6183.15,0.39,40.53
8/28/2016,1783.15,6183.15,0.39,40.53
8/29/2016,1803.15,6203.15,0.06,40.98
8/30/2016,1800.15,6200.15,0.11,40.91
8/31/2016,1790.15,6190.15,0.27,40.69
9/1/2016,1788.15,6188.15,0.31,40.64
9/2/2016,1810.62,6210.62,0,41.15
9/3/2016,1810.62,6210.62,0,41.15
9/4/2016,1810.62,6210.62,0,41.15
9/5/2016,1810.62,6210.62,0,41.15
9/6/2016,1821.62,6221.62,0,41.4
9/7/2016,1827.62,6227.62,0,41.54
9/8/2016,1824.62,6224.62,0.05,41.47
9/9/2016,1719.62,6119.62,1.73,39.08
9/10/2016,1719.62,6119.62,1.73,39.08
9/11/2016,1719.62,6119.62,1.73,39.08
9/12/2016,1780.62,6180.62,0.75,40.47
9/13/2016,1695.62,6095.62,2.12,38.54
9/14/2016,1700.62,6100.62,2.04,38.65
9/15/2016,1758.62,6158.62,1.11,39.97
9/16/2016,1745.62,6145.62,1.32,39.67
9/17/2016,1745.62,6145.62,1.32,39.67
9/18/2016,1745.62,6145.62,1.32,39.67
9/19/2016,1747.62,6147.62,1.28,39.72
9/20/2016,1751.62,6151.62,1.22,39.81
9/21/2016,1807.62,6207.62,0.32,41.08
9/22/2016,1846.62,6246.62,0,41.97
9/23/2016,1828.08,6228.08,0.3,41.55
9/24/2016,1828.08,6228.08,0.3,41.55
9/25/2016,1828.08,6228.08,0.3,41.55
9/26/2016,1792.08,6192.08,0.87,40.73
9/27/2016,1819.08,6219.08,0.44,41.34
9/28/2016,1838.08,6238.08,0.14,41.77
9/29/2016,1810.08,6210.08,0.58,41.14
9/30/2016,1843.08,6243.08,0.06,41.89
10/1/2016,1843.08,6243.08,0.06,41.89
10/2/2016,1843.08,6243.08,0.06,41.89
10/3/2016,1831.08,6231.08,0.25,41.62
10/4/2016,1812.08,6212.08,0.55,41.18
10/5/2016,1833.08,6233.08,0.22,41.66
10/6/2016,1840.08,6240.08,0.1,41.82
10/7/2016,1832.08,6232.08,0.23,41.64
10/8/2016,1832.08,6232.08,0.23,41.64
10/9/2016,1832.08,6232.08,0.23,41.64
10/10/2016,1857.08,6257.08,0,42.21
10/11/2016,1801.08,6201.08,0.89,40.93
10/12/2016,1811.08,6211.08,0.74,41.16
10/13/2016,1796.08,6196.08,0.97,40.82
10/14/2016,1805.54,6205.54,0.82,41.04
10/15/2016,1805.54,6205.54,0.82,41.04
10/16/2016,1805.54,6205.54,0.82,41.04
10/17/2016,1794.54,6194.54,1,40.78
10/18/2016,1819.54,6219.54,0.6,41.35
10/19/2016,1835.54,6235.54,0.34,41.72
10/20/2016,1834.54,6234.54,0.36,41.69
10/21/2016,1837.54,6237.54,0.31,41.76
10/22/2016,1837.54,6237.54,0.31,41.76
10/23/2016,1837.54,6237.54,0.31,41.76
10/24/2016,1857.54,6257.54,0,42.22
10/25/2016,1844.54,6244.54,0.21,41.92
10/26/2016,1839.54,6239.54,0.29,41.81
10/27/2016,1825.54,6225.54,0.51,41.49
10/28/2016,1810.54,6210.54,0.75,41.15
10/29/2016,1810.54,6210.54,0.75,41.15
10/30/2016,1810.54,6210.54,0.75,41.15
10/31/2016,1810.54,6210.54,0.75,41.15
11/1/2016,1780.54,6180.54,1.23,40.47
11/2/2016,1759.54,6159.54,1.57,39.99
11/3/2016,1724.54,6124.54,2.13,39.19
11/4/2016,1720,6120,2.2,39.09
11/5/2016,1720,6120,2.2,39.09
11/6/2016,1720,6120,2.2,39.09
11/7/2016,1793,6193,1.03,40.75
11/8/2016,1812.46,6212.46,0.72,41.19
11/9/2016,1851.46,6251.46,0.1,42.08
11/10/2016,1855.46,6255.46,0.03,42.17
11/11/2016,1853.46,6253.46,0.07,42.12
11/12/2016,1853.46,6253.46,0.07,42.12
11/13/2016,1853.46,6253.46,0.07,42.12
11/14/2016,1858.46,6258.46,0,42.24
11/15/2016,1890.46,6290.46,0,42.97
11/16/2016,1889.46,6289.46,0.02,42.94
11/17/2016,1899.93,6299.93,0,43.18
11/18/2016,1898.93,6298.93,0.02,43.16
11/19/2016,1898.93,6298.93,0.02,43.16
11/20/2016,1898.93,6298.93,0.02,43.16
11/21/2016,1923.93,6323.93,0,43.73
11/22/2016,1933.93,6333.93,0,43.95
11/23/2016,1934.93,6334.93,0,43.98
11/24/2016,1934.93,6334.93,0,43.98
11/25/2016,1947.93,6347.93,0,44.27
11/26/2016,1947.93,6347.93,0,44.27
11/27/2016,1947.93,6347.93,0,44.27
11/28/2016,1937.93,6337.93,0.16,44.04
11/29/2016,1941.93,6341.93,0.09,44.13
11/30/2016,1944.93,6344.93,0.05,44.2
12/1/2016,1921.93,6321.93,0.41,43.68
12/2/2016,1929.93,6329.93,0.28,43.86
12/3/2016,1929.93,6329.93,0.28,43.86
12/4/2016,1929.93,6329.93,0.28,43.86
12/5/2016,1954.39,6354.39,0,44.42
12/6/2016,1963.39,6363.39,0,44.62
12/7/2016,1990.39,6390.39,0,45.24
12/8/2016,1993.39,6393.39,0,45.3
12/9/2016,2001.85,6401.85,0,45.5
12/10/2016,2001.85,6401.85,0,45.5
12/11/2016,2001.85,6401.85,0,45.5
12/12/2016,1998.85,6398.85,0.05,45.43
12/13/2016,2018.85,6418.85,0,45.88
12/14/2016,2004.85,6404.85,0.22,45.56
12/15/2016,2015.85,6415.85,0.05,45.81
12/16/2016,2012.85,6412.85,0.09,45.75
12/17/2016,2012.85,6412.85,0.09,45.75
12/18/2016,2012.85,6412.85,0.09,45.75
12/19/2016,2025.85,6425.85,0,46.04
12/20/2016,2037.85,6437.85,0,46.31
12/21/2016,2034.85,6434.85,0.05,46.25
12/22/2016,2027.85,6427.85,0.16,46.09
12/23/2016,2033.85,6433.85,0.06,46.22
12/24/2016,2033.85,6433.85,0.06,46.22
12/25/2016,2033.85,6433.85,0.06,46.22
12/26/2016,2033.85,6433.85,0.06,46.22
12/27/2016,2046.85,6446.85,0,46.52
12/28/2016,2016.85,6416.85,0.47,45.84
12/29/2016,2013.85,6413.85,0.51,45.77
12/30/2016,1986.31,6386.3099999999995,0.94,45.14
12/31/2016,1986.31,6386.3099999999995,0.94,45.14
1/1/2017,1986.31,6386.3099999999995,0.94,45.14
1/2/2017,1986.31,6386.3099999999995,0.94,45.14
1/3/2017,2019.31,6419.3099999999995,0.43,45.89
1/4/2017,2040.77,6440.77,0.09,46.38
1/5/2017,2037.77,6437.77,0.14,46.31
1/6/2017,2054.77,6454.77,0,46.7
1/7/2017,2054.77,6454.77,0,46.7
1/8/2017,2054.77,6454.77,0,46.7
1/9/2017,2047.77,6447.77,0.11,46.54
1/10/2017,2048.77,6448.77,0.09,46.56
1/11/2017,2053.77,6453.77,0.02,46.68
1/12/2017,2051.77,6451.77,0.05,46.63
1/13/2017,2063.77,6463.77,0,46.9
1/14/2017,2063.77,6463.77,0,46.9
1/15/2017,2063.77,6463.77,0,46.9
1/16/2017,2063.77,6463.77,0,46.9
1/17/2017,2055.77,6455.77,0.12,46.72
1/18/2017,2067.77,6467.77,0,46.99
1/19/2017,2053.77,6453.77,0.22,46.68
1/20/2017,2070.77,6470.77,0,47.06
1/21/2017,2070.77,6470.77,0,47.06
1/22/2017,2070.77,6470.77,0,47.06
1/23/2017,2068.77,6468.77,0.03,47.02
1/24/2017,2089.77,6489.77,0,47.49
1/25/2017,2106.5,6506.5,0,47.88
1/26/2017,2103.24,6503.24,0.05,47.8
1/27/2017,2100.24,6500.24,0.1,47.73
1/28/2017,2100.24,6500.24,0.1,47.73
1/29/2017,2100.24,6500.24,0.1,47.73
1/30/2017,2078.24,6478.24,0.43,47.23
1/31/2017,2079.24,6479.24,0.42,47.26
2/1/2017,2085.24,6485.24,0.33,47.39
2/2/2017,2087.24,6487.24,0.3,47.44
2/3/2017,2116.24,6516.24,0,48.1
2/4/2017,2116.24,6516.24,0,48.1
2/5/2017,2116.24,6516.24,0,48.1
2/6/2017,2109.24,6509.24,0.11,47.94
2/7/2017,2109.24,6509.24,0.11,47.94
2/8/2017,2118.24,6518.24,0,48.14
2/9/2017,2135.24,6535.24,0,48.53
2/10/2017,2146.24,6546.24,0,48.78
2/11/2017,2146.24,6546.24,0,48.78
2/12/2017,2146.24,6546.24,0,48.78
2/13/2017,2155.7,6555.7,0,48.99
2/14/2017,2171.7,6571.7,0,49.36
2/15/2017,2184.7,6584.7,0,49.65
2/16/2017,2178.7,6578.7,0.09,49.52
2/17/2017,2183.7,6583.7,0.02,49.63
2/18/2017,2183.7,6583.7,0.02,49.63
2/19/2017,2183.7,6583.7,0.02,49.63
2/20/2017,2183.7,6583.7,0.02,49.63
2/21/2017,2203.7,6603.7,0,50.08
2/22/2017,2200.7,6600.7,0.05,50.02
2/23/2017,2202.7,6602.7,0.02,50.06
2/24/2017,2206.7,6606.7,0,50.15
2/25/2017,2206.7,6606.7,0,50.15
2/26/2017,2206.7,6606.7,0,50.15
2/27/2017,2209.16,6609.16,0,50.21
2/28/2017,2194.16,6594.16,0.23,49.87
3/1/2017,2244.16,6644.16,0,51
3/2/2017,2229.16,6629.16,0.23,50.66
3/3/2017,2236.16,6636.16,0.12,50.82
3/4/2017,2236.16,6636.16,0.12,50.82
3/5/2017,2236.16,6636.16,0.12,50.82
3/6/2017,2239.16,6639.16,0.08,50.89
3/7/2017,2224.16,6624.16,0.3,50.55
3/8/2017,2221.16,6621.16,0.35,50.48
3/9/2017,2225.16,6625.16,0.29,50.57
3/10/2017,2238.16,6638.16,0.09,50.87
3/11/2017,2238.16,6638.16,0.09,50.87
3/12/2017,2238.16,6638.16,0.09,50.87
3/13/2017,2248.16,6648.16,0,51.09
3/14/2017,2235.16,6635.16,0.2,50.8
3/15/2017,2261.62,6661.62,0,51.4
3/16/2017,2258.62,6658.62,0.05,51.33
3/17/2017,2261.62,6661.62,0,51.4
3/18/2017,2261.62,6661.62,0,51.4
3/19/2017,2261.62,6661.62,0,51.4
3/20/2017,2256.62,6656.62,0.08,51.29
3/21/2017,2186.62,6586.62,1.13,49.7
3/22/2017,2196.62,6596.62,0.98,49.92
3/23/2017,2181.62,6581.62,1.2,49.58
3/24/2017,2185.62,6585.62,1.14,49.67
3/25/2017,2185.62,6585.62,1.14,49.67
3/26/2017,2185.62,6585.62,1.14,49.67
3/27/2017,2185.62,6585.62,1.14,49.67
3/28/2017,2234.62,6634.62,0.41,50.79
3/29/2017,2242.62,6642.62,0.29,50.97
3/30/2017,2258.62,6658.62,0.05,51.33
3/31/2017,2259.62,6659.62,0.03,51.36
4/1/2017,2259.62,6659.62,0.03,51.36
4/2/2017,2259.62,6659.62,0.03,51.36
4/3/2017,2241.62,6641.62,0.3,50.95
4/4/2017,2247.62,6647.62,0.21,51.08
4/5/2017,2237.62,6637.62,0.36,50.86
4/6/2017,2239.62,6639.62,0.33,50.9
4/7/2017,2236.08,6636.08,0.38,50.82
4/8/2017,2236.08,6636.08,0.38,50.82
4/9/2017,2236.08,6636.08,0.38,50.82
4/10/2017,2234.08,6634.08,0.41,50.77
4/11/2017,2219.08,6619.08,0.64,50.43
4/12/2017,2206.08,6606.08,0.83,50.14
4/13/2017,2191.08,6591.08,1.06,49.8
4/14/2017,2191.08,6591.08,1.06,49.8
4/15/2017,2191.08,6591.08,1.06,49.8
4/16/2017,2191.08,6591.08,1.06,49.8
4/17/2017,2193.08,6593.08,1.03,49.84
4/18/2017,2217.08,6617.08,0.67,50.39
4/19/2017,2201.08,6601.08,0.91,50.02
4/20/2017,2256.08,6656.08,0.08,51.27
4/21/2017,2238.08,6638.08,0.35,50.87
4/22/2017,2238.08,6638.08,0.35,50.87
4/23/2017,2238.08,6638.08,0.35,50.87
4/24/2017,2299.55,6699.55,0,52.26
4/25/2017,2318.55,6718.55,0,52.69
4/26/2017,2316.55,6716.55,0.03,52.65
4/27/2017,2318.55,6718.55,0,52.69
4/28/2017,2314.55,6714.55,0.06,52.6
4/29/2017,2314.55,6714.55,0.06,52.6
4/30/2017,2314.55,6714.55,0.06,52.6
5/1/2017,2327.55,6727.55,0,52.9
5/2/2017,2324.55,6724.55,0.04,52.83
5/3/2017,2323.55,6723.55,0.06,52.81
5/4/2017,2328.55,6728.55,0,52.92
5/5/2017,2333.55,6733.55,0,53.04
5/6/2017,2333.55,6733.55,0,53.04
5/7/2017,2333.55,6733.55,0,53.04
5/8/2017,2340.01,6740.01,0,53.18
5/9/2017,2336.01,6736.01,0.06,53.09
5/10/2017,2343.01,6743.01,0,53.25
5/11/2017,2339.01,6739.01,0.06,53.16
5/12/2017,2333.01,6733.01,0.15,53.02
5/13/2017,2333.01,6733.01,0.15,53.02
5/14/2017,2333.01,6733.01,0.15,53.02
5/15/2017,2354.01,6754.01,0,53.5
5/16/2017,2356.01,6756.01,0,53.55
5/17/2017,2288.01,6688.01,1.01,52
5/18/2017,2306.01,6706.01,0.74,52.41
5/19/2017,2324.01,6724.01,0.47,52.82
5/20/2017,2324.01,6724.01,0.47,52.82
5/21/2017,2324.01,6724.01,0.47,52.82
5/22/2017,2352.01,6752.01,0.06,53.45
5/23/2017,2358.01,6758.01,0,53.59
5/24/2017,2370.01,6770.01,0,53.86
5/25/2017,2380.47,6780.469999999999,0,54.1
5/26/2017,2380.47,6780.469999999999,0,54.1
5/27/2017,2380.47,6780.469999999999,0,54.1
5/28/2017,2380.47,6780.469999999999,0,54.1
5/29/2017,2380.47,6780.469999999999,0,54.1
5/30/2017,2383.47,6783.469999999999,0,54.17
5/31/2017,2377.47,6777.469999999999,0.09,54.03
6/1/2017,2404.47,6804.469999999999,0,54.65
6/2/2017,2419.47,6819.469999999999,0,54.99
6/3/2017,2419.47,6819.469999999999,0,54.99
6/4/2017,2419.47,6819.469999999999,0,54.99
6/5/2017,2422.47,6822.469999999999,0,55.06
6/6/2017,2409.47,6809.469999999999,0.19,54.76
6/7/2017,2419.47,6819.469999999999,0.04,54.99
6/8/2017,2420.47,6820.469999999999,0.03,55.01
6/9/2017,2411.47,6811.469999999999,0.16,54.81
6/10/2017,2411.47,6811.469999999999,0.16,54.81
6/11/2017,2411.47,6811.469999999999,0.16,54.81
6/12/2017,2413.47,6813.469999999999,0.13,54.85
6/13/2017,2430.93,6830.93,0,55.25
6/14/2017,2423.93,6823.93,0.1,55.09
6/15/2017,2415.93,6815.93,0.22,54.91
6/16/2017,2418.93,6818.93,0.18,54.98
6/17/2017,2418.93,6818.93,0.18,54.98
6/18/2017,2418.93,6818.93,0.18,54.98
6/19/2017,2454.93,6854.93,0,55.79
6/20/2017,2429.93,6829.93,0.36,55.23
6/21/2017,2428.93,6828.93,0.38,55.2
6/22/2017,2432.93,6832.93,0.32,55.29
6/23/2017,2437.93,6837.93,0.25,55.41
6/24/2017,2437.93,6837.93,0.25,55.41
6/25/2017,2437.93,6837.93,0.25,55.41
6/26/2017,2451.93,6851.93,0.04,55.73
6/27/2017,2415.93,6815.93,0.57,54.91
6/28/2017,2451.93,6851.93,0.04,55.73
6/29/2017,2410.93,6810.93,0.64,54.79
6/30/2017,2436.93,6836.93,0.26,55.38
7/1/2017,2436.93,6836.93,0.26,55.38
7/2/2017,2436.93,6836.93,0.26,55.38
7/3/2017,2429.93,6829.93,0.36,55.23
7/4/2017,2429.93,6829.93,0.36,55.23
7/5/2017,2446.93,6846.93,0.12,55.61
7/6/2017,2385.93,6785.93,1.01,54.23
7/7/2017,2437.39,6837.389999999999,0.26,55.4
7/8/2017,2437.39,6837.389999999999,0.26,55.4
7/9/2017,2437.39,6837.389999999999,0.26,55.4
7/10/2017,2447.39,6847.389999999999,0.11,55.62
7/11/2017,2441.39,6841.389999999999,0.2,55.49
7/12/2017,2466.39,6866.389999999999,0,56.05
7/13/2017,2472.39,6872.389999999999,0,56.19
7/14/2017,2481.86,6881.860000000001,0,56.41
7/15/2017,2481.86,6881.860000000001,0,56.41
7/16/2017,2481.86,6881.860000000001,0,56.41
7/17/2017,2479.86,6879.860000000001,0.03,56.36
7/18/2017,2484.86,6884.860000000001,0,56.47
7/19/2017,2502.86,6902.860000000001,0,56.88
7/20/2017,2504.86,6904.860000000001,0,56.93
7/21/2017,2501.86,6901.860000000001,0.04,56.86
7/22/2017,2501.86,6901.860000000001,0.04,56.86
7/23/2017,2501.86,6901.860000000001,0.04,56.86
7/24/2017,2509.86,6909.860000000001,0,57.04
7/25/2017,2516.86,6916.860000000001,0,57.2
7/26/2017,2516.86,6916.860000000001,0,57.2
7/27/2017,2512.86,6912.860000000001,0.06,57.11
7/28/2017,2512.86,6912.860000000001,0.06,57.11
7/29/2017,2512.86,6912.860000000001,0.06,57.11
7/30/2017,2512.86,6912.860000000001,0.06,57.11
7/31/2017,2519.86,6919.860000000001,0,57.27
8/1/2017,2523.86,6923.860000000001,0,57.36
8/2/2017,2523.86,6923.860000000001,0,57.36
8/3/2017,2518.86,6918.860000000001,0.07,57.25
8/4/2017,2521.32,6921.32,0.04,57.3
8/5/2017,2521.32,6921.32,0.04,57.3
8/6/2017,2521.32,6921.32,0.04,57.3
8/7/2017,2529.32,6929.32,0,57.48
8/8/2017,2518.32,6918.32,0.16,57.23
8/9/2017,2513.32,6913.32,0.23,57.12
8/10/2017,2452.32,6852.32,1.11,55.73
8/11/2017,2459.32,6859.32,1.01,55.89
8/12/2017,2459.32,6859.32,1.01,55.89
8/13/2017,2459.32,6859.32,1.01,55.89
8/14/2017,2511.32,6911.32,0.26,57.08
8/15/2017,2519.32,6919.32,0.14,57.26
8/16/2017,2521.32,6921.32,0.12,57.3
8/17/2017,2449.32,6849.32,1.15,55.67
8/18/2017,2439.32,6839.32,1.3,55.44
8/19/2017,2439.32,6839.32,1.3,55.44
8/20/2017,2439.32,6839.32,1.3,55.44
8/21/2017,2430.32,6830.32,1.43,55.23
8/22/2017,2493.32,6893.32,0.52,56.67
8/23/2017,2477.32,6877.32,0.75,56.3
8/24/2017,2459.32,6859.32,1.01,55.89
8/25/2017,2481.78,6881.780000000001,0.69,56.4
8/26/2017,2481.78,6881.780000000001,0.69,56.4
8/27/2017,2481.78,6881.780000000001,0.69,56.4
8/28/2017,2480.78,6880.780000000001,0.7,56.38
8/29/2017,2487.78,6887.780000000001,0.6,56.54
8/30/2017,2502.78,6902.780000000001,0.38,56.88
8/31/2017,2525.78,6925.780000000001,0.05,57.4
9/1/2017,2536.78,6936.780000000001,0,57.65
9/2/2017,2536.78,6936.780000000001,0,57.65
9/3/2017,2536.78,6936.780000000001,0,57.65
9/4/2017,2536.78,6936.780000000001,0,57.65
9/5/2017,2509.78,6909.780000000001,0.39,57.04
9/6/2017,2528.78,6928.780000000001,0.12,57.47
9/7/2017,2530.78,6930.780000000001,0.09,57.52
9/8/2017,2526.78,6926.780000000001,0.14,57.43
9/9/2017,2526.78,6926.780000000001,0.14,57.43
9/10/2017,2526.78,6926.780000000001,0.14,57.43
9/11/2017,2553.24,6953.24,0,58.03
9/12/2017,2566.24,6966.24,0,58.32
9/13/2017,2571.24,6971.24,0,58.44
9/14/2017,2573.24,6973.24,0,58.48
9/15/2017,2580.24,6980.24,0,58.64
9/16/2017,2580.24,6980.24,0,58.64
9/17/2017,2580.24,6980.24,0,58.64
9/18/2017,2590.24,6990.24,0,58.87
9/19/2017,2592.24,6992.24,0,58.91
9/20/2017,2593.24,6993.24,0,58.94
9/21/2017,2589.24,6989.24,0.06,58.85
9/22/2017,2593.24,6993.24,0,58.94
9/23/2017,2593.24,6993.24,0,58.94
9/24/2017,2593.24,6993.24,0,58.94
9/25/2017,2586.24,6986.24,0.1,58.78
9/26/2017,2588.24,6988.24,0.07,58.82
9/27/2017,2598.24,6998.24,0,59.05
9/28/2017,2598.7,6998.7,0,59.06
9/29/2017,2612.7,7012.7,0,59.38
9/30/2017,2612.7,7012.7,0,59.38
10/1/2017,2612.7,7012.7,0,59.38
10/2/2017,2625.7,7025.7,0,59.68
10/3/2017,2630.7,7030.7,0,59.79
10/4/2017,2633.7,7033.7,0,59.86
10/5/2017,2641.17,7041.17,0,60.03
10/6/2017,2639.17,7039.17,0.03,59.98
10/7/2017,2639.17,7039.17,0.03,59.98
10/8/2017,2639.17,7039.17,0.03,59.98
10/9/2017,2633.17,7033.17,0.11,59.84
10/10/2017,2641.17,7041.17,0,60.03
10/11/2017,2649.17,7049.17,0,60.21
10/12/2017,2645.17,7045.17,0.06,60.12
10/13/2017,2650.17,7050.17,0,60.23
10/14/2017,2650.17,7050.17,0,60.23
10/15/2017,2650.17,7050.17,0,60.23
10/16/2017,2658.17,7058.17,0,60.41
10/17/2017,2659.17,7059.17,0,60.44
10/18/2017,2663.17,7063.17,0,60.53
10/19/2017,2662.17,7062.17,0.01,60.5
10/20/2017,2670.17,7070.17,0,60.69
10/21/2017,2670.17,7070.17,0,60.69
10/22/2017,2670.17,7070.17,0,60.69
10/23/2017,2662.17,7062.17,0.11,60.5
10/24/2017,2662.17,7062.17,0.11,60.5
10/25/2017,2648.17,7048.17,0.31,60.19
10/26/2017,2655.17,7055.17,0.21,60.34
10/27/2017,2670.63,7070.63,0,60.7
10/28/2017,2670.63,7070.63,0,60.7
10/29/2017,2670.63,7070.63,0,60.7
10/30/2017,2665.63,7065.63,0.07,60.58
10/31/2017,2668.63,7068.63,0.03,60.65
11/1/2017,2670.63,7070.63,0,60.7
11/2/2017,2672.63,7072.63,0,60.74
11/3/2017,2684.63,7084.63,0,61.01
11/4/2017,2684.63,7084.63,0,61.01
11/5/2017,2684.63,7084.63,0,61.01
11/6/2017,2694.63,7094.63,0,61.24
11/7/2017,2689.63,7089.63,0.07,61.13
11/8/2017,2698.63,7098.63,0,61.33
11/9/2017,2683.63,7083.63,0.21,60.99
11/10/2017,2682.63,7082.63,0.23,60.97
11/11/2017,2682.63,7082.63,0.23,60.97
11/12/2017,2682.63,7082.63,0.23,60.97
11/13/2017,2686.63,7086.63,0.17,61.06
11/14/2017,2681.63,7081.63,0.24,60.95
11/15/2017,2655.63,7055.63,0.61,60.36
11/16/2017,2696.63,7096.63,0.03,61.29
11/17/2017,2692.09,7092.09,0.09,61.18
11/18/2017,2692.09,7092.09,0.09,61.18
11/19/2017,2692.09,7092.09,0.09,61.18
11/20/2017,2703.09,7103.09,0,61.43
11/21/2017,2725.09,7125.09,0,61.93
11/22/2017,2725.09,7125.09,0,61.93
11/23/2017,2725.09,7125.09,0,61.93
11/24/2017,2732.09,7132.09,0,62.09
11/25/2017,2732.09,7132.09,0,62.09
11/26/2017,2732.09,7132.09,0,62.09
11/27/2017,2733.09,7133.09,0,62.12
11/28/2017,2741.55,7141.55,0,62.31
11/29/2017,2741.55,7141.55,0,62.31
11/30/2017,2764.55,7164.55,0,62.83
12/1/2017,2754.55,7154.55,0.14,62.6
12/2/2017,2754.55,7154.55,0.14,62.6
12/3/2017,2754.55,7154.55,0.14,62.6
12/4/2017,2758.55,7158.55,0.08,62.69
12/5/2017,2754.55,7154.55,0.14,62.6
12/6/2017,2754.55,7154.55,0.14,62.6
12/7/2017,2770.55,7170.55,0,62.97
12/8/2017,2791.55,7191.55,0,63.44
12/9/2017,2791.55,7191.55,0,63.44
12/10/2017,2791.55,7191.55,0,63.44
12/11/2017,2803.01,7203.01,0,63.7
12/12/2017,2810.01,7210.01,0,63.86
12/13/2017,2808.01,7208.01,0.03,63.82
12/14/2017,2799.01,7199.01,0.15,63.61
12/15/2017,2825.01,7225.01,0,64.2
12/16/2017,2825.01,7225.01,0,64.2
12/17/2017,2825.01,7225.01,0,64.2
12/18/2017,2841.01,7241.01,0,64.57
12/19/2017,2833.01,7233.01,0.11,64.39
12/20/2017,2835.01,7235.01,0.08,64.43
12/21/2017,2838.01,7238.01,0.04,64.5
12/22/2017,2837.01,7237.01,0.06,64.48
12/23/2017,2837.01,7237.01,0.06,64.48
12/24/2017,2837.01,7237.01,0.06,64.48
12/25/2017,2837.01,7237.01,0.06,64.48
12/26/2017,2835.01,7235.01,0.08,64.43
12/27/2017,2839.01,7239.01,0.03,64.52
12/28/2017,2845.01,7245.01,0,64.66
12/29/2017,2838.01,7238.01,0.1,64.5
12/30/2017,2838.01,7238.01,0.1,64.5
12/31/2017,2838.01,7238.01,0.1,64.5
1/1/2018,2838.01,7238.01,0.1,64.5
1/2/2018,2853.48,7253.48,0,64.85
1/3/2018,2871.48,7271.48,0,65.26
1/4/2018,2879.48,7279.48,0,65.44
1/5/2018,2890.48,7290.48,0,65.69
1/6/2018,2890.48,7290.48,0,65.69
1/7/2018,2890.48,7290.48,0,65.69
1/8/2018,2895.48,7295.48,0,65.81
1/9/2018,2891.94,7291.9400000000005,0.05,65.73
1/10/2018,2889.94,7289.9400000000005,0.08,65.68
1/11/2018,2908.94,7308.9400000000005,0,66.11
1/12/2018,2917.94,7317.9400000000005,0,66.32
1/13/2018,2917.94,7317.9400000000005,0,66.32
1/14/2018,2917.94,7317.9400000000005,0,66.32
1/15/2018,2917.94,7317.9400000000005,0,66.32
1/16/2018,2907.94,7307.9400000000005,0.14,66.09
1/17/2018,2922.94,7322.9400000000005,0,66.43
1/18/2018,2920.94,7320.9400000000005,0.03,66.39
1/19/2018,2927.4,7327.4,0,66.53
1/20/2018,2927.4,7327.4,0,66.53
1/21/2018,2927.4,7327.4,0,66.53
1/22/2018,2946.4,7346.4,0,66.96
1/23/2018,2952.4,7352.4,0,67.1
1/24/2018,2947.4,7347.4,0.07,66.99
1/25/2018,2947.4,7347.4,0.07,66.99
1/26/2018,2968.4,7368.4,0,67.46
1/27/2018,2968.4,7368.4,0,67.46
1/28/2018,2968.4,7368.4,0,67.46
1/29/2018,2950.4,7350.4,0.24,67.05
1/30/2018,2924.4,7324.4,0.6,66.46
1/31/2018,2927.4,7327.4,0.56,66.53
2/1/2018,2922.4,7322.4,0.62,66.42
2/2/2018,2834.4,7234.4,1.82,64.42
2/3/2018,2834.4,7234.4,1.82,64.42
2/4/2018,2834.4,7234.4,1.82,64.42
2/5/2018,2728.4,7128.4,3.26,62.01
2/6/2018,2687.4,7087.4,3.81,61.08
2/7/2018,2665.4,7065.4,4.11,60.58
2/8/2018,2531.4,6931.4,5.93,57.53
2/9/2018,2539.86,6939.860000000001,5.82,57.72
2/10/2018,2539.86,6939.860000000001,5.82,57.72
2/11/2018,2539.86,6939.860000000001,5.82,57.72
2/12/2018,2624.86,7024.860000000001,4.66,59.66
2/13/2018,2641.86,7041.860000000001,4.43,60.04
2/14/2018,2690.32,7090.32,3.77,61.14
2/15/2018,2722.32,7122.32,3.34,61.87
2/16/2018,2740.32,7140.32,3.1,62.28
2/17/2018,2740.32,7140.32,3.1,62.28
2/18/2018,2740.32,7140.32,3.1,62.28
2/19/2018,2740.32,7140.32,3.1,62.28
2/20/2018,2721.32,7121.32,3.35,61.85
2/21/2018,2703.32,7103.32,3.6,61.44
2/22/2018,2711.32,7111.32,3.49,61.62
2/23/2018,2777.32,7177.32,2.59,63.12
2/24/2018,2777.32,7177.32,2.59,63.12
2/25/2018,2777.32,7177.32,2.59,63.12
2/26/2018,2800.79,7200.79,2.27,63.65
2/27/2018,2756.79,7156.79,2.87,62.65
2/28/2018,2702.79,7102.79,3.6,61.43
3/1/2018,2607.79,7007.79,4.89,59.27
3/2/2018,2646.79,7046.79,4.36,60.15
3/3/2018,2646.79,7046.79,4.36,60.15
3/4/2018,2646.79,7046.79,4.36,60.15
3/5/2018,2714.79,7114.79,3.44,61.7
3/6/2018,2720.79,7120.79,3.36,61.84
3/7/2018,2728.79,7128.79,3.25,62.02
3/8/2018,2745.79,7145.79,3.02,62.4
3/9/2018,2839.79,7239.79,1.75,64.54
3/10/2018,2839.79,7239.79,1.75,64.54
3/11/2018,2839.79,7239.79,1.75,64.54
3/12/2018,2842.79,7242.79,1.7,64.61
3/13/2018,2811.79,7211.79,2.13,63.9
3/14/2018,2792.79,7192.79,2.38,63.47
3/15/2018,2801.79,7201.79,2.26,63.68
3/16/2018,2825.25,7225.25,1.94,64.21
3/17/2018,2825.25,7225.25,1.94,64.21
3/18/2018,2825.25,7225.25,1.94,64.21
3/19/2018,2752.25,7152.25,2.93,62.55
3/20/2018,2757.25,7157.25,2.87,62.66
3/21/2018,2753.25,7153.25,2.92,62.57
3/22/2018,2594.25,6994.25,5.08,58.96
3/23/2018,2439.25,6839.25,7.18,55.44
3/24/2018,2439.25,6839.25,7.18,55.44
3/25/2018,2439.25,6839.25,7.18,55.44
3/26/2018,2616.25,7016.25,4.78,59.46
3/27/2018,2481.25,6881.25,6.61,56.39
3/28/2018,2452.25,6852.25,7,55.73
3/29/2018,2543.25,6943.25,5.77,57.8
3/30/2018,2543.25,6943.25,5.77,57.8
3/31/2018,2543.25,6943.25,5.77,57.8
4/1/2018,2543.25,6943.25,5.77,57.8
4/2/2018,2358.25,6758.25,8.28,53.6
4/3/2018,2451.25,6851.25,7.02,55.71
4/4/2018,2562.25,6962.25,5.51,58.23
4/5/2018,2613.25,7013.25,4.82,59.39
4/6/2018,2405.71,6805.71,7.64,54.68
4/7/2018,2405.71,6805.71,7.64,54.68
4/8/2018,2405.71,6805.71,7.64,54.68
4/9/2018,2436.71,6836.71,7.22,55.38
4/10/2018,2474.71,6874.71,6.7,56.24
4/11/2018,2467.71,6867.71,6.8,56.08
4/12/2018,2501.17,6901.17,6.34,56.84
4/13/2018,2483.17,6883.17,6.59,56.44
4/14/2018,2483.17,6883.17,6.59,56.44
4/15/2018,2483.17,6883.17,6.59,56.44
4/16/2018,2553.17,6953.17,5.64,58.03
4/17/2018,2595.63,6995.63,5.06,58.99
4/18/2018,2598.63,6998.63,5.02,59.06
4/19/2018,2571.63,6971.63,5.38,58.45
4/20/2018,2511.63,6911.63,6.2,57.08
4/21/2018,2511.63,6911.63,6.2,57.08
4/22/2018,2511.63,6911.63,6.2,57.08
4/23/2018,2512.63,6912.63,6.19,57.11
4/24/2018,2387.63,6787.63,7.88,54.26
4/25/2018,2419.63,6819.63,7.45,54.99
4/26/2018,2520.63,6920.63,6.08,57.29
4/27/2018,2526.63,6926.63,6,57.42
4/28/2018,2526.63,6926.63,6,57.42
4/29/2018,2526.63,6926.63,6,57.42
4/30/2018,2503.63,6903.63,6.31,56.9
5/1/2018,2474.63,6874.63,6.7,56.24
5/2/2018,2450.63,6850.63,7.03,55.7
5/3/2018,2415.63,6815.63,7.5,54.9
5/4/2018,2544.63,6944.63,5.75,57.83
5/5/2018,2544.63,6944.63,5.75,57.83
5/6/2018,2544.63,6944.63,5.75,57.83
5/7/2018,2563.63,6963.63,5.49,58.26
5/8/2018,2566.63,6966.63,5.45,58.33
5/9/2018,2627.63,7027.63,4.62,59.72
5/10/2018,2673.1,7073.1,4.01,60.75
5/11/2018,2690.1,7090.1,3.78,61.14
5/12/2018,2690.1,7090.1,3.78,61.14
5/13/2018,2690.1,7090.1,3.78,61.14
5/14/2018,2705.1,7105.1,3.57,61.48
5/15/2018,2656.1,7056.1,4.24,60.37
5/16/2018,2696.1,7096.1,3.7,61.28
5/17/2018,2696.1,7096.1,3.7,61.28
5/18/2018,2692.1,7092.1,3.75,61.18
5/19/2018,2692.1,7092.1,3.75,61.18
5/20/2018,2692.1,7092.1,3.75,61.18
5/21/2018,2722.1,7122.1,3.34,61.87
5/22/2018,2719.1,7119.1,3.38,61.8
5/23/2018,2730.1,7130.1,3.23,62.05
5/24/2018,2733.1,7133.1,3.19,62.12
5/25/2018,2719.1,7119.1,3.38,61.8
5/26/2018,2719.1,7119.1,3.38,61.8
5/27/2018,2719.1,7119.1,3.38,61.8
5/28/2018,2719.1,7119.1,3.38,61.8
5/29/2018,2643.1,7043.1,4.41,60.07
5/30/2018,2727.1,7127.1,3.27,61.98
5/31/2018,2704.1,7104.1,3.59,61.46
6/1/2018,2748.56,7148.5599999999995,2.98,62.47
6/2/2018,2748.56,7148.5599999999995,2.98,62.47
6/3/2018,2748.56,7148.5599999999995,2.98,62.47
6/4/2018,2775.56,7175.5599999999995,2.62,63.08
6/5/2018,2777.56,7177.5599999999995,2.59,63.13
6/6/2018,2799.56,7199.5599999999995,2.29,63.63
6/7/2018,2801.56,7201.5599999999995,2.26,63.67
6/8/2018,2802.02,7202.02,2.26,63.68
6/9/2018,2802.02,7202.02,2.26,63.68
6/10/2018,2802.02,7202.02,2.26,63.68
6/11/2018,2817.02,7217.02,2.05,64.02
6/12/2018,2817.02,7217.02,2.05,64.02
6/13/2018,2813.02,7213.02,2.11,63.93
6/14/2018,2823.02,7223.02,1.97,64.16
6/15/2018,2817.02,7217.02,2.05,64.02
6/16/2018,2817.02,7217.02,2.05,64.02
6/17/2018,2817.02,7217.02,2.05,64.02
6/18/2018,2809.02,7209.02,2.16,63.84
6/19/2018,2788.02,7188.02,2.45,63.36
6/20/2018,2810.02,7210.02,2.15,63.86
6/21/2018,2758.02,7158.02,2.86,62.68
6/22/2018,2795.02,7195.02,2.35,63.52
6/23/2018,2795.02,7195.02,2.35,63.52
6/24/2018,2795.02,7195.02,2.35,63.52
6/25/2018,2697.02,7097.02,3.68,61.3
6/26/2018,2722.02,7122.02,3.34,61.86
6/27/2018,2672.02,7072.02,4.02,60.73
6/28/2018,2693.02,7093.02,3.74,61.21
6/29/2018,2718.48,7118.48,3.39,61.78
6/30/2018,2718.48,7118.48,3.39,61.78
7/1/2018,2718.48,7118.48,3.39,61.78
7/2/2018,2709.48,7109.48,3.51,61.58
7/3/2018,2702.48,7102.48,3.61,61.42
7/4/2018,2702.48,7102.48,3.61,61.42
7/5/2018,2742.48,7142.48,3.07,62.33
7/6/2018,2780.48,7180.48,2.55,63.19
7/7/2018,2780.48,7180.48,2.55,63.19
7/8/2018,2780.48,7180.48,2.55,63.19
7/9/2018,2810.94,7210.9400000000005,2.14,63.89
7/10/2018,2823.94,7223.9400000000005,1.96,64.18
7/11/2018,2795.94,7195.9400000000005,2.34,63.54
7/12/2018,2831.94,7231.9400000000005,1.85,64.36
7/13/2018,2838.94,7238.9400000000005,1.76,64.52
7/14/2018,2838.94,7238.9400000000005,1.76,64.52
7/15/2018,2838.94,7238.9400000000005,1.76,64.52
7/16/2018,2842.94,7242.9400000000005,1.7,64.61
7/17/2018,2865.94,7265.9400000000005,1.39,65.14
7/18/2018,2867.94,7267.9400000000005,1.36,65.18
7/19/2018,2853.94,7253.9400000000005,1.55,64.86
7/20/2018,2853.94,7253.9400000000005,1.55,64.86
7/21/2018,2853.94,7253.9400000000005,1.55,64.86
7/22/2018,2853.94,7253.9400000000005,1.55,64.86
7/23/2018,2859.94,7259.9400000000005,1.47,65
7/24/2018,2868.94,7268.9400000000005,1.35,65.2
7/25/2018,2887.41,7287.41,1.1,65.62
7/26/2018,2877.41,7277.41,1.23,65.4
7/27/2018,2844.41,7244.41,1.68,64.65
7/28/2018,2844.41,7244.41,1.68,64.65
7/29/2018,2844.41,7244.41,1.68,64.65
7/30/2018,2808.41,7208.41,2.17,63.83
7/31/2018,2847.41,7247.41,1.64,64.71
8/1/2018,2846.41,7246.41,1.66,64.69
8/2/2018,2875.41,7275.41,1.26,65.35
8/3/2018,2900.41,7300.41,0.92,65.92
8/4/2018,2900.41,7300.41,0.92,65.92
8/5/2018,2900.41,7300.41,0.92,65.92
8/6/2018,2921.41,7321.41,0.64,66.4
8/7/2018,2933.41,7333.41,0.47,66.67
8/8/2018,2935.87,7335.87,0.44,66.72
8/9/2018,2928.87,7328.87,0.54,66.57
8/10/2018,2887.87,7287.87,1.09,65.63
8/11/2018,2887.87,7287.87,1.09,65.63
8/12/2018,2887.87,7287.87,1.09,65.63
8/13/2018,2874.87,7274.87,1.27,65.34
8/14/2018,2909.87,7309.87,0.79,66.13
8/15/2018,2857.87,7257.87,1.5,64.95
8/16/2018,2908.87,7308.87,0.81,66.11
8/17/2018,2931.87,7331.87,0.5,66.63
8/18/2018,2931.87,7331.87,0.5,66.63
8/19/2018,2931.87,7331.87,0.5,66.63
8/20/2018,2944.87,7344.87,0.32,66.93
8/21/2018,2954.87,7354.87,0.18,67.16
8/22/2018,2953.87,7353.87,0.2,67.13
8/23/2018,2940.87,7340.87,0.37,66.84
8/24/2018,2967.87,7367.87,0.01,67.45
8/25/2018,2967.87,7367.87,0.01,67.45
8/26/2018,2967.87,7367.87,0.01,67.45
8/27/2018,2990.33,7390.33,0,67.96
8/28/2018,2993.33,7393.33,0,68.03
8/29/2018,3018.33,7418.33,0,68.6
8/30/2018,2990.33,7390.33,0.38,67.96
8/31/2018,2999.33,7399.33,0.26,68.17
9/1/2018,2999.33,7399.33,0.26,68.17
9/2/2018,2999.33,7399.33,0.26,68.17
9/3/2018,2999.33,7399.33,0.26,68.17
9/4/2018,2995.33,7395.33,0.31,68.08
9/5/2018,2984.33,7384.33,0.46,67.83
9/6/2018,2972.33,7372.33,0.62,67.55
9/7/2018,2956.33,7356.33,0.84,67.19
9/8/2018,2956.33,7356.33,0.84,67.19
9/9/2018,2956.33,7356.33,0.84,67.19
9/10/2018,2977.33,7377.33,0.55,67.67
9/11/2018,3000.33,7400.33,0.24,68.19
9/12/2018,3010.33,7410.33,0.11,68.42
9/13/2018,3029.33,7429.33,0,68.85
9/14/2018,3037.79,7437.79,0,69.04
9/15/2018,3037.79,7437.79,0,69.04
9/16/2018,3037.79,7437.79,0,69.04
9/17/2018,3006.79,7406.79,0.42,68.34
9/18/2018,3039.79,7439.79,0,69.09
9/19/2018,3047.79,7447.79,0,69.27
9/20/2018,3071.79,7471.79,0,69.81
9/21/2018,3070.79,7470.79,0.01,69.79
9/22/2018,3070.79,7470.79,0.01,69.79
9/23/2018,3070.79,7470.79,0.01,69.79
9/24/2018,3058.79,7458.79,0.17,69.52
9/25/2018,3057.79,7457.79,0.19,69.5
9/26/2018,3058.79,7458.79,0.17,69.52
9/27/2018,3058.79,7458.79,0.17,69.52
9/28/2018,3063.79,7463.79,0.11,69.63
9/29/2018,3063.79,7463.79,0.11,69.63
9/30/2018,3063.79,7463.79,0.11,69.63
10/1/2018,3072.79,7472.79,0,69.84
10/2/2018,3078.79,7478.79,0,69.97
10/3/2018,3079.79,7479.79,0,70
10/4/2018,3027.79,7427.79,0.7,68.81
10/5/2018,2999.25,7399.25,1.08,68.16
10/6/2018,2999.25,7399.25,1.08,68.16
10/7/2018,2999.25,7399.25,1.08,68.16
10/8/2018,3009.25,7409.25,0.94,68.39
10/9/2018,3003.25,7403.25,1.02,68.26
10/10/2018,2852.25,7252.25,3.04,64.82
10/11/2018,2727.25,7127.25,4.71,61.98
10/12/2018,2769.25,7169.25,4.15,62.94
10/13/2018,2769.25,7169.25,4.15,62.94
10/14/2018,2769.25,7169.25,4.15,62.94
10/15/2018,2774.25,7174.25,4.08,63.05
10/16/2018,2883.25,7283.25,2.63,65.53
10/17/2018,2876.25,7276.25,2.72,65.37
10/18/2018,2789.25,7189.25,3.88,63.39
10/19/2018,2791.25,7191.25,3.86,63.44
10/20/2018,2791.25,7191.25,3.86,63.44
10/21/2018,2791.25,7191.25,3.86,63.44
10/22/2018,2751.25,7151.25,4.39,62.53
10/23/2018,2695.25,7095.25,5.14,61.26
10/24/2018,2527.25,6927.25,7.39,57.44
10/25/2018,2593.25,6993.25,6.5,58.94
10/26/2018,2443.72,6843.719999999999,8.5,55.54
10/27/2018,2443.72,6843.719999999999,8.5,55.54
10/28/2018,2443.72,6843.719999999999,8.5,55.54
10/29/2018,2345.72,6745.719999999999,9.81,53.31
10/30/2018,2481.72,6881.719999999999,8,56.4
10/31/2018,2567.72,6967.719999999999,6.85,58.36
11/1/2018,2595.18,6995.18,6.48,58.98
11/2/2018,2570.18,6970.18,6.81,58.41
11/3/2018,2570.18,6970.18,6.81,58.41
11/4/2018,2570.18,6970.18,6.81,58.41
11/5/2018,2597.18,6997.18,6.45,59.03
11/6/2018,2615.18,7015.18,6.21,59.44
11/7/2018,2704.64,7104.639999999999,5.02,61.47
11/8/2018,2696.64,7096.639999999999,5.12,61.29
11/9/2018,2675.64,7075.639999999999,5.4,60.81
11/10/2018,2675.64,7075.639999999999,5.4,60.81
11/11/2018,2675.64,7075.639999999999,5.4,60.81
11/12/2018,2559.64,6959.639999999999,6.95,58.17
11/13/2018,2534.64,6934.639999999999,7.29,57.61
11/14/2018,2500.64,6900.639999999999,7.74,56.83
11/15/2018,2538.64,6938.639999999999,7.23,57.7
11/16/2018,2586.64,6986.639999999999,6.59,58.79
11/17/2018,2586.64,6986.639999999999,6.59,58.79
11/18/2018,2586.64,6986.639999999999,6.59,58.79
11/19/2018,2430.64,6830.639999999999,8.68,55.24
11/20/2018,2309.64,6709.639999999999,10.3,52.49
11/21/2018,2315.64,6715.639999999999,10.22,52.63
11/22/2018,2315.64,6715.639999999999,10.22,52.63
11/23/2018,2238.64,6638.639999999999,11.25,50.88
11/24/2018,2238.64,6638.639999999999,11.25,50.88
11/25/2018,2238.64,6638.639999999999,11.25,50.88
11/26/2018,2360.64,6760.639999999999,9.61,53.65
11/27/2018,2387.64,6787.639999999999,9.25,54.26
11/28/2018,2573.64,6973.639999999999,6.77,58.49
11/29/2018,2602.64,7002.639999999999,6.38,59.15
11/30/2018,2626.1,7026.1,6.07,59.68
12/1/2018,2626.1,7026.1,6.07,59.68
12/2/2018,2626.1,7026.1,6.07,59.68
12/3/2018,2693.1,7093.1,5.17,61.21
12/4/2018,2532.1,6932.1,7.32,57.55
12/5/2018,2527.1,6927.1,7.39,57.43
12/6/2018,2509.1,6909.1,7.63,57.03
12/7/2018,2422.1,6822.1,8.79,55.05
12/8/2018,2422.1,6822.1,8.79,55.05
12/9/2018,2422.1,6822.1,8.79,55.05
12/10/2018,2378.1,6778.1,9.38,54.05
12/11/2018,2392.1,6792.1,9.19,54.37
12/12/2018,2442.1,6842.1,8.53,55.5
12/13/2018,2408.1,6808.1,8.98,54.73
12/14/2018,2205.1,6605.1,11.69,50.12
12/15/2018,2205.1,6605.1,11.69,50.12
12/16/2018,2205.1,6605.1,11.69,50.12
12/17/2018,1999.1,6399.1,14.45,45.43
12/18/2018,2061.1,6461.1,13.62,46.84
12/19/2018,1885.1,6285.1,15.97,42.84
12/20/2018,1785.1,6185.1,17.31,40.57
12/21/2018,1706.56,6106.5599999999995,18.36,38.79
12/22/2018,1706.56,6106.5599999999995,18.36,38.79
12/23/2018,1706.56,6106.5599999999995,18.36,38.79
12/24/2018,1587.56,5987.5599999999995,19.95,36.08
12/25/2018,1587.56,5987.5599999999995,19.95,36.08
12/26/2018,1737.56,6137.5599999999995,17.94,39.49
12/27/2018,1751.56,6151.5599999999995,17.76,39.81
12/28/2018,1774.56,6174.5599999999995,17.45,40.33
12/29/2018,1774.56,6174.5599999999995,17.45,40.33
12/30/2018,1774.56,6174.5599999999995,17.45,40.33
12/31/2018,1822.56,6222.5599999999995,16.81,41.42
1/1/2019,1822.56,6222.5599999999995,16.81,41.42
1/2/2019,1845.03,6245.03,16.51,41.93
1/3/2019,1767.03,6167.03,17.55,40.16
1/4/2019,1889.03,6289.03,15.92,42.93
1/5/2019,1889.03,6289.03,15.92,42.93
1/6/2019,1889.03,6289.03,15.92,42.93
1/7/2019,1927.03,6327.03,15.41,43.8
1/8/2019,1951.03,6351.03,15.09,44.34
1/9/2019,1962.49,6362.49,14.94,44.6
1/10/2019,1986.49,6386.49,14.62,45.15
1/11/2019,1998.49,6398.49,14.46,45.42
1/12/2019,1998.49,6398.49,14.46,45.42
1/13/2019,1998.49,6398.49,14.46,45.42
1/14/2019,1993.49,6393.49,14.52,45.31
1/15/2019,2035.49,6435.49,13.96,46.26
1/16/2019,2048.49,6448.49,13.79,46.56
1/17/2019,2063.95,6463.95,13.58,46.91
1/18/2019,2107.95,6507.95,12.99,47.91
1/19/2019,2107.95,6507.95,12.99,47.91
1/20/2019,2107.95,6507.95,12.99,47.91
1/21/2019,2107.95,6507.95,12.99,47.91
1/22/2019,2032.95,6432.95,14,46.2
1/23/2019,2055.95,6455.95,13.69,46.73
1/24/2019,2072.95,6472.95,13.46,47.11
1/25/2019,2109.95,6509.95,12.97,47.95
1/26/2019,2109.95,6509.95,12.97,47.95
1/27/2019,2109.95,6509.95,12.97,47.95
1/28/2019,2072.95,6472.95,13.46,47.11
1/29/2019,2074.95,6474.95,13.43,47.16
1/30/2019,2136.95,6536.95,12.61,48.57
1/31/2019,2162.41,6562.41,12.26,49.15
2/1/2019,2176.41,6576.41,12.08,49.46
2/2/2019,2176.41,6576.41,12.08,49.46
2/3/2019,2176.41,6576.41,12.08,49.46
2/4/2019,2203.41,6603.41,11.72,50.08
2/5/2019,2227.41,6627.41,11.4,50.62
2/6/2019,2223.41,6623.41,11.45,50.53
2/7/2019,2181.41,6581.41,12.01,49.58
2/8/2019,2182.41,6582.41,12,49.6
2/9/2019,2182.41,6582.41,12,49.6
2/10/2019,2182.41,6582.41,12,49.6
2/11/2019,2200.41,6600.41,11.76,50.01
2/12/2019,2248.41,6648.41,11.12,51.1
2/13/2019,2256.87,6656.87,11,51.29
2/14/2019,2251.87,6651.87,11.07,51.18
2/15/2019,2292.87,6692.87,10.52,52.11
2/16/2019,2292.87,6692.87,10.52,52.11
2/17/2019,2292.87,6692.87,10.52,52.11
2/18/2019,2292.87,6692.87,10.52,52.11
2/19/2019,2312.87,6712.87,10.25,52.57
2/20/2019,2319.87,6719.87,10.16,52.72
2/21/2019,2299.87,6699.87,10.43,52.27
2/22/2019,2331.87,6731.87,10,53
2/23/2019,2331.87,6731.87,10,53
2/24/2019,2331.87,6731.87,10,53
2/25/2019,2343.34,6743.34,9.85,53.26
2/26/2019,2341.34,6741.34,9.87,53.21
2/27/2019,2334.34,6734.34,9.97,53.05
2/28/2019,2332.34,6732.34,9.99,53.01
3/1/2019,2373.34,6773.34,9.44,53.94
3/2/2019,2373.34,6773.34,9.44,53.94
3/3/2019,2373.34,6773.34,9.44,53.94
3/4/2019,2347.34,6747.34,9.79,53.35
3/5/2019,2357.34,6757.34,9.66,53.58
3/6/2019,2316.34,6716.34,10.21,52.64
3/7/2019,2259.34,6659.34,10.97,51.35
3/8/2019,2242.34,6642.34,11.2,50.96
3/9/2019,2242.34,6642.34,11.2,50.96
3/10/2019,2242.34,6642.34,11.2,50.96
3/11/2019,2347.34,6747.34,9.79,53.35
3/12/2019,2372.34,6772.34,9.46,53.92
3/13/2019,2399.34,6799.34,9.1,54.53
3/14/2019,2399.34,6799.34,9.1,54.53
3/15/2019,2412.8,6812.8,8.92,54.84
3/16/2019,2412.8,6812.8,8.92,54.84
3/17/2019,2412.8,6812.8,8.92,54.84
3/18/2019,2426.8,6826.8,8.73,55.15
3/19/2019,2411.8,6811.8,8.93,54.81
3/20/2019,2415.8,6815.8,8.88,54.9
3/21/2019,2443.8,6843.8,8.5,55.54
3/22/2019,2355.8,6755.8,9.68,53.54
3/23/2019,2355.8,6755.8,9.68,53.54
3/24/2019,2355.8,6755.8,9.68,53.54
3/25/2019,2352.8,6752.8,9.72,53.47
3/26/2019,2375.8,6775.8,9.41,54
3/27/2019,2382.8,6782.8,9.32,54.15
3/28/2019,2398.8,6798.8,9.1,54.52
3/29/2019,2432.8,6832.8,8.65,55.29
3/30/2019,2432.8,6832.8,8.65,55.29
3/31/2019,2432.8,6832.8,8.65,55.29
4/1/2019,2469.26,6869.26,8.16,56.12
4/2/2019,2481.26,6881.26,8,56.39
4/3/2019,2481.26,6881.26,8,56.39
4/4/2019,2491.26,6891.26,7.87,56.62
4/5/2019,2515.26,6915.26,7.55,57.17
4/6/2019,2515.26,6915.26,7.55,57.17
4/7/2019,2515.26,6915.26,7.55,57.17
4/8/2019,2521.26,6921.26,7.47,57.3
4/9/2019,2502.26,6902.26,7.72,56.87
4/10/2019,2518.26,6918.26,7.51,57.23
4/11/2019,2521.26,6921.26,7.47,57.3
4/12/2019,2542.72,6942.719999999999,7.18,57.79
4/13/2019,2542.72,6942.719999999999,7.18,57.79
4/14/2019,2542.72,6942.719999999999,7.18,57.79
4/15/2019,2546.72,6946.719999999999,7.13,57.88
4/16/2019,2549.72,6949.719999999999,7.09,57.95
4/17/2019,2544.72,6944.719999999999,7.15,57.83
4/18/2019,2554.72,6954.719999999999,7.02,58.06
4/19/2019,2554.72,6954.719999999999,7.02,58.06
4/20/2019,2554.72,6954.719999999999,7.02,58.06
4/21/2019,2554.72,6954.719999999999,7.02,58.06
4/22/2019,2564.72,6964.719999999999,6.89,58.29
4/23/2019,2593.72,6993.719999999999,6.5,58.95
4/24/2019,2591.72,6991.719999999999,6.53,58.9
4/25/2019,2592.72,6992.719999999999,6.51,58.93
4/26/2019,2599.72,6999.719999999999,6.42,59.08
4/27/2019,2599.72,6999.719999999999,6.42,59.08
4/28/2019,2599.72,6999.719999999999,6.42,59.08
4/29/2019,2605.18,7005.18,6.35,59.21
4/30/2019,2602.18,7002.18,6.39,59.14
5/1/2019,2584.18,6984.18,6.63,58.73
5/2/2019,2551.18,6951.18,7.07,57.98
5/3/2019,2605.18,7005.18,6.35,59.21
5/4/2019,2605.18,7005.18,6.35,59.21
5/5/2019,2605.18,7005.18,6.35,59.21
5/6/2019,2579.18,6979.18,6.69,58.62
5/7/2019,2454.18,6854.18,8.36,55.78
5/8/2019,2489.18,6889.18,7.9,56.57
5/9/2019,2456.18,6856.18,8.34,55.82
5/10/2019,2475.18,6875.18,8.08,56.25
5/11/2019,2475.18,6875.18,8.08,56.25
5/12/2019,2475.18,6875.18,8.08,56.25
5/13/2019,2304.18,6704.18,10.37,52.37
5/14/2019,2374.18,6774.18,9.43,53.96
5/15/2019,2416.18,6816.18,8.87,54.91
5/16/2019,2472.18,6872.18,8.12,56.19
5/17/2019,2435.65,6835.65,8.61,55.36
5/18/2019,2435.65,6835.65,8.61,55.36
5/19/2019,2435.65,6835.65,8.61,55.36
5/20/2019,2404.65,6804.65,9.03,54.65
5/21/2019,2452.65,6852.65,8.38,55.74
5/22/2019,2453.65,6853.65,8.37,55.76
5/23/2019,2359.65,6759.65,9.63,53.63
5/24/2019,2392.65,6792.65,9.19,54.38
5/25/2019,2392.65,6792.65,9.19,54.38
5/26/2019,2392.65,6792.65,9.19,54.38
5/27/2019,2392.65,6792.65,9.19,54.38
5/28/2019,2339.65,6739.65,9.9,53.17
5/29/2019,2287.65,6687.65,10.59,51.99
5/30/2019,2302.65,6702.65,10.39,52.33
5/31/2019,2205.65,6605.65,11.69,50.13
6/1/2019,2205.65,6605.65,11.69,50.13
6/2/2019,2205.65,6605.65,11.69,50.13
6/3/2019,2151.65,6551.65,12.41,48.9
6/4/2019,2333.65,6733.65,9.98,53.04
6/5/2019,2408.65,6808.65,8.97,54.74
6/6/2019,2467.65,6867.65,8.18,56.08
6/7/2019,2506.11,6906.110000000001,7.67,56.96
6/8/2019,2506.11,6906.110000000001,7.67,56.96
6/9/2019,2506.11,6906.110000000001,7.67,56.96
6/10/2019,2526.11,6926.110000000001,7.4,57.41
6/11/2019,2520.11,6920.110000000001,7.48,57.28
6/12/2019,2515.11,6915.110000000001,7.55,57.16
6/13/2019,2526.11,6926.110000000001,7.4,57.41
6/14/2019,2539.11,6939.110000000001,7.23,57.71
6/15/2019,2539.11,6939.110000000001,7.23,57.71
6/16/2019,2539.11,6939.110000000001,7.23,57.71
6/17/2019,2547.11,6947.110000000001,7.12,57.89
6/18/2019,2579.11,6979.110000000001,6.69,58.62
6/19/2019,2600.57,7000.57,6.41,59.1
6/20/2019,2632.57,7032.57,5.98,59.83
6/21/2019,2629.57,7029.57,6.02,59.76
6/22/2019,2629.57,7029.57,6.02,59.76
6/23/2019,2629.57,7029.57,6.02,59.76
6/24/2019,2618.57,7018.57,6.17,59.51
6/25/2019,2572.57,6972.57,6.78,58.47
6/26/2019,2574.57,6974.57,6.75,58.51
6/27/2019,2595.57,6995.57,6.47,58.99
6/28/2019,2611.57,7011.57,6.26,59.35
6/29/2019,2611.57,7011.57,6.26,59.35
6/30/2019,2611.57,7011.57,6.26,59.35
7/1/2019,2669.57,7069.57,5.48,60.67
7/2/2019,2685.57,7085.57,5.27,61.04
7/3/2019,2704.03,7104.030000000001,5.02,61.46
7/4/2019,2704.03,7104.030000000001,5.02,61.46
7/5/2019,2703.03,7103.030000000001,5.04,61.43
7/6/2019,2703.03,7103.030000000001,5.04,61.43
7/7/2019,2703.03,7103.030000000001,5.04,61.43
7/8/2019,2687.03,7087.030000000001,5.25,61.07
7/9/2019,2684.03,7084.030000000001,5.29,61
7/10/2019,2716.03,7116.030000000001,4.86,61.73
7/11/2019,2724.03,7124.030000000001,4.76,61.91
7/12/2019,2747.03,7147.030000000001,4.45,62.43
7/13/2019,2747.03,7147.030000000001,4.45,62.43
7/14/2019,2747.03,7147.030000000001,4.45,62.43
7/15/2019,2756.03,7156.030000000001,4.33,62.64
7/16/2019,2753.03,7153.030000000001,4.37,62.57
7/17/2019,2727.03,7127.030000000001,4.72,61.98
7/18/2019,2731.03,7131.030000000001,4.66,62.07
7/19/2019,2717.03,7117.030000000001,4.85,61.75
7/20/2019,2717.03,7117.030000000001,4.85,61.75
7/21/2019,2717.03,7117.030000000001,4.85,61.75
7/22/2019,2724.03,7124.030000000001,4.76,61.91
7/23/2019,2761.03,7161.030000000001,4.26,62.75
7/24/2019,2775.49,7175.49,4.07,63.08
7/25/2019,2755.49,7155.49,4.34,62.62
7/26/2019,2788.49,7188.49,3.89,63.37
7/27/2019,2788.49,7188.49,3.89,63.37
7/28/2019,2788.49,7188.49,3.89,63.37
7/29/2019,2786.49,7186.49,3.92,63.33
7/30/2019,2764.49,7164.49,4.22,62.83
7/31/2019,2738.49,7138.49,4.56,62.24
8/1/2019,2675.49,7075.49,5.41,60.81
8/2/2019,2623.49,7023.49,6.1,59.62
8/3/2019,2623.49,7023.49,6.1,59.62
8/4/2019,2623.49,7023.49,6.1,59.62
8/5/2019,2460.49,6860.49,8.28,55.92
8/6/2019,2507.49,6907.49,7.65,56.99
8/7/2019,2528.49,6928.49,7.37,57.47
8/8/2019,2645.49,7045.49,5.81,60.12
8/9/2019,2625.96,7025.96,6.07,59.68
8/10/2019,2625.96,7025.96,6.07,59.68
8/11/2019,2625.96,7025.96,6.07,59.68
8/12/2019,2536.96,6936.96,7.26,57.66
8/13/2019,2612.96,7012.96,6.24,59.39
8/14/2019,2453.96,6853.96,8.37,55.77
8/15/2019,2465.96,6865.96,8.21,56.04
8/16/2019,2554.96,6954.96,7.02,58.07
8/17/2019,2554.96,6954.96,7.02,58.07
8/18/2019,2554.96,6954.96,7.02,58.07
8/19/2019,2640.96,7040.96,5.87,60.02
8/20/2019,2607.96,7007.96,6.31,59.27
8/21/2019,2641.96,7041.96,5.85,60.04
8/22/2019,2644.96,7044.96,5.81,60.11
8/23/2019,2477.96,6877.96,8.05,56.32
8/24/2019,2477.96,6877.96,8.05,56.32
8/25/2019,2477.96,6877.96,8.05,56.32
8/26/2019,2522.96,6922.96,7.44,57.34
8/27/2019,2528.96,6928.96,7.36,57.48
8/28/2019,2573.96,6973.96,6.76,58.5
8/29/2019,2657.96,7057.96,5.64,60.41
8/30/2019,2649.42,7049.42,5.75,60.21
8/31/2019,2649.42,7049.42,5.75,60.21
9/1/2019,2649.42,7049.42,5.75,60.21
9/2/2019,2649.42,7049.42,5.75,60.21
9/3/2019,2630.42,7030.42,6.01,59.78
9/4/2019,2687.42,7087.42,5.25,61.08
9/5/2019,2745.42,7145.42,4.47,62.4
9/6/2019,2756.88,7156.88,4.32,62.66
9/7/2019,2756.88,7156.88,4.32,62.66
9/8/2019,2756.88,7156.88,4.32,62.66
9/9/2019,2756.88,7156.88,4.32,62.66
9/10/2019,2747.88,7147.88,4.44,62.45
9/11/2019,2782.88,7182.88,3.97,63.25
9/12/2019,2812.88,7212.88,3.57,63.93
9/13/2019,2812.88,7212.88,3.57,63.93
9/14/2019,2812.88,7212.88,3.57,63.93
9/15/2019,2812.88,7212.88,3.57,63.93
9/16/2019,2795.88,7195.88,3.8,63.54
9/17/2019,2806.88,7206.88,3.65,63.79
9/18/2019,2813.88,7213.88,3.56,63.95
9/19/2019,2822.88,7222.88,3.43,64.16
9/20/2019,2793.88,7193.88,3.82,63.5
9/21/2019,2793.88,7193.88,3.82,63.5
9/22/2019,2793.88,7193.88,3.82,63.5
9/23/2019,2807.88,7207.88,3.64,63.82
9/24/2019,2747.88,7147.88,4.44,62.45
9/25/2019,2795.88,7195.88,3.8,63.54
9/26/2019,2791.88,7191.88,3.85,63.45
9/27/2019,2734.34,7134.34,4.62,62.14
9/28/2019,2734.34,7134.34,4.62,62.14
9/29/2019,2734.34,7134.34,4.62,62.14
9/30/2019,2772.34,7172.34,4.11,63.01
10/1/2019,2719.34,7119.34,4.82,61.8
10/2/2019,2624.34,7024.34,6.09,59.64
10/3/2019,2652.34,7052.34,5.71,60.28
10/4/2019,2737.34,7137.34,4.58,62.21
10/5/2019,2737.34,7137.34,4.58,62.21
10/6/2019,2737.34,7137.34,4.58,62.21
10/7/2019,2734.34,7134.34,4.62,62.14
10/8/2019,2657.34,7057.34,5.65,60.39
10/9/2019,2698.34,7098.34,5.1,61.33
10/10/2019,2726.34,7126.34,4.73,61.96
10/11/2019,2799.34,7199.34,3.75,63.62
10/12/2019,2799.34,7199.34,3.75,63.62
10/13/2019,2799.34,7199.34,3.75,63.62
10/14/2019,2802.34,7202.34,3.71,63.69
10/15/2019,2845.8,7245.8,3.13,64.68
10/16/2019,2837.8,7237.8,3.24,64.5
10/17/2019,2855.8,7255.8,2.99,64.9
10/18/2019,2841.8,7241.8,3.18,64.59
10/19/2019,2841.8,7241.8,3.18,64.59
10/20/2019,2841.8,7241.8,3.18,64.59
10/21/2019,2870.8,7270.8,2.79,65.25
10/22/2019,2861.8,7261.8,2.91,65.04
10/23/2019,2870.8,7270.8,2.79,65.25
10/24/2019,2885.8,7285.8,2.59,65.59
10/25/2019,2911.8,7311.8,2.25,66.18
10/26/2019,2911.8,7311.8,2.25,66.18
10/27/2019,2911.8,7311.8,2.25,66.18
10/28/2019,2930.8,7330.8,1.99,66.61
10/29/2019,2924.8,7324.8,2.07,66.47
10/30/2019,2939.27,7339.27,1.88,66.8
10/31/2019,2922.27,7322.27,2.11,66.42
11/1/2019,2965.27,7365.27,1.53,67.39
11/2/2019,2965.27,7365.27,1.53,67.39
11/3/2019,2965.27,7365.27,1.53,67.39
11/4/2019,2982.27,7382.27,1.3,67.78
11/5/2019,2982.27,7382.27,1.3,67.78
11/6/2019,2978.27,7378.27,1.36,67.69
11/7/2019,2984.27,7384.27,1.28,67.82
11/8/2019,2997.27,7397.27,1.1,68.12
11/9/2019,2997.27,7397.27,1.1,68.12
11/10/2019,2997.27,7397.27,1.1,68.12
11/11/2019,2993.27,7393.27,1.16,68.03
11/12/2019,3000.27,7400.27,1.06,68.19
11/13/2019,3004.27,7404.27,1.01,68.28
11/14/2019,3008.27,7408.27,0.96,68.37
11/15/2019,3025.73,7425.73,0.72,68.77
11/16/2019,3025.73,7425.73,0.72,68.77
11/17/2019,3025.73,7425.73,0.72,68.77
11/18/2019,3031.73,7431.73,0.64,68.9
11/19/2019,3038.73,7438.73,0.55,69.06
11/20/2019,3016.73,7416.73,0.84,68.56
11/21/2019,3005.73,7405.73,0.99,68.31
11/22/2019,3020.73,7420.73,0.79,68.65
11/23/2019,3020.73,7420.73,0.79,68.65
11/24/2019,3020.73,7420.73,0.79,68.65
11/25/2019,3057.73,7457.73,0.29,69.49
11/26/2019,3071.73,7471.73,0.11,69.81
11/27/2019,3083.73,7483.73,0,70.08
11/28/2019,3083.73,7483.73,0,70.08
11/29/2019,3069.73,7469.73,0.19,69.77
11/30/2019,3069.73,7469.73,0.19,69.77
12/1/2019,3069.73,7469.73,0.19,69.77
12/2/2019,3034.73,7434.73,0.65,68.97
12/3/2019,2977.73,7377.73,1.42,67.68
12/4/2019,3026.73,7426.73,0.76,68.79
12/5/2019,3033.73,7433.73,0.67,68.95
12/6/2019,3082.73,7482.73,0.01,70.06
12/7/2019,3082.73,7482.73,0.01,70.06
12/8/2019,3082.73,7482.73,0.01,70.06
12/9/2019,3070.73,7470.73,0.17,69.79
12/10/2019,3061.19,7461.1900000000005,0.3,69.57
12/11/2019,3076.19,7476.1900000000005,0.1,69.91
12/12/2019,3119.19,7519.1900000000005,0,70.89
12/13/2019,3139.19,7539.1900000000005,0,71.35
12/14/2019,3139.19,7539.1900000000005,0,71.35
12/15/2019,3139.19,7539.1900000000005,0,71.35
12/16/2019,3167.65,7567.65,0,71.99
12/17/2019,3172.65,7572.65,0,72.11
12/18/2019,3174.65,7574.65,0,72.15
12/19/2019,3184.65,7584.65,0,72.38
12/20/2019,3201.65,7601.65,0,72.76
12/21/2019,3201.65,7601.65,0,72.76
12/22/2019,3201.65,7601.65,0,72.76
12/23/2019,3203.65,7603.65,0,72.81
12/24/2019,3202.65,7602.65,0.01,72.79
12/25/2019,3202.65,7602.65,0.01,72.79
12/26/2019,3215.65,7615.65,0,73.08
12/27/2019,3205.65,7605.65,0.13,72.86
12/28/2019,3205.65,7605.65,0.13,72.86
12/29/2019,3205.65,7605.65,0.13,72.86
12/30/2019,3181.65,7581.65,0.45,72.31
12/31/2019,3198.65,7598.65,0.22,72.7
1/1/2020,3198.65,7598.65,0.22,72.7
1/2/2020,3226.65,7626.65,0,73.33
1/3/2020,3204.65,7604.65,0.29,72.83
1/4/2020,3204.65,7604.65,0.29,72.83
1/5/2020,3204.65,7604.65,0.29,72.83
1/6/2020,3214.65,7614.65,0.16,73.06
1/7/2020,3216.65,7616.65,0.13,73.11
1/8/2020,3238.11,7638.110000000001,0,73.59
1/9/2020,3255.11,7655.110000000001,0,73.98
1/10/2020,3246.11,7646.110000000001,0.12,73.78
1/11/2020,3246.11,7646.110000000001,0.12,73.78
1/12/2020,3246.11,7646.110000000001,0.12,73.78
1/13/2020,3270.11,7670.110000000001,0,74.32
1/14/2020,3271.11,7671.110000000001,0,74.34
1/15/2020,3276.11,7676.110000000001,0,74.46
1/16/2020,3305.11,7705.110000000001,0,75.12
1/17/2020,3314.11,7714.110000000001,0,75.32
1/18/2020,3314.11,7714.110000000001,0,75.32
1/19/2020,3314.11,7714.110000000001,0,75.32
1/20/2020,3314.11,7714.110000000001,0,75.32
1/21/2020,3308.11,7708.110000000001,0.08,75.18
1/22/2020,3308.11,7708.110000000001,0.08,75.18
1/23/2020,3309.11,7709.110000000001,0.06,75.21
1/24/2020,3262.11,7662.110000000001,0.67,74.14
1/25/2020,3262.11,7662.110000000001,0.67,74.14
1/26/2020,3262.11,7662.110000000001,0.67,74.14
1/27/2020,3195.11,7595.110000000001,1.54,72.62
1/28/2020,3247.11,7647.110000000001,0.87,73.8
1/29/2020,3249.11,7649.110000000001,0.84,73.84
1/30/2020,3252.11,7652.110000000001,0.8,73.91
1/31/2020,3141.58,7541.58,2.24,71.4
2/1/2020,3141.58,7541.58,2.24,71.4
2/2/2020,3141.58,7541.58,2.24,71.4
2/3/2020,3198.58,7598.58,1.5,72.69
2/4/2020,3270.58,7670.58,0.56,74.33
2/5/2020,3299.04,7699.04,0.2,74.98
2/6/2020,3323.04,7723.04,0,75.52
2/7/2020,3303.04,7703.04,0.26,75.07
2/8/2020,3303.04,7703.04,0.26,75.07
2/9/2020,3303.04,7703.04,0.26,75.07
2/10/2020,3321.04,7721.04,0.03,75.48
2/11/2020,3341.04,7741.04,0,75.93
2/12/2020,3372.04,7772.04,0,76.64
2/13/2020,3361.04,7761.04,0.14,76.39
2/14/2020,3370.04,7770.04,0.03,76.59
2/15/2020,3370.04,7770.04,0.03,76.59
2/16/2020,3370.04,7770.04,0.03,76.59
2/17/2020,3370.04,7770.04,0.03,76.59
2/18/2020,3368.04,7768.04,0.05,76.55
2/19/2020,3385.04,7785.04,0,76.93
2/20/2020,3365.04,7765.04,0.26,76.48
2/21/2020,3306.04,7706.04,1.01,75.14
2/22/2020,3306.04,7706.04,1.01,75.14
2/23/2020,3306.04,7706.04,1.01,75.14
2/24/2020,3134.04,7534.04,3.22,71.23
2/25/2020,2905.04,7305.04,6.17,66.02
2/26/2020,2853.04,7253.04,6.83,64.84
2/27/2020,2635.5,7035.5,9.63,59.9
2/28/2020,2428.5,6828.5,12.29,55.19
2/29/2020,2428.5,6828.5,12.29,55.19
3/1/2020,2428.5,6828.5,12.29,55.19
3/2/2020,2712.5,7112.5,8.64,61.65
3/3/2020,2658.5,7058.5,9.33,60.42
3/4/2020,2794.5,7194.5,7.59,63.51
3/5/2020,2617.5,7017.5,9.86,59.49
3/6/2020,2537.5,6937.5,10.89,57.67
3/7/2020,2537.5,6937.5,10.89,57.67
3/8/2020,2537.5,6937.5,10.89,57.67
3/9/2020,2218.5,6618.5,14.98,50.42
3/10/2020,2376.5,6776.5,12.95,54.01
3/11/2020,2158.5,6558.5,15.76,49.06
3/12/2020,1832.5,6232.5,19.94,41.65
3/13/2020,1976.5,6376.5,18.09,44.92
3/14/2020,1976.5,6376.5,18.09,44.92
3/15/2020,1976.5,6376.5,18.09,44.92
3/16/2020,1693.5,6093.5,21.73,38.49
3/17/2020,1766.5,6166.5,20.79,40.15
3/18/2020,1358.5,5758.5,26.03,30.88
3/19/2020,1480.96,5880.96,24.46,33.66
3/20/2020,1409.96,5809.96,25.37,32.04
3/21/2020,1409.96,5809.96,25.37,32.04
3/22/2020,1409.96,5809.96,25.37,32.04
3/23/2020,1254.96,5654.96,27.36,28.52
3/24/2020,1609.96,6009.96,22.8,36.59
3/25/2020,1698.96,6098.96,21.66,38.61
3/26/2020,1754.96,6154.96,20.94,39.89
3/27/2020,1727.96,6127.96,21.29,39.27
3/28/2020,1727.96,6127.96,21.29,39.27
3/29/2020,1727.96,6127.96,21.29,39.27
3/30/2020,1842.42,6242.42,19.82,41.87
3/31/2020,1832.42,6232.42,19.94,41.65
4/1/2020,1560.42,5960.42,23.44,35.46
4/2/2020,1707.42,6107.42,21.55,38.81
4/3/2020,1658.42,6058.42,22.18,37.69
4/4/2020,1658.42,6058.42,22.18,37.69
4/5/2020,1658.42,6058.42,22.18,37.69
4/6/2020,1988.42,6388.42,17.94,45.19
4/7/2020,2023.42,6423.42,17.49,45.99
4/8/2020,2082.42,6482.42,16.73,47.33
4/9/2020,2143.89,6543.889999999999,15.94,48.72
4/10/2020,2143.89,6543.889999999999,15.94,48.72
4/11/2020,2143.89,6543.889999999999,15.94,48.72
4/12/2020,2143.89,6543.889999999999,15.94,48.72
4/13/2020,2113.89,6513.889999999999,16.33,48.04
4/14/2020,2256.89,6656.889999999999,14.49,51.29
4/15/2020,2170.89,6570.889999999999,15.6,49.34
4/16/2020,2174.89,6574.889999999999,15.54,49.43
4/17/2020,2283.89,6683.889999999999,14.14,51.91
4/18/2020,2283.89,6683.889999999999,14.14,51.91
4/19/2020,2283.89,6683.889999999999,14.14,51.91
4/20/2020,2217.89,6617.889999999999,14.99,50.41
4/21/2020,2088.89,6488.889999999999,16.65,47.47
4/22/2020,2211.89,6611.889999999999,15.07,50.27
4/23/2020,2235.89,6635.889999999999,14.76,50.82
4/24/2020,2324.89,6724.889999999999,13.62,52.84
4/25/2020,2324.89,6724.889999999999,13.62,52.84
4/26/2020,2324.89,6724.889999999999,13.62,52.84
4/27/2020,2410.35,6810.35,12.52,54.78
4/28/2020,2393.35,6793.35,12.74,54.39
4/29/2020,2515.35,6915.35,11.17,57.17
4/30/2020,2437.35,6837.35,12.17,55.39
5/1/2020,2294.35,6694.35,14.01,52.14
5/2/2020,2294.35,6694.35,14.01,52.14
5/3/2020,2294.35,6694.35,14.01,52.14
5/4/2020,2337.35,6737.35,13.46,53.12
5/5/2020,2401.35,6801.35,12.64,54.58
5/6/2020,2383.35,6783.35,12.87,54.17
5/7/2020,2451.35,6851.35,11.99,55.71
5/8/2020,2575.35,6975.35,10.4,58.53
5/9/2020,2575.35,6975.35,10.4,58.53
5/10/2020,2575.35,6975.35,10.4,58.53
5/11/2020,2608.81,7008.8099999999995,9.97,59.29
5/12/2020,2520.81,6920.8099999999995,11.1,57.29
5/13/2020,2359.81,6759.8099999999995,13.17,53.63
5/14/2020,2446.81,6846.8099999999995,12.05,55.61
5/15/2020,2480.81,6880.8099999999995,11.61,56.38
5/16/2020,2480.81,6880.8099999999995,11.61,56.38
5/17/2020,2480.81,6880.8099999999995,11.61,56.38
5/18/2020,2668.81,7068.8099999999995,9.2,60.65
5/19/2020,2629.81,7029.8099999999995,9.7,59.77
5/20/2020,2680.81,7080.8099999999995,9.05,60.93
5/21/2020,2645.81,7045.8099999999995,9.5,60.13
5/22/2020,2652.81,7052.8099999999995,9.41,60.29
5/23/2020,2652.81,7052.8099999999995,9.41,60.29
5/24/2020,2652.81,7052.8099999999995,9.41,60.29
5/25/2020,2652.81,7052.8099999999995,9.41,60.29
5/26/2020,2728.81,7128.8099999999995,8.43,62.02
5/27/2020,2769.81,7169.8099999999995,7.9,62.95
5/28/2020,2765.81,7165.8099999999995,7.95,62.86
5/29/2020,2778.27,7178.27,7.79,63.14
5/30/2020,2778.27,7178.27,7.79,63.14
5/31/2020,2778.27,7178.27,7.79,63.14
6/1/2020,2801.27,7201.27,7.5,63.67
6/2/2020,2826.27,7226.27,7.18,64.23
6/3/2020,2905.27,7305.27,6.16,66.03
6/4/2020,2877.27,7277.27,6.52,65.39
6/5/2020,2961.73,7361.73,5.44,67.31
6/6/2020,2961.73,7361.73,5.44,67.31
6/7/2020,2961.73,7361.73,5.44,67.31
6/8/2020,2992.73,7392.73,5.04,68.02
6/9/2020,2973.73,7373.73,5.28,67.58
6/10/2020,2964.73,7364.73,5.4,67.38
6/11/2020,2670.73,7070.73,9.18,60.7
6/12/2020,2696.73,7096.73,8.84,61.29
6/13/2020,2696.73,7096.73,8.84,61.29
6/14/2020,2696.73,7096.73,8.84,61.29
6/15/2020,2725.73,7125.73,8.47,61.95
6/16/2020,2823.73,7223.73,7.21,64.18
6/17/2020,2831.73,7231.73,7.11,64.36
6/18/2020,2829.73,7229.73,7.13,64.31
6/19/2020,2836.73,7236.73,7.04,64.47
6/20/2020,2836.73,7236.73,7.04,64.47
6/21/2020,2836.73,7236.73,7.04,64.47
6/22/2020,2858.73,7258.73,6.76,64.97
6/23/2020,2906.73,7306.73,6.14,66.06
6/24/2020,2754.73,7154.73,8.1,62.61
6/25/2020,2795.73,7195.73,7.57,63.54
6/26/2020,2670.2,7070.2,9.18,60.69
6/27/2020,2670.2,7070.2,9.18,60.69
6/28/2020,2670.2,7070.2,9.18,60.69
6/29/2020,2718.2,7118.2,8.57,61.78
6/30/2020,2803.2,7203.2,7.47,63.71
7/1/2020,2845.2,7245.2,6.93,64.66
7/2/2020,2860.66,7260.66,6.74,65.02
7/3/2020,2860.66,7260.66,6.74,65.02
7/4/2020,2860.66,7260.66,6.74,65.02
7/5/2020,2860.66,7260.66,6.74,65.02
7/6/2020,2911.66,7311.66,6.08,66.17
7/7/2020,2878.66,7278.66,6.5,65.42
7/8/2020,2901.66,7301.66,6.21,65.95
7/9/2020,2877.66,7277.66,6.52,65.4
7/10/2020,2931.66,7331.66,5.82,66.63
7/11/2020,2931.66,7331.66,5.82,66.63
7/12/2020,2931.66,7331.66,5.82,66.63
7/13/2020,2905.66,7305.66,6.16,66.04
7/14/2020,2937.66,7337.66,5.75,66.77
7/15/2020,2989.66,7389.66,5.08,67.95
7/16/2020,2991.66,7391.66,5.05,67.99
7/17/2020,3020.12,7420.12,4.69,68.64
7/18/2020,3020.12,7420.12,4.69,68.64
7/19/2020,3020.12,7420.12,4.69,68.64
7/20/2020,3084.12,7484.12,3.87,70.09
7/21/2020,3081.12,7481.12,3.9,70.03
7/22/2020,3108.12,7508.12,3.56,70.64
7/23/2020,3049.12,7449.12,4.31,69.3
7/24/2020,3019.12,7419.12,4.7,68.62
7/25/2020,3019.12,7419.12,4.7,68.62
7/26/2020,3019.12,7419.12,4.7,68.62
7/27/2020,3084.12,7484.12,3.87,70.09
7/28/2020,3062.12,7462.12,4.15,69.59
7/29/2020,3128.12,7528.12,3.3,71.09
7/30/2020,3093.12,7493.12,3.75,70.3
7/31/2020,3126.12,7526.12,3.33,71.05
8/1/2020,3126.12,7526.12,3.33,71.05
8/2/2020,3126.12,7526.12,3.33,71.05
8/3/2020,3180.58,7580.58,2.63,72.29
8/4/2020,3189.58,7589.58,2.51,72.49
8/5/2020,3232.58,7632.58,1.96,73.47
8/6/2020,3270.58,7670.58,1.47,74.33
8/7/2020,3278.58,7678.58,1.37,74.51
8/8/2020,3278.58,7678.58,1.37,74.51
8/9/2020,3278.58,7678.58,1.37,74.51
8/10/2020,3292.58,7692.58,1.19,74.83
8/11/2020,3261.58,7661.58,1.59,74.13
8/12/2020,3323.58,7723.58,0.79,75.54
8/13/2020,3317.58,7717.58,0.87,75.4
8/14/2020,3308.58,7708.58,0.98,75.2
8/15/2020,3308.58,7708.58,0.98,75.2
8/16/2020,3308.58,7708.58,0.98,75.2
8/17/2020,3345.04,7745.04,0.51,76.02
8/18/2020,3359.04,7759.04,0.33,76.34
8/19/2020,3346.04,7746.04,0.5,76.05
8/20/2020,3363.04,7763.04,0.28,76.43
8/21/2020,3375.04,7775.04,0.13,76.71
8/22/2020,3375.04,7775.04,0.13,76.71
8/23/2020,3375.04,7775.04,0.13,76.71
8/24/2020,3411.04,7811.04,0,77.52
8/25/2020,3427.04,7827.04,0,77.89
8/26/2020,3444.04,7844.04,0,78.27
8/27/2020,3452.04,7852.04,0,78.46
8/28/2020,3473.51,7873.51,0,78.94
8/29/2020,3473.51,7873.51,0,78.94
8/30/2020,3473.51,7873.51,0,78.94
8/31/2020,3465.51,7865.51,0.1,78.76
9/1/2020,3479.51,7879.51,0,79.08
9/2/2020,3531.51,7931.51,0,80.26
9/3/2020,3288.51,7688.51,3.06,74.74
9/4/2020,3309.51,7709.51,2.8,75.22
9/5/2020,3309.51,7709.51,2.8,75.22
9/6/2020,3309.51,7709.51,2.8,75.22
9/7/2020,3309.51,7709.51,2.8,75.22
9/8/2020,3071.51,7471.51,5.8,69.81
9/9/2020,3249.51,7649.51,3.56,73.85
9/10/2020,3074.51,7474.51,5.76,69.88
9/11/2020,3054.51,7454.51,6.01,69.42
9/12/2020,3054.51,7454.51,6.01,69.42
9/13/2020,3054.51,7454.51,6.01,69.42
9/14/2020,3242.51,7642.51,3.64,73.69
9/15/2020,3268.51,7668.51,3.32,74.28
9/16/2020,3290.51,7690.51,3.04,74.78
9/17/2020,3109.51,7509.51,5.32,70.67
9/18/2020,3023.97,7423.969999999999,6.4,68.73
9/19/2020,3023.97,7423.969999999999,6.4,68.73
9/20/2020,3023.97,7423.969999999999,6.4,68.73
9/21/2020,2910.97,7310.969999999999,7.82,66.16
9/22/2020,3013.97,7413.969999999999,6.53,68.5
9/23/2020,2864.97,7264.969999999999,8.4,65.11
9/24/2020,2876.97,7276.969999999999,8.25,65.39
9/25/2020,2989.97,7389.969999999999,6.83,67.95
9/26/2020,2989.97,7389.969999999999,6.83,67.95
9/27/2020,2989.97,7389.969999999999,6.83,67.95
9/28/2020,3096.97,7496.969999999999,5.48,70.39
9/29/2020,3075.97,7475.969999999999,5.74,69.91
9/30/2020,3112.97,7512.969999999999,5.28,70.75
10/1/2020,3121.97,7521.969999999999,5.16,70.95
10/2/2020,3115.97,7515.969999999999,5.24,70.82
10/3/2020,3115.97,7515.969999999999,5.24,70.82
10/4/2020,3115.97,7515.969999999999,5.24,70.82
10/5/2020,3196.97,7596.969999999999,4.22,72.66
10/6/2020,3145.97,7545.969999999999,4.86,71.5
10/7/2020,3236.43,7636.43,3.72,73.56
10/8/2020,3289.43,7689.43,3.05,74.76
10/9/2020,3352.43,7752.43,2.26,76.19
10/10/2020,3352.43,7752.43,2.26,76.19
10/11/2020,3352.43,7752.43,2.26,76.19
10/12/2020,3422.43,7822.43,1.38,77.78
10/13/2020,3400.43,7800.43,1.65,77.28
10/14/2020,3379.43,7779.43,1.92,76.81
10/15/2020,3362.43,7762.43,2.13,76.42
10/16/2020,3374.43,7774.43,1.98,76.69
10/17/2020,3374.43,7774.43,1.98,76.69
10/18/2020,3374.43,7774.43,1.98,76.69
10/19/2020,3293.43,7693.43,3,74.85
10/20/2020,3321.43,7721.43,2.65,75.49
10/21/2020,3315.43,7715.43,2.72,75.35
10/22/2020,3348.43,7748.43,2.31,76.1
10/23/2020,3373.43,7773.43,1.99,76.67
10/24/2020,3373.43,7773.43,1.99,76.67
10/25/2020,3373.43,7773.43,1.99,76.67
10/26/2020,3226.43,7626.43,3.85,73.33
10/27/2020,3264.43,7664.43,3.37,74.19
10/28/2020,3031.43,7431.43,6.3,68.9
10/29/2020,3127.43,7527.43,5.09,71.08
10/30/2020,2972.89,7372.889999999999,7.04,67.57
10/31/2020,2972.89,7372.889999999999,7.04,67.57
11/1/2020,2972.89,7372.889999999999,7.04,67.57
11/2/2020,3054.89,7454.889999999999,6.01,69.43
11/3/2020,3180.89,7580.889999999999,4.42,72.29
11/4/2020,3274.35,7674.35,3.24,74.42
11/5/2020,3356.35,7756.35,2.21,76.28
11/6/2020,3397.35,7797.35,1.69,77.21
11/7/2020,3397.35,7797.35,1.69,77.21
11/8/2020,3397.35,7797.35,1.69,77.21
11/9/2020,3480.82,7880.82,0.64,79.11
11/10/2020,3424.82,7824.82,1.35,77.84
11/11/2020,3474.82,7874.82,0.71,78.97
11/12/2020,3388.82,7788.82,1.8,77.02
11/13/2020,3517.82,7917.82,0.17,79.95
11/14/2020,3517.82,7917.82,0.17,79.95
11/15/2020,3517.82,7917.82,0.17,79.95
11/16/2020,3565.82,7965.82,0,81.04
11/17/2020,3559.82,7959.82,0.08,80.91
11/18/2020,3534.82,7934.82,0.39,80.34
11/19/2020,3542.82,7942.82,0.29,80.52
11/20/2020,3523.82,7923.82,0.53,80.09
11/21/2020,3523.82,7923.82,0.53,80.09
11/22/2020,3523.82,7923.82,0.53,80.09
11/23/2020,3562.82,7962.82,0.04,80.97
11/24/2020,3637.82,8037.82,0,82.68
11/25/2020,3644.82,8044.82,0,82.84
11/26/2020,3644.82,8044.82,0,82.84
11/27/2020,3650.82,8050.82,0,82.97
11/28/2020,3650.82,8050.82,0,82.97
11/29/2020,3650.82,8050.82,0,82.97
11/30/2020,3651.82,8051.82,0,83
12/1/2020,3693.28,8093.280000000001,0,83.94
12/2/2020,3708.28,8108.280000000001,0,84.28
12/3/2020,3706.28,8106.280000000001,0.02,84.23
12/4/2020,3747.28,8147.280000000001,0,85.17
12/5/2020,3747.28,8147.280000000001,0,85.17
12/6/2020,3747.28,8147.280000000001,0,85.17
12/7/2020,3738.28,8138.280000000001,0.11,84.96
12/8/2020,3774.28,8174.280000000001,0,85.78
12/9/2020,3726.28,8126.280000000001,0.59,84.69
12/10/2020,3733.28,8133.280000000001,0.5,84.85
12/11/2020,3709.28,8109.280000000001,0.8,84.3
12/12/2020,3709.28,8109.280000000001,0.8,84.3
12/13/2020,3709.28,8109.280000000001,0.8,84.3
12/14/2020,3708.28,8108.280000000001,0.81,84.28
12/15/2020,3770.28,8170.280000000001,0.05,85.69
12/16/2020,3803.28,8203.28,0,86.44
12/17/2020,3821.28,8221.28,0,86.85
12/18/2020,3795.28,8195.28,0.32,86.26
12/19/2020,3795.28,8195.28,0.32,86.26
12/20/2020,3795.28,8195.28,0.32,86.26
12/21/2020,3767.28,8167.280000000001,0.66,85.62
12/22/2020,3779.28,8179.280000000001,0.51,85.89
12/23/2020,3828.28,8228.28,0,87.01
12/24/2020,3832.28,8232.28,0,87.1
12/25/2020,3832.28,8232.28,0,87.1
12/26/2020,3832.28,8232.28,0,87.1
12/27/2020,3832.28,8232.28,0,87.1
12/28/2020,3880.74,8280.74,0,88.2
12/29/2020,3862.74,8262.74,0.22,87.79
12/30/2020,3867.74,8267.74,0.16,87.9
12/31/2020,3884.74,8284.74,0,88.29
1/1/2021,3884.74,8284.74,0,88.29
1/2/2021,3884.74,8284.74,0,88.29
1/3/2021,3884.74,8284.74,0,88.29
1/4/2021,3804.74,8204.74,0.97,86.47
1/5/2021,3857.74,8257.74,0.33,87.68
1/6/2021,3883.74,8283.74,0.01,88.27
1/7/2021,3972.74,8372.74,0,90.29
1/8/2021,3989.74,8389.74,0,90.68
1/9/2021,3989.74,8389.74,0,90.68
1/10/2021,3989.74,8389.74,0,90.68
1/11/2021,3950.74,8350.74,0.46,89.79
1/12/2021,3971.74,8371.74,0.21,90.27
1/13/2021,3998.74,8398.74,0,90.88
1/14/2021,3993.74,8393.74,0.06,90.77
1/15/2021,3949.2,8349.2,0.59,89.75
1/16/2021,3949.2,8349.2,0.59,89.75
1/17/2021,3949.2,8349.2,0.59,89.75
1/18/2021,3949.2,8349.2,0.59,89.75
1/19/2021,4012.2,8412.2,0,91.19
1/20/2021,4086.2,8486.2,0,92.87
1/21/2021,4091.2,8491.2,0,92.98
1/22/2021,4084.2,8484.2,0.08,92.82
1/23/2021,4084.2,8484.2,0.08,92.82
1/24/2021,4084.2,8484.2,0.08,92.82
1/25/2021,4077.2,8477.2,0.16,92.66
1/26/2021,4085.2,8485.2,0.07,92.85
1/27/2021,3859.2,8259.2,2.73,87.71
1/28/2021,3984.2,8384.2,1.26,90.55
1/29/2021,3851.2,8251.2,2.83,87.53
1/30/2021,3851.2,8251.2,2.83,87.53
1/31/2021,3851.2,8251.2,2.83,87.53
2/1/2021,3985.2,8385.2,1.25,90.57
2/2/2021,4087.2,8487.2,0.05,92.89
2/3/2021,4115.2,8515.2,0,93.53
2/4/2021,4152.66,8552.66,0,94.38
2/5/2021,4193.66,8593.66,0,95.31
2/6/2021,4193.66,8593.66,0,95.31
2/7/2021,4193.66,8593.66,0,95.31
2/8/2021,4225.66,8625.66,0,96.04
2/9/2021,4235.66,8635.66,0,96.27
2/10/2021,4216.66,8616.66,0.22,95.83
2/11/2021,4234.66,8634.66,0.01,96.24
2/12/2021,4269.66,8669.66,0,97.04
2/13/2021,4269.66,8669.66,0,97.04
2/14/2021,4269.66,8669.66,0,97.04
2/15/2021,4269.66,8669.66,0,97.04
2/16/2021,4284.66,8684.66,0,97.38
2/17/2021,4289.66,8689.66,0,97.49
2/18/2021,4280.66,8680.66,0.1,97.29
2/19/2021,4276.66,8676.66,0.15,97.2
2/20/2021,4276.66,8676.66,0.15,97.2
2/21/2021,4276.66,8676.66,0.15,97.2
2/22/2021,4250.66,8650.66,0.45,96.61
2/23/2021,4259.66,8659.66,0.35,96.81
2/24/2021,4313.13,8713.130000000001,0,98.03
2/25/2021,4129.13,8529.130000000001,2.11,93.84
2/26/2021,4178.13,8578.130000000001,1.55,94.96
2/27/2021,4178.13,8578.130000000001,1.55,94.96
2/28/2021,4178.13,8578.130000000001,1.55,94.96
3/1/2021,4296.13,8696.130000000001,0.2,97.64
3/2/2021,4268.13,8668.130000000001,0.52,97
3/3/2021,4171.13,8571.130000000001,1.63,94.8
3/4/2021,4011.13,8411.130000000001,3.47,91.16
3/5/2021,4212.13,8612.130000000001,1.16,95.73
3/6/2021,4212.13,8612.130000000001,1.16,95.73
3/7/2021,4212.13,8612.130000000001,1.16,95.73
3/8/2021,4198.13,8598.130000000001,1.32,95.41
3/9/2021,4274.13,8674.130000000001,0.45,97.14
3/10/2021,4325.13,8725.130000000001,0,98.3
3/11/2021,4385.13,8785.130000000001,0,99.66
3/12/2021,4400.13,8800.130000000001,0,100
3/13/2021,4400.13,8800.130000000001,0,100
3/14/2021,4400.13,8800.130000000001,0,100
3/15/2021,4444.13,8844.130000000001,0,101
3/16/2021,4453.13,8853.130000000001,0,101.21
3/17/2021,4469.13,8869.130000000001,0,101.57
3/18/2021,4383.13,8783.130000000001,0.97,99.62
3/19/2021,4426.13,8826.130000000001,0.48,100.59
3/20/2021,4426.13,8826.130000000001,0.48,100.59
3/21/2021,4426.13,8826.130000000001,0.48,100.59
3/22/2021,4473.13,8873.130000000001,0,101.66
3/23/2021,4414.13,8814.130000000001,0.66,100.32
3/24/2021,4421.13,8821.130000000001,0.59,100.48
3/25/2021,4453.13,8853.130000000001,0.23,101.21
3/26/2021,4499.59,8899.59,0,102.26
3/27/2021,4499.59,8899.59,0,102.26
3/28/2021,4499.59,8899.59,0,102.26
3/29/2021,4518.59,8918.59,0,102.7
3/30/2021,4514.59,8914.59,0.04,102.6
3/31/2021,4544.59,8944.59,0,103.29
4/1/2021,4590.59,8990.59,0,104.33
4/2/2021,4590.59,8990.59,0,104.33
4/3/2021,4590.59,8990.59,0,104.33
4/4/2021,4590.59,8990.59,0,104.33
4/5/2021,4634.05,9034.05,0,105.32
4/6/2021,4625.05,9025.05,0.1,105.11
4/7/2021,4649.05,9049.05,0,105.66
4/8/2021,4664.05,9064.05,0,106
4/9/2021,4695.05,9095.05,0,106.71
4/10/2021,4695.05,9095.05,0,106.71
4/11/2021,4695.05,9095.05,0,106.71
4/12/2021,4704.05,9104.05,0,106.91
4/13/2021,4721.05,9121.05,0,107.3
4/14/2021,4701.05,9101.05,0.22,106.84
4/15/2021,4752.05,9152.05,0,108
4/16/2021,4759.51,9159.51,0,108.17
4/17/2021,4759.51,9159.51,0,108.17
4/18/2021,4759.51,9159.51,0,108.17
4/19/2021,4708.51,9108.51,0.56,107.01
4/20/2021,4664.51,9064.51,1.04,106.01
4/21/2021,4737.51,9137.51,0.24,107.67
4/22/2021,4670.51,9070.51,0.97,106.15
4/23/2021,4754.51,9154.51,0.05,108.06
4/24/2021,4754.51,9154.51,0.05,108.06
4/25/2021,4754.51,9154.51,0.05,108.06
4/26/2021,4764.51,9164.51,0,108.28
4/27/2021,4772.51,9172.51,0,108.47
4/28/2021,4782.51,9182.51,0,108.69
4/29/2021,4812.51,9212.51,0,109.38
4/30/2021,4756.51,9156.51,0.61,108.1
5/1/2021,4756.51,9156.51,0.61,108.1
5/2/2021,4756.51,9156.51,0.61,108.1
5/3/2021,4803.51,9203.51,0.1,109.17
5/4/2021,4720.51,9120.51,1,107.28
5/5/2021,4770.51,9170.51,0.46,108.42
5/6/2021,4806.51,9206.51,0.07,109.24
5/7/2021,4871.97,9271.970000000001,0,110.73
5/8/2021,4871.97,9271.970000000001,0,110.73
5/9/2021,4871.97,9271.970000000001,0,110.73
5/10/2021,4831.97,9231.970000000001,0.43,109.82
5/11/2021,4711.97,9111.970000000001,1.73,107.09
5/12/2021,4548.97,8948.970000000001,3.48,103.39
5/13/2021,4679.97,9079.970000000001,2.07,106.36
5/14/2021,4798.97,9198.970000000001,0.79,109.07
5/15/2021,4798.97,9198.970000000001,0.79,109.07
5/16/2021,4798.97,9198.970000000001,0.79,109.07
5/17/2021,4770.97,9170.970000000001,1.09,108.43
5/18/2021,4748.97,9148.970000000001,1.33,107.93
5/19/2021,4634.97,9034.970000000001,2.56,105.34
5/20/2021,4793.97,9193.970000000001,0.84,108.95
5/21/2021,4794.97,9194.970000000001,0.83,108.98
5/22/2021,4794.97,9194.970000000001,0.83,108.98
5/23/2021,4794.97,9194.970000000001,0.83,108.98
5/24/2021,4896.97,9296.970000000001,0,111.29
5/25/2021,4871.97,9271.970000000001,0.27,110.73
5/26/2021,4894.97,9294.970000000001,0.02,111.25
5/27/2021,4922.97,9322.970000000001,0,111.89
5/28/2021,4952.44,9352.439999999999,0,112.56
5/29/2021,4952.44,9352.439999999999,0,112.56
5/30/2021,4952.44,9352.439999999999,0,112.56
5/31/2021,4952.44,9352.439999999999,0,112.56
6/1/2021,4936.44,9336.439999999999,0.17,112.19
6/2/2021,4944.44,9344.439999999999,0.09,112.37
6/3/2021,4926.44,9326.439999999999,0.28,111.96
6/4/2021,4984.44,9384.439999999999,0,113.28
6/5/2021,4984.44,9384.439999999999,0,113.28
6/6/2021,4984.44,9384.439999999999,0,113.28
6/7/2021,4985.44,9385.439999999999,0,113.31
6/8/2021,4996.44,9396.439999999999,0,113.56
6/9/2021,4979.44,9379.439999999999,0.18,113.17
6/10/2021,5018.44,9418.439999999999,0,114.06
6/11/2021,5031.44,9431.439999999999,0,114.35
6/12/2021,5031.44,9431.439999999999,0,114.35
6/13/2021,5031.44,9431.439999999999,0,114.35
6/14/2021,5032.44,9432.439999999999,0,114.37
6/15/2021,5036.44,9436.439999999999,0,114.46
6/16/2021,5014.44,9414.439999999999,0.23,113.96
6/17/2021,5025.44,9425.439999999999,0.12,114.21
6/18/2021,4947.9,9347.9,0.94,112.45
6/19/2021,4947.9,9347.9,0.94,112.45
6/20/2021,4947.9,9347.9,0.94,112.45
6/21/2021,5000.9,9400.9,0.38,113.66
6/22/2021,5045.9,9445.9,0,114.68
6/23/2021,5053.9,9453.9,0,114.86
6/24/2021,5072.9,9472.9,0,115.29
6/25/2021,5086.36,9486.36,0,115.6
6/26/2021,5086.36,9486.36,0,115.6
6/27/2021,5086.36,9486.36,0,115.6
6/28/2021,5100.36,9500.36,0,115.92
6/29/2021,5109.36,9509.36,0,116.12
6/30/2021,5117.36,9517.36,0,116.3
7/1/2021,5136.36,9536.36,0,116.74
7/2/2021,5167.36,9567.36,0,117.44
7/3/2021,5167.36,9567.36,0,117.44
7/4/2021,5167.36,9567.36,0,117.44
7/5/2021,5167.36,9567.36,0,117.44
7/6/2021,5160.36,9560.36,0.07,117.28
7/7/2021,5167.36,9567.36,0,117.44
7/8/2021,5105.36,9505.36,0.65,116.03
7/9/2021,5179.36,9579.36,0,117.71
7/10/2021,5179.36,9579.36,0,117.71
7/11/2021,5179.36,9579.36,0,117.71
7/12/2021,5187.82,9587.82,0,117.9
7/13/2021,5169.82,9569.82,0.19,117.5
7/14/2021,5176.82,9576.82,0.11,117.66
7/15/2021,5149.82,9549.82,0.4,117.04
7/16/2021,5095.82,9495.82,0.96,115.81
7/17/2021,5095.82,9495.82,0.96,115.81
7/18/2021,5095.82,9495.82,0.96,115.81
7/19/2021,4930.82,9330.82,2.68,112.06
7/20/2021,5113.82,9513.82,0.77,116.22
7/21/2021,5156.82,9556.82,0.32,117.2
7/22/2021,5175.82,9575.82,0.13,117.63
7/23/2021,5239.82,9639.82,0,119.09
7/24/2021,5239.82,9639.82,0,119.09
7/25/2021,5239.82,9639.82,0,119.09
7/26/2021,5242.82,9642.82,0,119.15
7/27/2021,5205.82,9605.82,0.38,118.31
7/28/2021,5238.82,9638.82,0.04,119.06
7/29/2021,5259.82,9659.82,0,119.54
7/30/2021,5229.82,9629.82,0.31,118.86
7/31/2021,5229.82,9629.82,0.31,118.86
8/1/2021,5229.82,9629.82,0.31,118.86
8/2/2021,5225.82,9625.82,0.35,118.77
8/3/2021,5274.82,9674.82,0,119.88
8/4/2021,5271.82,9671.82,0.03,119.81
8/5/2021,5291.82,9691.82,0,120.27
8/6/2021,5310.28,9710.279999999999,0,120.69
8/7/2021,5310.28,9710.279999999999,0,120.69
8/8/2021,5310.28,9710.279999999999,0,120.69
8/9/2021,5320.28,9720.279999999999,0,120.92
8/10/2021,5324.28,9724.279999999999,0,121.01
8/11/2021,5346.28,9746.279999999999,0,121.51
8/12/2021,5369.28,9769.279999999999,0,122.03
8/13/2021,5386.28,9786.279999999999,0,122.42
8/14/2021,5386.28,9786.279999999999,0,122.42
8/15/2021,5386.28,9786.279999999999,0,122.42
8/16/2021,5392.28,9792.279999999999,0,122.55
8/17/2021,5340.28,9740.279999999999,0.53,121.37
8/18/2021,5298.28,9698.279999999999,0.96,120.42
8/19/2021,5281.28,9681.279999999999,1.13,120.03
8/20/2021,5362.28,9762.279999999999,0.31,121.87
8/21/2021,5362.28,9762.279999999999,0.31,121.87
8/22/2021,5362.28,9762.279999999999,0.31,121.87
8/23/2021,5425.28,9825.279999999999,0,123.3
8/24/2021,5434.28,9834.279999999999,0,123.51
8/25/2021,5445.75,9845.75,0,123.77
8/26/2021,5395.75,9795.75,0.51,122.63
8/27/2021,5468.75,9868.75,0,124.29
8/28/2021,5468.75,9868.75,0,124.29
8/29/2021,5468.75,9868.75,0,124.29
8/30/2021,5489.75,9889.75,0,124.77
8/31/2021,5485.75,9885.75,0.04,124.68
9/1/2021,5491.75,9891.75,0,124.81
9/2/2021,5498.75,9898.75,0,124.97
9/3/2021,5518.75,9918.75,0,125.43
9/4/2021,5518.75,9918.75,0,125.43
9/5/2021,5518.75,9918.75,0,125.43
9/6/2021,5518.75,9918.75,0,125.43
9/7/2021,5499.75,9899.75,0.19,124.99
9/8/2021,5486.75,9886.75,0.32,124.7
9/9/2021,5472.75,9872.75,0.46,124.38
9/10/2021,5405.75,9805.75,1.14,122.86
9/11/2021,5405.75,9805.75,1.14,122.86
9/12/2021,5405.75,9805.75,1.14,122.86
9/13/2021,5419.75,9819.75,1,123.18
9/14/2021,5383.75,9783.75,1.36,122.36
9/15/2021,5480.75,9880.75,0.38,124.56
9/16/2021,5475.75,9875.75,0.43,124.45
9/17/2021,5381.75,9781.75,1.38,122.31
9/18/2021,5381.75,9781.75,1.38,122.31
9/19/2021,5381.75,9781.75,1.38,122.31
9/20/2021,5142.75,9542.75,3.79,116.88
9/21/2021,5207.75,9607.75,3.14,118.36
9/22/2021,5317.75,9717.75,2.03,120.86
9/23/2021,5453.75,9853.75,0.66,123.95
9/24/2021,5490.21,9890.21,0.29,124.78
9/25/2021,5490.21,9890.21,0.29,124.78
9/26/2021,5490.21,9890.21,0.29,124.78
9/27/2021,5475.21,9875.21,0.44,124.44
9/28/2021,5271.21,9671.21,2.5,119.8
9/29/2021,5287.21,9687.21,2.33,120.16
9/30/2021,5201.21,9601.21,3.2,118.21
10/1/2021,5295.21,9695.21,2.25,120.35
10/2/2021,5295.21,9695.21,2.25,120.35
10/3/2021,5295.21,9695.21,2.25,120.35
10/4/2021,5150.21,9550.21,3.72,117.05
10/5/2021,5299.21,9699.21,2.21,120.44
10/6/2021,5283.21,9683.21,2.37,120.07
10/7/2021,5409.21,9809.21,1.1,122.94
10/8/2021,5410.21,9810.21,1.09,122.96
10/9/2021,5410.21,9810.21,1.09,122.96
10/10/2021,5410.21,9810.21,1.09,122.96
10/11/2021,5353.21,9753.21,1.67,121.66
10/12/2021,5296.21,9696.21,2.24,120.37
10/13/2021,5358.21,9758.21,1.62,121.78
10/14/2021,5546.21,9946.21,0,126.05
10/15/2021,5615.67,10015.67,0,127.63
10/16/2021,5615.67,10015.67,0,127.63
10/17/2021,5615.67,10015.67,0,127.63
10/18/2021,5636.67,10036.67,0,128.11
10/19/2021,5673.67,10073.67,0,128.95
10/20/2021,5694.67,10094.67,0,129.42
10/21/2021,5707.67,10107.67,0,129.72
10/22/2021,5704.67,10104.67,0.03,129.65
10/23/2021,5704.67,10104.67,0.03,129.65
10/24/2021,5704.67,10104.67,0.03,129.65
10/25/2021,5725.67,10125.67,0,130.13
10/26/2021,5734.13,10134.130000000001,0,130.32
10/27/2021,5694.13,10094.130000000001,0.39,129.41
10/28/2021,5726.13,10126.130000000001,0.08,130.14
10/29/2021,5746.13,10146.130000000001,0,130.59
10/30/2021,5746.13,10146.130000000001,0,130.59
10/31/2021,5746.13,10146.130000000001,0,130.59
11/1/2021,5761.13,10161.130000000001,0,130.93
11/2/2021,5790.13,10190.130000000001,0,131.59
11/3/2021,5834.13,10234.130000000001,0,132.59
11/4/2021,5841.13,10241.130000000001,0,132.75
11/5/2021,5854.13,10254.130000000001,0,133.05
11/6/2021,5854.13,10254.130000000001,0,133.05
11/7/2021,5854.13,10254.130000000001,0,133.05
11/8/2021,5856.13,10256.130000000001,0,133.09
11/9/2021,5838.13,10238.130000000001,0.18,132.68
11/10/2021,5791.13,10191.130000000001,0.63,131.62
11/11/2021,5815.13,10215.130000000001,0.4,132.16
11/12/2021,5860.13,10260.130000000001,0,133.18
11/13/2021,5860.13,10260.130000000001,0,133.18
11/14/2021,5860.13,10260.130000000001,0,133.18
11/15/2021,5862.13,10262.130000000001,0,133.23
11/16/2021,5890.59,10290.59,0,133.88
11/17/2021,5874.59,10274.59,0.16,133.51
11/18/2021,5889.59,10289.59,0.01,133.85
11/19/2021,5876.59,10276.59,0.14,133.56
11/20/2021,5876.59,10276.59,0.14,133.56
11/21/2021,5876.59,10276.59,0.14,133.56
11/22/2021,5897.59,10297.59,0,134.04
11/23/2021,5857.59,10257.59,0.39,133.13
11/24/2021,5882.59,10282.59,0.15,133.7
11/25/2021,5882.59,10282.59,0.15,133.7
11/26/2021,5700.59,10100.59,1.91,129.56
11/27/2021,5700.59,10100.59,1.91,129.56
11/28/2021,5700.59,10100.59,1.91,129.56
11/29/2021,5811.59,10211.59,0.84,132.08
11/30/2021,5639.59,10039.59,2.51,128.17
12/1/2021,5569.59,9969.59,3.19,126.58
12/2/2021,5666.59,10066.59,2.24,128.79
12/3/2021,5492.59,9892.59,3.93,124.83
12/4/2021,5492.59,9892.59,3.93,124.83
12/5/2021,5492.59,9892.59,3.93,124.83
12/6/2021,5688.59,10088.59,2.03,129.29
12/7/2021,5865.59,10265.59,0.31,133.31
12/8/2021,5924.59,10324.59,0,134.65
12/9/2021,5894.59,10294.59,0.29,133.97
12/10/2021,5960.06,10360.060000000001,0,135.46
12/11/2021,5960.06,10360.060000000001,0,135.46
12/12/2021,5960.06,10360.060000000001,0,135.46
12/13/2021,5923.06,10323.060000000001,0.36,134.62
12/14/2021,5816.06,10216.060000000001,1.39,132.18
12/15/2021,5932.06,10332.060000000001,0.27,134.82
12/16/2021,5892.06,10292.060000000001,0.66,133.91
12/17/2021,5816.06,10216.060000000001,1.39,132.18
12/18/2021,5816.06,10216.060000000001,1.39,132.18
12/19/2021,5816.06,10216.060000000001,1.39,132.18
12/20/2021,5657.06,10057.060000000001,2.92,128.57
12/21/2021,5836.06,10236.060000000001,1.2,132.64
12/22/2021,5961.06,10361.060000000001,0,135.48
12/23/2021,6055.06,10455.060000000001,0,137.62
12/24/2021,6055.06,10455.060000000001,0,137.62
12/25/2021,6055.06,10455.060000000001,0,137.62
12/26/2021,6055.06,10455.060000000001,0,137.62
12/27/2021,6115.52,10515.52,0,138.99
12/28/2021,6137.52,10537.52,0,139.49
12/29/2021,6154.52,10554.52,0,139.88
12/30/2021,6136.52,10536.52,0.17,139.47
12/31/2021,6142.52,10542.52,0.11,139.6
1/1/2022,6142.52,10542.52,0.11,139.6
1/2/2022,6142.52,10542.52,0.11,139.6
1/3/2022,6161.52,10561.52,0,140.03
1/4/2022,6181.52,10581.52,0,140.49
1/5/2022,6028.52,10428.52,1.45,137.01
1/6/2022,5978.52,10378.52,1.92,135.88
1/7/2022,5965.52,10365.52,2.04,135.58
1/8/2022,5965.52,10365.52,2.04,135.58
1/9/2022,5965.52,10365.52,2.04,135.58
1/10/2022,5896.52,10296.52,2.69,134.01
1/11/2022,6034.52,10434.52,1.39,137.15
1/12/2022,6088.52,10488.52,0.88,138.38
1/13/2022,5930.52,10330.52,2.37,134.78
1/14/2022,5925.98,10325.98,2.41,134.68
1/15/2022,5925.98,10325.98,2.41,134.68
1/16/2022,5925.98,10325.98,2.41,134.68
1/17/2022,5925.98,10325.98,2.41,134.68
1/18/2022,5743.98,10143.98,4.13,130.54
1/19/2022,5710.98,10110.98,4.45,129.79
1/20/2022,5592.98,9992.98,5.56,127.11
1/21/2022,5353.98,9753.98,7.82,121.68
1/22/2022,5353.98,9753.98,7.82,121.68
1/23/2022,5353.98,9753.98,7.82,121.68
1/24/2022,5262.98,9662.98,8.68,119.61
1/25/2022,5270.98,9670.98,8.61,119.79
1/26/2022,5137.98,9537.98,9.86,116.77
1/27/2022,5163.98,9563.98,9.62,117.36
1/28/2022,5322.98,9722.98,8.11,120.98
1/29/2022,5322.98,9722.98,8.11,120.98
1/30/2022,5322.98,9722.98,8.11,120.98
1/31/2022,5625.98,10025.98,5.25,127.86
2/1/2022,5787.98,10187.98,3.72,131.54
2/2/2022,5910.98,10310.98,2.56,134.34
2/3/2022,5590.98,9990.98,5.58,127.07
2/4/2022,5716.44,10116.439999999999,4.4,129.92
2/5/2022,5716.44,10116.439999999999,4.4,129.92
2/6/2022,5716.44,10116.439999999999,4.4,129.92
2/7/2022,5668.44,10068.439999999999,4.85,128.83
2/8/2022,5738.44,10138.439999999999,4.19,130.42
2/9/2022,5847.44,10247.439999999999,3.16,132.9
2/10/2022,5678.44,10078.439999999999,4.75,129.06
2/11/2022,5528.44,9928.439999999999,6.17,125.65
2/12/2022,5528.44,9928.439999999999,6.17,125.65
2/13/2022,5528.44,9928.439999999999,6.17,125.65
2/14/2022,5507.44,9907.439999999999,6.37,125.17
2/15/2022,5642.44,10042.439999999999,5.09,128.24
2/16/2022,5718.44,10118.439999999999,4.38,129.96
2/17/2022,5524.44,9924.439999999999,6.21,125.56
2/18/2022,5441.44,9841.439999999999,6.99,123.67
2/19/2022,5441.44,9841.439999999999,6.99,123.67
2/20/2022,5441.44,9841.439999999999,6.99,123.67
2/21/2022,5441.44,9841.439999999999,6.99,123.67
2/22/2022,5300.44,9700.439999999999,8.33,120.46
2/23/2022,5038.44,9438.439999999999,10.8,114.51
2/24/2022,5208.9,9608.9,9.19,118.38
2/25/2022,5342.9,9742.9,7.93,121.43
2/26/2022,5342.9,9742.9,7.93,121.43
2/27/2022,5342.9,9742.9,7.93,121.43
2/28/2022,5299.9,9699.9,8.33,120.45
3/1/2022,5199.9,9599.9,9.28,118.18
3/2/2022,5341.9,9741.9,7.93,121.41
3/3/2022,5286.9,9686.9,8.45,120.16
3/4/2022,5245.9,9645.9,8.84,119.22
3/5/2022,5245.9,9645.9,8.84,119.22
3/6/2022,5245.9,9645.9,8.84,119.22
3/7/2022,5101.9,9501.9,10.2,115.95
3/8/2022,5062.9,9462.9,10.57,115.07
3/9/2022,5256.9,9656.9,8.74,119.48
3/10/2022,5218.9,9618.9,9.1,118.61
3/11/2022,5160.9,9560.9,9.65,117.29
3/12/2022,5160.9,9560.9,9.65,117.29
3/13/2022,5160.9,9560.9,9.65,117.29
3/14/2022,5091.9,9491.9,10.3,115.73
3/15/2022,5265.9,9665.9,8.65,119.68
3/16/2022,5400.9,9800.9,7.38,122.75
3/17/2022,5487.37,9887.369999999999,6.56,124.71
3/18/2022,5569.37,9969.369999999999,5.79,126.58
3/19/2022,5569.37,9969.369999999999,5.79,126.58
3/20/2022,5569.37,9969.369999999999,5.79,126.58
3/21/2022,5553.37,9953.369999999999,5.94,126.21
3/22/2022,5653.37,10053.369999999999,4.99,128.49
3/23/2022,5609.37,10009.369999999999,5.41,127.49
3/24/2022,5664.37,10064.369999999999,4.89,128.74
3/25/2022,5687.37,10087.369999999999,4.67,129.26
3/26/2022,5687.37,10087.369999999999,4.67,129.26
3/27/2022,5687.37,10087.369999999999,4.67,129.26
3/28/2022,5740.83,10140.83,4.16,130.47
3/29/2022,5837.83,10237.83,3.25,132.68
3/30/2022,5773.83,10173.83,3.85,131.22
3/31/2022,5724.83,10124.83,4.32,130.11
4/1/2022,5684.83,10084.83,4.69,129.2
4/2/2022,5684.83,10084.83,4.69,129.2
4/3/2022,5684.83,10084.83,4.69,129.2
4/4/2022,5813.83,10213.83,3.47,132.13
4/5/2022,5707.83,10107.83,4.48,129.72
4/6/2022,5619.83,10019.83,5.31,127.72
4/7/2022,5702.83,10102.83,4.52,129.61
4/8/2022,5686.83,10086.83,4.68,129.25
4/9/2022,5686.83,10086.83,4.68,129.25
4/10/2022,5686.83,10086.83,4.68,129.25
4/11/2022,5462.83,9862.83,6.79,124.16
4/12/2022,5405.83,9805.83,7.33,122.86
4/13/2022,5600.83,10000.83,5.49,127.29
4/14/2022,5447.83,9847.83,6.93,123.81
4/15/2022,5447.83,9847.83,6.93,123.81
4/16/2022,5447.83,9847.83,6.93,123.81
4/17/2022,5447.83,9847.83,6.93,123.81
4/18/2022,5346.29,9746.29,7.89,121.51
4/19/2022,5479.29,9879.29,6.64,124.53
4/20/2022,5500.29,9900.29,6.44,125.01
4/21/2022,5386.29,9786.29,7.52,122.42
4/22/2022,5208.29,9608.29,9.2,118.37
4/23/2022,5208.29,9608.29,9.2,118.37
4/24/2022,5208.29,9608.29,9.2,118.37
4/25/2022,5198.29,9598.29,9.29,118.14
4/26/2022,4989.29,9389.29,11.27,113.39
4/27/2022,5002.29,9402.29,11.14,113.69
4/28/2022,5231.29,9631.29,8.98,118.89
4/29/2022,4891.29,9291.29,12.19,111.17
4/30/2022,4891.29,9291.29,12.19,111.17
5/1/2022,4891.29,9291.29,12.19,111.17
5/2/2022,4851.29,9251.29,12.57,110.26
5/3/2022,4922.29,9322.29,11.9,111.87
5/4/2022,5277.29,9677.29,8.55,119.94
5/5/2022,4830.29,9230.29,12.77,109.78
5/6/2022,4773.75,9173.75,13.3,108.49
5/7/2022,4773.75,9173.75,13.3,108.49
5/8/2022,4773.75,9173.75,13.3,108.49
5/9/2022,4525.75,8925.75,15.65,102.86
5/10/2022,4521.75,8921.75,15.69,102.77
5/11/2022,4403.75,8803.75,16.8,100.09
5/12/2022,4322.75,8722.75,17.57,98.24
5/13/2022,4637.75,9037.75,14.59,105.4
5/14/2022,4637.75,9037.75,14.59,105.4
5/15/2022,4637.75,9037.75,14.59,105.4
5/16/2022,4619.75,9019.75,14.76,104.99
5/17/2022,4804.75,9204.75,13.01,109.2
5/18/2022,4413.75,8813.75,16.71,100.31
5/19/2022,4423.75,8823.75,16.61,100.54
5/20/2022,4340.75,8740.75,17.4,98.65
5/21/2022,4340.75,8740.75,17.4,98.65
5/22/2022,4340.75,8740.75,17.4,98.65
5/23/2022,4556.75,8956.75,15.35,103.56
5/24/2022,4528.75,8928.75,15.62,102.93
5/25/2022,4621.75,9021.75,14.74,105.04
5/26/2022,4859.75,9259.75,12.49,110.45
5/27/2022,5015.21,9415.21,11.02,113.98
5/28/2022,5015.21,9415.21,11.02,113.98
5/29/2022,5015.21,9415.21,11.02,113.98
5/30/2022,5015.21,9415.21,11.02,113.98
5/31/2022,5025.21,9425.21,10.93,114.21
6/1/2022,4995.21,9395.21,11.21,113.53
6/2/2022,5076.21,9476.21,10.45,115.37
6/3/2022,4979.21,9379.21,11.36,113.16
6/4/2022,4979.21,9379.21,11.36,113.16
6/5/2022,4979.21,9379.21,11.36,113.16
6/6/2022,5017.21,9417.21,11,114.03
6/7/2022,5098.21,9498.21,10.24,115.87
6/8/2022,5038.21,9438.21,10.8,114.5
6/9/2022,4859.21,9259.21,12.5,110.44
6/10/2022,4554.21,8954.21,15.38,103.5
6/11/2022,4554.21,8954.21,15.38,103.5
6/12/2022,4554.21,8954.21,15.38,103.5
6/13/2022,4064.21,8464.21,20.01,92.37
6/14/2022,3982.21,8382.21,20.78,90.5
6/15/2022,4154.21,8554.21,19.16,94.41
6/16/2022,3716.21,8116.21,23.3,84.46
6/17/2022,3697.68,8097.68,23.47,84.04
6/18/2022,3697.68,8097.68,23.47,84.04
6/19/2022,3697.68,8097.68,23.47,84.04
6/20/2022,3697.68,8097.68,23.47,84.04
6/21/2022,3847.68,8247.68,22.06,87.45
6/22/2022,3846.68,8246.68,22.07,87.42
6/23/2022,3887.68,8287.68,21.68,88.36
6/24/2022,3993.14,8393.14,20.68,90.75
6/25/2022,3993.14,8393.14,20.68,90.75
6/26/2022,3993.14,8393.14,20.68,90.75
6/27/2022,4013.14,8413.14,20.49,91.21
6/28/2022,3879.14,8279.14,21.76,88.16
6/29/2022,3864.14,8264.14,21.9,87.82
6/30/2022,3807.14,8207.14,22.44,86.53
7/1/2022,3896.14,8296.14,21.6,88.55
7/2/2022,3896.14,8296.14,21.6,88.55
7/3/2022,3896.14,8296.14,21.6,88.55
7/4/2022,3896.14,8296.14,21.6,88.55
7/5/2022,3896.14,8296.14,21.6,88.55
7/6/2022,3971.14,8371.14,20.89,90.25
7/7/2022,4060.14,8460.14,20.05,92.28
7/8/2022,4094.14,8494.14,19.73,93.05
7/9/2022,4094.14,8494.14,19.73,93.05
7/10/2022,4094.14,8494.14,19.73,93.05
7/11/2022,4001.14,8401.14,20.61,90.94
7/12/2022,3921.14,8321.14,21.36,89.12
7/13/2022,3924.14,8324.14,21.33,89.18
7/14/2022,3897.14,8297.14,21.59,88.57
7/15/2022,4071.6,8471.6,19.94,92.54
7/16/2022,4071.6,8471.6,19.94,92.54
7/17/2022,4071.6,8471.6,19.94,92.54
7/18/2022,4022.6,8422.6,20.4,91.42
7/19/2022,4176.6,8576.6,18.95,94.92
7/20/2022,4208.6,8608.6,18.64,95.65
7/21/2022,4253.6,8653.6,18.22,96.67
7/22/2022,4228.6,8628.6,18.46,96.1
7/23/2022,4228.6,8628.6,18.46,96.1
7/24/2022,4228.6,8628.6,18.46,96.1
7/25/2022,4239.6,8639.6,18.35,96.35
7/26/2022,4192.6,8592.6,18.8,95.29
7/27/2022,4315.06,8715.060000000001,17.64,98.07
7/28/2022,4377.06,8777.060000000001,17.05,99.48
7/29/2022,4468.06,8868.060000000001,16.19,101.55
7/30/2022,4468.06,8868.060000000001,16.19,101.55
7/31/2022,4468.06,8868.060000000001,16.19,101.55
8/1/2022,4435.06,8835.060000000001,16.5,100.8
8/2/2022,4409.06,8809.060000000001,16.75,100.21
8/3/2022,4495.06,8895.060000000001,15.94,102.16
8/4/2022,4483.06,8883.060000000001,16.05,101.89
8/5/2022,4493.06,8893.060000000001,15.96,102.12
8/6/2022,4493.06,8893.060000000001,15.96,102.12
8/7/2022,4493.06,8893.060000000001,15.96,102.12
8/8/2022,4503.06,8903.060000000001,15.86,102.34
8/9/2022,4481.06,8881.060000000001,16.07,101.84
8/10/2022,4582.52,8982.52,15.11,104.15
8/11/2022,4572.52,8972.52,15.21,103.92
8/12/2022,4680.52,9080.52,14.19,106.38
8/13/2022,4680.52,9080.52,14.19,106.38
8/14/2022,4680.52,9080.52,14.19,106.38
8/15/2022,4710.52,9110.52,13.9,107.06
8/16/2022,4730.52,9130.52,13.71,107.51
8/17/2022,4686.52,9086.52,14.13,106.51
8/18/2022,4716.52,9116.52,13.84,107.19
8/19/2022,4629.52,9029.52,14.67,105.22
8/20/2022,4629.52,9029.52,14.67,105.22
8/21/2022,4629.52,9029.52,14.67,105.22
8/22/2022,4445.52,8845.52,16.41,101.03
8/23/2022,4454.52,8854.52,16.32,101.24
8/24/2022,4506.52,8906.52,15.83,102.42
8/25/2022,4602.52,9002.52,14.92,104.6
8/26/2022,4296.52,8696.52,17.81,97.65
8/27/2022,4296.52,8696.52,17.81,97.65
8/28/2022,4296.52,8696.52,17.81,97.65
8/29/2022,4246.52,8646.52,18.29,96.51
8/30/2022,4070.52,8470.52,19.95,92.51
8/31/2022,4046.52,8446.52,20.18,91.97
9/1/2022,3931.52,8331.52,21.26,89.35
9/2/2022,3787.99,8187.99,22.62,86.09
9/3/2022,3787.99,8187.99,22.62,86.09
9/4/2022,3787.99,8187.99,22.62,86.09
9/5/2022,3787.99,8187.99,22.62,86.09
9/6/2022,3791.99,8191.99,22.58,86.18
9/7/2022,3906.99,8306.99,21.5,88.8
9/8/2022,3929.99,8329.99,21.28,89.32
9/9/2022,4019.45,8419.45,20.43,91.35
9/10/2022,4019.45,8419.45,20.43,91.35
9/11/2022,4019.45,8419.45,20.43,91.35
9/12/2022,4064.45,8464.45,20.01,92.37
9/13/2022,3740.45,8140.45,23.07,85.01
9/14/2022,3795.45,8195.45,22.55,86.26
9/15/2022,3711.45,8111.45,23.34,84.35
9/16/2022,3607.45,8007.45,24.33,81.99
9/17/2022,3607.45,8007.45,24.33,81.99
9/18/2022,3607.45,8007.45,24.33,81.99
9/19/2022,3670.45,8070.45,23.73,83.42
9/20/2022,3607.45,8007.45,24.33,81.99
9/21/2022,3429.45,7829.45,26.01,77.94
9/22/2022,3377.45,7777.45,26.5,76.76
9/23/2022,3113.45,7513.45,28.99,70.76
9/24/2022,3113.45,7513.45,28.99,70.76
9/25/2022,3113.45,7513.45,28.99,70.76
9/26/2022,3051.45,7451.45,29.58,69.35
9/27/2022,2995.45,7395.45,30.11,68.08
9/28/2022,3213.45,7613.45,28.05,73.03
9/29/2022,2936.45,7336.45,30.67,66.74
9/30/2022,2811.91,7211.91,31.84,63.91
10/1/2022,2811.91,7211.91,31.84,63.91
10/2/2022,2811.91,7211.91,31.84,63.91
10/3/2022,2945.91,7345.91,30.58,66.95
10/4/2022,3065.37,7465.37,29.45,69.67
10/5/2022,3095.37,7495.37,29.17,70.35
10/6/2022,3005.37,7405.37,30.02,68.3
10/7/2022,2774.37,7174.37,32.2,63.05
10/8/2022,2774.37,7174.37,32.2,63.05
10/9/2022,2774.37,7174.37,32.2,63.05
10/10/2022,2739.37,7139.37,32.53,62.26
10/11/2022,2650.37,7050.37,33.37,60.24
10/12/2022,2648.37,7048.37,33.39,60.19
10/13/2022,2841.37,7241.37,31.57,64.58
10/14/2022,2654.37,7054.37,33.33,60.33
10/15/2022,2654.37,7054.37,33.33,60.33
10/16/2022,2654.37,7054.37,33.33,60.33
10/17/2022,2897.37,7297.37,31.04,65.85
10/18/2022,2979.37,7379.37,30.26,67.71
10/19/2022,2913.37,7313.37,30.89,66.21
10/20/2022,2866.37,7266.37,31.33,65.14
10/21/2022,3067.37,7467.37,29.43,69.71
10/22/2022,3067.37,7467.37,29.43,69.71
10/23/2022,3067.37,7467.37,29.43,69.71
10/24/2022,3165.37,7565.37,28.5,71.94
10/25/2022,3281.37,7681.37,27.41,74.58
10/26/2022,3274.37,7674.37,27.47,74.42
10/27/2022,3250.37,7650.37,27.7,73.87
10/28/2022,3372.83,7772.83,26.54,76.66
10/29/2022,3372.83,7772.83,26.54,76.66
10/30/2022,3372.83,7772.83,26.54,76.66
10/31/2022,3356.83,7756.83,26.69,76.29
11/1/2022,3319.83,7719.83,27.04,75.45
11/2/2022,3160.83,7560.83,28.55,71.84
11/3/2022,3048.83,7448.83,29.61,69.29
11/4/2022,3150.83,7550.83,28.64,71.61
11/5/2022,3150.83,7550.83,28.64,71.61
11/6/2022,3150.83,7550.83,28.64,71.61
11/7/2022,3262.83,7662.83,27.58,74.16
11/8/2022,3332.83,7732.83,26.92,75.75
11/9/2022,3130.83,7530.83,28.83,71.16
11/10/2022,3551.83,7951.83,24.85,80.72
11/11/2022,3628.3,8028.3,24.13,82.46
11/12/2022,3628.3,8028.3,24.13,82.46
11/13/2022,3628.3,8028.3,24.13,82.46
11/14/2022,3608.3,8008.3,24.32,82.01
11/15/2022,3635.3,8035.3,24.06,82.62
11/16/2022,3588.3,7988.3,24.51,81.55
11/17/2022,3537.3,7937.3,24.99,80.39
11/18/2022,3613.3,8013.3,24.27,82.12
11/19/2022,3613.3,8013.3,24.27,82.12
11/20/2022,3613.3,8013.3,24.27,82.12
11/21/2022,3600.3,8000.3,24.39,81.83
11/22/2022,3719.3,8119.3,23.27,84.53
11/23/2022,3770.3,8170.3,22.79,85.69
11/24/2022,3770.3,8170.3,22.79,85.69
11/25/2022,3784.3,8184.3,22.65,86.01
11/26/2022,3784.3,8184.3,22.65,86.01
11/27/2022,3784.3,8184.3,22.65,86.01
11/28/2022,3658.3,8058.3,23.85,83.14
11/29/2022,3646.3,8046.3,23.96,82.87
11/30/2022,3840.76,8240.76,22.12,87.29
12/1/2022,3883.76,8283.76,21.71,88.27
12/2/2022,3866.76,8266.76,21.88,87.88
12/3/2022,3866.76,8266.76,21.88,87.88
12/4/2022,3866.76,8266.76,21.88,87.88
12/5/2022,3733.76,8133.76,23.13,84.86
12/6/2022,3616.76,8016.76,24.24,82.2
12/7/2022,3595.76,7995.76,24.44,81.72
12/8/2022,3659.76,8059.76,23.83,83.18
12/9/2022,3629.76,8029.76,24.12,82.49
12/10/2022,3629.76,8029.76,24.12,82.49
12/11/2022,3629.76,8029.76,24.12,82.49
12/12/2022,3699.76,8099.76,23.45,84.09
12/13/2022,3817.76,8217.76,22.34,86.77
12/14/2022,3770.76,8170.76,22.78,85.7
12/15/2022,3531.76,7931.76,25.04,80.27
12/16/2022,3437.76,7837.76,25.93,78.13
12/17/2022,3437.76,7837.76,25.93,78.13
12/18/2022,3437.76,7837.76,25.93,78.13
12/19/2022,3269.76,7669.76,27.52,74.31
12/20/2022,3327.76,7727.76,26.97,75.63
12/21/2022,3482.76,7882.76,25.5,79.15
12/22/2022,3246.76,7646.76,27.73,73.79
12/23/2022,3357.76,7757.76,26.69,76.31
12/24/2022,3357.76,7757.76,26.69,76.31
12/25/2022,3357.76,7757.76,26.69,76.31
12/26/2022,3357.76,7757.76,26.69,76.31
12/27/2022,3334.76,7734.76,26.9,75.79
12/28/2022,3128.76,7528.76,28.85,71.11
12/29/2022,3395.76,7795.76,26.33,77.18
12/30/2022,3300.22,7700.219999999999,27.23,75.01
12/31/2022,3300.22,7700.219999999999,27.23,75.01
1/1/2023,3300.22,7700.219999999999,27.23,75.01
1/2/2023,3300.22,7700.219999999999,27.23,75.01
1/3/2023,3295.22,7695.219999999999,27.28,74.89
1/4/2023,3315.22,7715.219999999999,27.09,75.35
1/5/2023,3296.22,7696.219999999999,27.27,74.91
1/6/2023,3428.22,7828.219999999999,26.02,77.91
1/7/2023,3428.22,7828.219999999999,26.02,77.91
1/8/2023,3428.22,7828.219999999999,26.02,77.91
1/9/2023,3428.22,7828.219999999999,26.02,77.91
1/10/2023,3455.22,7855.219999999999,25.76,78.53
1/11/2023,3488.68,7888.68,25.45,79.29
1/12/2023,3555.68,7955.68,24.82,80.81
1/13/2023,3614.68,8014.68,24.26,82.15
1/14/2023,3614.68,8014.68,24.26,82.15
1/15/2023,3614.68,8014.68,24.26,82.15
1/16/2023,3614.68,8014.68,24.26,82.15
1/17/2023,3606.68,8006.68,24.33,81.97
1/18/2023,3510.68,7910.68,25.24,79.79
1/19/2023,3475.68,7875.68,25.57,78.99
1/20/2023,3575.68,7975.68,24.63,81.27
1/21/2023,3575.68,7975.68,24.63,81.27
1/22/2023,3575.68,7975.68,24.63,81.27
1/23/2023,3655.68,8055.68,23.87,83.08
1/24/2023,3654.68,8054.68,23.88,83.06
1/25/2023,3662.68,8062.68,23.8,83.24
1/26/2023,3707.14,8107.139999999999,23.38,84.25
1/27/2023,3750.14,8150.139999999999,22.98,85.23
1/28/2023,3750.14,8150.139999999999,22.98,85.23
1/29/2023,3750.14,8150.139999999999,22.98,85.23
1/30/2023,3672.14,8072.139999999999,23.71,83.46
1/31/2023,3726.14,8126.139999999999,23.2,84.69
2/1/2023,3814.14,8214.14,22.37,86.69
2/2/2023,3833.14,8233.14,22.19,87.12
2/3/2023,3807.14,8207.14,22.44,86.53
2/4/2023,3807.14,8207.14,22.44,86.53
2/5/2023,3807.14,8207.14,22.44,86.53
2/6/2023,3789.14,8189.139999999999,22.61,86.12
2/7/2023,3837.61,8237.61,22.15,87.22
2/8/2023,3756.61,8156.610000000001,22.92,85.38
2/9/2023,3683.61,8083.610000000001,23.61,83.72
2/10/2023,3689.61,8089.610000000001,23.55,83.85
2/11/2023,3689.61,8089.610000000001,23.55,83.85
2/12/2023,3689.61,8089.610000000001,23.55,83.85
2/13/2023,3783.61,8183.610000000001,22.66,85.99
2/14/2023,3827.61,8227.61,22.25,86.99
2/15/2023,3831.61,8231.61,22.21,87.08
2/16/2023,3745.61,8145.610000000001,23.02,85.13
2/17/2023,3696.61,8096.610000000001,23.48,84.01
2/18/2023,3696.61,8096.610000000001,23.48,84.01
2/19/2023,3696.61,8096.610000000001,23.48,84.01
2/20/2023,3696.61,8096.610000000001,23.48,84.01
2/21/2023,3519.61,7919.610000000001,25.16,79.99
2/22/2023,3455.61,7855.610000000001,25.76,78.54
2/23/2023,3558.61,7958.610000000001,24.79,80.88
2/24/2023,3382.61,7782.610000000001,26.45,76.88
2/25/2023,3382.61,7782.610000000001,26.45,76.88
2/26/2023,3382.61,7782.610000000001,26.45,76.88
2/27/2023,3443.61,7843.610000000001,25.87,78.26
2/28/2023,3421.61,7821.610000000001,26.08,77.76
3/1/2023,3345.61,7745.610000000001,26.8,76.04
3/2/2023,3440.07,7840.07,25.91,78.18
3/3/2023,3518.07,7918.07,25.17,79.96
3/4/2023,3518.07,7918.07,25.17,79.96
3/5/2023,3518.07,7918.07,25.17,79.96
3/6/2023,3545.07,7945.07,24.92,80.57
3/7/2023,3465.07,7865.07,25.67,78.75
3/8/2023,3480.07,7880.07,25.53,79.09
3/9/2023,3342.07,7742.07,26.83,75.96
3/10/2023,3224.07,7624.07,27.95,73.27
3/11/2023,3224.07,7624.07,27.95,73.27
3/12/2023,3224.07,7624.07,27.95,73.27
3/13/2023,3262.07,7662.07,27.59,74.14
3/14/2023,3330.07,7730.07,26.95,75.68
3/15/2023,3307.07,7707.07,27.16,75.16
3/16/2023,3460.07,7860.07,25.72,78.64
3/17/2023,3369.07,7769.07,26.58,76.57
3/18/2023,3369.07,7769.07,26.58,76.57
3/19/2023,3369.07,7769.07,26.58,76.57
3/20/2023,3439.07,7839.07,25.92,78.16
3/21/2023,3539.07,7939.07,24.97,80.43
3/22/2023,3503.07,7903.07,25.31,79.62
3/23/2023,3461.07,7861.07,25.71,78.66
3/24/2023,3490.53,7890.530000000001,25.43,79.33
3/25/2023,3490.53,7890.530000000001,25.43,79.33
3/26/2023,3490.53,7890.530000000001,25.43,79.33
3/27/2023,3546.53,7946.530000000001,24.9,80.6
3/28/2023,3515.53,7915.530000000001,25.19,79.9
3/29/2023,3630.53,8030.530000000001,24.11,82.51
3/30/2023,3670.53,8070.530000000001,23.73,83.42
3/31/2023,3719.99,8119.99,23.26,84.55
4/1/2023,3719.99,8119.99,23.26,84.55
4/2/2023,3719.99,8119.99,23.26,84.55
4/3/2023,3775.99,8175.99,22.73,85.82
4/4/2023,3719.99,8119.99,23.26,84.55
4/5/2023,3722.99,8122.99,23.23,84.61
4/6/2023,3750.99,8150.99,22.97,85.25
4/7/2023,3750.99,8150.99,22.97,85.25
4/8/2023,3750.99,8150.99,22.97,85.25
4/9/2023,3750.99,8150.99,22.97,85.25
4/10/2023,3764.99,8164.99,22.84,85.57
4/11/2023,3788.99,8188.99,22.61,86.11
4/12/2023,3767.99,8167.99,22.81,85.64
4/13/2023,3860.99,8260.99,21.93,87.75
4/14/2023,3864.99,8264.99,21.89,87.84
4/15/2023,3864.99,8264.99,21.89,87.84
4/16/2023,3864.99,8264.99,21.89,87.84
4/17/2023,3888.45,8288.45,21.67,88.37
4/18/2023,3914.45,8314.45,21.42,88.96
4/19/2023,3915.45,8315.45,21.42,88.99
4/20/2023,3855.45,8255.45,21.98,87.62
4/21/2023,3878.45,8278.45,21.77,88.15
4/22/2023,3878.45,8278.45,21.77,88.15
4/23/2023,3878.45,8278.45,21.77,88.15
4/24/2023,3898.45,8298.45,21.58,88.6
4/25/2023,3770.45,8170.45,22.79,85.69
4/26/2023,3723.45,8123.45,23.23,84.62
4/27/2023,3899.45,8299.45,21.57,88.62
4/28/2023,3955.45,8355.45,21.04,89.9
4/29/2023,3955.45,8355.45,21.04,89.9
4/30/2023,3955.45,8355.45,21.04,89.9
5/1/2023,3978.45,8378.45,20.82,90.42
5/2/2023,3877.45,8277.45,21.77,88.12
5/3/2023,3836.45,8236.45,22.16,87.19
5/4/2023,3742.45,8142.45,23.05,85.06
5/5/2023,3934.45,8334.45,21.24,89.42
5/6/2023,3934.45,8334.45,21.24,89.42
5/7/2023,3934.45,8334.45,21.24,89.42
5/8/2023,3955.45,8355.45,21.04,89.9
5/9/2023,3922.45,8322.45,21.35,89.15
5/10/2023,3977.45,8377.45,20.83,90.4
5/11/2023,3959.45,8359.45,21,89.99
5/12/2023,3950.92,8350.92,21.08,89.79
5/13/2023,3950.92,8350.92,21.08,89.79
5/14/2023,3950.92,8350.92,21.08,89.79
5/15/2023,3989.92,8389.92,20.71,90.68
5/16/2023,3966.92,8366.92,20.93,90.16
5/17/2023,4032.92,8432.92,20.31,91.66
5/18/2023,4083.92,8483.92,19.82,92.82
5/19/2023,4076.92,8476.92,19.89,92.66
5/20/2023,4076.92,8476.92,19.89,92.66
5/21/2023,4076.92,8476.92,19.89,92.66
5/22/2023,4081.92,8481.92,19.84,92.77
5/23/2023,4034.92,8434.92,20.29,91.7
5/24/2023,3967.92,8367.92,20.92,90.18
5/25/2023,4040.92,8440.92,20.23,91.84
5/26/2023,4097.38,8497.380000000001,19.7,93.12
5/27/2023,4097.38,8497.380000000001,19.7,93.12
5/28/2023,4097.38,8497.380000000001,19.7,93.12
5/29/2023,4097.38,8497.380000000001,19.7,93.12
5/30/2023,4113.38,8513.380000000001,19.54,93.49
5/31/2023,4101.38,8501.380000000001,19.66,93.21
6/1/2023,4151.38,8551.380000000001,19.19,94.35
6/2/2023,4238.84,8638.84,18.36,96.34
6/3/2023,4238.84,8638.84,18.36,96.34
6/4/2023,4238.84,8638.84,18.36,96.34
6/5/2023,4228.84,8628.84,18.45,96.11
6/6/2023,4256.84,8656.84,18.19,96.75
6/7/2023,4238.84,8638.84,18.36,96.34
6/8/2023,4285.84,8685.84,17.92,97.41
6/9/2023,4302.84,8702.84,17.75,97.79
6/10/2023,4302.84,8702.84,17.75,97.79
6/11/2023,4302.84,8702.84,17.75,97.79
6/12/2023,4331.84,8731.84,17.48,98.45
6/13/2023,4360.3,8760.3,17.21,99.1
6/14/2023,4361.3,8761.3,17.2,99.12
6/15/2023,4426.3,8826.3,16.59,100.6
6/16/2023,4418.3,8818.3,16.66,100.42
6/17/2023,4418.3,8818.3,16.66,100.42
6/18/2023,4418.3,8818.3,16.66,100.42
6/19/2023,4418.3,8818.3,16.66,100.42
6/20/2023,4394.3,8794.3,16.89,99.87
6/21/2023,4378.3,8778.3,17.04,99.51
6/22/2023,4398.3,8798.3,16.85,99.96
6/23/2023,4367.3,8767.3,17.15,99.26
6/24/2023,4367.3,8767.3,17.15,99.26
6/25/2023,4367.3,8767.3,17.15,99.26
6/26/2023,4351.3,8751.3,17.3,98.89
6/27/2023,4418.3,8818.3,16.66,100.42
6/28/2023,4404.3,8804.3,16.8,100.1
6/29/2023,4428.3,8828.3,16.57,100.64
6/30/2023,4489.76,8889.76,15.99,102.04
7/1/2023,4489.76,8889.76,15.99,102.04
7/2/2023,4489.76,8889.76,15.99,102.04
7/3/2023,4489.76,8889.76,15.99,102.04
7/4/2023,4489.76,8889.76,15.99,102.04
7/5/2023,4475.76,8875.76,16.12,101.72
7/6/2023,4398.76,8798.76,16.85,99.97
7/7/2023,4405.76,8805.76,16.78,100.13
7/8/2023,4405.76,8805.76,16.78,100.13
7/9/2023,4405.76,8805.76,16.78,100.13
7/10/2023,4393.76,8793.76,16.9,99.86
7/11/2023,4455.76,8855.76,16.31,101.27
7/12/2023,4540.76,8940.76,15.51,103.2
7/13/2023,4587.76,8987.76,15.06,104.27
7/14/2023,4583.76,8983.76,15.1,104.18
7/15/2023,4583.76,8983.76,15.1,104.18
7/16/2023,4583.76,8983.76,15.1,104.18
7/17/2023,4607.23,9007.23,14.88,104.71
7/18/2023,4648.23,9048.23,14.49,105.64
7/19/2023,4659.23,9059.23,14.39,105.89
7/20/2023,4613.23,9013.23,14.82,104.85
7/21/2023,4634.23,9034.23,14.62,105.32
7/22/2023,4634.23,9034.23,14.62,105.32
7/23/2023,4634.23,9034.23,14.62,105.32
7/24/2023,4660.23,9060.23,14.38,105.91
7/25/2023,4677.23,9077.23,14.22,106.3
7/26/2023,4685.23,9085.23,14.14,106.48
7/27/2023,4624.23,9024.23,14.72,105.1
7/28/2023,4698.23,9098.23,14.02,106.78
7/29/2023,4698.23,9098.23,14.02,106.78
7/30/2023,4698.23,9098.23,14.02,106.78
7/31/2023,4702.23,9102.23,13.98,106.87
8/1/2023,4697.23,9097.23,14.03,106.76
8/2/2023,4588.23,8988.23,15.06,104.28
8/3/2023,4572.23,8972.23,15.21,103.91
8/4/2023,4517.23,8917.23,15.73,102.66
8/5/2023,4517.23,8917.23,15.73,102.66
8/6/2023,4517.23,8917.23,15.73,102.66
8/7/2023,4606.23,9006.23,14.89,104.69
8/8/2023,4589.23,8989.23,15.05,104.3
8/9/2023,4535.23,8935.23,15.56,103.07
8/10/2023,4488.23,8888.23,16,102.01
8/11/2023,4515.69,8915.689999999999,15.74,102.63
8/12/2023,4515.69,8915.689999999999,15.74,102.63
8/13/2023,4515.69,8915.689999999999,15.74,102.63
8/14/2023,4548.69,8948.689999999999,15.43,103.38
8/15/2023,4461.69,8861.689999999999,16.25,101.4
8/16/2023,4424.69,8824.689999999999,16.6,100.56
8/17/2023,4331.69,8731.689999999999,17.48,98.45
8/18/2023,4353.69,8753.689999999999,17.27,98.95
8/19/2023,4353.69,8753.689999999999,17.27,98.95
8/20/2023,4353.69,8753.689999999999,17.27,98.95
8/21/2023,4422.69,8822.689999999999,16.62,100.52
8/22/2023,4376.69,8776.689999999999,17.06,99.47
8/23/2023,4496.69,8896.689999999999,15.92,102.2
8/24/2023,4381.69,8781.689999999999,17.01,99.58
8/25/2023,4464.69,8864.689999999999,16.22,101.47
8/26/2023,4464.69,8864.689999999999,16.22,101.47
8/27/2023,4464.69,8864.689999999999,16.22,101.47
8/28/2023,4513.69,8913.689999999999,15.76,102.58
8/29/2023,4620.69,9020.689999999999,14.75,105.02
8/30/2023,4646.15,9046.15,14.51,105.59
8/31/2023,4661.15,9061.15,14.37,105.94
9/1/2023,4659.15,9059.15,14.39,105.89
9/2/2023,4659.15,9059.15,14.39,105.89
9/3/2023,4659.15,9059.15,14.39,105.89
9/4/2023,4659.15,9059.15,14.39,105.89
9/5/2023,4659.15,9059.15,14.39,105.89
9/6/2023,4585.15,8985.15,15.09,104.21
9/7/2023,4563.15,8963.15,15.29,103.71
9/8/2023,4566.15,8966.15,15.27,103.78
9/9/2023,4566.15,8966.15,15.27,103.78
9/10/2023,4566.15,8966.15,15.27,103.78
9/11/2023,4638.15,9038.15,14.59,105.41
9/12/2023,4593.15,8993.15,15.01,104.39
9/13/2023,4611.15,9011.15,14.84,104.8
9/14/2023,4697.15,9097.15,14.03,106.75
9/15/2023,4583.15,8983.15,15.11,104.16
9/16/2023,4583.15,8983.15,15.11,104.16
9/17/2023,4583.15,8983.15,15.11,104.16
9/18/2023,4583.15,8983.15,15.11,104.16
9/19/2023,4575.15,8975.15,15.18,103.98
9/20/2023,4466.15,8866.15,16.21,101.5
9/21/2023,4238.15,8638.15,18.37,96.32
9/22/2023,4188.15,8588.15,18.84,95.19
9/23/2023,4188.15,8588.15,18.84,95.19
9/24/2023,4188.15,8588.15,18.84,95.19
9/25/2023,4192.15,8592.15,18.8,95.28
9/26/2023,3981.15,8381.15,20.79,90.48
9/27/2023,3939.15,8339.15,21.19,89.53
9/28/2023,4046.15,8446.15,20.18,91.96
9/29/2023,3988.61,8388.61,20.72,90.65
9/30/2023,3988.61,8388.61,20.72,90.65
10/1/2023,3988.61,8388.61,20.72,90.65
10/2/2023,3976.61,8376.61,20.84,90.38
10/3/2023,3885.61,8285.61,21.7,88.31
10/4/2023,3957.61,8357.61,21.02,89.95
10/5/2023,3960.61,8360.61,20.99,90.01
10/6/2023,4044.61,8444.61,20.19,91.92
10/7/2023,4044.61,8444.61,20.19,91.92
10/8/2023,4044.61,8444.61,20.19,91.92
10/9/2023,4060.61,8460.61,20.04,92.29
10/10/2023,4106.61,8506.61,19.61,93.33
10/11/2023,4122.07,8522.07,19.46,93.68
10/12/2023,4085.07,8485.07,19.81,92.84
10/13/2023,4013.07,8413.07,20.49,91.21
10/14/2023,4013.07,8413.07,20.49,91.21
10/15/2023,4013.07,8413.07,20.49,91.21
10/16/2023,4129.07,8529.07,19.4,93.84
10/17/2023,4103.07,8503.07,19.64,93.25
10/18/2023,3991.07,8391.07,20.7,90.71
10/19/2023,3911.07,8311.07,21.46,88.89
10/20/2023,3807.07,8207.07,22.44,86.52
10/21/2023,3807.07,8207.07,22.44,86.52
10/22/2023,3807.07,8207.07,22.44,86.52
10/23/2023,3790.07,8190.07,22.6,86.14
10/24/2023,3868.07,8268.07,21.86,87.91
10/25/2023,3663.07,8063.07,23.8,83.25
10/26/2023,3479.07,7879.07,25.54,79.07
10/27/2023,3370.07,7770.07,26.57,76.59
10/28/2023,3370.07,7770.07,26.57,76.59
10/29/2023,3370.07,7770.07,26.57,76.59
10/30/2023,3569.07,7969.07,24.69,81.12
10/31/2023,3635.07,8035.07,24.07,82.62
11/1/2023,3836.07,8236.07,22.17,87.18
11/2/2023,4090.07,8490.07,19.77,92.96
11/3/2023,4204.54,8604.54,18.68,95.56
11/4/2023,4204.54,8604.54,18.68,95.56
11/5/2023,4204.54,8604.54,18.68,95.56
11/6/2023,4205.54,8605.54,18.67,95.58
11/7/2023,4251.54,8651.54,18.24,96.63
11/8/2023,4262.54,8662.54,18.14,96.88
11/9/2023,4183.54,8583.54,18.88,95.08
11/10/2023,4307.54,8707.54,17.71,97.9
11/11/2023,4307.54,8707.54,17.71,97.9
11/12/2023,4307.54,8707.54,17.71,97.9
11/13/2023,4310.54,8710.54,17.68,97.97
11/14/2023,4393,8793,16.9,99.84
11/15/2023,4403,8803,16.81,100.07
11/16/2023,4412,8812,16.72,100.27
11/17/2023,4421,8821,16.64,100.48
11/18/2023,4421,8821,16.64,100.48
11/19/2023,4421,8821,16.64,100.48
11/20/2023,4478,8878,16.1,101.77
11/21/2023,4461,8861,16.26,101.39
11/22/2023,4488,8888,16,102
11/23/2023,4488,8888,16,102
11/24/2023,4493,8893,15.96,102.11
11/25/2023,4493,8893,15.96,102.11
11/26/2023,4493,8893,15.96,102.11
11/27/2023,4498.46,8898.46,15.91,102.24
11/28/2023,4494.46,8894.46,15.94,102.15
11/29/2023,4485.46,8885.46,16.03,101.94
11/30/2023,4496.46,8896.46,15.92,102.19
12/1/2023,4537.46,8937.46,15.54,103.12
12/2/2023,4537.46,8937.46,15.54,103.12
12/3/2023,4537.46,8937.46,15.54,103.12
12/4/2023,4512.46,8912.46,15.77,102.56
12/5/2023,4509.46,8909.46,15.8,102.49
12/6/2023,4490.46,8890.46,15.98,102.06
12/7/2023,4535.46,8935.46,15.56,103.08
12/8/2023,4573.46,8973.46,15.2,103.94
12/9/2023,4573.46,8973.46,15.2,103.94
12/10/2023,4573.46,8973.46,15.2,103.94
12/11/2023,4588.92,8988.92,15.05,104.29
12/12/2023,4627.92,9027.92,14.68,105.18
12/13/2023,4686.92,9086.92,14.12,106.52
12/14/2023,4696.38,9096.380000000001,14.04,106.74
12/15/2023,4691.38,9091.380000000001,14.08,106.62
12/16/2023,4691.38,9091.380000000001,14.08,106.62
12/17/2023,4691.38,9091.380000000001,14.08,106.62
12/18/2023,4737.38,9137.380000000001,13.65,107.67
12/19/2023,4760.38,9160.380000000001,13.43,108.19
12/20/2023,4686.38,9086.380000000001,14.13,106.51
12/21/2023,4719.38,9119.380000000001,13.82,107.26
12/22/2023,4740.38,9140.380000000001,13.62,107.74
12/23/2023,4740.38,9140.380000000001,13.62,107.74
12/24/2023,4740.38,9140.380000000001,13.62,107.74
12/25/2023,4740.38,9140.380000000001,13.62,107.74
12/26/2023,4787.38,9187.380000000001,13.18,108.8
12/27/2023,4792.38,9192.380000000001,13.13,108.92
12/28/2023,4806.85,9206.85,12.99,109.25
12/29/2023,4779.85,9179.85,13.25,108.63
12/30/2023,4779.85,9179.85,13.25,108.63
12/31/2023,4779.85,9179.85,13.25,108.63
1/1/2024,4779.85,9179.85,13.25,108.63
1/2/2024,4692.85,9092.85,14.07,106.66
1/3/2024,4636.85,9036.85,14.6,105.38
1/4/2024,4616.85,9016.85,14.79,104.93
1/5/2024,4599.85,8999.85,14.95,104.54
1/6/2024,4599.85,8999.85,14.95,104.54
1/7/2024,4599.85,8999.85,14.95,104.54
1/8/2024,4765.85,9165.85,13.38,108.31
1/9/2024,4763.85,9163.85,13.4,108.27
1/10/2024,4822.85,9222.85,12.84,109.61
1/11/2024,4827.85,9227.85,12.79,109.72
1/12/2024,4841.85,9241.85,12.66,110.04
1/13/2024,4841.85,9241.85,12.66,110.04
1/14/2024,4841.85,9241.85,12.66,110.04
1/15/2024,4841.85,9241.85,12.66,110.04
1/16/2024,4790.85,9190.85,13.14,108.88
1/17/2024,4727.85,9127.85,13.74,107.45
1/18/2024,4832.85,9232.85,12.75,109.84
1/19/2024,4928.31,9328.310000000001,11.84,112.01
1/20/2024,4928.31,9328.310000000001,11.84,112.01
1/21/2024,4928.31,9328.310000000001,11.84,112.01
1/22/2024,4966.31,9366.310000000001,11.48,112.87
1/23/2024,4990.31,9390.310000000001,11.26,113.42
1/24/2024,5009.31,9409.310000000001,11.08,113.85
1/25/2024,5014.31,9414.310000000001,11.03,113.96
1/26/2024,5020.31,9420.310000000001,10.97,114.1
1/27/2024,5020.31,9420.310000000001,10.97,114.1
1/28/2024,5020.31,9420.310000000001,10.97,114.1
1/29/2024,5049.77,9449.77,10.7,114.77
1/30/2024,5061.77,9461.77,10.58,115.04
1/31/2024,4895.77,9295.77,12.15,111.27
2/1/2024,5015.77,9415.77,11.02,113.99
2/2/2024,5119.77,9519.77,10.03,116.36
2/3/2024,5119.77,9519.77,10.03,116.36
2/4/2024,5119.77,9519.77,10.03,116.36
2/5/2024,5105.77,9505.77,10.17,116.04
2/6/2024,5108.77,9508.77,10.14,116.11
2/7/2024,5184.77,9584.77,9.42,117.84
2/8/2024,5184.77,9584.77,9.42,117.84
2/9/2024,5205.23,9605.23,9.23,118.3
2/10/2024,5205.23,9605.23,9.23,118.3
2/11/2024,5205.23,9605.23,9.23,118.3
2/12/2024,5210.23,9610.23,9.18,118.41
2/13/2024,5054.23,9454.23,10.65,114.87
2/14/2024,5174.23,9574.23,9.52,117.6
2/15/2024,5211.23,9611.23,9.17,118.44
2/16/2024,5187.23,9587.23,9.4,117.89
2/17/2024,5187.23,9587.23,9.4,117.89
2/18/2024,5187.23,9587.23,9.4,117.89
2/19/2024,5187.23,9587.23,9.4,117.89
2/20/2024,5119.23,9519.23,10.04,116.35
2/21/2024,5120.23,9520.23,10.03,116.37
2/22/2024,5303.23,9703.23,8.3,120.53
2/23/2024,5320.23,9720.23,8.14,120.91
2/24/2024,5320.23,9720.23,8.14,120.91
2/25/2024,5320.23,9720.23,8.14,120.91
2/26/2024,5312.23,9712.23,8.22,120.73
2/27/2024,5319.23,9719.23,8.15,120.89
2/28/2024,5306.23,9706.23,8.27,120.6
2/29/2024,5335.69,9735.689999999999,7.99,121.27
3/1/2024,5398.69,9798.689999999999,7.4,122.7
3/2/2024,5398.69,9798.689999999999,7.4,122.7
3/3/2024,5398.69,9798.689999999999,7.4,122.7
3/4/2024,5397.69,9797.689999999999,7.41,122.67
3/5/2024,5273.69,9673.689999999999,8.58,119.86
3/6/2024,5345.69,9745.689999999999,7.9,121.49
3/7/2024,5411.69,9811.689999999999,7.28,122.99
3/8/2024,5376.69,9776.689999999999,7.61,122.2
3/9/2024,5376.69,9776.689999999999,7.61,122.2
3/10/2024,5376.69,9776.689999999999,7.61,122.2
3/11/2024,5367.69,9767.689999999999,7.69,121.99
3/12/2024,5452.69,9852.689999999999,6.89,123.92
3/13/2024,5450.69,9850.689999999999,6.91,123.88
3/14/2024,5413.69,9813.689999999999,7.26,123.04
3/15/2024,5377.69,9777.689999999999,7.6,122.22
3/16/2024,5377.69,9777.689999999999,7.6,122.22
3/17/2024,5377.69,9777.689999999999,7.6,122.22
3/18/2024,5444.69,9844.689999999999,6.96,123.74
3/19/2024,5464.16,9864.16,6.78,124.19
3/20/2024,5551.16,9951.16,5.96,126.16
3/21/2024,5591.16,9991.16,5.58,127.07
3/22/2024,5587.16,9987.16,5.62,126.98
3/23/2024,5587.16,9987.16,5.62,126.98
3/24/2024,5587.16,9987.16,5.62,126.98
3/25/2024,5578.16,9978.16,5.7,126.78
3/26/2024,5572.16,9972.16,5.76,126.64
3/27/2024,5609.62,10009.619999999999,5.4,127.49
3/28/2024,5637.62,10037.619999999999,5.14,128.13
3/29/2024,5637.62,10037.619999999999,5.14,128.13
3/30/2024,5637.62,10037.619999999999,5.14,128.13
3/31/2024,5637.62,10037.619999999999,5.14,128.13
4/1/2024,5606.62,10006.619999999999,5.43,127.42
4/2/2024,5528.62,9928.619999999999,6.17,125.65
4/3/2024,5549.62,9949.619999999999,5.97,126.13
4/4/2024,5390.62,9790.619999999999,7.47,122.51
4/5/2024,5502.62,9902.619999999999,6.42,125.06
4/6/2024,5502.62,9902.619999999999,6.42,125.06
4/7/2024,5502.62,9902.619999999999,6.42,125.06
4/8/2024,5534.62,9934.619999999999,6.11,125.79
4/9/2024,5510.62,9910.619999999999,6.34,125.24
4/10/2024,5430.62,9830.619999999999,7.1,123.42
4/11/2024,5539.62,9939.619999999999,6.07,125.9
4/12/2024,5321.62,9721.619999999999,8.13,120.95
4/13/2024,5321.62,9721.619999999999,8.13,120.95
4/14/2024,5321.62,9721.619999999999,8.13,120.95
4/15/2024,5137.62,9537.619999999999,9.87,116.76
4/16/2024,5134.62,9534.619999999999,9.89,116.7
4/17/2024,5001.62,9401.619999999999,11.15,113.67
4/18/2024,4942.62,9342.619999999999,11.71,112.33
4/19/2024,4711.62,9111.619999999999,13.89,107.08
4/20/2024,4711.62,9111.619999999999,13.89,107.08
4/21/2024,4711.62,9111.619999999999,13.89,107.08
4/22/2024,4877.62,9277.619999999999,12.32,110.85
4/23/2024,5111.62,9511.619999999999,10.11,116.17
4/24/2024,5121.62,9521.619999999999,10.02,116.4
4/25/2024,4994.62,9394.619999999999,11.22,113.51
4/26/2024,5245.08,9645.08,8.85,119.21
4/27/2024,5245.08,9645.08,8.85,119.21
4/28/2024,5245.08,9645.08,8.85,119.21
4/29/2024,5258.08,9658.08,8.73,119.5
4/30/2024,5165.08,9565.08,9.61,117.39
5/1/2024,5146.08,9546.08,9.79,116.96
5/2/2024,5152.08,9552.08,9.73,117.09
5/3/2024,5323.08,9723.08,8.11,120.98
5/4/2024,5323.08,9723.08,8.11,120.98
5/5/2024,5323.08,9723.08,8.11,120.98
5/6/2024,5391.08,9791.08,7.47,122.52
5/7/2024,5418.54,9818.54,7.21,123.15
5/8/2024,5428.54,9828.54,7.12,123.38
5/9/2024,5469.54,9869.54,6.73,124.31
5/10/2024,5492.54,9892.54,6.51,124.83
5/11/2024,5492.54,9892.54,6.51,124.83
5/12/2024,5492.54,9892.54,6.51,124.83
5/13/2024,5488.54,9888.54,6.55,124.74
5/14/2024,5533.54,9933.54,6.12,125.76
5/15/2024,5604,10004,5.46,127.36
5/16/2024,5599,9999,5.51,127.25
5/17/2024,5608,10008,5.42,127.45
5/18/2024,5608,10008,5.42,127.45
5/19/2024,5608,10008,5.42,127.45
5/20/2024,5624,10024,5.27,127.82
5/21/2024,5649,10049,5.03,128.39
5/22/2024,5616,10016,5.34,127.64
5/23/2024,5554,9954,5.93,126.23
5/24/2024,5634,10034,5.17,128.05
5/25/2024,5634,10034,5.17,128.05
5/26/2024,5634,10034,5.17,128.05
5/27/2024,5634,10034,5.17,128.05
5/28/2024,5627,10027,5.24,127.89
5/29/2024,5580,9980,5.68,126.82
5/30/2024,5483,9883,6.6,124.61
5/31/2024,5515,9915,6.3,125.34
6/1/2024,5515,9915,6.3,125.34
6/2/2024,5515,9915,6.3,125.34
6/3/2024,5559,9959,5.88,126.34
6/4/2024,5587,9987,5.62,126.98
6/5/2024,5689,10089,4.65,129.3
6/6/2024,5702,10102,4.53,129.59
6/7/2024,5709.47,10109.470000000001,4.46,129.76
6/8/2024,5709.47,10109.470000000001,4.46,129.76
6/9/2024,5709.47,10109.470000000001,4.46,129.76
6/10/2024,5723.47,10123.470000000001,4.33,130.08
6/11/2024,5740.47,10140.470000000001,4.17,130.47
6/12/2024,5812.47,10212.470000000001,3.49,132.1
6/13/2024,5828.93,10228.93,3.33,132.48
6/14/2024,5810.93,10210.93,3.5,132.07
6/15/2024,5810.93,10210.93,3.5,132.07
6/16/2024,5810.93,10210.93,3.5,132.07
6/17/2024,5889.93,10289.93,2.76,133.86
6/18/2024,5893.93,10293.93,2.72,133.95
6/19/2024,5893.93,10293.93,2.72,133.95
6/20/2024,5880.93,10280.93,2.84,133.66
6/21/2024,5864.93,10264.93,2.99,133.29
6/22/2024,5864.93,10264.93,2.99,133.29
6/23/2024,5864.93,10264.93,2.99,133.29
6/24/2024,5866.93,10266.93,2.97,133.34
6/25/2024,5883.93,10283.93,2.81,133.73
6/26/2024,5895.93,10295.93,2.7,134
6/27/2024,5913.93,10313.93,2.53,134.41
6/28/2024,5903.93,10303.93,2.62,134.18
6/29/2024,5903.93,10303.93,2.62,134.18
6/30/2024,5903.93,10303.93,2.62,134.18
7/1/2024,5920.93,10320.93,2.46,134.57
7/2/2024,5962.39,10362.39,2.07,135.51
7/3/2024,5997.39,10397.39,1.74,136.3
7/4/2024,5997.39,10397.39,1.74,136.3
7/5/2024,6048.39,10448.39,1.26,137.46
7/6/2024,6048.39,10448.39,1.26,137.46
7/7/2024,6048.39,10448.39,1.26,137.46
7/8/2024,6054.39,10454.39,1.2,137.6
7/9/2024,6061.39,10461.39,1.14,137.76
7/10/2024,6100.85,10500.85,0.76,138.66
7/11/2024,6042.85,10442.85,1.31,137.34
7/12/2024,6111.85,10511.85,0.66,138.91
7/13/2024,6111.85,10511.85,0.66,138.91
7/14/2024,6111.85,10511.85,0.66,138.91
7/15/2024,6110.85,10510.85,0.67,138.88
7/16/2024,6156.85,10556.85,0.23,139.93
7/17/2024,6032.85,10432.85,1.4,137.11
7/18/2024,5940.85,10340.85,2.27,135.02
7/19/2024,5838.85,10238.85,3.24,132.7
7/20/2024,5838.85,10238.85,3.24,132.7
7/21/2024,5838.85,10238.85,3.24,132.7
7/22/2024,5987.85,10387.85,1.83,136.09
7/23/2024,5965.85,10365.85,2.04,135.59
7/24/2024,5631.85,10031.85,5.19,128
7/25/2024,5590.85,9990.85,5.58,127.06
7/26/2024,5677.85,10077.85,4.76,129.04
7/27/2024,5677.85,10077.85,4.76,129.04
7/28/2024,5677.85,10077.85,4.76,129.04
7/29/2024,5714.85,10114.85,4.41,129.88
7/30/2024,5590.85,9990.85,5.58,127.06
7/31/2024,5900.85,10300.85,2.65,134.11
8/1/2024,5596.85,9996.85,5.53,127.2
8/2/2024,5323.31,9723.310000000001,8.11,120.98
8/3/2024,5323.31,9723.310000000001,8.11,120.98
8/4/2024,5323.31,9723.310000000001,8.11,120.98
8/5/2024,4993.31,9393.310000000001,11.23,113.48
8/6/2024,5236.31,9636.310000000001,8.93,119.01
8/7/2024,5126.31,9526.310000000001,9.97,116.51
8/8/2024,5333.31,9733.310000000001,8.02,121.21
8/9/2024,5411.31,9811.310000000001,7.28,122.98
8/10/2024,5411.31,9811.310000000001,7.28,122.98
8/11/2024,5411.31,9811.310000000001,7.28,122.98
8/12/2024,5410.31,9810.310000000001,7.29,122.96
8/13/2024,5556.78,9956.779999999999,5.9,126.29
8/14/2024,5629.78,10029.779999999999,5.21,127.95
8/15/2024,5762.24,10162.24,3.96,130.96
8/16/2024,5778.24,10178.24,3.81,131.32
8/17/2024,5778.24,10178.24,3.81,131.32
8/18/2024,5778.24,10178.24,3.81,131.32
8/19/2024,5846.24,10246.24,3.17,132.87
8/20/2024,5846.24,10246.24,3.17,132.87
8/21/2024,5852.24,10252.24,3.11,133.01
8/22/2024,5795.24,10195.24,3.65,131.71
8/23/2024,5872.24,10272.24,2.92,133.46
8/24/2024,5872.24,10272.24,2.92,133.46
8/25/2024,5872.24,10272.24,2.92,133.46
8/26/2024,5875.24,10275.24,2.89,133.53
8/27/2024,5895.24,10295.24,2.71,133.98
8/28/2024,5852.24,10252.24,3.11,133.01
8/29/2024,5870.24,10270.24,2.94,133.41
8/30/2024,5915.24,10315.24,2.52,134.44
8/31/2024,5915.24,10315.24,2.52,134.44
9/1/2024,5915.24,10315.24,2.52,134.44
9/2/2024,5915.24,10315.24,2.52,134.44
9/3/2024,5724.24,10124.24,4.32,130.1
9/4/2024,5721.24,10121.24,4.35,130.03
9/5/2024,5683.24,10083.24,4.71,129.16
9/6/2024,5480.24,9880.24,6.63,124.55
9/7/2024,5480.24,9880.24,6.63,124.55
9/8/2024,5480.24,9880.24,6.63,124.55
9/9/2024,5604.7,10004.7,5.45,127.38
9/10/2024,5653.7,10053.7,4.99,128.49
9/11/2024,5721.7,10121.7,4.35,130.04
9/12/2024,5804.7,10204.7,3.56,131.93
9/13/2024,5829.16,10229.16,3.33,132.48
9/14/2024,5829.16,10229.16,3.33,132.48
9/15/2024,5829.16,10229.16,3.33,132.48
9/16/2024,5845.16,10245.16,3.18,132.84
9/17/2024,5835.16,10235.16,3.27,132.62
9/18/2024,5837.16,10237.16,3.25,132.66
9/19/2024,5956.16,10356.16,2.13,135.37
9/20/2024,5956.16,10356.16,2.13,135.37
9/21/2024,5956.16,10356.16,2.13,135.37
9/22/2024,5956.16,10356.16,2.13,135.37
9/23/2024,5971.16,10371.16,1.99,135.71
9/24/2024,5985.62,10385.619999999999,1.85,136.04
9/25/2024,5959.62,10359.619999999999,2.1,135.45
9/26/2024,5992.62,10392.619999999999,1.79,136.2
9/27/2024,5967.62,10367.619999999999,2.02,135.63
9/28/2024,5967.62,10367.619999999999,2.02,135.63
9/29/2024,5967.62,10367.619999999999,2.02,135.63
9/30/2024,5984.62,10384.619999999999,1.86,136.01
10/1/2024,5923.62,10323.619999999999,2.44,134.63
10/2/2024,5926.62,10326.619999999999,2.41,134.7
10/3/2024,5872.62,10272.619999999999,2.92,133.47
10/4/2024,5979.62,10379.619999999999,1.91,135.9
10/5/2024,5979.62,10379.619999999999,1.91,135.9
10/6/2024,5979.62,10379.619999999999,1.91,135.9
10/7/2024,5879.62,10279.619999999999,2.85,133.63
10/8/2024,6002.62,10402.619999999999,1.69,136.42
10/9/2024,6059.62,10459.619999999999,1.15,137.72
10/10/2024,6045.62,10445.619999999999,1.28,137.4
10/11/2024,6103.62,10503.619999999999,0.74,138.72
10/12/2024,6103.62,10503.619999999999,0.74,138.72
10/13/2024,6103.62,10503.619999999999,0.74,138.72
10/14/2024,6168.62,10568.619999999999,0.12,140.2
10/15/2024,6112.62,10512.619999999999,0.65,138.92
10/16/2024,6154.62,10554.619999999999,0.25,139.88
10/17/2024,6178.62,10578.619999999999,0.03,140.42
10/18/2024,6201.09,10601.09,0,140.93
10/19/2024,6201.09,10601.09,0,140.93
10/20/2024,6201.09,10601.09,0,140.93
10/21/2024,6177.09,10577.09,0.23,140.39
10/22/2024,6196.09,10596.09,0.05,140.82
10/23/2024,6091.09,10491.09,1.04,138.43
10/24/2024,6116.09,10516.09,0.8,139
10/25/2024,6113.09,10513.09,0.83,138.93
10/26/2024,6113.09,10513.09,0.83,138.93
10/27/2024,6113.09,10513.09,0.83,138.93
10/28/2024,6153.09,10553.09,0.45,139.84
10/29/2024,6170.09,10570.09,0.29,140.23
10/30/2024,6133.09,10533.09,0.64,139.39
10/31/2024,5946.09,10346.09,2.41,135.14
11/1/2024,5948.09,10348.09,2.39,135.18
11/2/2024,5948.09,10348.09,2.39,135.18
11/3/2024,5948.09,10348.09,2.39,135.18
11/4/2024,5903.09,10303.09,2.81,134.16
11/5/2024,6045.09,10445.09,1.47,137.39
11/6/2024,6362.55,10762.55,0,144.6
11/7/2024,6435.55,10835.55,0,146.26
11/8/2024,6458.55,10858.55,0,146.79
11/9/2024,6458.55,10858.55,0,146.79
11/10/2024,6458.55,10858.55,0,146.79
11/11/2024,6469.55,10869.55,0,147.04
11/12/2024,6463.55,10863.55,0.06,146.9
11/13/2024,6483.55,10883.55,0,147.35
11/14/2024,6435.55,10835.55,0.44,146.26
11/15/2024,6273.55,10673.55,1.93,142.58
11/16/2024,6273.55,10673.55,1.93,142.58
11/17/2024,6273.55,10673.55,1.93,142.58
11/18/2024,6344.55,10744.55,1.28,144.19
11/19/2024,6368.55,10768.55,1.06,144.74
11/20/2024,6349.55,10749.55,1.23,144.31
11/21/2024,6433.55,10833.55,0.46,146.22
11/22/2024,6470.55,10870.55,0.12,147.06
11/23/2024,6470.55,10870.55,0.12,147.06
11/24/2024,6470.55,10870.55,0.12,147.06
11/25/2024,6518.55,10918.55,0,148.15
11/26/2024,6559.01,10959.01,0,149.07
11/27/2024,6532.01,10932.01,0.25,148.45
11/28/2024,6532.01,10932.01,0.25,148.45
11/29/2024,6594.01,10994.01,0,149.86
11/30/2024,6594.01,10994.01,0,149.86
12/1/2024,6594.01,10994.01,0,149.86
12/2/2024,6606.01,11006.01,0,150.14
12/3/2024,6612.01,11012.01,0,150.27
12/4/2024,6659.01,11059.01,0,151.34
12/5/2024,6661.01,11061.01,0,151.39
12/6/2024,6664.01,11064.01,0,151.45
12/7/2024,6664.01,11064.01,0,151.45
12/8/2024,6664.01,11064.01,0,151.45
12/9/2024,6622.01,11022.01,0.38,150.5
12/10/2024,6604.01,11004.01,0.54,150.09
12/11/2024,6673.01,11073.01,0,151.66
12/12/2024,6647.01,11047.01,0.23,151.07
12/13/2024,6642.01,11042.01,0.28,150.95
12/14/2024,6642.01,11042.01,0.28,150.95
12/15/2024,6642.01,11042.01,0.28,150.95
12/16/2024,6666.01,11066.01,0.06,151.5
12/17/2024,6631.01,11031.01,0.38,150.7
12/18/2024,6249.01,10649.01,3.83,142.02
12/19/2024,6294.01,10694.01,3.42,143.05
12/20/2024,6427.01,10827.01,2.22,146.07
12/21/2024,6427.01,10827.01,2.22,146.07
12/22/2024,6427.01,10827.01,2.22,146.07
12/23/2024,6493.01,10893.01,1.63,147.57
12/24/2024,6629.01,11029.01,0.4,150.66
12/25/2024,6629.01,11029.01,0.4,150.66
12/26/2024,6659.01,11059.01,0.13,151.34
12/27/2024,6461.47,10861.470000000001,1.91,146.85
12/28/2024,6461.47,10861.470000000001,1.91,146.85
12/29/2024,6461.47,10861.470000000001,1.91,146.85
12/30/2024,6419.47,10819.470000000001,2.29,145.9
12/31/2024,6351.47,10751.470000000001,2.9,144.35
1/1/2025,6351.47,10751.470000000001,2.9,144.35
1/2/2025,6310.47,10710.470000000001,3.27,143.42
1/3/2025,6456.47,10856.470000000001,1.96,146.74
1/4/2025,6456.47,10856.470000000001,1.96,146.74
1/5/2025,6456.47,10856.470000000001,1.96,146.74
1/6/2025,6503.47,10903.470000000001,1.53,147.81
1/7/2025,6376.47,10776.470000000001,2.68,144.92
1/8/2025,6408.47,10808.470000000001,2.39,145.65
1/9/2025,6408.47,10808.470000000001,2.39,145.65
1/10/2025,6219.47,10619.470000000001,4.1,141.35
1/11/2025,6219.47,10619.470000000001,4.1,141.35
1/12/2025,6219.47,10619.470000000001,4.1,141.35
1/13/2025,6219.47,10619.470000000001,4.1,141.35
1/14/2025,6219.47,10619.470000000001,4.1,141.35
1/15/2025,6536.47,10936.470000000001,1.23,148.56
1/16/2025,6534.47,10934.470000000001,1.25,148.51
1/17/2025,6594.93,10994.93,0.71,149.88
1/18/2025,6594.93,10994.93,0.71,149.88
1/19/2025,6594.93,10994.93,0.71,149.88
1/20/2025,6594.93,10994.93,0.71,149.88
1/21/2025,6680.93,11080.93,0,151.84
1/22/2025,6740.93,11140.93,0,153.2
1/23/2025,6755.93,11155.93,0,153.54
1/24/2025,6746.93,11146.93,0.08,153.34
1/25/2025,6746.93,11146.93,0.08,153.34
1/26/2025,6746.93,11146.93,0.08,153.34
1/27/2025,6595.93,10995.93,1.43,149.91
1/28/2025,6711.93,11111.93,0.39,152.54
1/29/2025,6664.93,11064.93,0.82,151.48
1/30/2025,6686.93,11086.93,0.62,151.98
1/31/2025,6659.93,11059.93,0.86,151.36
2/1/2025,6659.93,11059.93,0.86,151.36
2/2/2025,6659.93,11059.93,0.86,151.36
2/3/2025,6591.93,10991.93,1.47,149.82
2/4/2025,6678.93,11078.93,0.69,151.79
2/5/2025,6719.93,11119.93,0.32,152.73
2/6/2025,6765.93,11165.93,0,153.77
2/7/2025,6699.4,11099.4,0.6,152.26
2/8/2025,6699.4,11099.4,0.6,152.26
2/9/2025,6699.4,11099.4,0.6,152.26
2/10/2025,6775.4,11175.4,0,153.99
2/11/2025,6782.4,11182.4,0,154.15
2/12/2025,6750.4,11150.4,0.29,153.42
2/13/2025,6842.4,11242.4,0,155.51
2/14/2025,6858.4,11258.4,0,155.87
2/15/2025,6858.4,11258.4,0,155.87
2/16/2025,6858.4,11258.4,0,155.87
2/17/2025,6858.4,11258.4,0,155.87
2/18/2025,6866.4,11266.4,0,156.05
2/19/2025,6896.86,11296.86,0,156.75
2/20/2025,6863.86,11263.86,0.29,156
2/21/2025,6661.86,11061.86,2.08,151.41
2/22/2025,6661.86,11061.86,2.08,151.41
2/23/2025,6661.86,11061.86,2.08,151.41
2/24/2025,6618.86,11018.86,2.46,150.43
2/25/2025,6501.86,10901.86,3.5,147.77
2/26/2025,6510.86,10910.86,3.42,147.97
2/27/2025,6267.86,10667.86,5.57,142.45
2/28/2025,6363.86,10763.86,4.72,144.63
3/1/2025,6363.86,10763.86,4.72,144.63
3/2/2025,6363.86,10763.86,4.72,144.63
3/3/2025,6151.86,10551.86,6.59,139.82
3/4/2025,6081.86,10481.86,7.21,138.22
3/5/2025,6138.86,10538.86,6.71,139.52
3/6/2025,5844.86,10244.86,9.31,132.84
3/7/2025,5891.86,10291.86,8.9,133.91
3/8/2025,5891.86,10291.86,8.9,133.91
3/9/2025,5891.86,10291.86,8.9,133.91
3/10/2025,5529.86,9929.86,12.1,125.68
3/11/2025,5466.86,9866.86,12.66,124.25
3/12/2025,5394.86,9794.86,13.3,122.61
3/13/2025,5224.86,9624.86,14.8,118.75
3/14/2025,5321.32,9721.32,13.95,120.94
3/15/2025,5321.32,9721.32,13.95,120.94
3/16/2025,5321.32,9721.32,13.95,120.94
3/17/2025,5434.32,9834.32,12.95,123.51
3/18/2025,5324.32,9724.32,13.92,121.01
3/19/2025,5456.32,9856.32,12.75,124.01
3/20/2025,5425.32,9825.32,13.03,123.3
3/21/2025,5409.32,9809.32,13.17,122.94
3/22/2025,5409.32,9809.32,13.17,122.94
3/23/2025,5409.32,9809.32,13.17,122.94
3/24/2025,5558.78,9958.779999999999,11.84,126.34
3/25/2025,5574.78,9974.779999999999,11.7,126.7
3/26/2025,5451.78,9851.779999999999,12.79,123.9
3/27/2025,5462.78,9862.779999999999,12.69,124.15
3/28/2025,5153.78,9553.779999999999,15.43,117.13
3/29/2025,5153.78,9553.779999999999,15.43,117.13
3/30/2025,5153.78,9553.779999999999,15.43,117.13
3/31/2025,5264.78,9664.779999999999,14.45,119.65
4/1/2025,5285.78,9685.779999999999,14.26,120.13
4/2/2025,5396.78,9796.779999999999,13.28,122.65
4/3/2025,4793.78,9193.779999999999,18.62,108.95
4/4/2025,4264.78,8664.779999999999,23.3,96.93
4/5/2025,4264.78,8664.779999999999,23.3,96.93
4/6/2025,4264.78,8664.779999999999,23.3,96.93
4/7/2025,4158.78,8558.779999999999,24.24,94.52
4/8/2025,4051.78,8451.78,25.18,92.09
4/9/2025,4868.78,9268.779999999999,17.95,110.65
4/10/2025,4484.78,8884.779999999999,21.35,101.93
4/11/2025,4736.24,9136.24,19.13,107.64
4/12/2025,4736.24,9136.24,19.13,107.64
4/13/2025,4736.24,9136.24,19.13,107.64
4/14/2025,4948.24,9348.24,17.25,112.46
4/15/2025,4930.24,9330.24,17.41,112.05
4/16/2025,4623.24,9023.24,20.13,105.07
4/17/2025,4756.24,9156.24,18.95,108.1
4/18/2025,4756.24,9156.24,18.95,108.1
4/19/2025,4756.24,9156.24,18.95,108.1
4/20/2025,4756.24,9156.24,18.95,108.1
4/21/2025,4344.24,8744.24,22.6,98.73
4/22/2025,4744.24,9144.24,19.06,107.82
4/23/2025,4932.24,9332.24,17.39,112.1
4/24/2025,5127.71,9527.71,15.66,116.54
4/25/2025,5185.71,9585.71,15.15,117.86
4/26/2025,5185.71,9585.71,15.15,117.86
4/27/2025,5185.71,9585.71,15.15,117.86
4/28/2025,5213.71,9613.71,14.9,118.49
4/29/2025,5255.71,9655.71,14.53,119.45
4/30/2025,5214.71,9614.71,14.89,118.52
5/1/2025,5344.71,9744.71,13.74,121.47
5/2/2025,5408.17,9808.17,13.18,122.91
5/3/2025,5408.17,9808.17,13.18,122.91
5/4/2025,5408.17,9808.17,13.18,122.91
5/5/2025,5378.17,9778.17,13.44,122.23
5/6/2025,5320.17,9720.17,13.96,120.91
5/7/2025,5351.17,9751.17,13.68,121.62
5/8/2025,5433.17,9833.17,12.96,123.48
5/9/2025,5395.17,9795.17,13.29,122.62
5/10/2025,5395.17,9795.17,13.29,122.62
5/11/2025,5395.17,9795.17,13.29,122.62
5/12/2025,5696.63,10096.630000000001,10.62,129.47
5/13/2025,5803.63,10203.630000000001,9.68,131.9
5/14/2025,5778.63,10178.630000000001,9.9,131.33
5/15/2025,5812.63,10212.630000000001,9.6,132.11
5/16/2025,5855.63,10255.630000000001,9.22,133.08
5/17/2025,5855.63,10255.630000000001,9.22,133.08
5/18/2025,5855.63,10255.630000000001,9.22,133.08
5/19/2025,5855.63,10255.630000000001,9.22,133.08
5/20/2025,5838.63,10238.630000000001,9.37,132.7
5/21/2025,5739.63,10139.630000000001,10.24,130.45
5/22/2025,5745.63,10145.630000000001,10.19,130.58
5/23/2025,5671.63,10071.630000000001,10.85,128.9
5/24/2025,5671.63,10071.630000000001,10.85,128.9
5/25/2025,5671.63,10071.630000000001,10.85,128.9
5/26/2025,5671.63,10071.630000000001,10.85,128.9
5/27/2025,5848.63,10248.630000000001,9.28,132.92
5/28/2025,5835.63,10235.630000000001,9.39,132.63
5/29/2025,5857.63,10257.630000000001,9.2,133.13
5/30/2025,5849.63,10249.630000000001,9.27,132.95
5/31/2025,5849.63,10249.630000000001,9.27,132.95
6/1/2025,5849.63,10249.630000000001,9.27,132.95
6/2/2025,5892.63,10292.630000000001,8.89,133.92
6/3/2025,5945.09,10345.09,8.43,135.12
6/4/2025,5961.09,10361.09,8.28,135.48
6/5/2025,5926.09,10326.09,8.59,134.68
6/6/2025,6022.09,10422.09,7.74,136.87
6/7/2025,6022.09,10422.09,7.74,136.87
6/8/2025,6022.09,10422.09,7.74,136.87
6/9/2025,6038.09,10438.09,7.6,137.23
6/10/2025,6067.09,10467.09,7.35,137.89
6/11/2025,6050.09,10450.09,7.5,137.5
6/12/2025,6072.09,10472.09,7.3,138
6/13/2025,5949.09,10349.09,8.39,135.21
6/14/2025,5949.09,10349.09,8.39,135.21
6/15/2025,5949.09,10349.09,8.39,135.21
6/16/2025,6083.09,10483.09,7.2,138.25
6/17/2025,5996.09,10396.09,7.97,136.27
6/18/2025,6015.09,10415.09,7.81,136.71
6/19/2025,6015.09,10415.09,7.81,136.71
6/20/2025,5971.09,10371.09,8.19,135.71
6/21/2025,5971.09,10371.09,8.19,135.71
6/22/2025,5971.09,10371.09,8.19,135.71
6/23/2025,6086.09,10486.09,7.18,138.32
6/24/2025,6197.55,10597.55,6.19,140.85
6/25/2025,6190.55,10590.55,6.25,140.69
6/26/2025,6244.55,10644.55,5.77,141.92
6/27/2025,6261.55,10661.55,5.62,142.31
6/28/2025,6261.55,10661.55,5.62,142.31
6/29/2025,6261.55,10661.55,5.62,142.31
6/30/2025,6299.55,10699.55,5.29,143.17
7/1/2025,6301.55,10701.55,5.27,143.22
7/2/2025,6314.55,10714.55,5.15,143.51
7/3/2025,6356.55,10756.55,4.78,144.47
7/4/2025,6356.55,10756.55,4.78,144.47
7/5/2025,6356.55,10756.55,4.78,144.47
7/6/2025,6356.55,10756.55,4.78,144.47
7/7/2025,6309.55,10709.55,5.2,143.4
7/8/2025,6331.55,10731.55,5,143.9
7/9/2025,6370.02,10770.02,4.66,144.77
7/10/2025,6414.02,10814.02,4.27,145.77
7/11/2025,6384.02,10784.02,4.54,145.09
7/12/2025,6384.02,10784.02,4.54,145.09
7/13/2025,6384.02,10784.02,4.54,145.09
7/14/2025,6380.02,10780.02,4.58,145
7/15/2025,6370.02,10770.02,4.66,144.77
7/16/2025,6384.02,10784.02,4.54,145.09
7/17/2025,6445.02,10845.02,4,146.48
7/18/2025,6435.02,10835.02,4.09,146.25
7/19/2025,6435.02,10835.02,4.09,146.25
7/20/2025,6435.02,10835.02,4.09,146.25
7/21/2025,6467.02,10867.02,3.8,146.98
7/22/2025,6482.02,10882.02,3.67,147.32
7/23/2025,6542.02,10942.02,3.14,148.68
7/24/2025,6558.48,10958.48,3,149.06
7/25/2025,6565.48,10965.48,2.93,149.22
7/26/2025,6565.48,10965.48,2.93,149.22
7/27/2025,6565.48,10965.48,2.93,149.22
7/28/2025,6565.48,10965.48,2.93,149.22
7/29/2025,6561.48,10961.48,2.97,149.12
7/30/2025,6554.48,10954.48,3.03,148.97
7/31/2025,6557.48,10957.48,3,149.03
8/1/2025,6512.48,10912.48,3.4,148.01
8/2/2025,6512.48,10912.48,3.4,148.01
8/3/2025,6512.48,10912.48,3.4,148.01
8/4/2025,6549.48,10949.48,3.08,148.85
8/5/2025,6540.48,10940.48,3.15,148.65
8/6/2025,6556.48,10956.48,3.01,149.01
8/7/2025,6552.48,10952.48,3.05,148.92
8/8/2025,6567.48,10967.48,2.92,149.26
8/9/2025,6567.48,10967.48,2.92,149.26
8/10/2025,6567.48,10967.48,2.92,149.26
8/11/2025,6567.48,10967.48,2.92,149.26
8/12/2025,6585.48,10985.48,2.76,149.67
8/13/2025,6590.48,10990.48,2.71,149.78
8/14/2025,6588.94,10988.939999999999,2.73,149.75
8/15/2025,6564.94,10964.939999999999,2.94,149.2
8/16/2025,6564.94,10964.939999999999,2.94,149.2
8/17/2025,6564.94,10964.939999999999,2.94,149.2
8/18/2025,6572.94,10972.939999999999,2.87,149.39
8/19/2025,6506.94,10906.939999999999,3.45,147.89
8/20/2025,6495.94,10895.939999999999,3.55,147.64
8/21/2025,6414.94,10814.939999999999,4.27,145.79
8/22/2025,6604.94,11004.939999999999,2.58,150.11
8/23/2025,6604.94,11004.939999999999,2.58,150.11
8/24/2025,6604.94,11004.939999999999,2.58,150.11
8/25/2025,6597.94,10997.939999999999,2.65,149.95
8/26/2025,6605.94,11005.939999999999,2.58,150.14
8/27/2025,6644.94,11044.939999999999,2.23,151.02
8/28/2025,6677.94,11077.939999999999,1.94,151.77
8/29/2025,6611.94,11011.939999999999,2.52,150.27
8/30/2025,6611.94,11011.939999999999,2.52,150.27
8/31/2025,6611.94,11011.939999999999,2.52,150.27
9/1/2025,6611.94,11011.939999999999,2.52,150.27
9/2/2025,6513.94,10913.939999999999,3.39,148.04
9/3/2025,6573.94,10973.939999999999,2.86,149.41
9/4/2025,6672.94,11072.939999999999,1.98,151.66
9/5/2025,6664.94,11064.939999999999,2.05,151.48
9/6/2025,6664.94,11064.939999999999,2.05,151.48
9/7/2025,6664.94,11064.939999999999,2.05,151.48
9/8/2025,6699.94,11099.939999999999,1.74,152.27
9/9/2025,6722.4,11122.4,1.54,152.78
9/10/2025,6750.4,11150.4,1.3,153.42
9/11/2025,6829.4,11229.4,0.6,155.21
9/12/2025,6830.4,11230.4,0.59,155.24
9/13/2025,6830.4,11230.4,0.59,155.24
9/14/2025,6830.4,11230.4,0.59,155.24
9/15/2025,6851.4,11251.4,0.4,155.71
9/16/2025,6842.4,11242.4,0.48,155.51
9/17/2025,6845.4,11245.4,0.46,155.58
9/18/2025,6879.4,11279.4,0.15,156.35
9/19/2025,6897.4,11297.4,0,156.76
9/20/2025,6897.4,11297.4,0,156.76
9/21/2025,6897.4,11297.4,0,156.76
9/22/2025,6921.86,11321.86,0,157.31
9/23/2025,6847.86,11247.86,0.65,155.63
9/24/2025,6816.86,11216.86,0.93,154.93
9/25/2025,6753.86,11153.86,1.48,153.5
9/26/2025,6861.86,11261.86,0.53,155.95
9/27/2025,6861.86,11261.86,0.53,155.95
9/28/2025,6861.86,11261.86,0.53,155.95
9/29/2025,6901.86,11301.86,0.18,156.86
9/30/2025,6936.86,11336.86,0,157.66
10/1/2025,6988.86,11388.86,0,158.84
10/2/2025,6990.86,11390.86,0,158.88
10/3/2025,7010.86,11410.86,0,159.34
10/4/2025,7010.86,11410.86,0,159.34
10/5/2025,7010.86,11410.86,0,159.34
10/6/2025,7010.86,11410.86,0,159.34
10/7/2025,6999.86,11399.86,0.1,159.09
10/8/2025,7068.86,11468.86,0,160.66
10/9/2025,7049.86,11449.86,0.17,160.22
10/10/2025,6707.33,11107.33,3.15,152.44
10/11/2025,6707.33,11107.33,3.15,152.44
10/12/2025,6707.33,11107.33,3.15,152.44
10/13/2025,6876.33,11276.33,1.68,156.28
10/14/2025,6819.33,11219.33,2.18,154.98
10/15/2025,6868.33,11268.33,1.75,156.1
10/16/2025,6739.33,11139.33,2.87,153.17
10/17/2025,6866.33,11266.33,1.77,156.05
10/18/2025,6866.33,11266.33,1.77,156.05
10/19/2025,6866.33,11266.33,1.77,156.05
10/20/2025,7005.79,11405.79,0.55,159.22
10/21/2025,7023.79,11423.79,0.39,159.63
10/22/2025,6939.79,11339.79,1.13,157.72
10/23/2025,7037.79,11437.79,0.27,159.95
10/24/2025,7119.79,11519.79,0,161.81
10/25/2025,7119.79,11519.79,0,161.81
10/26/2025,7119.79,11519.79,0,161.81
10/27/2025,7195.79,11595.79,0,163.54
10/28/2025,7207.79,11607.79,0,163.81
10/29/2025,7176.79,11576.79,0.27,163.11
10/30/2025,7129.79,11529.79,0.67,162.04
10/31/2025,7165.79,11565.79,0.36,162.86
11/1/2025,7165.79,11565.79,0.36,162.86
11/2/2025,7165.79,11565.79,0.36,162.86
11/3/2025,7184.79,11584.79,0.2,163.29
11/4/2025,7098.79,11498.79,0.94,161.34
11/5/2025,7169.79,11569.79,0.33,162.95
11/6/2025,7019.79,11419.79,1.62,159.54
11/7/2025,6991.25,11391.25,1.87,158.89
11/8/2025,6991.25,11391.25,1.87,158.89
11/9/2025,6991.25,11391.25,1.87,158.89
11/10/2025,7177.25,11577.25,0.26,163.12
11/11/2025,7202.25,11602.25,0.05,163.69
11/12/2025,7206.25,11606.25,0.01,163.78
11/13/2025,7038.25,11438.25,1.46,159.96
11/14/2025,7057.25,11457.25,1.3,160.39
11/15/2025,7057.25,11457.25,1.3,160.39
11/16/2025,7057.25,11457.25,1.3,160.39
11/17/2025,6913.25,11313.25,2.54,157.12
11/18/2025,6867.25,11267.25,2.93,156.07
11/19/2025,6893.25,11293.25,2.71,156.66
11/20/2025,6697.25,11097.25,4.4,152.21
11/21/2025,6850.25,11250.25,3.08,155.69
11/22/2025,6850.25,11250.25,3.08,155.69
11/23/2025,6850.25,11250.25,3.08,155.69
11/24/2025,7069.25,11469.25,1.19,160.66
11/25/2025,7188.25,11588.25,0.17,163.37
11/26/2025,7266.71,11666.71,0,165.15
11/27/2025,7266.71,11666.71,0,165.15
11/28/2025,7268.71,11668.71,0,165.2
11/29/2025,7268.71,11668.71,0,165.2
11/30/2025,7268.71,11668.71,0,165.2
12/1/2025,7266.71,11666.71,0.02,165.15
12/2/2025,7272.71,11672.71,0,165.29
12/3/2025,7280.71,11680.71,0,165.47
12/4/2025,7275.71,11675.71,0.04,165.36
12/5/2025,7286.71,11686.71,0,165.61
12/6/2025,7286.71,11686.71,0,165.61
12/7/2025,7286.71,11686.71,0,165.61
12/8/2025,7276.71,11676.71,0.09,165.38
12/9/2025,7279.71,11679.71,0.06,165.45
12/10/2025,7296.71,11696.71,0,165.83
12/11/2025,7301.71,11701.71,0,165.95
12/12/2025,7280.71,11680.71,0.18,165.47
12/13/2025,7280.71,11680.71,0.18,165.47
12/14/2025,7280.71,11680.71,0.18,165.47
12/15/2025,7283.71,11683.71,0.15,165.54
12/16/2025,7278.71,11678.71,0.2,165.43
12/17/2025,7243.71,11643.71,0.5,164.63
12/18/2025,7275.71,11675.71,0.22,165.36
12/19/2025,7292.17,11692.17,0.08,165.73
12/20/2025,7292.17,11692.17,0.08,165.73
12/21/2025,7292.17,11692.17,0.08,165.73
12/22/2025,7391.17,11791.17,0,167.98
12/23/2025,7431.17,11831.17,0,168.89
12/24/2025,7458.17,11858.17,0,169.5
12/25/2025,7458.17,11858.17,0,169.5
12/26/2025,7463.17,11863.17,0,169.62
12/27/2025,7463.17,11863.17,0,169.62
12/28/2025,7463.17,11863.17,0,169.62
12/29/2025,7450.17,11850.17,0.11,169.32
12/30/2025,7446.17,11846.17,0.14,169.23
12/31/2025,7382.17,11782.17,0.68,167.78
1/1/2026,7382.17,11782.17,0.68,167.78
1/2/2026,7383.17,11783.17,0.67,167.8
1/3/2026,7383.17,11783.17,0.67,167.8
1/4/2026,7383.17,11783.17,0.67,167.8
1/5/2026,7466.17,11866.17,0,169.69
1/6/2026,7516.64,11916.64,0,170.83
1/7/2026,7476.64,11876.64,0.34,169.92
1/8/2026,7486.64,11886.64,0.25,170.15
1/9/2026,7574.64,11974.64,0,172.15
1/10/2026,7574.64,11974.64,0,172.15
1/11/2026,7574.64,11974.64,0,172.15
1/12/2026,7584.64,11984.64,0,172.38
1/13/2026,7533.64,11933.64,0.43,171.22
1/14/2026,7478.64,11878.64,0.88,169.97
1/15/2026,7541.64,11941.64,0.36,171.4
1/16/2026,7545.64,11945.64,0.33,171.49
1/17/2026,7545.64,11945.64,0.33,171.49
1/18/2026,7545.64,11945.64,0.33,171.49
1/19/2026,7545.64,11945.64,0.33,171.49
1/20/2026,7223.64,11623.64,3.01,164.17
1/21/2026,7429.64,11829.64,1.29,168.86
1/22/2026,7506.64,11906.64,0.65,170.61
1/23/2026,7525.64,11925.64,0.49,171.04
1/24/2026,7525.64,11925.64,0.49,171.04
1/25/2026,7525.64,11925.64,0.49,171.04
1/26/2026,7608.64,12008.64,0,172.92
1/27/2026,7642.64,12042.64,0,173.7
1/28/2026,7632.64,12032.64,0.08,173.47
1/29/2026,7589.64,11989.64,0.44,172.49
1/30/2026,7561.1,11961.1,0.68,171.84
1/31/2026,7561.1,11961.1,0.68,171.84
2/1/2026,7561.1,11961.1,0.68,171.84
2/2/2026,7648.1,12048.1,0,173.82
2/3/2026,7522.1,11922.1,1.05,170.96
2/4/2026,7496.1,11896.1,1.26,170.37
2/5/2026,7250.1,11650.1,3.3,164.78
2/6/2026,7573.1,11973.1,0.62,172.12
2/7/2026,7573.1,11973.1,0.62,172.12
2/8/2026,7573.1,11973.1,0.62,172.12
2/9/2026,7655.1,12055.1,0,173.98
2/10/2026,7634.1,12034.1,0.17,173.5
2/11/2026,7630.1,12030.1,0.21,173.41
2/12/2026,7416.1,11816.1,1.98,168.55
2/13/2026,7376.1,11776.1,2.31,167.64
2/14/2026,7376.1,11776.1,2.31,167.64
2/15/2026,7376.1,11776.1,2.31,167.64
2/16/2026,7376.1,11776.1,2.31,167.64
2/17/2026,7450.1,11850.1,1.7,169.32
2/18/2026,7527.1,11927.1,1.06,171.07
2/19/2026,7459.56,11859.560000000001,1.62,169.54
2/20/2026,7565.56,11965.560000000001,0.74,171.94
2/21/2026,7565.56,11965.560000000001,0.74,171.94
2/22/2026,7565.56,11965.560000000001,0.74,171.94
2/23/2026,7427.56,11827.560000000001,1.89,168.81
2/24/2026,7563.56,11963.560000000001,0.76,171.9
2/25/2026,7676.56,12076.560000000001,0,174.47
2/26/2026,7635.56,12035.560000000001,0.34,173.54
2/27/2026,7552.56,11952.560000000001,1.03,171.65
2/28/2026,7552.56,11952.560000000001,1.03,171.65
3/1/2026,7552.56,11952.560000000001,1.03,171.65
3/2/2026,7562.56,11962.560000000001,0.94,171.88
3/3/2026,7450.56,11850.560000000001,1.87,169.33
3/4/2026,7581.56,11981.560000000001,0.79,172.31
3/5/2026,7454.56,11854.560000000001,1.84,169.42
3/6/2026,7247.56,11647.560000000001,3.55,164.72
3/7/2026,7247.56,11647.560000000001,3.55,164.72
3/8/2026,7247.56,11647.560000000001,3.55,164.72
3/9/2026,7422.56,11822.560000000001,2.1,168.69
3/10/2026,7415.56,11815.560000000001,2.16,168.54
3/11/2026,7396.56,11796.560000000001,2.32,168.1
3/12/2026,7135.02,11535.02,4.48,162.16
3/13/2026,7028.02,11428.02,5.37,159.73
3/14/2026,7028.02,11428.02,5.37,159.73
3/15/2026,7028.02,11428.02,5.37,159.73
3/16/2026,7218.02,11618.02,3.8,164.05
3/17/2026,7294.02,11694.02,3.17,165.77
3/18/2026,7118.02,11518.02,4.62,161.77
3/19/2026,7103.02,11503.02,4.75,161.43
3/20/2026,6799.02,11199.02,7.27,154.52
3/21/2026,6799.02,11199.02,7.27,154.52
3/22/2026,6799.02,11199.02,7.27,154.52
3/23/2026,7118.02,11518.02,4.62,161.77
3/24/2026,7028.02,11428.02,5.37,159.73
3/25/2026,7095.02,11495.02,4.82,161.25
3/26/2026,6810.02,11210.02,7.18,154.77
3/27/2026,6450.02,10850.02,10.16,146.59
3/28/2026,6450.02,10850.02,10.16,146.59
3/29/2026,6450.02,10850.02,10.16,146.59
3/30/2026,6384.02,10784.02,10.7,145.09
3/31/2026,7021.02,11421.02,5.43,159.57
4/1/2026,7173.02,11573.02,4.17,163.02
4/2/2026,7134.02,11534.02,4.49,162.14
4/3/2026,7134.02,11534.02,4.49,162.14
4/4/2026,7134.02,11534.02,4.49,162.14
4/5/2026,7134.02,11534.02,4.49,162.14
4/6/2026,7276.48,11676.48,3.31,165.37
4/7/2026,7259.48,11659.48,3.45,164.99
4/8/2026,7533.48,11933.48,1.18,171.22
4/9/2026,7614.95,12014.95,0.51,173.07
4/10/2026,7595.95,11995.95,0.67,172.64
4/11/2026,7595.95,11995.95,0.67,172.64
4/12/2026,7595.95,11995.95,0.67,172.64
4/13/2026,7689.95,12089.95,0,174.77
4/14/2026,7809.95,12209.95,0,177.5
4/15/2026,7856.95,12256.95,0,178.57
4/16/2026,7884.41,12284.41,0,179.19
4/17/2026,7986.41,12386.41,0,181.51
4/18/2026,7986.41,12386.41,0,181.51
4/19/2026,7986.41,12386.41,0,181.51
4/20/2026,7947.41,12347.41,0.31,180.62
4/21/2026,7872.41,12272.41,0.92,178.92
4/22/2026,7991.41,12391.41,0,181.62
4/23/2026,7936.41,12336.41,0.44,180.37
4/24/2026,8014.41,12414.41,0,182.15
4/25/2026,8014.41,12414.41,0,182.15
4/26/2026,8014.41,12414.41,0,182.15
4/27/2026,8051.41,12451.41,0,182.99
4/28/2026,8025.41,12425.41,0.21,182.4
4/29/2026,8009.41,12409.41,0.34,182.03
4/30/2026,8121.87,12521.869999999999,0,184.59
5/1/2026,8128.87,12528.869999999999,0,184.75
5/2/2026,8128.87,12528.869999999999,0,184.75
5/3/2026,8128.87,12528.869999999999,0,184.75
5/4/2026,8114.87,12514.869999999999,0.11,184.43
5/5/2026,8137.87,12537.869999999999,0,184.95
5/6/2026,8157.87,12557.869999999999,0,185.41
5/7/2026,8153.87,12553.869999999999,0.03,185.32
5/8/2026,8166.87,12566.869999999999,0,185.61
5/9/2026,8166.87,12566.869999999999,0,185.61
5/10/2026,8166.87,12566.869999999999,0,185.61
5/11/2026,8166.87,12566.869999999999,0,185.61
5/12/2026,8168.87,12568.869999999999,0,185.66
5/13/2026,8177.33,12577.33,0,185.85
5/14/2026,8255.33,12655.33,0,187.62
5/15/2026,8130.33,12530.33,0.99,184.78
5/16/2026,8130.33,12530.33,0.99,184.78
5/17/2026,8130.33,12530.33,0.99,184.78
5/18/2026,8111.33,12511.33,1.14,184.35
5/19/2026,8037.33,12437.33,1.72,182.67
5/20/2026,8184.33,12584.33,0.56,186.01
5/21/2026,8233.33,12633.33,0.17,187.12
5/22/2026,8274.33,12674.33,0,188.05
5/23/2026,8274.33,12674.33,0,188.05
5/24/2026,8274.33,12674.33,0,188.05
5/25/2026,8274.33,12674.33,0,188.05
5/26/2026,8368.33,12768.33,0,190.19
5/27/2026,8393.33,12793.33,0,190.76
5/28/2026,8458.79,12858.79,0,192.25
5/29/2026,8458.79,12858.79,0,192.25
5/30/2026,8458.79,12858.79,0,192.25
5/31/2026,8458.79,12858.79,0,192.25
6/1/2026,8467.79,12867.79,0,192.45
6/2/2026,8468.79,12868.79,0,192.47
6/3/2026,8461.79,12861.79,0.05,192.31
6/4/2026,8467.79,12867.79,0.01,192.45
6/5/2026,8421.79,12821.79,0.37,191.4
6/6/2026,8421.79,12821.79,0.37,191.4
6/7/2026,8421.79,12821.79,0.37,191.4
6/8/2026,8423.79,12823.79,0.35,191.45
6/9/2026,8408.79,12808.79,0.47,191.11
6/10/2026,8385.79,12785.79,0.64,190.59
6/11/2026,8416.79,12816.79,0.4,191.29
6/12/2026,8424.79,12824.79,0.34,191.47
6/13/2026,8424.79,12824.79,0.34,191.47
6/14/2026,8424.79,12824.79,0.34,191.47
6/15/2026,8465.79,12865.79,0.02,192.4
6/16/2026,8458.79,12858.79,0.08,192.25
6/17/2026,8420.79,12820.79,0.37,191.38
6/18/2026,8456.79,12856.79,0.09,192.2
6/19/2026,8456.79,12856.79,0.09,192.2
6/20/2026,8456.79,12856.79,0.09,192.2
6/21/2026,8456.79,12856.79,0.09,192.2
6/22/2026,8444.52,12844.52,0.19,191.92
6/23/2026,8444.52,12844.52,0.19,191.92
6/24/2026,8444.52,12844.52,0.19,191.92
6/25/2026,8444.52,12844.52,0.19,191.92
6/26/2026,8444.52,12844.52,0.19,191.92
6/27/2026,8444.52,12844.52,0.19,191.92
6/28/2026,8444.52,12844.52,0.19,191.92
6/29/2026,8444.52,12844.52,0.19,191.92
6/30/2026,8444.52,12844.52,0.19,191.92
7/1/2026,8444.52,12844.52,0.19,191.92
7/2/2026,8444.52,12844.52,0.19,191.92
7/3/2026,8444.52,12844.52,0.19,191.92
7/4/2026,8444.52,12844.52,0.19,191.92
7/5/2026,8444.52,12844.52,0.19,191.92
7/6/2026,8444.52,12844.52,0.19,191.92
7/7/2026,8444.52,12844.52,0.19,191.92
7/8/2026,8444.52,12844.52,0.19,191.92
7/9/2026,8444.52,12844.52,0.19,191.92
7/10/2026,8444.52,12844.52,0.19,191.92
7/11/2026,8444.52,12844.52,0.19,191.92
7/12/2026,8444.52,12844.52,0.19,191.92
7/13/2026,8444.52,12844.52,0.19,191.92
7/14/2026,8444.52,12844.52,0.19,191.92
7/15/2026,8444.52,12844.52,0.19,191.92
7/16/2026,8444.52,12844.52,0.19,191.92
7/17/2026,8444.52,12844.52,0.19,191.92
7/18/2026,8444.52,12844.52,0.19,191.92
7/19/2026,8444.52,12844.52,0.19,191.92
7/20/2026,8444.52,12844.52,0.19,191.92
7/21/2026,8444.52,12844.52,0.19,191.92
7/22/2026,8444.52,12844.52,0.19,191.92
7/23/2026,8444.52,12844.52,0.19,191.92
7/24/2026,8444.52,12844.52,0.19,191.92
7/25/2026,8444.52,12844.52,0.19,191.92
7/26/2026,8444.52,12844.52,0.19,191.92
7/27/2026,8444.52,12844.52,0.19,191.92
7/28/2026,8444.52,12844.52,0.19,191.92
7/29/2026,8444.52,12844.52,0.19,191.92
