Date,Time,Trade No.,Type,Instrument,Price,Quantity,Value,Effect,Fees
1/2/2013,2:45:00 PM CST,1,buy to open,SPY $150 call exp. 2/16/2013,92,1,92,debit,1.127
1/2/2013,2:45:00 PM CST,1,sell to open,SPY $152 call exp. 2/16/2013,45,1,45,credit,1.142
1/22/2013,2:45:00 PM CST,1,sell to close,SPY $150 call exp. 2/16/2013,121,1,121,credit,0.142
1/22/2013,2:45:00 PM CST,1,buy to close,SPY $152 call exp. 2/16/2013,44,1,44,debit,0.127
1/22/2013,2:45:00 PM CST,2,buy to open,SPY $152 call exp. 3/16/2013,121,1,121,debit,1.127
1/22/2013,2:45:00 PM CST,2,sell to open,SPY $155 call exp. 3/16/2013,37,1,37,credit,1.142
2/12/2013,2:45:00 PM CST,2,sell to close,SPY $152 call exp. 3/16/2013,187,1,187,credit,0.142
2/12/2013,2:45:00 PM CST,2,buy to close,SPY $155 call exp. 3/16/2013,56,1,56,debit,0.127
2/12/2013,2:45:00 PM CST,3,buy to open,SPY $155 call exp. 3/28/2013,84,1,84,debit,1.127
2/12/2013,2:45:00 PM CST,3,sell to open,SPY $157 call exp. 3/28/2013,35,1,35,credit,1.142
3/6/2013,2:45:00 PM CST,3,sell to close,SPY $155 call exp. 3/28/2013,105,1,105,credit,0.142
3/6/2013,2:45:00 PM CST,3,buy to close,SPY $157 call exp. 3/28/2013,37,1,37,debit,0.127
3/6/2013,2:45:00 PM CST,4,buy to open,SPY $157 call exp. 4/20/2013,97,1,97,debit,1.127
3/6/2013,2:45:00 PM CST,4,sell to open,SPY $160 call exp. 4/20/2013,27,1,27,credit,1.142
3/28/2013,2:45:00 PM CDT,4,sell to close,SPY $157 call exp. 4/20/2013,147,1,147,credit,0.142
3/28/2013,2:45:00 PM CDT,4,buy to close,SPY $160 call exp. 4/20/2013,30,1,30,debit,0.127
3/28/2013,2:45:00 PM CDT,5,buy to open,SPY $160 call exp. 5/18/2013,110,1,110,debit,1.127
3/28/2013,2:45:00 PM CDT,5,sell to open,SPY $163 call exp. 5/18/2013,33,1,33,credit,1.142
4/29/2013,2:45:00 PM CDT,5,sell to close,SPY $160 call exp. 5/18/2013,130,1,130,credit,0.142
4/29/2013,2:45:00 PM CDT,5,buy to close,SPY $163 call exp. 5/18/2013,29,1,29,debit,0.127
4/29/2013,2:45:00 PM CDT,6,buy to open,SPY $163 call exp. 6/22/2013,116,1,116,debit,1.127
4/29/2013,2:45:00 PM CDT,6,sell to open,SPY $166 call exp. 6/22/2013,42,1,42,credit,1.142
5/7/2013,2:45:00 PM CDT,6,sell to close,SPY $163 call exp. 6/22/2013,228,1,228,credit,0.142
5/7/2013,2:45:00 PM CDT,6,buy to close,SPY $166 call exp. 6/22/2013,98,1,98,debit,0.127
5/7/2013,2:45:00 PM CDT,7,buy to open,SPY $166 call exp. 6/22/2013,98,1,98,debit,1.127
5/7/2013,2:45:00 PM CDT,7,sell to open,SPY $168 call exp. 6/22/2013,48,1,48,credit,1.142
5/14/2013,2:45:00 PM CDT,7,sell to close,SPY $166 call exp. 6/22/2013,205,1,205,credit,0.142
5/14/2013,2:45:00 PM CDT,7,buy to close,SPY $168 call exp. 6/22/2013,120,1,120,debit,0.127
5/14/2013,2:45:00 PM CDT,8,buy to open,SPY $169 call exp. 6/28/2013,100,1,100,debit,1.127
5/14/2013,2:45:00 PM CDT,8,sell to open,SPY $172 call exp. 6/28/2013,41,1,41,credit,1.142
6/7/2013,2:45:00 PM CDT,8,sell to close,SPY $169 call exp. 6/28/2013,27,1,27,credit,0.142
6/7/2013,2:45:00 PM CDT,8,buy to close,SPY $172 call exp. 6/28/2013,6,1,6,debit,0.127
6/7/2013,2:45:00 PM CDT,9,buy to open,SPY $167 call exp. 7/20/2013,150,1,150,debit,1.127
6/7/2013,2:45:00 PM CDT,9,sell to open,SPY $171 call exp. 7/20/2013,40,1,40,credit,1.142
7/1/2013,2:45:00 PM CDT,9,sell to close,SPY $167 call exp. 7/20/2013,17,1,17,credit,0.142
7/1/2013,2:45:00 PM CDT,9,buy to close,SPY $171 call exp. 7/20/2013,4,1,4,debit,0.127
7/1/2013,2:45:00 PM CDT,10,buy to open,SPY $166 call exp. 8/17/2013,128,1,128,debit,1.127
7/1/2013,2:45:00 PM CDT,10,sell to open,SPY $169 call exp. 8/17/2013,52,1,52,credit,1.142
7/9/2013,2:45:00 PM CDT,10,sell to close,SPY $166 call exp. 8/17/2013,229,1,229,credit,0.142
7/9/2013,2:45:00 PM CDT,10,buy to close,SPY $169 call exp. 8/17/2013,103,1,103,debit,0.127
7/9/2013,2:45:00 PM CDT,11,buy to open,SPY $169 call exp. 8/17/2013,103,1,103,debit,1.127
7/9/2013,2:45:00 PM CDT,11,sell to open,SPY $172 call exp. 8/17/2013,37,1,37,credit,1.142
7/11/2013,2:45:00 PM CDT,11,sell to close,SPY $169 call exp. 8/17/2013,194,1,194,credit,0.142
7/11/2013,2:45:00 PM CDT,11,buy to close,SPY $172 call exp. 8/17/2013,85,1,85,debit,0.127
7/11/2013,2:45:00 PM CDT,12,buy to open,SPY $171 call exp. 8/17/2013,115,1,115,debit,1.127
7/11/2013,2:45:00 PM CDT,12,sell to open,SPY $174 call exp. 8/17/2013,44,1,44,credit,1.142
7/29/2013,2:45:00 PM CDT,12,sell to close,SPY $171 call exp. 8/17/2013,66,1,66,credit,0.142
7/29/2013,2:45:00 PM CDT,12,buy to close,SPY $174 call exp. 8/17/2013,13,1,13,debit,0.127
7/29/2013,2:45:00 PM CDT,13,buy to open,SPY $172 call exp. 9/21/2013,153,1,153,debit,1.127
7/29/2013,2:45:00 PM CDT,13,sell to open,SPY $176 call exp. 9/21/2013,45,1,45,credit,1.142
9/3/2013,2:45:00 PM CDT,13,sell to close,SPY $172 call exp. 9/21/2013,8,1,8,credit,0.142
9/3/2013,2:45:00 PM CDT,13,buy to close,SPY $176 call exp. 9/21/2013,2,1,2,debit,0.127
9/3/2013,2:45:00 PM CDT,14,buy to open,SPY $168 call exp. 10/19/2013,151,1,151,debit,1.127
9/3/2013,2:45:00 PM CDT,14,sell to open,SPY $172 call exp. 10/19/2013,47,1,47,credit,1.142
9/10/2013,2:45:00 PM CDT,14,sell to close,SPY $168 call exp. 10/19/2013,289,1,289,credit,0.142
9/10/2013,2:45:00 PM CDT,14,buy to close,SPY $172 call exp. 10/19/2013,103,1,103,debit,0.127
9/10/2013,2:45:00 PM CDT,15,buy to open,SPY $171 call exp. 10/19/2013,139,1,139,debit,1.127
9/10/2013,2:45:00 PM CDT,15,sell to open,SPY $174 call exp. 10/19/2013,50,1,50,credit,1.142
9/18/2013,2:45:00 PM CDT,15,sell to close,SPY $171 call exp. 10/19/2013,320,1,320,credit,0.142
9/18/2013,2:45:00 PM CDT,15,buy to close,SPY $174 call exp. 10/19/2013,152,1,152,debit,0.127
9/18/2013,2:45:00 PM CDT,16,buy to open,SPY $177 call exp. 11/16/2013,133,1,133,debit,1.127
9/18/2013,2:45:00 PM CDT,16,sell to open,SPY $180 call exp. 11/16/2013,59,1,59,credit,1.142
10/28/2013,2:45:00 PM CDT,16,sell to close,SPY $177 call exp. 11/16/2013,132,1,132,credit,0.142
10/28/2013,2:45:00 PM CDT,16,buy to close,SPY $180 call exp. 11/16/2013,34,1,34,debit,0.127
10/28/2013,2:45:00 PM CDT,17,buy to open,SPY $180 call exp. 12/21/2013,140,1,140,debit,1.127
10/28/2013,2:45:00 PM CDT,17,sell to open,SPY $184 call exp. 12/21/2013,47,1,47,credit,1.142
11/14/2013,2:45:00 PM CST,17,sell to close,SPY $180 call exp. 12/21/2013,196,1,196,credit,0.142
11/14/2013,2:45:00 PM CST,17,buy to close,SPY $184 call exp. 12/21/2013,53,1,53,debit,0.127
11/14/2013,2:45:00 PM CST,18,buy to open,SPY $182 call exp. 12/31/2013,133,1,133,debit,1.127
11/14/2013,2:45:00 PM CST,18,sell to open,SPY $185 call exp. 12/31/2013,52,1,52,credit,1.142
12/10/2013,2:45:00 PM CST,18,sell to close,SPY $182 call exp. 12/31/2013,99,1,99,credit,0.142
12/10/2013,2:45:00 PM CST,18,buy to close,SPY $185 call exp. 12/31/2013,24,1,24,debit,0.127
12/10/2013,2:45:00 PM CST,19,buy to open,SPY $183 call exp. 1/18/2014,130,1,130,debit,1.127
12/10/2013,2:45:00 PM CST,19,sell to open,SPY $186 call exp. 1/18/2014,48,1,48,credit,1.142
12/24/2013,2:45:00 PM CST,19,sell to close,SPY $183 call exp. 1/18/2014,192,1,192,credit,0.142
12/24/2013,2:45:00 PM CST,19,buy to close,SPY $186 call exp. 1/18/2014,61,1,61,debit,0.127
12/24/2013,2:45:00 PM CST,20,buy to open,SPY $186 call exp. 1/24/2014,85,1,85,debit,1.127
12/24/2013,2:45:00 PM CST,20,sell to open,SPY $188 call exp. 1/24/2014,37,1,37,credit,1.142
12/31/2013,2:45:00 PM CST,20,sell to close,SPY $186 call exp. 1/24/2014,150,1,150,credit,0.142
12/31/2013,2:45:00 PM CST,20,buy to close,SPY $188 call exp. 1/24/2014,74,1,74,debit,0.127
12/31/2013,2:45:00 PM CST,21,buy to open,SPY $189 call exp. 2/22/2014,141,1,141,debit,1.127
12/31/2013,2:45:00 PM CST,21,sell to open,SPY $193 call exp. 2/22/2014,46,1,46,credit,1.142
2/3/2014,2:45:00 PM CST,21,sell to close,SPY $189 call exp. 2/22/2014,2,1,2,credit,0.142
2/3/2014,2:45:00 PM CST,21,buy to close,SPY $193 call exp. 2/22/2014,1,1,1,debit,0.127
2/3/2014,2:45:00 PM CST,22,buy to open,SPY $179 call exp. 3/22/2014,176,1,176,debit,1.127
2/3/2014,2:45:00 PM CST,22,sell to open,SPY $184 call exp. 3/22/2014,54,1,54,credit,1.142
2/7/2014,2:45:00 PM CST,22,sell to close,SPY $179 call exp. 3/22/2014,362,1,362,credit,0.142
2/7/2014,2:45:00 PM CST,22,buy to close,SPY $184 call exp. 3/22/2014,119,1,119,debit,0.127
2/7/2014,2:45:00 PM CST,23,buy to open,SPY $183 call exp. 3/22/2014,155,1,155,debit,1.127
2/7/2014,2:45:00 PM CST,23,sell to open,SPY $187 call exp. 3/22/2014,49,1,49,credit,1.142
2/13/2014,2:45:00 PM CST,23,sell to close,SPY $183 call exp. 3/22/2014,263,1,263,credit,0.142
2/13/2014,2:45:00 PM CST,23,buy to close,SPY $187 call exp. 3/22/2014,90,1,90,debit,0.127
2/13/2014,2:45:00 PM CST,24,buy to open,SPY $186 call exp. 3/31/2014,139,1,139,debit,1.127
2/13/2014,2:45:00 PM CST,24,sell to open,SPY $190 call exp. 3/31/2014,40,1,40,credit,1.142
2/27/2014,2:45:00 PM CST,24,sell to close,SPY $186 call exp. 3/31/2014,214,1,214,credit,0.142
2/27/2014,2:45:00 PM CST,24,buy to close,SPY $190 call exp. 3/31/2014,56,1,56,debit,0.127
2/27/2014,2:45:00 PM CST,25,buy to open,SPY $189 call exp. 4/11/2014,120,1,120,debit,1.127
2/27/2014,2:45:00 PM CST,25,sell to open,SPY $192 call exp. 4/11/2014,45,1,45,credit,1.142
3/7/2014,2:45:00 PM CST,25,sell to close,SPY $189 call exp. 4/11/2014,196,1,196,credit,0.142
3/7/2014,2:45:00 PM CST,25,buy to close,SPY $192 call exp. 4/11/2014,79,1,79,debit,0.127
3/7/2014,2:45:00 PM CST,26,buy to open,SPY $191 call exp. 4/19/2014,133,1,133,debit,1.127
3/7/2014,2:45:00 PM CST,26,sell to open,SPY $194 call exp. 4/19/2014,50,1,50,credit,1.142
3/31/2014,2:45:00 PM CDT,26,sell to close,SPY $191 call exp. 4/19/2014,29,1,29,credit,0.142
3/31/2014,2:45:00 PM CDT,26,buy to close,SPY $194 call exp. 4/19/2014,7,1,7,debit,0.127
3/31/2014,2:45:00 PM CDT,27,buy to open,SPY $191 call exp. 5/17/2014,125,1,125,debit,1.127
3/31/2014,2:45:00 PM CDT,27,sell to open,SPY $194 call exp. 5/17/2014,47,1,47,credit,1.142
4/28/2014,2:45:00 PM CDT,27,sell to close,SPY $191 call exp. 5/17/2014,43,1,43,credit,0.142
4/28/2014,2:45:00 PM CDT,27,buy to close,SPY $194 call exp. 5/17/2014,9,1,9,debit,0.127
4/28/2014,2:45:00 PM CDT,28,buy to open,SPY $190.5 call exp. 6/6/2014,128,1,128,debit,1.127
4/28/2014,2:45:00 PM CDT,28,sell to open,SPY $193.5 call exp. 6/6/2014,44,1,44,credit,1.142
5/16/2014,2:45:00 PM CDT,28,sell to close,SPY $190.5 call exp. 6/6/2014,71,1,71,credit,0.142
5/16/2014,2:45:00 PM CDT,28,buy to close,SPY $193.5 call exp. 6/6/2014,13,1,13,debit,0.127
5/16/2014,2:45:00 PM CDT,29,buy to open,SPY $191 call exp. 6/30/2014,126,1,126,debit,1.127
5/16/2014,2:45:00 PM CDT,29,sell to open,SPY $194 call exp. 6/30/2014,43,1,43,credit,1.142
5/27/2014,2:45:00 PM CDT,29,sell to close,SPY $191 call exp. 6/30/2014,233,1,233,credit,0.142
5/27/2014,2:45:00 PM CDT,29,buy to close,SPY $194 call exp. 6/30/2014,88,1,88,debit,0.127
5/27/2014,2:45:00 PM CDT,30,buy to open,SPY $194 call exp. 7/19/2014,141,1,141,debit,1.127
5/27/2014,2:45:00 PM CDT,30,sell to open,SPY $197 call exp. 7/19/2014,53,1,53,credit,1.142
6/5/2014,2:45:00 PM CDT,30,sell to close,SPY $194 call exp. 7/19/2014,260,1,260,credit,0.142
6/5/2014,2:45:00 PM CDT,30,buy to close,SPY $197 call exp. 7/19/2014,119,1,119,debit,0.127
6/5/2014,2:45:00 PM CDT,31,buy to open,SPY $197 call exp. 7/19/2014,119,1,119,debit,1.127
6/5/2014,2:45:00 PM CDT,31,sell to open,SPY $200 call exp. 7/19/2014,43,1,43,credit,1.142
6/30/2014,2:45:00 PM CDT,31,sell to close,SPY $197 call exp. 7/19/2014,90,1,90,credit,0.142
6/30/2014,2:45:00 PM CDT,31,buy to close,SPY $200 call exp. 7/19/2014,13,1,13,debit,0.127
6/30/2014,2:45:00 PM CDT,32,buy to open,SPY $199 call exp. 8/16/2014,116,1,116,debit,1.127
6/30/2014,2:45:00 PM CDT,32,sell to open,SPY $200 call exp. 8/16/2014,81,1,81,credit,1.142
7/28/2014,2:45:00 PM CDT,32,sell to close,SPY $199 call exp. 8/16/2014,107,1,107,credit,0.142
7/28/2014,2:45:00 PM CDT,32,buy to close,SPY $200 call exp. 8/16/2014,65,1,65,debit,0.127
7/28/2014,2:45:00 PM CDT,33,buy to open,SPY $200 call exp. 9/5/2014,154,1,154,debit,1.127
7/28/2014,2:45:00 PM CDT,33,sell to open,SPY $205 call exp. 9/5/2014,21,1,21,credit,1.142
8/15/2014,2:45:00 PM CDT,33,sell to close,SPY $200 call exp. 9/5/2014,24,1,24,credit,0.142
8/15/2014,2:45:00 PM CDT,33,buy to close,SPY $205 call exp. 9/5/2014,2,1,2,debit,0.127
8/15/2014,2:45:00 PM CDT,34,buy to open,SPY $199 call exp. 9/30/2014,110,1,110,debit,1.127
8/15/2014,2:45:00 PM CDT,34,sell to open,SPY $200 call exp. 9/30/2014,75,1,75,credit,1.142
8/21/2014,2:45:00 PM CDT,34,sell to close,SPY $199 call exp. 9/30/2014,258,1,258,credit,0.142
8/21/2014,2:45:00 PM CDT,34,buy to close,SPY $200 call exp. 9/30/2014,199,1,199,debit,0.127
8/21/2014,2:45:00 PM CDT,35,buy to open,SPY $202.5 call exp. 10/3/2014,98,1,98,debit,1.127
8/21/2014,2:45:00 PM CDT,35,sell to open,SPY $205 call exp. 10/3/2014,36,1,36,credit,1.142
9/12/2014,2:45:00 PM CDT,35,sell to close,SPY $202.5 call exp. 10/3/2014,29,1,29,credit,0.142
9/12/2014,2:45:00 PM CDT,35,buy to close,SPY $205 call exp. 10/3/2014,6,1,6,debit,0.127
9/12/2014,2:45:00 PM CDT,36,buy to open,SPY $201.5 call exp. 10/24/2014,134,1,134,debit,1.127
9/12/2014,2:45:00 PM CDT,36,sell to open,SPY $204.5 call exp. 10/24/2014,44,1,44,credit,1.142
10/3/2014,2:45:00 PM CDT,36,sell to close,SPY $201.5 call exp. 10/24/2014,37,1,37,credit,0.142
10/3/2014,2:45:00 PM CDT,36,buy to close,SPY $204.5 call exp. 10/24/2014,7,1,7,debit,0.127
10/3/2014,2:45:00 PM CDT,37,buy to open,SPY $200.5 call exp. 11/14/2014,141,1,141,debit,1.127
10/3/2014,2:45:00 PM CDT,37,sell to open,SPY $203.5 call exp. 11/14/2014,51,1,51,credit,1.142
10/24/2014,2:45:00 PM CDT,37,sell to close,SPY $200.5 call exp. 11/14/2014,78,1,78,credit,0.142
10/24/2014,2:45:00 PM CDT,37,buy to close,SPY $203.5 call exp. 11/14/2014,23,1,23,debit,0.127
10/24/2014,2:45:00 PM CDT,38,buy to open,SPY $201 call exp. 12/5/2014,157,1,157,debit,1.127
10/24/2014,2:45:00 PM CDT,38,sell to open,SPY $204.5 call exp. 12/5/2014,61,1,61,credit,1.142
10/31/2014,2:45:00 PM CDT,38,sell to close,SPY $201 call exp. 12/5/2014,354,1,354,credit,0.142
10/31/2014,2:45:00 PM CDT,38,buy to close,SPY $204.5 call exp. 12/5/2014,167,1,167,debit,0.127
10/31/2014,2:45:00 PM CDT,39,buy to open,SPY $206 call exp. 12/12/2014,145,1,145,debit,1.127
10/31/2014,2:45:00 PM CDT,39,sell to open,SPY $210 call exp. 12/12/2014,45,1,45,credit,1.142
11/21/2014,2:45:00 PM CST,39,sell to close,SPY $206 call exp. 12/12/2014,218,1,218,credit,0.142
11/21/2014,2:45:00 PM CST,39,buy to close,SPY $210 call exp. 12/12/2014,44,1,44,debit,0.127
11/21/2014,2:45:00 PM CST,40,buy to open,SPY $209 call exp. 1/2/2015,130,1,130,debit,1.127
11/21/2014,2:45:00 PM CST,40,sell to open,SPY $212 call exp. 1/2/2015,49,1,49,credit,1.142
12/12/2014,2:45:00 PM CST,40,sell to close,SPY $209 call exp. 1/2/2015,25,1,25,credit,0.142
12/12/2014,2:45:00 PM CST,40,buy to close,SPY $212 call exp. 1/2/2015,7,1,7,debit,0.127
12/12/2014,2:45:00 PM CST,41,buy to open,SPY $206 call exp. 1/23/2015,185,1,185,debit,1.127
12/12/2014,2:45:00 PM CST,41,sell to open,SPY $210 call exp. 1/23/2015,73,1,73,credit,1.142
12/18/2014,2:45:00 PM CST,41,sell to close,SPY $206 call exp. 1/23/2015,322,1,322,credit,0.142
12/18/2014,2:45:00 PM CST,41,buy to close,SPY $210 call exp. 1/23/2015,132,1,132,debit,0.127
12/18/2014,2:45:00 PM CST,42,buy to open,SPY $210 call exp. 1/30/2015,170,1,170,debit,1.127
12/18/2014,2:45:00 PM CST,42,sell to open,SPY $215 call exp. 1/30/2015,43,1,43,credit,1.142
1/9/2015,2:45:00 PM CST,42,sell to close,SPY $210 call exp. 1/30/2015,44,1,44,credit,0.142
1/9/2015,2:45:00 PM CST,42,buy to close,SPY $215 call exp. 1/30/2015,5,1,5,debit,0.127
1/9/2015,2:45:00 PM CST,43,buy to open,SPY $210 call exp. 2/20/2015,139,1,139,debit,1.127
1/9/2015,2:45:00 PM CST,43,sell to open,SPY $214 call exp. 2/20/2015,41,1,41,credit,1.142
1/30/2015,2:45:00 PM CST,43,sell to close,SPY $210 call exp. 2/20/2015,18,1,18,credit,0.142
1/30/2015,2:45:00 PM CST,43,buy to close,SPY $214 call exp. 2/20/2015,6,1,6,debit,0.127
1/30/2015,2:45:00 PM CST,44,buy to open,SPY $205.5 call exp. 3/13/2015,196,1,196,debit,1.127
1/30/2015,2:45:00 PM CST,44,sell to open,SPY $210 call exp. 3/13/2015,70,1,70,credit,1.142
2/3/2015,2:45:00 PM CST,44,sell to close,SPY $205.5 call exp. 3/13/2015,349,1,349,credit,0.142
2/3/2015,2:45:00 PM CST,44,buy to close,SPY $210 call exp. 3/13/2015,134,1,134,debit,0.127
2/3/2015,2:45:00 PM CST,45,buy to open,SPY $210 call exp. 3/20/2015,154,1,154,debit,1.127
2/3/2015,2:45:00 PM CST,45,sell to open,SPY $213 call exp. 3/20/2015,68,1,68,credit,1.142
2/12/2015,2:45:00 PM CST,45,sell to close,SPY $210 call exp. 3/20/2015,272,1,272,credit,0.142
2/12/2015,2:45:00 PM CST,45,buy to close,SPY $213 call exp. 3/20/2015,132,1,132,debit,0.127
2/12/2015,2:45:00 PM CST,46,buy to open,SPY $213 call exp. 3/31/2015,161,1,161,debit,1.127
2/12/2015,2:45:00 PM CST,46,sell to open,SPY $217 call exp. 3/31/2015,50,1,50,credit,1.142
3/10/2015,2:45:00 PM CDT,46,sell to close,SPY $213 call exp. 3/31/2015,12,1,12,credit,0.142
3/10/2015,2:45:00 PM CDT,46,buy to close,SPY $217 call exp. 3/31/2015,3,1,3,debit,0.127
3/10/2015,2:45:00 PM CDT,47,buy to open,SPY $209 call exp. 4/24/2015,168,1,168,debit,1.127
3/10/2015,2:45:00 PM CDT,47,sell to open,SPY $212.5 call exp. 4/24/2015,65,1,65,credit,1.142
3/18/2015,2:45:00 PM CDT,47,sell to close,SPY $209 call exp. 4/24/2015,371,1,371,credit,0.142
3/18/2015,2:45:00 PM CDT,47,buy to close,SPY $212.5 call exp. 4/24/2015,175,1,175,debit,0.127
3/18/2015,2:45:00 PM CDT,48,buy to open,SPY $214 call exp. 5/1/2015,144,1,144,debit,1.127
3/18/2015,2:45:00 PM CDT,48,sell to open,SPY $217 call exp. 5/1/2015,54,1,54,credit,1.142
4/10/2015,2:45:00 PM CDT,48,sell to close,SPY $214 call exp. 5/1/2015,37,1,37,credit,0.142
4/10/2015,2:45:00 PM CDT,48,buy to close,SPY $217 call exp. 5/1/2015,8,1,8,debit,0.127
4/10/2015,2:45:00 PM CDT,49,buy to open,SPY $213.5 call exp. 5/22/2015,148,1,148,debit,1.127
4/10/2015,2:45:00 PM CDT,49,sell to open,SPY $216.5 call exp. 5/22/2015,53,1,53,credit,1.142
5/1/2015,2:45:00 PM CDT,49,sell to close,SPY $213.5 call exp. 5/22/2015,83,1,83,credit,0.142
5/1/2015,2:45:00 PM CDT,49,buy to close,SPY $216.5 call exp. 5/22/2015,16,1,16,debit,0.127
5/1/2015,2:45:00 PM CDT,50,buy to open,SPY $214.5 call exp. 6/12/2015,140,1,140,debit,1.127
5/1/2015,2:45:00 PM CDT,50,sell to open,SPY $217.5 call exp. 6/12/2015,50,1,50,credit,1.142
5/22/2015,2:45:00 PM CDT,50,sell to close,SPY $214.5 call exp. 6/12/2015,112,1,112,credit,0.142
5/22/2015,2:45:00 PM CDT,50,buy to close,SPY $217.5 call exp. 6/12/2015,22,1,22,debit,0.127
5/22/2015,2:45:00 PM CDT,51,buy to open,SPY $216 call exp. 7/2/2015,124,1,124,debit,1.127
5/22/2015,2:45:00 PM CDT,51,sell to open,SPY $218.5 call exp. 7/2/2015,50,1,50,credit,1.142
6/11/2015,2:45:00 PM CDT,51,sell to close,SPY $216 call exp. 7/2/2015,21,1,21,credit,0.142
6/11/2015,2:45:00 PM CDT,51,buy to close,SPY $218.5 call exp. 7/2/2015,6,1,6,debit,0.127
6/11/2015,2:45:00 PM CDT,52,buy to open,SPY $214.5 call exp. 7/24/2015,130,1,130,debit,1.127
6/11/2015,2:45:00 PM CDT,52,sell to open,SPY $217.5 call exp. 7/24/2015,45,1,45,credit,1.142
7/6/2015,2:45:00 PM CDT,52,sell to close,SPY $214.5 call exp. 7/24/2015,13,1,13,credit,0.142
7/6/2015,2:45:00 PM CDT,52,buy to close,SPY $217.5 call exp. 7/24/2015,3,1,3,debit,0.127
7/6/2015,2:45:00 PM CDT,53,buy to open,SPY $212 call exp. 8/21/2015,176,1,176,debit,1.127
7/6/2015,2:45:00 PM CDT,53,sell to open,SPY $216 call exp. 8/21/2015,56,1,56,credit,1.142
7/16/2015,2:45:00 PM CDT,53,sell to close,SPY $212 call exp. 8/21/2015,301,1,301,credit,0.142
7/16/2015,2:45:00 PM CDT,53,buy to close,SPY $216 call exp. 8/21/2015,101,1,101,debit,0.127
7/16/2015,2:45:00 PM CDT,54,buy to open,SPY $216 call exp. 8/28/2015,126,1,126,debit,1.127
7/16/2015,2:45:00 PM CDT,54,sell to open,SPY $219 call exp. 8/28/2015,42,1,42,credit,1.142
8/7/2015,2:45:00 PM CDT,54,sell to close,SPY $216 call exp. 8/28/2015,6,1,6,credit,0.142
8/7/2015,2:45:00 PM CDT,54,buy to close,SPY $219 call exp. 8/28/2015,2,1,2,debit,0.127
8/7/2015,2:45:00 PM CDT,55,buy to open,SPY $212 call exp. 9/18/2015,140,1,140,debit,1.127
8/7/2015,2:45:00 PM CDT,55,sell to open,SPY $215 call exp. 9/18/2015,53,1,53,credit,1.142
8/28/2015,2:45:00 PM CDT,55,sell to close,SPY $212 call exp. 9/18/2015,17,1,17,credit,0.142
8/28/2015,2:45:00 PM CDT,55,buy to close,SPY $215 call exp. 9/18/2015,8,1,8,debit,0.127
8/28/2015,2:45:00 PM CDT,56,buy to open,SPY $205 call exp. 10/9/2015,233,1,233,debit,1.127
8/28/2015,2:45:00 PM CDT,56,sell to open,SPY $210 call exp. 10/9/2015,84,1,84,credit,1.142
9/18/2015,2:45:00 PM CDT,56,sell to close,SPY $205 call exp. 10/9/2015,28,1,28,credit,0.142
9/18/2015,2:45:00 PM CDT,56,buy to close,SPY $210 call exp. 10/9/2015,4,1,4,debit,0.127
9/18/2015,2:45:00 PM CDT,57,buy to open,SPY $202 call exp. 10/30/2015,200,1,200,debit,1.127
9/18/2015,2:45:00 PM CDT,57,sell to open,SPY $206 call exp. 10/30/2015,80,1,80,credit,1.142
10/9/2015,2:45:00 PM CDT,57,sell to close,SPY $202 call exp. 10/30/2015,235,1,235,credit,0.142
10/9/2015,2:45:00 PM CDT,57,buy to close,SPY $206 call exp. 10/30/2015,71,1,71,debit,0.127
10/9/2015,2:45:00 PM CDT,58,buy to open,SPY $207 call exp. 11/20/2015,140,1,140,debit,1.127
10/9/2015,2:45:00 PM CDT,58,sell to open,SPY $210 call exp. 11/20/2015,60,1,60,credit,1.142
10/23/2015,2:45:00 PM CDT,58,sell to close,SPY $207 call exp. 11/20/2015,315,1,315,credit,0.142
10/23/2015,2:45:00 PM CDT,58,buy to close,SPY $210 call exp. 11/20/2015,153,1,153,debit,0.127
10/23/2015,2:45:00 PM CDT,59,buy to open,SPY $212 call exp. 12/4/2015,137,1,137,debit,1.127
10/23/2015,2:45:00 PM CDT,59,sell to open,SPY $215 call exp. 12/4/2015,54,1,54,credit,1.142
11/3/2015,2:45:00 PM CST,59,sell to close,SPY $212 call exp. 12/4/2015,268,1,268,credit,0.142
11/3/2015,2:45:00 PM CST,59,buy to close,SPY $215 call exp. 12/4/2015,123,1,123,debit,0.127
11/30/2015,2:45:00 PM CST,60,buy to open,SPY $213 call exp. 1/15/2016,162,1,162,debit,1.127
11/30/2015,2:45:00 PM CST,60,sell to open,SPY $216 call exp. 1/15/2016,70,1,70,credit,1.142
12/28/2015,2:45:00 PM CST,60,sell to close,SPY $213 call exp. 1/15/2016,12,1,12,credit,0.142
12/28/2015,2:45:00 PM CST,60,buy to close,SPY $216 call exp. 1/15/2016,4,1,4,debit,0.127
12/28/2015,2:45:00 PM CST,61,buy to open,SPY $210 call exp. 2/5/2016,162,1,162,debit,1.127
12/28/2015,2:45:00 PM CST,61,sell to open,SPY $214 call exp. 2/5/2016,51,1,51,credit,1.142
1/15/2016,2:45:00 PM CST,61,sell to close,SPY $210 call exp. 2/5/2016,2,1,2,credit,0.142
1/15/2016,2:45:00 PM CST,61,buy to close,SPY $214 call exp. 2/5/2016,2,1,2,debit,0.127
1/15/2016,2:45:00 PM CST,62,buy to open,SPY $194.5 call exp. 2/26/2016,240,1,240,debit,1.127
1/15/2016,2:45:00 PM CST,62,sell to open,SPY $200 call exp. 2/26/2016,82,1,82,credit,1.142
2/5/2016,2:45:00 PM CST,62,sell to close,SPY $194.5 call exp. 2/26/2016,102,1,102,credit,0.142
2/5/2016,2:45:00 PM CST,62,buy to close,SPY $200 call exp. 2/26/2016,20,1,20,debit,0.127
2/5/2016,2:45:00 PM CST,63,buy to open,SPY $194 call exp. 3/24/2016,252,1,252,debit,1.127
2/5/2016,2:45:00 PM CST,63,sell to open,SPY $200 call exp. 3/24/2016,82,1,82,credit,1.142
2/22/2016,2:45:00 PM CST,63,sell to close,SPY $194 call exp. 3/24/2016,402,1,402,credit,0.142
2/22/2016,2:45:00 PM CST,63,buy to close,SPY $200 call exp. 3/24/2016,120,1,120,debit,0.127
2/22/2016,2:45:00 PM CST,64,buy to open,SPY $199 call exp. 4/1/2016,186,1,186,debit,1.127
2/22/2016,2:45:00 PM CST,64,sell to open,SPY $203 call exp. 4/1/2016,68,1,68,credit,1.142
3/3/2016,2:45:00 PM CST,64,sell to close,SPY $199 call exp. 4/1/2016,333,1,333,credit,0.142
3/3/2016,2:45:00 PM CST,64,buy to close,SPY $203 call exp. 4/1/2016,133,1,133,debit,0.127
3/3/2016,2:45:00 PM CST,65,buy to open,SPY $204 call exp. 4/15/2016,164,1,164,debit,1.127
3/3/2016,2:45:00 PM CST,65,sell to open,SPY $208 call exp. 4/15/2016,54,1,54,credit,1.142
3/17/2016,2:45:00 PM CDT,65,sell to close,SPY $204 call exp. 4/15/2016,256,1,256,credit,0.142
3/17/2016,2:45:00 PM CDT,65,buy to close,SPY $208 call exp. 4/15/2016,82,1,82,debit,0.127
3/17/2016,2:45:00 PM CDT,66,buy to open,SPY $208 call exp. 4/29/2016,145,1,145,debit,1.127
3/17/2016,2:45:00 PM CDT,66,sell to open,SPY $211 call exp. 4/29/2016,57,1,57,credit,1.142
4/8/2016,2:45:00 PM CDT,66,sell to close,SPY $208 call exp. 4/29/2016,84,1,84,credit,0.142
4/8/2016,2:45:00 PM CDT,66,buy to close,SPY $211 call exp. 4/29/2016,19,1,19,debit,0.127
4/8/2016,2:45:00 PM CDT,67,buy to open,SPY $209 call exp. 5/20/2016,150,1,150,debit,1.127
4/8/2016,2:45:00 PM CDT,67,sell to open,SPY $213 call exp. 5/20/2016,38,1,38,credit,1.142
4/13/2016,2:45:00 PM CDT,67,sell to close,SPY $209 call exp. 5/20/2016,264,1,264,credit,0.142
4/13/2016,2:45:00 PM CDT,67,buy to close,SPY $213 call exp. 5/20/2016,88,1,88,debit,0.127
4/13/2016,2:45:00 PM CDT,68,buy to open,SPY $212.5 call exp. 5/27/2016,134,1,134,debit,1.127
4/13/2016,2:45:00 PM CDT,68,sell to open,SPY $216 call exp. 5/27/2016,39,1,39,credit,1.142
5/6/2016,2:45:00 PM CDT,68,sell to close,SPY $212.5 call exp. 5/27/2016,21,1,21,credit,0.142
5/6/2016,2:45:00 PM CDT,68,buy to close,SPY $216 call exp. 5/27/2016,5,1,5,debit,0.127
5/6/2016,2:45:00 PM CDT,69,buy to open,SPY $210 call exp. 6/17/2016,150,1,150,debit,1.127
5/6/2016,2:45:00 PM CDT,69,sell to open,SPY $214 call exp. 6/17/2016,44,1,44,credit,1.142
5/27/2016,2:45:00 PM CDT,69,sell to close,SPY $210 call exp. 6/17/2016,197,1,197,credit,0.142
5/27/2016,2:45:00 PM CDT,69,buy to close,SPY $214 call exp. 6/17/2016,38,1,38,debit,0.127
5/27/2016,2:45:00 PM CDT,70,buy to open,SPY $213 call exp. 7/8/2016,132,1,132,debit,1.127
5/27/2016,2:45:00 PM CDT,70,sell to open,SPY $216 call exp. 7/8/2016,45,1,45,credit,1.142
6/17/2016,2:45:00 PM CDT,70,sell to close,SPY $213 call exp. 7/8/2016,51,1,51,credit,0.142
6/17/2016,2:45:00 PM CDT,70,buy to close,SPY $216 call exp. 7/8/2016,11,1,11,debit,0.127
6/17/2016,2:45:00 PM CDT,71,buy to open,SPY $212 call exp. 7/29/2016,171,1,171,debit,1.127
6/17/2016,2:45:00 PM CDT,71,sell to open,SPY $215.5 call exp. 7/29/2016,59,1,59,credit,1.142
7/8/2016,2:45:00 PM CDT,71,sell to close,SPY $212 call exp. 7/29/2016,263,1,263,credit,0.142
7/8/2016,2:45:00 PM CDT,71,buy to close,SPY $215.5 call exp. 7/29/2016,83,1,83,debit,0.127
7/8/2016,2:45:00 PM CDT,72,buy to open,SPY $217 call exp. 8/19/2016,117,1,117,debit,1.127
7/8/2016,2:45:00 PM CDT,72,sell to open,SPY $220 call exp. 8/19/2016,40,1,40,credit,1.142
7/14/2016,2:45:00 PM CDT,72,sell to close,SPY $217 call exp. 8/19/2016,251,1,251,credit,0.142
7/14/2016,2:45:00 PM CDT,72,buy to close,SPY $220 call exp. 8/19/2016,119,1,119,debit,0.127
7/14/2016,2:45:00 PM CDT,73,buy to open,SPY $220 call exp. 8/26/2016,146,1,146,debit,1.127
7/14/2016,2:45:00 PM CDT,73,sell to open,SPY $224 call exp. 8/26/2016,50,1,50,credit,1.142
8/5/2016,2:45:00 PM CDT,73,sell to close,SPY $220 call exp. 8/26/2016,90,1,90,credit,0.142
8/5/2016,2:45:00 PM CDT,73,buy to close,SPY $224 call exp. 8/26/2016,13,1,13,debit,0.127
8/5/2016,2:45:00 PM CDT,74,buy to open,SPY $221 call exp. 9/16/2016,131,1,131,debit,1.127
8/5/2016,2:45:00 PM CDT,74,sell to open,SPY $224 call exp. 9/16/2016,48,1,48,credit,1.142
8/26/2016,2:45:00 PM CDT,74,sell to close,SPY $221 call exp. 9/16/2016,41,1,41,credit,0.142
8/26/2016,2:45:00 PM CDT,74,buy to close,SPY $224 call exp. 9/16/2016,9,1,9,debit,0.127
8/26/2016,2:45:00 PM CDT,75,buy to open,SPY $220.5 call exp. 10/7/2016,125,1,125,debit,1.127
8/26/2016,2:45:00 PM CDT,75,sell to open,SPY $223 call exp. 10/7/2016,49,1,49,credit,1.142
9/16/2016,2:45:00 PM CDT,75,sell to close,SPY $220.5 call exp. 10/7/2016,21,1,21,credit,0.142
9/16/2016,2:45:00 PM CDT,75,buy to close,SPY $223 call exp. 10/7/2016,6,1,6,debit,0.127
9/16/2016,2:45:00 PM CDT,76,buy to open,SPY $218 call exp. 10/28/2016,162,1,162,debit,1.127
9/16/2016,2:45:00 PM CDT,76,sell to open,SPY $221.5 call exp. 10/28/2016,51,1,51,credit,1.142
10/7/2016,2:45:00 PM CDT,76,sell to close,SPY $218 call exp. 10/28/2016,82,1,82,credit,0.142
10/7/2016,2:45:00 PM CDT,76,buy to close,SPY $221.5 call exp. 10/28/2016,10,1,10,debit,0.127
10/7/2016,2:45:00 PM CDT,77,buy to open,SPY $220 call exp. 11/18/2016,132,1,132,debit,1.127
10/7/2016,2:45:00 PM CDT,77,sell to open,SPY $223 call exp. 11/18/2016,44,1,44,credit,1.142
10/28/2016,2:45:00 PM CDT,77,sell to close,SPY $220 call exp. 11/18/2016,28,1,28,credit,0.142
10/28/2016,2:45:00 PM CDT,77,buy to close,SPY $223 call exp. 11/18/2016,6,1,6,debit,0.127
10/28/2016,2:45:00 PM CDT,78,buy to open,SPY $217.5 call exp. 12/9/2016,162,1,162,debit,1.127
10/28/2016,2:45:00 PM CDT,78,sell to open,SPY $221 call exp. 12/9/2016,57,1,57,credit,1.142
11/10/2016,2:45:00 PM CST,78,sell to close,SPY $217.5 call exp. 12/9/2016,269,1,269,credit,0.142
11/10/2016,2:45:00 PM CST,78,buy to close,SPY $221 call exp. 12/9/2016,106,1,106,debit,0.127
11/10/2016,2:45:00 PM CST,79,buy to open,SPY $221 call exp. 12/23/2016,153,1,153,debit,1.127
11/10/2016,2:45:00 PM CST,79,sell to open,SPY $224.5 call exp. 12/23/2016,57,1,57,credit,1.142
11/22/2016,2:45:00 PM CST,79,sell to close,SPY $221 call exp. 12/23/2016,215,1,215,credit,0.142
11/22/2016,2:45:00 PM CST,79,buy to close,SPY $224.5 call exp. 12/23/2016,67,1,67,debit,0.127
11/22/2016,2:45:00 PM CST,80,buy to open,SPY $224 call exp. 12/30/2016,102,1,102,debit,1.127
11/22/2016,2:45:00 PM CST,80,sell to open,SPY $226 call exp. 12/30/2016,49,1,49,credit,1.142
12/7/2016,2:45:00 PM CST,80,sell to close,SPY $224 call exp. 12/30/2016,195,1,195,credit,0.142
12/7/2016,2:45:00 PM CST,80,buy to close,SPY $226 call exp. 12/30/2016,103,1,103,debit,0.127
12/7/2016,2:45:00 PM CST,81,buy to open,SPY $228 call exp. 1/20/2017,122,1,122,debit,1.127
12/7/2016,2:45:00 PM CST,81,sell to open,SPY $231 call exp. 1/20/2017,56,1,56,credit,1.142
12/13/2016,2:45:00 PM CST,81,sell to close,SPY $228 call exp. 1/20/2017,273,1,273,credit,0.142
12/13/2016,2:45:00 PM CST,81,buy to close,SPY $231 call exp. 1/20/2017,148,1,148,debit,0.127
12/13/2016,2:45:00 PM CST,82,buy to open,SPY $231.5 call exp. 1/27/2017,163,1,163,debit,1.127
12/13/2016,2:45:00 PM CST,82,sell to open,SPY $236 call exp. 1/27/2017,61,1,61,credit,1.142
1/6/2017,2:45:00 PM CST,82,sell to close,SPY $231.5 call exp. 1/27/2017,49,1,49,credit,0.142
1/6/2017,2:45:00 PM CST,82,buy to close,SPY $236 call exp. 1/27/2017,10,1,10,debit,0.127
1/6/2017,2:45:00 PM CST,83,buy to open,SPY $232 call exp. 2/17/2017,120,1,120,debit,1.127
1/6/2017,2:45:00 PM CST,83,sell to open,SPY $235 call exp. 2/17/2017,53,1,53,credit,1.142
1/27/2017,2:45:00 PM CST,83,sell to close,SPY $232 call exp. 2/17/2017,62,1,62,credit,0.142
1/27/2017,2:45:00 PM CST,83,buy to close,SPY $235 call exp. 2/17/2017,19,1,19,debit,0.127
1/31/2017,2:45:00 PM CST,84,buy to open,SPY $232 call exp. 3/17/2017,123,1,123,debit,1.127
1/31/2017,2:45:00 PM CST,84,sell to open,SPY $235 call exp. 3/17/2017,52,1,52,credit,1.142
2/9/2017,2:45:00 PM CST,84,sell to close,SPY $232 call exp. 3/17/2017,202,1,202,credit,0.142
2/9/2017,2:45:00 PM CST,84,buy to close,SPY $235 call exp. 3/17/2017,89,1,89,debit,0.127
2/9/2017,2:45:00 PM CST,85,buy to open,SPY $234 call exp. 3/24/2017,134,1,134,debit,1.127
2/9/2017,2:45:00 PM CST,85,sell to open,SPY $237.5 call exp. 3/24/2017,49,1,49,credit,1.142
2/14/2017,2:45:00 PM CST,85,sell to close,SPY $234 call exp. 3/24/2017,229,1,229,credit,0.142
2/14/2017,2:45:00 PM CST,85,buy to close,SPY $237.5 call exp. 3/24/2017,88,1,88,debit,0.127
2/14/2017,2:45:00 PM CST,86,buy to open,SPY $237 call exp. 3/31/2017,120,1,120,debit,1.127
2/14/2017,2:45:00 PM CST,86,sell to open,SPY $240 call exp. 3/31/2017,50,1,50,credit,1.142
2/21/2017,2:45:00 PM CST,86,sell to close,SPY $237 call exp. 3/31/2017,243,1,243,credit,0.142
2/21/2017,2:45:00 PM CST,86,buy to close,SPY $240 call exp. 3/31/2017,114,1,114,debit,0.127
2/21/2017,2:45:00 PM CST,87,buy to open,SPY $240 call exp. 3/31/2017,114,1,114,debit,1.127
2/21/2017,2:45:00 PM CST,87,sell to open,SPY $243 call exp. 3/31/2017,47,1,47,credit,1.142
3/1/2017,2:45:00 PM CST,87,sell to close,SPY $240 call exp. 3/31/2017,251,1,251,credit,0.142
3/1/2017,2:45:00 PM CST,87,buy to close,SPY $243 call exp. 3/31/2017,120,1,120,debit,0.127
3/1/2017,2:45:00 PM CST,88,buy to open,SPY $244 call exp. 4/21/2017,161,1,161,debit,1.127
3/1/2017,2:45:00 PM CST,88,sell to open,SPY $248 call exp. 4/21/2017,61,1,61,credit,1.142
3/31/2017,2:45:00 PM CDT,88,sell to close,SPY $244 call exp. 4/21/2017,8,1,8,credit,0.142
3/31/2017,2:45:00 PM CDT,88,buy to close,SPY $248 call exp. 4/21/2017,4,1,4,debit,0.127
3/31/2017,2:45:00 PM CDT,89,buy to open,SPY $240.5 call exp. 5/12/2017,131,1,131,debit,1.127
3/31/2017,2:45:00 PM CDT,89,sell to open,SPY $243 call exp. 5/12/2017,63,1,63,credit,1.142
4/21/2017,2:45:00 PM CDT,89,sell to close,SPY $240.5 call exp. 5/12/2017,38,1,38,credit,0.142
4/21/2017,2:45:00 PM CDT,89,buy to close,SPY $243 call exp. 5/12/2017,13,1,13,debit,0.127
4/21/2017,2:45:00 PM CDT,90,buy to open,SPY $239.5 call exp. 6/2/2017,135,1,135,debit,1.127
4/21/2017,2:45:00 PM CDT,90,sell to open,SPY $242.5 call exp. 6/2/2017,52,1,52,credit,1.142
4/25/2017,2:45:00 PM CDT,90,sell to close,SPY $239.5 call exp. 6/2/2017,230,1,230,credit,0.142
4/25/2017,2:45:00 PM CDT,90,buy to close,SPY $242.5 call exp. 6/2/2017,102,1,102,debit,0.127
4/25/2017,2:45:00 PM CDT,91,buy to open,SPY $243 call exp. 6/16/2017,137,1,137,debit,1.127
4/25/2017,2:45:00 PM CDT,91,sell to open,SPY $249 call exp. 6/16/2017,30,1,30,credit,1.142
5/26/2017,2:45:00 PM CDT,91,sell to close,SPY $243 call exp. 6/16/2017,101,1,101,credit,0.142
5/26/2017,2:45:00 PM CDT,91,buy to close,SPY $249 call exp. 6/16/2017,6,1,6,debit,0.127
5/26/2017,2:45:00 PM CDT,92,buy to open,SPY $244 call exp. 7/7/2017,110,1,110,debit,1.127
5/26/2017,2:45:00 PM CDT,92,sell to open,SPY $247 call exp. 7/7/2017,31,1,31,credit,1.142
6/2/2017,2:45:00 PM CDT,92,sell to close,SPY $244 call exp. 7/7/2017,191,1,191,credit,0.142
6/2/2017,2:45:00 PM CDT,92,buy to close,SPY $247 call exp. 7/7/2017,65,1,65,debit,0.127
6/2/2017,2:45:00 PM CDT,93,buy to open,SPY $246.5 call exp. 7/14/2017,105,1,105,debit,1.127
6/2/2017,2:45:00 PM CDT,93,sell to open,SPY $249.5 call exp. 7/14/2017,38,1,38,credit,1.142
6/23/2017,2:45:00 PM CDT,93,sell to close,SPY $246.5 call exp. 7/14/2017,28,1,28,credit,0.142
6/23/2017,2:45:00 PM CDT,93,buy to close,SPY $249.5 call exp. 7/14/2017,4,1,4,debit,0.127
6/23/2017,2:45:00 PM CDT,94,buy to open,SPY $246 call exp. 8/4/2017,130,1,130,debit,1.127
6/23/2017,2:45:00 PM CDT,94,sell to open,SPY $250 call exp. 8/4/2017,24,1,24,credit,1.142
7/14/2017,2:45:00 PM CDT,94,sell to close,SPY $246 call exp. 8/4/2017,156,1,156,credit,0.142
7/14/2017,2:45:00 PM CDT,94,buy to close,SPY $250 call exp. 8/4/2017,20,1,20,debit,0.127
7/14/2017,2:45:00 PM CDT,95,buy to open,SPY $249 call exp. 8/25/2017,108,1,108,debit,1.127
7/14/2017,2:45:00 PM CDT,95,sell to open,SPY $252.5 call exp. 8/25/2017,26,1,26,credit,1.142
8/4/2017,2:45:00 PM CDT,95,sell to close,SPY $249 call exp. 8/25/2017,74,1,74,credit,0.142
8/4/2017,2:45:00 PM CDT,95,buy to close,SPY $252.5 call exp. 8/25/2017,7,1,7,debit,0.127
8/4/2017,2:45:00 PM CDT,96,buy to open,SPY $250 call exp. 9/15/2017,118,1,118,debit,1.127
8/4/2017,2:45:00 PM CDT,96,sell to open,SPY $254 call exp. 9/15/2017,22,1,22,credit,1.142
8/25/2017,2:45:00 PM CDT,96,sell to close,SPY $250 call exp. 9/15/2017,14,1,14,credit,0.142
8/25/2017,2:45:00 PM CDT,96,buy to close,SPY $254 call exp. 9/15/2017,3,1,3,debit,0.127
8/25/2017,2:45:00 PM CDT,97,buy to open,SPY $247.5 call exp. 10/6/2017,133,1,133,debit,1.127
8/25/2017,2:45:00 PM CDT,97,sell to open,SPY $250 call exp. 10/6/2017,48,1,48,credit,1.142
9/11/2017,2:45:00 PM CDT,97,sell to close,SPY $247.5 call exp. 10/6/2017,239,1,239,credit,0.142
9/11/2017,2:45:00 PM CDT,97,buy to close,SPY $250 call exp. 10/6/2017,91,1,91,debit,0.127
9/11/2017,2:45:00 PM CDT,98,buy to open,SPY $252 call exp. 10/27/2017,115,1,115,debit,1.127
9/11/2017,2:45:00 PM CDT,98,sell to open,SPY $254 call exp. 10/27/2017,53,1,53,credit,1.142
10/2/2017,2:45:00 PM CDT,98,sell to close,SPY $252 call exp. 10/27/2017,198,1,198,credit,0.142
10/2/2017,2:45:00 PM CDT,98,buy to close,SPY $254 call exp. 10/27/2017,90,1,90,debit,0.127
10/2/2017,2:45:00 PM CDT,99,buy to open,SPY $256 call exp. 11/17/2017,110,1,110,debit,1.127
10/2/2017,2:45:00 PM CDT,99,sell to open,SPY $259 call exp. 11/17/2017,40,1,40,credit,1.142
10/5/2017,2:45:00 PM CDT,99,sell to close,SPY $256 call exp. 11/17/2017,193,1,193,credit,0.142
10/5/2017,2:45:00 PM CDT,99,buy to close,SPY $259 call exp. 11/17/2017,75,1,75,debit,0.127
10/5/2017,2:45:00 PM CDT,100,buy to open,SPY $258 call exp. 11/17/2017,106,1,106,debit,1.127
10/5/2017,2:45:00 PM CDT,100,sell to open,SPY $261 call exp. 11/17/2017,37,1,37,credit,1.142
10/27/2017,2:45:00 PM CDT,100,sell to close,SPY $258 call exp. 11/17/2017,156,1,156,credit,0.142
10/27/2017,2:45:00 PM CDT,100,buy to close,SPY $261 call exp. 11/17/2017,37,1,37,debit,0.127
10/27/2017,2:45:00 PM CDT,101,buy to open,SPY $261 call exp. 12/8/2017,112,1,112,debit,1.127
10/27/2017,2:45:00 PM CDT,101,sell to open,SPY $264 call exp. 12/8/2017,37,1,37,credit,1.142
11/17/2017,2:45:00 PM CST,101,sell to close,SPY $261 call exp. 12/8/2017,51,1,51,credit,0.142
11/17/2017,2:45:00 PM CST,101,buy to close,SPY $264 call exp. 12/8/2017,11,1,11,debit,0.127
11/17/2017,2:45:00 PM CST,102,buy to open,SPY $261 call exp. 12/29/2017,114,1,114,debit,1.127
11/17/2017,2:45:00 PM CST,102,sell to open,SPY $264 call exp. 12/29/2017,38,1,38,credit,1.142
11/28/2017,2:45:00 PM CST,102,sell to close,SPY $261 call exp. 12/29/2017,318,1,318,credit,0.142
11/28/2017,2:45:00 PM CST,102,buy to close,SPY $264 call exp. 12/29/2017,151,1,151,debit,0.127
11/28/2017,2:45:00 PM CST,103,buy to open,SPY $266 call exp. 1/19/2018,141,1,141,debit,1.127
11/28/2017,2:45:00 PM CST,103,sell to open,SPY $270 call exp. 1/19/2018,50,1,50,credit,1.142
11/30/2017,2:45:00 PM CST,103,sell to close,SPY $266 call exp. 1/19/2018,265,1,265,credit,0.142
11/30/2017,2:45:00 PM CST,103,buy to close,SPY $270 call exp. 1/19/2018,105,1,105,debit,0.127
11/30/2017,2:45:00 PM CST,104,buy to open,SPY $268 call exp. 1/12/2018,149,1,149,debit,1.127
11/30/2017,2:45:00 PM CST,104,sell to open,SPY $271 call exp. 1/12/2018,62,1,62,credit,1.142
12/18/2017,2:45:00 PM CST,104,sell to close,SPY $268 call exp. 1/12/2018,237,1,237,credit,0.142
12/18/2017,2:45:00 PM CST,104,buy to close,SPY $271 call exp. 1/12/2018,91,1,91,debit,0.127
12/18/2017,2:45:00 PM CST,105,buy to open,SPY $272 call exp. 1/26/2018,116,1,116,debit,1.127
12/18/2017,2:45:00 PM CST,105,sell to open,SPY $275 call exp. 1/26/2018,47,1,47,credit,1.142
1/4/2018,2:45:00 PM CST,105,sell to close,SPY $272 call exp. 1/26/2018,175,1,175,credit,0.142
1/4/2018,2:45:00 PM CST,105,buy to close,SPY $275 call exp. 1/26/2018,60,1,60,debit,0.127
1/4/2018,2:45:00 PM CST,106,buy to open,SPY $276 call exp. 2/16/2018,117,1,117,debit,1.127
1/4/2018,2:45:00 PM CST,106,sell to open,SPY $279 call exp. 2/16/2018,48,1,48,credit,1.142
1/8/2018,2:45:00 PM CST,106,sell to close,SPY $276 call exp. 2/16/2018,204,1,204,credit,0.142
1/8/2018,2:45:00 PM CST,106,buy to close,SPY $279 call exp. 2/16/2018,95,1,95,debit,0.127
1/8/2018,2:45:00 PM CST,107,buy to open,SPY $278 call exp. 2/23/2018,148,1,148,debit,1.127
1/8/2018,2:45:00 PM CST,107,sell to open,SPY $282 call exp. 2/23/2018,51,1,51,credit,1.142
1/12/2018,2:45:00 PM CST,107,sell to close,SPY $278 call exp. 2/23/2018,330,1,330,credit,0.142
1/12/2018,2:45:00 PM CST,107,buy to close,SPY $282 call exp. 2/23/2018,146,1,146,debit,0.127
1/12/2018,2:45:00 PM CST,108,buy to open,SPY $282.5 call exp. 2/23/2018,130,1,130,debit,1.127
1/12/2018,2:45:00 PM CST,108,sell to open,SPY $286 call exp. 2/23/2018,51,1,51,credit,1.142
1/19/2018,2:45:00 PM CST,108,sell to close,SPY $282.5 call exp. 2/23/2018,218,1,218,credit,0.142
1/19/2018,2:45:00 PM CST,108,buy to close,SPY $286 call exp. 2/23/2018,92,1,92,debit,0.127
1/19/2018,2:45:00 PM CST,109,buy to open,SPY $285 call exp. 3/2/2018,154,1,154,debit,1.127
1/19/2018,2:45:00 PM CST,109,sell to open,SPY $289 call exp. 3/2/2018,56,1,56,credit,1.142
1/23/2018,2:45:00 PM CST,109,sell to close,SPY $285 call exp. 3/2/2018,285,1,285,credit,0.142
1/23/2018,2:45:00 PM CST,109,buy to close,SPY $289 call exp. 3/2/2018,124,1,124,debit,0.127
1/23/2018,2:45:00 PM CST,110,buy to open,SPY $289 call exp. 3/16/2018,186,1,186,debit,1.127
1/23/2018,2:45:00 PM CST,110,sell to open,SPY $294 call exp. 3/16/2018,68,1,68,credit,1.142
1/26/2018,2:45:00 PM CST,110,sell to close,SPY $289 call exp. 3/16/2018,321,1,321,credit,0.142
1/26/2018,2:45:00 PM CST,110,buy to close,SPY $294 call exp. 3/16/2018,140,1,140,debit,0.127
1/26/2018,2:45:00 PM CST,111,buy to open,SPY $292.5 call exp. 3/9/2018,157,1,157,debit,1.127
1/26/2018,2:45:00 PM CST,111,sell to open,SPY $297.5 call exp. 3/9/2018,57,1,57,credit,1.142
2/16/2018,2:45:00 PM CST,111,sell to close,SPY $292.5 call exp. 3/9/2018,8,1,8,credit,0.142
2/16/2018,2:45:00 PM CST,111,buy to close,SPY $297.5 call exp. 3/9/2018,4,1,4,debit,0.127
2/16/2018,2:45:00 PM CST,112,buy to open,SPY $279 call exp. 3/29/2018,237,1,237,debit,1.127
2/16/2018,2:45:00 PM CST,112,sell to open,SPY $284 call exp. 3/29/2018,104,1,104,credit,1.142
3/7/2018,2:45:00 PM CST,112,sell to close,SPY $279 call exp. 3/29/2018,89,1,89,credit,0.142
3/7/2018,2:45:00 PM CST,112,buy to close,SPY $284 call exp. 3/29/2018,25,1,25,debit,0.127
3/7/2018,2:45:00 PM CST,113,buy to open,SPY $279 call exp. 4/20/2018,207,1,207,debit,1.127
3/7/2018,2:45:00 PM CST,113,sell to open,SPY $283 call exp. 4/20/2018,99,1,99,credit,1.142
3/9/2018,2:45:00 PM CST,113,sell to close,SPY $279 call exp. 4/20/2018,392,1,392,credit,0.142
3/9/2018,2:45:00 PM CST,113,buy to close,SPY $283 call exp. 4/20/2018,208,1,208,debit,0.127
3/9/2018,2:45:00 PM CST,114,buy to open,SPY $284 call exp. 4/20/2018,174,1,174,debit,1.127
3/9/2018,2:45:00 PM CST,114,sell to open,SPY $288 call exp. 4/20/2018,79,1,79,credit,1.142
4/2/2018,2:45:00 PM CDT,114,sell to close,SPY $284 call exp. 4/20/2018,3,1,3,credit,0.142
4/2/2018,2:45:00 PM CDT,114,buy to close,SPY $288 call exp. 4/20/2018,3,1,3,debit,0.127
4/2/2018,2:45:00 PM CDT,115,buy to open,SPY $267 call exp. 5/18/2018,291,1,291,debit,1.127
4/2/2018,2:45:00 PM CDT,115,sell to open,SPY $275 call exp. 5/18/2018,97,1,97,credit,1.142
4/4/2018,2:45:00 PM CDT,115,sell to close,SPY $267 call exp. 5/18/2018,511,1,511,credit,0.142
4/4/2018,2:45:00 PM CDT,115,buy to close,SPY $275 call exp. 5/18/2018,186,1,186,debit,0.127
4/4/2018,2:45:00 PM CDT,116,buy to open,SPY $273 call exp. 5/18/2018,248,1,248,debit,1.127
4/4/2018,2:45:00 PM CDT,116,sell to open,SPY $279 call exp. 5/18/2018,99,1,99,credit,1.142
4/27/2018,2:45:00 PM CDT,116,sell to close,SPY $273 call exp. 5/18/2018,85,1,85,credit,0.142
4/27/2018,2:45:00 PM CDT,116,buy to close,SPY $279 call exp. 5/18/2018,13,1,13,debit,0.127
4/27/2018,2:45:00 PM CDT,117,buy to open,SPY $273 call exp. 6/8/2018,200,1,200,debit,1.127
4/27/2018,2:45:00 PM CDT,117,sell to open,SPY $277.5 call exp. 6/8/2018,80,1,80,credit,1.142
5/11/2018,2:45:00 PM CDT,117,sell to close,SPY $273 call exp. 6/8/2018,300,1,300,credit,0.142
5/11/2018,2:45:00 PM CDT,117,buy to close,SPY $277.5 call exp. 6/8/2018,107,1,107,debit,0.127
5/11/2018,2:45:00 PM CDT,118,buy to open,SPY $277 call exp. 6/22/2018,181,1,181,debit,1.127
5/11/2018,2:45:00 PM CDT,118,sell to open,SPY $282.5 call exp. 6/22/2018,54,1,54,credit,1.142
6/1/2018,2:45:00 PM CDT,118,sell to close,SPY $277 call exp. 6/22/2018,74,1,74,credit,0.142
6/1/2018,2:45:00 PM CDT,118,buy to close,SPY $282.5 call exp. 6/22/2018,10,1,10,debit,0.127
6/1/2018,2:45:00 PM CDT,119,buy to open,SPY $277 call exp. 7/13/2018,167,1,167,debit,1.127
6/1/2018,2:45:00 PM CDT,119,sell to open,SPY $280 call exp. 7/13/2018,78,1,78,credit,1.142
6/6/2018,2:45:00 PM CDT,119,sell to close,SPY $277 call exp. 7/13/2018,282,1,282,credit,0.142
6/6/2018,2:45:00 PM CDT,119,buy to close,SPY $280 call exp. 7/13/2018,141,1,141,debit,0.127
6/6/2018,2:45:00 PM CDT,120,buy to open,SPY $281 call exp. 7/20/2018,147,1,147,debit,1.127
6/6/2018,2:45:00 PM CDT,120,sell to open,SPY $285 call exp. 7/20/2018,53,1,53,credit,1.142
6/29/2018,2:45:00 PM CDT,120,sell to close,SPY $281 call exp. 7/20/2018,22,1,22,credit,0.142
6/29/2018,2:45:00 PM CDT,120,buy to close,SPY $285 call exp. 7/20/2018,6,1,6,debit,0.127
6/29/2018,2:45:00 PM CDT,121,buy to open,SPY $278 call exp. 8/10/2018,175,1,175,debit,1.127
6/29/2018,2:45:00 PM CDT,121,sell to open,SPY $282.5 call exp. 8/10/2018,54,1,54,credit,1.142
7/9/2018,2:45:00 PM CDT,121,sell to close,SPY $278 call exp. 8/10/2018,328,1,328,credit,0.142
7/9/2018,2:45:00 PM CDT,121,buy to close,SPY $282.5 call exp. 8/10/2018,110,1,110,debit,0.127
7/9/2018,2:45:00 PM CDT,122,buy to open,SPY $283 call exp. 8/24/2018,160,1,160,debit,1.127
7/9/2018,2:45:00 PM CDT,122,sell to open,SPY $287 call exp. 8/24/2018,56,1,56,credit,1.142
7/25/2018,2:45:00 PM CDT,122,sell to close,SPY $283 call exp. 8/24/2018,360,1,360,credit,0.142
7/25/2018,2:45:00 PM CDT,122,buy to close,SPY $287 call exp. 8/24/2018,141,1,141,debit,0.127
7/25/2018,2:45:00 PM CDT,123,buy to open,SPY $288 call exp. 8/31/2018,139,1,139,debit,1.127
7/25/2018,2:45:00 PM CDT,123,sell to open,SPY $292 call exp. 8/31/2018,46,1,46,credit,1.142
8/10/2018,2:45:00 PM CDT,123,sell to close,SPY $288 call exp. 8/31/2018,63,1,63,credit,0.142
8/10/2018,2:45:00 PM CDT,123,buy to close,SPY $292 call exp. 8/31/2018,15,1,15,debit,0.127
8/10/2018,2:45:00 PM CDT,124,buy to open,SPY $288 call exp. 9/21/2018,148,1,148,debit,1.127
8/10/2018,2:45:00 PM CDT,124,sell to open,SPY $293 call exp. 9/21/2018,43,1,43,credit,1.142
8/21/2018,2:45:00 PM CDT,124,sell to close,SPY $288 call exp. 9/21/2018,234,1,234,credit,0.142
8/21/2018,2:45:00 PM CDT,124,buy to close,SPY $293 call exp. 9/21/2018,69,1,69,debit,0.127
8/21/2018,2:45:00 PM CDT,125,buy to open,SPY $291 call exp. 9/28/2018,133,1,133,debit,1.127
8/21/2018,2:45:00 PM CDT,125,sell to open,SPY $295 call exp. 9/28/2018,51,1,51,credit,1.142
8/27/2018,2:45:00 PM CDT,125,sell to close,SPY $291 call exp. 9/28/2018,220,1,220,credit,0.142
8/27/2018,2:45:00 PM CDT,125,buy to close,SPY $295 call exp. 9/28/2018,85,1,85,debit,0.127
8/27/2018,2:45:00 PM CDT,126,buy to open,SPY $292.5 call exp. 10/5/2018,184,1,184,debit,1.127
8/27/2018,2:45:00 PM CDT,126,sell to open,SPY $297.5 call exp. 10/5/2018,59,1,59,credit,1.142
9/14/2018,2:45:00 PM CDT,126,sell to close,SPY $292.5 call exp. 10/5/2018,100,1,100,credit,0.142
9/14/2018,2:45:00 PM CDT,126,buy to close,SPY $297.5 call exp. 10/5/2018,19,1,19,debit,0.127
9/14/2018,2:45:00 PM CDT,127,buy to open,SPY $294.5 call exp. 10/26/2018,142,1,142,debit,1.127
9/14/2018,2:45:00 PM CDT,127,sell to open,SPY $298 call exp. 10/26/2018,61,1,61,credit,1.142
9/20/2018,2:45:00 PM CDT,127,sell to close,SPY $294.5 call exp. 10/26/2018,231,1,231,credit,0.142
9/20/2018,2:45:00 PM CDT,127,buy to close,SPY $298 call exp. 10/26/2018,101,1,101,debit,0.127
9/20/2018,2:45:00 PM CDT,128,buy to open,SPY $297.5 call exp. 11/2/2018,148,1,148,debit,1.127
9/20/2018,2:45:00 PM CDT,128,sell to open,SPY $302.5 call exp. 11/2/2018,48,1,48,credit,1.142
10/12/2018,2:45:00 PM CDT,128,sell to close,SPY $297.5 call exp. 11/2/2018,3,1,3,credit,0.142
10/12/2018,2:45:00 PM CDT,128,buy to close,SPY $302.5 call exp. 11/2/2018,2,1,2,debit,0.127
10/12/2018,2:45:00 PM CDT,129,buy to open,SPY $284 call exp. 11/23/2018,251,1,251,debit,1.127
10/12/2018,2:45:00 PM CDT,129,sell to open,SPY $289.5 call exp. 11/23/2018,91,1,91,credit,1.142
11/2/2018,2:45:00 PM CDT,129,sell to close,SPY $284 call exp. 11/23/2018,42,1,42,credit,0.142
11/2/2018,2:45:00 PM CDT,129,buy to close,SPY $289.5 call exp. 11/23/2018,11,1,11,debit,0.127
11/2/2018,2:45:00 PM CDT,130,buy to open,SPY $281 call exp. 12/14/2018,251,1,251,debit,1.127
11/2/2018,2:45:00 PM CDT,130,sell to open,SPY $287 call exp. 12/14/2018,96,1,96,credit,1.142
11/7/2018,2:45:00 PM CST,130,sell to close,SPY $281 call exp. 12/14/2018,528,1,528,credit,0.142
11/7/2018,2:45:00 PM CST,130,buy to close,SPY $287 call exp. 12/14/2018,231,1,231,debit,0.127
11/7/2018,2:45:00 PM CST,131,buy to open,SPY $287 call exp. 12/21/2018,276,1,276,debit,1.127
11/7/2018,2:45:00 PM CST,131,sell to open,SPY $293 call exp. 12/21/2018,101,1,101,credit,1.142
11/30/2018,2:45:00 PM CST,131,sell to close,SPY $287 call exp. 12/21/2018,76,1,76,credit,0.142
11/30/2018,2:45:00 PM CST,131,buy to close,SPY $293 call exp. 12/21/2018,21,1,21,debit,0.127
11/30/2018,2:45:00 PM CST,132,buy to open,SPY $283 call exp. 1/11/2019,255,1,255,debit,1.127
11/30/2018,2:45:00 PM CST,132,sell to open,SPY $290 call exp. 1/11/2019,84,1,84,credit,1.142
12/21/2018,2:45:00 PM CST,132,sell to close,SPY $283 call exp. 1/11/2019,2,1,2,credit,0.142
12/21/2018,2:45:00 PM CST,132,buy to close,SPY $290 call exp. 1/11/2019,1,1,1,debit,0.127
12/21/2018,2:45:00 PM CST,133,buy to open,SPY $252.5 call exp. 2/1/2019,327,1,327,debit,1.127
12/21/2018,2:45:00 PM CST,133,sell to open,SPY $260 call exp. 2/1/2019,135,1,135,credit,1.142
12/31/2018,2:45:00 PM CST,133,sell to close,SPY $252.5 call exp. 2/1/2019,545,1,545,credit,0.142
12/31/2018,2:45:00 PM CST,133,buy to close,SPY $260 call exp. 2/1/2019,237,1,237,debit,0.127
12/31/2018,2:45:00 PM CST,134,buy to open,SPY $261 call exp. 2/15/2019,311,1,311,debit,1.127
12/31/2018,2:45:00 PM CST,134,sell to open,SPY $269 call exp. 2/15/2019,120,1,120,credit,1.142
1/9/2019,2:45:00 PM CST,134,sell to close,SPY $261 call exp. 2/15/2019,435,1,435,credit,0.142
1/9/2019,2:45:00 PM CST,134,buy to close,SPY $269 call exp. 2/15/2019,137,1,137,debit,0.127
1/9/2019,2:45:00 PM CST,135,buy to open,SPY $267 call exp. 2/22/2019,234,1,234,debit,1.127
1/9/2019,2:45:00 PM CST,135,sell to open,SPY $272.5 call exp. 2/22/2019,96,1,96,credit,1.142
1/18/2019,2:45:00 PM CST,135,sell to close,SPY $267 call exp. 2/22/2019,449,1,449,credit,0.142
1/18/2019,2:45:00 PM CST,135,buy to close,SPY $272.5 call exp. 2/22/2019,203,1,203,debit,0.127
1/18/2019,2:45:00 PM CST,136,buy to open,SPY $273 call exp. 3/1/2019,234,1,234,debit,1.127
1/18/2019,2:45:00 PM CST,136,sell to open,SPY $279 call exp. 3/1/2019,85,1,85,credit,1.142
2/5/2019,2:45:00 PM CST,136,sell to close,SPY $273 call exp. 3/1/2019,392,1,392,credit,0.142
2/5/2019,2:45:00 PM CST,136,buy to close,SPY $279 call exp. 3/1/2019,128,1,128,debit,0.127
2/5/2019,2:45:00 PM CST,137,buy to open,SPY $280 call exp. 3/22/2019,207,1,207,debit,1.127
2/5/2019,2:45:00 PM CST,137,sell to open,SPY $285 call exp. 3/22/2019,85,1,85,credit,1.142
2/19/2019,2:45:00 PM CST,137,sell to close,SPY $280 call exp. 3/22/2019,299,1,299,credit,0.142
2/19/2019,2:45:00 PM CST,137,buy to close,SPY $285 call exp. 3/22/2019,106,1,106,debit,0.127
2/19/2019,2:45:00 PM CST,138,buy to open,SPY $284 call exp. 3/29/2019,169,1,169,debit,1.127
2/19/2019,2:45:00 PM CST,138,sell to open,SPY $288 call exp. 3/29/2019,70,1,70,credit,1.142
3/7/2019,2:45:00 PM CST,138,sell to close,SPY $284 call exp. 3/29/2019,29,1,29,credit,0.142
3/7/2019,2:45:00 PM CST,138,buy to close,SPY $288 call exp. 3/29/2019,8,1,8,debit,0.127
3/7/2019,2:45:00 PM CST,139,buy to open,SPY $281 call exp. 4/18/2019,190,1,190,debit,1.127
3/7/2019,2:45:00 PM CST,139,sell to open,SPY $285 call exp. 4/18/2019,76,1,76,credit,1.142
3/13/2019,2:45:00 PM CDT,139,sell to close,SPY $281 call exp. 4/18/2019,394,1,394,credit,0.142
3/13/2019,2:45:00 PM CDT,139,buy to close,SPY $285 call exp. 4/18/2019,190,1,190,debit,0.127
3/13/2019,2:45:00 PM CDT,140,buy to open,SPY $287 call exp. 4/26/2019,158,1,158,debit,1.127
3/13/2019,2:45:00 PM CDT,140,sell to open,SPY $291 call exp. 4/26/2019,62,1,62,credit,1.142
3/21/2019,2:45:00 PM CDT,140,sell to close,SPY $287 call exp. 4/26/2019,337,1,337,credit,0.142
3/21/2019,2:45:00 PM CDT,140,buy to close,SPY $291 call exp. 4/26/2019,165,1,165,debit,0.127
3/21/2019,2:45:00 PM CDT,141,buy to open,SPY $291 call exp. 5/3/2019,207,1,207,debit,1.127
3/21/2019,2:45:00 PM CDT,141,sell to open,SPY $296 call exp. 5/3/2019,74,1,74,credit,1.142
4/12/2019,2:45:00 PM CDT,141,sell to close,SPY $291 call exp. 5/3/2019,233,1,233,credit,0.142
4/12/2019,2:45:00 PM CDT,141,buy to close,SPY $296 call exp. 5/3/2019,53,1,53,debit,0.127
4/12/2019,2:45:00 PM CDT,142,buy to open,SPY $296 call exp. 5/24/2019,161,1,161,debit,1.127
4/12/2019,2:45:00 PM CDT,142,sell to open,SPY $300 call exp. 5/24/2019,64,1,64,credit,1.142
4/29/2019,2:45:00 PM CDT,142,sell to close,SPY $296 call exp. 5/24/2019,233,1,233,credit,0.142
4/29/2019,2:45:00 PM CDT,142,buy to close,SPY $300 call exp. 5/24/2019,84,1,84,debit,0.127
4/29/2019,2:45:00 PM CDT,143,buy to open,SPY $300 call exp. 6/7/2019,154,1,154,debit,1.127
4/29/2019,2:45:00 PM CDT,143,sell to open,SPY $304 call exp. 6/7/2019,61,1,61,credit,1.142
5/17/2019,2:45:00 PM CDT,143,sell to close,SPY $300 call exp. 6/7/2019,7,1,7,credit,0.142
5/17/2019,2:45:00 PM CDT,143,buy to close,SPY $304 call exp. 6/7/2019,4,1,4,debit,0.127
5/17/2019,2:45:00 PM CDT,144,buy to open,SPY $292 call exp. 6/28/2019,227,1,227,debit,1.127
5/17/2019,2:45:00 PM CDT,144,sell to open,SPY $297 call exp. 6/28/2019,75,1,75,credit,1.142
6/7/2019,2:45:00 PM CDT,144,sell to close,SPY $292 call exp. 6/28/2019,160,1,160,credit,0.142
6/7/2019,2:45:00 PM CDT,144,buy to close,SPY $297 call exp. 6/28/2019,50,1,50,debit,0.127
6/7/2019,2:45:00 PM CDT,145,buy to open,SPY $294 call exp. 7/19/2019,220,1,220,debit,1.127
6/7/2019,2:45:00 PM CDT,145,sell to open,SPY $300 call exp. 7/19/2019,77,1,77,credit,1.142
6/19/2019,2:45:00 PM CDT,145,sell to close,SPY $294 call exp. 7/19/2019,345,1,345,credit,0.142
6/19/2019,2:45:00 PM CDT,145,buy to close,SPY $300 call exp. 7/19/2019,111,1,111,debit,0.127
6/19/2019,2:45:00 PM CDT,146,buy to open,SPY $299 call exp. 8/2/2019,230,1,230,debit,1.127
6/19/2019,2:45:00 PM CDT,146,sell to open,SPY $304 call exp. 8/2/2019,93,1,93,credit,1.142
7/3/2019,2:45:00 PM CDT,146,sell to close,SPY $299 call exp. 8/2/2019,358,1,358,credit,0.142
7/3/2019,2:45:00 PM CDT,146,buy to close,SPY $304 call exp. 8/2/2019,130,1,130,debit,0.127
7/3/2019,2:45:00 PM CDT,147,buy to open,SPY $305 call exp. 8/16/2019,172,1,172,debit,1.127
7/3/2019,2:45:00 PM CDT,147,sell to open,SPY $309 call exp. 8/16/2019,71,1,71,credit,1.142
7/26/2019,2:45:00 PM CDT,147,sell to close,SPY $305 call exp. 8/16/2019,155,1,155,credit,0.142
7/26/2019,2:45:00 PM CDT,147,buy to close,SPY $309 call exp. 8/16/2019,42,1,42,debit,0.127
7/26/2019,2:45:00 PM CDT,148,buy to open,SPY $308 call exp. 9/6/2019,167,1,167,debit,1.127
7/26/2019,2:45:00 PM CDT,148,sell to open,SPY $312 call exp. 9/6/2019,61,1,61,credit,1.142
8/16/2019,2:45:00 PM CDT,148,sell to close,SPY $308 call exp. 9/6/2019,4,1,4,credit,0.142
8/16/2019,2:45:00 PM CDT,148,buy to close,SPY $312 call exp. 9/6/2019,2,1,2,debit,0.127
8/16/2019,2:45:00 PM CDT,149,buy to open,SPY $297 call exp. 9/30/2019,243,1,243,debit,1.127
8/16/2019,2:45:00 PM CDT,149,sell to open,SPY $302 call exp. 9/30/2019,97,1,97,credit,1.142
9/5/2019,2:45:00 PM CDT,149,sell to close,SPY $297 call exp. 9/30/2019,413,1,413,credit,0.142
9/5/2019,2:45:00 PM CDT,149,buy to close,SPY $302 call exp. 9/30/2019,151,1,151,debit,0.127
9/5/2019,2:45:00 PM CDT,150,buy to open,SPY $304 call exp. 10/18/2019,213,1,213,debit,1.127
9/5/2019,2:45:00 PM CDT,150,sell to open,SPY $309 call exp. 10/18/2019,80,1,80,credit,1.142
9/27/2019,2:45:00 PM CDT,150,sell to close,SPY $304 call exp. 10/18/2019,60,1,60,credit,0.142
9/27/2019,2:45:00 PM CDT,150,buy to close,SPY $309 call exp. 10/18/2019,11,1,11,debit,0.127
9/27/2019,2:45:00 PM CDT,151,buy to open,SPY $303 call exp. 11/8/2019,241,1,241,debit,1.127
9/27/2019,2:45:00 PM CDT,151,sell to open,SPY $308 call exp. 11/8/2019,90,1,90,credit,1.142
10/18/2019,2:45:00 PM CDT,151,sell to close,SPY $303 call exp. 11/8/2019,136,1,136,credit,0.142
10/18/2019,2:45:00 PM CDT,151,buy to close,SPY $308 call exp. 11/8/2019,27,1,27,debit,0.127
10/18/2019,2:45:00 PM CDT,152,buy to open,SPY $305 call exp. 11/29/2019,209,1,209,debit,1.127
10/18/2019,2:45:00 PM CDT,152,sell to open,SPY $310 call exp. 11/29/2019,73,1,73,credit,1.142
10/30/2019,2:45:00 PM CDT,152,sell to close,SPY $305 call exp. 11/29/2019,330,1,330,credit,0.142
10/30/2019,2:45:00 PM CDT,152,buy to close,SPY $310 call exp. 11/29/2019,114,1,114,debit,0.127
10/30/2019,2:45:00 PM CDT,153,buy to open,SPY $310 call exp. 12/20/2019,254,1,254,debit,1.127
10/30/2019,2:45:00 PM CDT,153,sell to open,SPY $315 call exp. 12/20/2019,106,1,106,credit,1.142
11/8/2019,2:45:00 PM CST,153,sell to close,SPY $310 call exp. 12/20/2019,411,1,411,credit,0.142
11/8/2019,2:45:00 PM CST,153,buy to close,SPY $315 call exp. 12/20/2019,184,1,184,debit,0.127
11/8/2019,2:45:00 PM CST,154,buy to open,SPY $314 call exp. 12/20/2019,220,1,220,debit,1.127
11/8/2019,2:45:00 PM CST,154,sell to open,SPY $319 call exp. 12/20/2019,83,1,83,credit,1.142
11/26/2019,2:45:00 PM CST,154,sell to close,SPY $314 call exp. 12/20/2019,302,1,302,credit,0.142
11/26/2019,2:45:00 PM CST,154,buy to close,SPY $319 call exp. 12/20/2019,80,1,80,debit,0.127
11/26/2019,2:45:00 PM CST,155,buy to open,SPY $319 call exp. 1/17/2020,214,1,214,debit,1.127
11/26/2019,2:45:00 PM CST,155,sell to open,SPY $324 call exp. 1/17/2020,79,1,79,credit,1.142
12/16/2019,2:45:00 PM CST,155,sell to close,SPY $319 call exp. 1/17/2020,340,1,340,credit,0.142
12/16/2019,2:45:00 PM CST,155,buy to close,SPY $324 call exp. 1/17/2020,123,1,123,debit,0.127
12/16/2019,2:45:00 PM CST,156,buy to open,SPY $324.5 call exp. 1/31/2020,188,1,188,debit,1.127
12/16/2019,2:45:00 PM CST,156,sell to open,SPY $329 call exp. 1/31/2020,80,1,80,credit,1.142
12/23/2019,2:45:00 PM CST,156,sell to close,SPY $324.5 call exp. 1/31/2020,285,1,285,credit,0.142
12/23/2019,2:45:00 PM CST,156,buy to close,SPY $329 call exp. 1/31/2020,115,1,115,debit,0.127
12/23/2019,2:45:00 PM CST,157,buy to open,SPY $327 call exp. 1/31/2020,177,1,177,debit,1.127
12/23/2019,2:45:00 PM CST,157,sell to open,SPY $332 call exp. 1/31/2020,57,1,57,credit,1.142
1/8/2020,2:45:00 PM CST,157,sell to close,SPY $327 call exp. 1/31/2020,264,1,264,credit,0.142
1/8/2020,2:45:00 PM CST,157,buy to close,SPY $332 call exp. 1/31/2020,69,1,69,debit,0.127
1/8/2020,2:45:00 PM CST,158,buy to open,SPY $332 call exp. 2/21/2020,194,1,194,debit,1.127
1/8/2020,2:45:00 PM CST,158,sell to open,SPY $337 call exp. 2/21/2020,64,1,64,credit,1.142
1/16/2020,2:45:00 PM CST,158,sell to close,SPY $332 call exp. 2/21/2020,354,1,354,credit,0.142
1/16/2020,2:45:00 PM CST,158,buy to close,SPY $337 call exp. 2/21/2020,139,1,139,debit,0.127
1/16/2020,2:45:00 PM CST,159,buy to open,SPY $337 call exp. 2/28/2020,181,1,181,debit,1.127
1/16/2020,2:45:00 PM CST,159,sell to open,SPY $342 call exp. 2/28/2020,62,1,62,credit,1.142
2/7/2020,2:45:00 PM CST,159,sell to close,SPY $337 call exp. 2/28/2020,167,1,167,credit,0.142
2/7/2020,2:45:00 PM CST,159,buy to close,SPY $342 call exp. 2/28/2020,37,1,37,debit,0.127
2/7/2020,2:45:00 PM CST,160,buy to open,SPY $340 call exp. 3/20/2020,215,1,215,debit,1.127
2/7/2020,2:45:00 PM CST,160,sell to open,SPY $344 call exp. 3/20/2020,96,1,96,credit,1.142
2/19/2020,2:45:00 PM CST,160,sell to close,SPY $340 call exp. 3/20/2020,371,1,371,credit,0.142
2/19/2020,2:45:00 PM CST,160,buy to close,SPY $344 call exp. 3/20/2020,182,1,182,debit,0.127
2/19/2020,2:45:00 PM CST,161,buy to open,SPY $344 call exp. 4/3/2020,245,1,245,debit,1.127
2/19/2020,2:45:00 PM CST,161,sell to open,SPY $350 call exp. 4/3/2020,80,1,80,credit,1.142
3/13/2020,2:45:00 PM CDT,161,sell to close,SPY $344 call exp. 4/3/2020,4,1,4,credit,0.142
3/13/2020,2:45:00 PM CDT,161,buy to close,SPY $350 call exp. 4/3/2020,5,1,5,debit,0.127
3/13/2020,2:45:00 PM CDT,162,buy to open,SPY $285 call exp. 4/24/2020,672,1,672,debit,1.127
3/13/2020,2:45:00 PM CDT,162,sell to open,SPY $298 call exp. 4/24/2020,234,1,234,credit,1.142
4/3/2020,2:45:00 PM CDT,162,sell to close,SPY $285 call exp. 4/24/2020,24,1,24,credit,0.142
4/3/2020,2:45:00 PM CDT,162,buy to close,SPY $298 call exp. 4/24/2020,11,1,11,debit,0.127
4/3/2020,2:45:00 PM CDT,163,buy to open,SPY $264 call exp. 5/15/2020,553,1,553,debit,1.127
4/3/2020,2:45:00 PM CDT,163,sell to open,SPY $277 call exp. 5/15/2020,185,1,185,credit,1.142
4/6/2020,2:45:00 PM CDT,163,sell to close,SPY $264 call exp. 5/15/2020,1286,1,1286,credit,0.142
4/6/2020,2:45:00 PM CDT,163,buy to close,SPY $277 call exp. 5/15/2020,602,1,602,debit,0.127
4/6/2020,2:45:00 PM CDT,164,buy to open,SPY $280 call exp. 5/22/2020,563,1,563,debit,1.127
4/6/2020,2:45:00 PM CDT,164,sell to open,SPY $295 call exp. 5/22/2020,155,1,155,credit,1.142
4/8/2020,2:45:00 PM CDT,164,sell to close,SPY $280 call exp. 5/22/2020,1026,1,1026,credit,0.142
4/8/2020,2:45:00 PM CDT,164,buy to close,SPY $295 call exp. 5/22/2020,387,1,387,debit,0.127
4/8/2020,2:45:00 PM CDT,165,buy to open,SPY $290 call exp. 5/22/2020,563,1,563,debit,1.127
4/8/2020,2:45:00 PM CDT,165,sell to open,SPY $305 call exp. 5/22/2020,157,1,157,credit,1.142
4/17/2020,2:45:00 PM CDT,165,sell to close,SPY $290 call exp. 5/22/2020,916,1,916,credit,0.142
4/17/2020,2:45:00 PM CDT,165,buy to close,SPY $305 call exp. 5/22/2020,283,1,283,debit,0.127
4/17/2020,2:45:00 PM CDT,166,buy to open,SPY $302 call exp. 5/29/2020,445,1,445,debit,1.127
4/17/2020,2:45:00 PM CDT,166,sell to open,SPY $315 call exp. 5/29/2020,125,1,125,credit,1.142
5/8/2020,2:45:00 PM CDT,166,sell to close,SPY $302 call exp. 5/29/2020,184,1,184,credit,0.142
5/8/2020,2:45:00 PM CDT,166,buy to close,SPY $315 call exp. 5/29/2020,20,1,20,debit,0.127
5/8/2020,2:45:00 PM CDT,167,buy to open,SPY $304 call exp. 6/19/2020,384,1,384,debit,1.127
5/8/2020,2:45:00 PM CDT,167,sell to open,SPY $313 call exp. 6/19/2020,144,1,144,credit,1.142
5/27/2020,2:45:00 PM CDT,167,sell to close,SPY $304 call exp. 6/19/2020,590,1,590,credit,0.142
5/27/2020,2:45:00 PM CDT,167,buy to close,SPY $313 call exp. 6/19/2020,199,1,199,debit,0.127
5/27/2020,2:45:00 PM CDT,168,buy to open,SPY $314 call exp. 7/17/2020,409,1,409,debit,1.127
5/27/2020,2:45:00 PM CDT,168,sell to open,SPY $324 call exp. 7/17/2020,144,1,144,credit,1.142
6/3/2020,2:45:00 PM CDT,168,sell to close,SPY $314 call exp. 7/17/2020,777,1,777,credit,0.142
6/3/2020,2:45:00 PM CDT,168,buy to close,SPY $324 call exp. 7/17/2020,335,1,335,debit,0.127
6/3/2020,2:45:00 PM CDT,169,buy to open,SPY $323 call exp. 7/17/2020,368,1,368,debit,1.127
6/3/2020,2:45:00 PM CDT,169,sell to open,SPY $333 call exp. 7/17/2020,131,1,131,credit,1.142
6/8/2020,2:45:00 PM CDT,169,sell to close,SPY $323 call exp. 7/17/2020,787,1,787,credit,0.142
6/8/2020,2:45:00 PM CDT,169,buy to close,SPY $333 call exp. 7/17/2020,346,1,346,debit,0.127
6/8/2020,2:45:00 PM CDT,170,buy to open,SPY $333 call exp. 7/24/2020,407,1,407,debit,1.127
6/8/2020,2:45:00 PM CDT,170,sell to open,SPY $345 call exp. 7/24/2020,135,1,135,credit,1.142
7/6/2020,2:45:00 PM CDT,170,sell to close,SPY $333 call exp. 7/24/2020,77,1,77,credit,0.142
7/6/2020,2:45:00 PM CDT,170,buy to close,SPY $345 call exp. 7/24/2020,16,1,16,debit,0.127
7/6/2020,2:45:00 PM CDT,171,buy to open,SPY $330 call exp. 8/21/2020,397,1,397,debit,1.127
7/6/2020,2:45:00 PM CDT,171,sell to open,SPY $341 call exp. 8/21/2020,148,1,148,credit,1.142
7/22/2020,2:45:00 PM CDT,171,sell to close,SPY $330 call exp. 8/21/2020,554,1,554,credit,0.142
7/22/2020,2:45:00 PM CDT,171,buy to close,SPY $341 call exp. 8/21/2020,156,1,156,debit,0.127
7/22/2020,2:45:00 PM CDT,172,buy to open,SPY $337 call exp. 8/28/2020,332,1,332,debit,1.127
7/22/2020,2:45:00 PM CDT,172,sell to open,SPY $346 call exp. 8/28/2020,121,1,121,credit,1.142
8/7/2020,2:45:00 PM CDT,172,sell to close,SPY $337 call exp. 8/28/2020,397,1,397,credit,0.142
8/7/2020,2:45:00 PM CDT,172,buy to close,SPY $346 call exp. 8/28/2020,101,1,101,debit,0.127
8/7/2020,2:45:00 PM CDT,173,buy to open,SPY $344 call exp. 9/18/2020,348,1,348,debit,1.127
8/7/2020,2:45:00 PM CDT,173,sell to open,SPY $353 call exp. 9/18/2020,128,1,128,credit,1.142
8/24/2020,2:45:00 PM CDT,173,sell to close,SPY $344 call exp. 9/18/2020,475,1,475,credit,0.142
8/24/2020,2:45:00 PM CDT,173,buy to close,SPY $353 call exp. 9/18/2020,131,1,131,debit,0.127
8/24/2020,2:45:00 PM CDT,174,buy to open,SPY $351 call exp. 10/2/2020,298,1,298,debit,1.127
8/24/2020,2:45:00 PM CDT,174,sell to open,SPY $359 call exp. 10/2/2020,109,1,109,credit,1.142
8/26/2020,2:45:00 PM CDT,174,sell to close,SPY $351 call exp. 10/2/2020,540,1,540,credit,0.142
8/26/2020,2:45:00 PM CDT,174,buy to close,SPY $359 call exp. 10/2/2020,231,1,231,debit,0.127
8/26/2020,2:45:00 PM CDT,175,buy to open,SPY $358 call exp. 10/16/2020,392,1,392,debit,1.127
8/26/2020,2:45:00 PM CDT,175,sell to open,SPY $369 call exp. 10/16/2020,137,1,137,credit,1.142
9/2/2020,2:45:00 PM CDT,175,sell to close,SPY $358 call exp. 10/16/2020,993,1,993,credit,0.142
9/2/2020,2:45:00 PM CDT,175,buy to close,SPY $369 call exp. 10/16/2020,498,1,498,debit,0.127
9/2/2020,2:45:00 PM CDT,176,buy to open,SPY $371 call exp. 10/16/2020,435,1,435,debit,1.127
9/2/2020,2:45:00 PM CDT,176,sell to open,SPY $385 call exp. 10/16/2020,163,1,163,credit,1.142
9/25/2020,2:45:00 PM CDT,176,sell to close,SPY $371 call exp. 10/16/2020,5,1,5,credit,0.142
9/25/2020,2:45:00 PM CDT,176,buy to close,SPY $385 call exp. 10/16/2020,3,1,3,debit,0.127
9/25/2020,2:45:00 PM CDT,177,buy to open,SPY $342.5 call exp. 11/6/2020,463,1,463,debit,1.127
9/25/2020,2:45:00 PM CDT,177,sell to open,SPY $354 call exp. 11/6/2020,167,1,167,credit,1.142
10/5/2020,2:45:00 PM CDT,177,sell to close,SPY $342.5 call exp. 11/6/2020,891,1,891,credit,0.142
10/5/2020,2:45:00 PM CDT,177,buy to close,SPY $354 call exp. 11/6/2020,382,1,382,debit,0.127
10/5/2020,2:45:00 PM CDT,178,buy to open,SPY $356 call exp. 11/20/2020,477,1,477,debit,1.127
10/5/2020,2:45:00 PM CDT,178,sell to open,SPY $368 call exp. 11/20/2020,185,1,185,credit,1.142
10/12/2020,2:45:00 PM CDT,178,sell to close,SPY $356 call exp. 11/20/2020,791,1,791,credit,0.142
10/12/2020,2:45:00 PM CDT,178,buy to close,SPY $368 call exp. 11/20/2020,291,1,291,debit,0.127
10/12/2020,2:45:00 PM CDT,179,buy to open,SPY $366 call exp. 11/27/2020,413,1,413,debit,1.127
10/12/2020,2:45:00 PM CDT,179,sell to open,SPY $377 call exp. 11/27/2020,154,1,154,credit,1.142
11/6/2020,2:45:00 PM CST,179,sell to close,SPY $366 call exp. 11/27/2020,123,1,123,credit,0.142
11/6/2020,2:45:00 PM CST,179,buy to close,SPY $377 call exp. 11/27/2020,23,1,23,debit,0.127
11/6/2020,2:45:00 PM CST,180,buy to open,SPY $363 call exp. 12/24/2020,457,1,457,debit,1.127
11/6/2020,2:45:00 PM CST,180,sell to open,SPY $374 call exp. 12/24/2020,177,1,177,credit,1.142
11/16/2020,2:45:00 PM CST,180,sell to close,SPY $363 call exp. 12/24/2020,729,1,729,credit,0.142
11/16/2020,2:45:00 PM CST,180,buy to close,SPY $374 call exp. 12/24/2020,281,1,281,debit,0.127
11/16/2020,2:45:00 PM CST,181,buy to open,SPY $372 call exp. 12/31/2020,384,1,384,debit,1.127
11/16/2020,2:45:00 PM CST,181,sell to open,SPY $382 call exp. 12/31/2020,152,1,152,credit,1.142
12/10/2020,2:45:00 PM CST,181,sell to close,SPY $372 call exp. 12/31/2020,280,1,280,credit,0.142
12/10/2020,2:45:00 PM CST,181,buy to close,SPY $382 call exp. 12/31/2020,51,1,51,debit,0.127
12/10/2020,2:45:00 PM CST,182,buy to open,SPY $377.5 call exp. 1/22/2021,366,1,366,debit,1.127
12/10/2020,2:45:00 PM CST,182,sell to open,SPY $386 call exp. 1/22/2021,146,1,146,credit,1.142
1/4/2021,2:45:00 PM CST,182,sell to close,SPY $377.5 call exp. 1/22/2021,253,1,253,credit,0.142
1/4/2021,2:45:00 PM CST,182,buy to close,SPY $386 call exp. 1/22/2021,66,1,66,debit,0.127
1/4/2021,2:45:00 PM CST,183,buy to open,SPY $382 call exp. 2/19/2021,442,1,442,debit,1.127
1/4/2021,2:45:00 PM CST,183,sell to open,SPY $394 call exp. 2/19/2021,135,1,135,credit,1.142
1/7/2021,2:45:00 PM CST,183,sell to close,SPY $382 call exp. 2/19/2021,789,1,789,credit,0.142
1/7/2021,2:45:00 PM CST,183,buy to close,SPY $394 call exp. 2/19/2021,272,1,272,debit,0.127
1/7/2021,2:45:00 PM CST,184,buy to open,SPY $391 call exp. 2/19/2021,368,1,368,debit,1.127
1/7/2021,2:45:00 PM CST,184,sell to open,SPY $400 call exp. 2/19/2021,142,1,142,credit,1.142
1/29/2021,2:45:00 PM CST,184,sell to close,SPY $391 call exp. 2/19/2021,83,1,83,credit,0.142
1/29/2021,2:45:00 PM CST,184,buy to close,SPY $400 call exp. 2/19/2021,24,1,24,debit,0.127
1/29/2021,2:45:00 PM CST,185,buy to open,SPY $386 call exp. 3/12/2021,502,1,502,debit,1.127
1/29/2021,2:45:00 PM CST,185,sell to open,SPY $397 call exp. 3/12/2021,174,1,174,credit,1.142
2/4/2021,2:45:00 PM CST,185,sell to close,SPY $386 call exp. 3/12/2021,811,1,811,credit,0.142
2/4/2021,2:45:00 PM CST,185,buy to close,SPY $397 call exp. 3/12/2021,306,1,306,debit,0.127
2/4/2021,2:45:00 PM CST,186,buy to open,SPY $397 call exp. 3/19/2021,383,1,383,debit,1.127
2/4/2021,2:45:00 PM CST,186,sell to open,SPY $407 call exp. 3/19/2021,143,1,143,credit,1.142
2/25/2021,2:45:00 PM CST,186,sell to close,SPY $397 call exp. 3/19/2021,190,1,190,credit,0.142
2/25/2021,2:45:00 PM CST,186,buy to close,SPY $407 call exp. 3/19/2021,41,1,41,debit,0.127
2/25/2021,2:45:00 PM CST,187,buy to open,SPY $395 call exp. 4/9/2021,481,1,481,debit,1.127
2/25/2021,2:45:00 PM CST,187,sell to open,SPY $406 call exp. 4/9/2021,165,1,165,credit,1.142
3/19/2021,2:45:00 PM CDT,187,sell to close,SPY $395 call exp. 4/9/2021,354,1,354,credit,0.142
3/19/2021,2:45:00 PM CDT,187,buy to close,SPY $406 call exp. 4/9/2021,66,1,66,debit,0.127
3/19/2021,2:45:00 PM CDT,188,buy to open,SPY $402 call exp. 4/30/2021,362,1,362,debit,1.127
3/19/2021,2:45:00 PM CDT,188,sell to open,SPY $412.5 call exp. 4/30/2021,123,1,123,credit,1.142
4/5/2021,2:45:00 PM CDT,188,sell to close,SPY $402 call exp. 4/30/2021,881,1,881,credit,0.142
4/5/2021,2:45:00 PM CDT,188,buy to close,SPY $412.5 call exp. 4/30/2021,307,1,307,debit,0.127
4/5/2021,2:45:00 PM CDT,189,buy to open,SPY $417 call exp. 5/21/2021,346,1,346,debit,1.127
4/5/2021,2:45:00 PM CDT,189,sell to open,SPY $427 call exp. 5/21/2021,133,1,133,credit,1.142
4/13/2021,2:45:00 PM CDT,189,sell to close,SPY $417 call exp. 5/21/2021,518,1,518,credit,0.142
4/13/2021,2:45:00 PM CDT,189,buy to close,SPY $427 call exp. 5/21/2021,186,1,186,debit,0.127
4/13/2021,2:45:00 PM CDT,190,buy to open,SPY $423 call exp. 5/28/2021,355,1,355,debit,1.127
4/13/2021,2:45:00 PM CDT,190,sell to open,SPY $433 call exp. 5/28/2021,130,1,130,credit,1.142
4/29/2021,2:45:00 PM CDT,190,sell to close,SPY $423 call exp. 5/28/2021,494,1,494,credit,0.142
4/29/2021,2:45:00 PM CDT,190,buy to close,SPY $433 call exp. 5/28/2021,129,1,129,debit,0.127
4/29/2021,2:45:00 PM CDT,191,buy to open,SPY $430 call exp. 6/11/2021,347,1,347,debit,1.127
4/29/2021,2:45:00 PM CDT,191,sell to open,SPY $437.5 call exp. 6/11/2021,146,1,146,credit,1.142
5/21/2021,2:45:00 PM CDT,191,sell to close,SPY $430 call exp. 6/11/2021,48,1,48,credit,0.142
5/21/2021,2:45:00 PM CDT,191,buy to close,SPY $437.5 call exp. 6/11/2021,12,1,12,debit,0.127
5/21/2021,2:45:00 PM CDT,192,buy to open,SPY $424 call exp. 7/2/2021,363,1,363,debit,1.127
5/21/2021,2:45:00 PM CDT,192,sell to open,SPY $432.5 call exp. 7/2/2021,129,1,129,credit,1.142
6/11/2021,2:45:00 PM CDT,192,sell to close,SPY $424 call exp. 7/2/2021,344,1,344,credit,0.142
6/11/2021,2:45:00 PM CDT,192,buy to close,SPY $432.5 call exp. 7/2/2021,66,1,66,debit,0.127
6/11/2021,2:45:00 PM CDT,193,buy to open,SPY $430 call exp. 7/23/2021,297,1,297,debit,1.127
6/11/2021,2:45:00 PM CDT,193,sell to open,SPY $437 call exp. 7/23/2021,113,1,113,credit,1.142
7/1/2021,2:45:00 PM CDT,193,sell to close,SPY $430 call exp. 7/23/2021,439,1,439,credit,0.142
7/1/2021,2:45:00 PM CDT,193,buy to close,SPY $437 call exp. 7/23/2021,120,1,120,debit,0.127
7/1/2021,2:45:00 PM CDT,194,buy to open,SPY $438 call exp. 8/13/2021,290,1,290,debit,1.127
7/1/2021,2:45:00 PM CDT,194,sell to open,SPY $445 call exp. 8/13/2021,106,1,106,credit,1.142
7/7/2021,2:45:00 PM CDT,194,sell to close,SPY $438 call exp. 8/13/2021,483,1,483,credit,0.142
7/7/2021,2:45:00 PM CDT,194,buy to close,SPY $445 call exp. 8/13/2021,197,1,197,debit,0.127
7/7/2021,2:45:00 PM CDT,195,buy to open,SPY $444 call exp. 8/20/2021,296,1,296,debit,1.127
7/7/2021,2:45:00 PM CDT,195,sell to open,SPY $451 call exp. 8/20/2021,117,1,117,credit,1.142
7/30/2021,2:45:00 PM CDT,195,sell to close,SPY $444 call exp. 8/20/2021,220,1,220,credit,0.142
7/30/2021,2:45:00 PM CDT,195,buy to close,SPY $451 call exp. 8/20/2021,49,1,49,debit,0.127
7/30/2021,2:45:00 PM CDT,196,buy to open,SPY $447.5 call exp. 9/10/2021,338,1,338,debit,1.127
7/30/2021,2:45:00 PM CDT,196,sell to open,SPY $455 call exp. 9/10/2021,123,1,123,credit,1.142
8/20/2021,2:45:00 PM CDT,196,sell to close,SPY $447.5 call exp. 9/10/2021,302,1,302,credit,0.142
8/20/2021,2:45:00 PM CDT,196,buy to close,SPY $455 call exp. 9/10/2021,63,1,63,debit,0.127
8/20/2021,2:45:00 PM CDT,197,buy to open,SPY $452 call exp. 10/1/2021,335,1,335,debit,1.127
8/20/2021,2:45:00 PM CDT,197,sell to open,SPY $459 call exp. 10/1/2021,135,1,135,credit,1.142
8/27/2021,2:45:00 PM CDT,197,sell to close,SPY $452 call exp. 10/1/2021,480,1,480,credit,0.142
8/27/2021,2:45:00 PM CDT,197,buy to close,SPY $459 call exp. 10/1/2021,174,1,174,debit,0.127
8/27/2021,2:45:00 PM CDT,198,buy to open,SPY $458 call exp. 10/8/2021,283,1,283,debit,1.127
8/27/2021,2:45:00 PM CDT,198,sell to open,SPY $464 call exp. 10/8/2021,118,1,118,credit,1.142
9/17/2021,2:45:00 PM CDT,198,sell to close,SPY $458 call exp. 10/8/2021,36,1,36,credit,0.142
9/17/2021,2:45:00 PM CDT,198,buy to close,SPY $464 call exp. 10/8/2021,11,1,11,debit,0.127
9/17/2021,2:45:00 PM CDT,199,buy to open,SPY $452 call exp. 10/29/2021,360,1,360,debit,1.127
9/17/2021,2:45:00 PM CDT,199,sell to open,SPY $459 call exp. 10/29/2021,138,1,138,credit,1.142
10/8/2021,2:45:00 PM CDT,199,sell to close,SPY $452 call exp. 10/29/2021,60,1,60,credit,0.142
10/8/2021,2:45:00 PM CDT,199,buy to close,SPY $459 call exp. 10/29/2021,11,1,11,debit,0.127
10/8/2021,2:45:00 PM CDT,200,buy to open,SPY $450 call exp. 11/19/2021,327,1,327,debit,1.127
10/8/2021,2:45:00 PM CDT,200,sell to open,SPY $456 call exp. 11/19/2021,152,1,152,credit,1.142
10/19/2021,2:45:00 PM CDT,200,sell to close,SPY $450 call exp. 11/19/2021,648,1,648,credit,0.142
10/19/2021,2:45:00 PM CDT,200,buy to close,SPY $456 call exp. 11/19/2021,335,1,335,debit,0.127
10/19/2021,2:45:00 PM CDT,201,buy to open,SPY $458 call exp. 11/26/2021,322,1,322,debit,1.127
10/19/2021,2:45:00 PM CDT,201,sell to open,SPY $466 call exp. 11/26/2021,114,1,114,credit,1.142
10/25/2021,2:45:00 PM CDT,201,sell to close,SPY $458 call exp. 11/26/2021,480,1,480,credit,0.142
10/25/2021,2:45:00 PM CDT,201,buy to close,SPY $466 call exp. 11/26/2021,156,1,156,debit,0.127
10/25/2021,2:45:00 PM CDT,202,buy to open,SPY $464 call exp. 12/3/2021,304,1,304,debit,1.127
10/25/2021,2:45:00 PM CDT,202,sell to open,SPY $470 call exp. 12/3/2021,131,1,131,credit,1.142
11/2/2021,2:45:00 PM CDT,202,sell to close,SPY $464 call exp. 12/3/2021,539,1,539,credit,0.142
11/2/2021,2:45:00 PM CDT,202,buy to close,SPY $470 call exp. 12/3/2021,251,1,251,debit,0.127
11/2/2021,2:45:00 PM CDT,203,buy to open,SPY $472 call exp. 12/17/2021,334,1,334,debit,1.127
11/2/2021,2:45:00 PM CDT,203,sell to open,SPY $479 call exp. 12/17/2021,139,1,139,credit,1.142
11/5/2021,2:45:00 PM CDT,203,sell to close,SPY $472 call exp. 12/17/2021,619,1,619,credit,0.142
11/5/2021,2:45:00 PM CDT,203,buy to close,SPY $479 call exp. 12/17/2021,314,1,314,debit,0.127
11/5/2021,2:45:00 PM CDT,204,buy to open,SPY $478 call exp. 12/23/2021,388,1,388,debit,1.127
11/5/2021,2:45:00 PM CDT,204,sell to open,SPY $487 call exp. 12/23/2021,148,1,148,credit,1.142
12/2/2021,2:45:00 PM CST,204,sell to close,SPY $478 call exp. 12/23/2021,76,1,76,credit,0.142
12/2/2021,2:45:00 PM CST,204,buy to close,SPY $487 call exp. 12/23/2021,21,1,21,debit,0.127
12/2/2021,2:45:00 PM CST,205,buy to open,SPY $472.5 call exp. 1/14/2022,464,1,464,debit,1.127
12/2/2021,2:45:00 PM CST,205,sell to open,SPY $482.5 call exp. 1/14/2022,180,1,180,credit,1.142
12/27/2021,2:45:00 PM CST,205,sell to close,SPY $472.5 call exp. 1/14/2022,817,1,817,credit,0.142
12/27/2021,2:45:00 PM CST,205,buy to close,SPY $482.5 call exp. 1/14/2022,241,1,241,debit,0.127
12/27/2021,2:45:00 PM CST,206,buy to open,SPY $487 call exp. 2/4/2022,358,1,358,debit,1.127
12/27/2021,2:45:00 PM CST,206,sell to open,SPY $496 call exp. 2/4/2022,137,1,137,credit,1.142
1/14/2022,2:45:00 PM CST,206,sell to close,SPY $487 call exp. 2/4/2022,23,1,23,credit,0.142
1/14/2022,2:45:00 PM CST,206,buy to close,SPY $496 call exp. 2/4/2022,6,1,6,debit,0.127
1/14/2022,2:45:00 PM CST,207,buy to open,SPY $476 call exp. 2/25/2022,417,1,417,debit,1.127
1/14/2022,2:45:00 PM CST,207,sell to open,SPY $486 call exp. 2/25/2022,132,1,132,credit,1.142
2/4/2022,2:45:00 PM CST,207,sell to close,SPY $476 call exp. 2/25/2022,34,1,34,credit,0.142
2/4/2022,2:45:00 PM CST,207,buy to close,SPY $486 call exp. 2/25/2022,8,1,8,debit,0.127
2/4/2022,2:45:00 PM CST,208,buy to open,SPY $464 call exp. 3/18/2022,490,1,490,debit,1.127
2/4/2022,2:45:00 PM CST,208,sell to open,SPY $476 call exp. 3/18/2022,164,1,164,credit,1.142
2/24/2022,2:45:00 PM CST,208,sell to close,SPY $464 call exp. 3/18/2022,34,1,34,credit,0.142
2/24/2022,2:45:00 PM CST,208,buy to close,SPY $476 call exp. 3/18/2022,14,1,14,debit,0.127
2/24/2022,2:45:00 PM CST,209,buy to open,SPY $445 call exp. 4/8/2022,517,1,517,debit,1.127
2/24/2022,2:45:00 PM CST,209,sell to open,SPY $460 call exp. 4/8/2022,164,1,164,credit,1.142
2/25/2022,2:45:00 PM CST,209,sell to close,SPY $445 call exp. 4/8/2022,842,1,842,credit,0.142
2/25/2022,2:45:00 PM CST,209,buy to close,SPY $460 call exp. 4/8/2022,295,1,295,debit,0.127
2/25/2022,2:45:00 PM CST,210,buy to open,SPY $453 call exp. 4/14/2022,568,1,568,debit,1.127
2/25/2022,2:45:00 PM CST,210,sell to open,SPY $467 call exp. 4/14/2022,196,1,196,credit,1.142
3/24/2022,2:45:00 PM CDT,210,sell to close,SPY $453 call exp. 4/14/2022,572,1,572,credit,0.142
3/24/2022,2:45:00 PM CDT,210,buy to close,SPY $467 call exp. 4/14/2022,107,1,107,debit,0.127
3/24/2022,2:45:00 PM CDT,211,buy to open,SPY $465 call exp. 5/6/2022,379,1,379,debit,1.127
3/24/2022,2:45:00 PM CDT,211,sell to open,SPY $475 call exp. 5/6/2022,144,1,144,credit,1.142
3/29/2022,2:45:00 PM CDT,211,sell to close,SPY $465 call exp. 5/6/2022,758,1,758,credit,0.142
3/29/2022,2:45:00 PM CDT,211,buy to close,SPY $475 call exp. 5/6/2022,323,1,323,debit,0.127
3/29/2022,2:45:00 PM CDT,212,buy to open,SPY $476 call exp. 5/20/2022,443,1,443,debit,1.127
3/29/2022,2:45:00 PM CDT,212,sell to open,SPY $488 call exp. 5/20/2022,156,1,156,credit,1.142
4/29/2022,2:45:00 PM CDT,212,sell to close,SPY $476 call exp. 5/20/2022,2,1,2,credit,0.142
4/29/2022,2:45:00 PM CDT,212,buy to close,SPY $488 call exp. 5/20/2022,2,1,2,debit,0.127
4/29/2022,2:45:00 PM CDT,213,buy to open,SPY $433 call exp. 6/10/2022,595,1,595,debit,1.127
4/29/2022,2:45:00 PM CDT,213,sell to open,SPY $446 call exp. 6/10/2022,222,1,222,credit,1.142
5/4/2022,2:45:00 PM CDT,213,sell to close,SPY $433 call exp. 6/10/2022,963,1,963,credit,0.142
5/4/2022,2:45:00 PM CDT,213,buy to close,SPY $446 call exp. 6/10/2022,395,1,395,debit,0.127
5/4/2022,2:45:00 PM CDT,214,buy to open,SPY $445 call exp. 6/17/2022,514,1,514,debit,1.127
5/4/2022,2:45:00 PM CDT,214,sell to open,SPY $457 call exp. 6/17/2022,194,1,194,credit,1.142
5/27/2022,2:45:00 PM CDT,214,sell to close,SPY $445 call exp. 6/17/2022,55,1,55,credit,0.142
5/27/2022,2:45:00 PM CDT,214,buy to close,SPY $457 call exp. 6/17/2022,15,1,15,debit,0.127
5/27/2022,2:45:00 PM CDT,215,buy to open,SPY $430 call exp. 7/8/2022,540,1,540,debit,1.127
5/27/2022,2:45:00 PM CDT,215,sell to open,SPY $444 call exp. 7/8/2022,196,1,196,credit,1.142
6/17/2022,2:45:00 PM CDT,215,sell to close,SPY $430 call exp. 7/8/2022,8,1,8,credit,0.142
6/17/2022,2:45:00 PM CDT,215,buy to close,SPY $444 call exp. 7/8/2022,5,1,5,debit,0.127
6/17/2022,2:45:00 PM CDT,216,buy to open,SPY $385 call exp. 7/29/2022,589,1,589,debit,1.127
6/17/2022,2:45:00 PM CDT,216,sell to open,SPY $401 call exp. 7/29/2022,221,1,221,credit,1.142
6/23/2022,2:45:00 PM CDT,216,sell to close,SPY $385 call exp. 7/29/2022,932,1,932,credit,0.142
6/23/2022,2:45:00 PM CDT,216,buy to close,SPY $401 call exp. 7/29/2022,361,1,361,debit,0.127
6/23/2022,2:45:00 PM CDT,217,buy to open,SPY $395 call exp. 8/5/2022,621,1,621,debit,1.127
6/23/2022,2:45:00 PM CDT,217,sell to open,SPY $410 call exp. 8/5/2022,239,1,239,credit,1.142
7/15/2022,2:45:00 PM CDT,217,sell to close,SPY $395 call exp. 8/5/2022,348,1,348,credit,0.142
7/15/2022,2:45:00 PM CDT,217,buy to close,SPY $410 call exp. 8/5/2022,56,1,56,debit,0.127
7/15/2022,2:45:00 PM CDT,218,buy to open,SPY $401 call exp. 8/26/2022,453,1,453,debit,1.127
7/15/2022,2:45:00 PM CDT,218,sell to open,SPY $412 call exp. 8/26/2022,186,1,186,credit,1.142
7/20/2022,2:45:00 PM CDT,218,sell to close,SPY $401 call exp. 8/26/2022,866,1,866,credit,0.142
7/20/2022,2:45:00 PM CDT,218,buy to close,SPY $412 call exp. 8/26/2022,424,1,424,debit,0.127
7/20/2022,2:45:00 PM CDT,219,buy to open,SPY $410 call exp. 8/26/2022,489,1,489,debit,1.127
7/20/2022,2:45:00 PM CDT,219,sell to open,SPY $423 call exp. 8/26/2022,178,1,178,credit,1.142
7/29/2022,2:45:00 PM CDT,219,sell to close,SPY $410 call exp. 8/26/2022,1054,1,1054,credit,0.142
7/29/2022,2:45:00 PM CDT,219,buy to close,SPY $423 call exp. 8/26/2022,418,1,418,debit,0.127
7/29/2022,2:45:00 PM CDT,220,buy to open,SPY $428 call exp. 9/9/2022,434,1,434,debit,1.127
7/29/2022,2:45:00 PM CDT,220,sell to open,SPY $440 call exp. 9/9/2022,166,1,166,credit,1.142
8/12/2022,2:45:00 PM CDT,220,sell to close,SPY $428 call exp. 9/9/2022,739,1,739,credit,0.142
8/12/2022,2:45:00 PM CDT,220,buy to close,SPY $440 call exp. 9/9/2022,259,1,259,debit,0.127
8/12/2022,2:45:00 PM CDT,221,buy to open,SPY $440 call exp. 9/23/2022,444,1,444,debit,1.127
8/12/2022,2:45:00 PM CDT,221,sell to open,SPY $452 call exp. 9/23/2022,161,1,161,credit,1.142
9/2/2022,2:45:00 PM CDT,221,sell to close,SPY $440 call exp. 9/23/2022,5,1,5,credit,0.142
9/2/2022,2:45:00 PM CDT,221,buy to close,SPY $452 call exp. 9/23/2022,3,1,3,debit,0.127
9/2/2022,2:45:00 PM CDT,222,buy to open,SPY $406 call exp. 10/14/2022,520,1,520,debit,1.127
9/2/2022,2:45:00 PM CDT,222,sell to open,SPY $419 call exp. 10/14/2022,194,1,194,credit,1.142
9/9/2022,2:45:00 PM CDT,222,sell to close,SPY $406 call exp. 10/14/2022,1069,1,1069,credit,0.142
9/9/2022,2:45:00 PM CDT,222,buy to close,SPY $419 call exp. 10/14/2022,475,1,475,debit,0.127
9/9/2022,2:45:00 PM CDT,223,buy to open,SPY $422 call exp. 10/21/2022,467,1,467,debit,1.127
9/9/2022,2:45:00 PM CDT,223,sell to open,SPY $435 call exp. 10/21/2022,175,1,175,credit,1.142
9/30/2022,2:45:00 PM CDT,223,sell to close,SPY $422 call exp. 10/21/2022,4,1,4,credit,0.142
9/30/2022,2:45:00 PM CDT,223,buy to close,SPY $435 call exp. 10/21/2022,3,1,3,debit,0.127
9/30/2022,2:45:00 PM CDT,224,buy to open,SPY $379 call exp. 11/11/2022,550,1,550,debit,1.127
9/30/2022,2:45:00 PM CDT,224,sell to open,SPY $394 call exp. 11/11/2022,199,1,199,credit,1.142
10/4/2022,2:45:00 PM CDT,224,sell to close,SPY $379 call exp. 11/11/2022,1216,1,1216,credit,0.142
10/4/2022,2:45:00 PM CDT,224,buy to close,SPY $394 call exp. 11/11/2022,554,1,554,debit,0.127
10/4/2022,2:45:00 PM CDT,225,buy to open,SPY $396 call exp. 11/18/2022,574,1,574,debit,1.127
10/4/2022,2:45:00 PM CDT,225,sell to open,SPY $412 call exp. 11/18/2022,209,1,209,credit,1.142
10/28/2022,2:45:00 PM CDT,225,sell to close,SPY $396 call exp. 11/18/2022,676,1,676,credit,0.142
10/28/2022,2:45:00 PM CDT,225,buy to close,SPY $412 call exp. 11/18/2022,207,1,207,debit,0.127
10/28/2022,2:45:00 PM CDT,226,buy to open,SPY $408 call exp. 12/9/2022,549,1,549,debit,1.127
10/28/2022,2:45:00 PM CDT,226,sell to open,SPY $425 call exp. 12/9/2022,186,1,186,credit,1.142
11/18/2022,2:45:00 PM CST,226,sell to close,SPY $408 call exp. 12/9/2022,281,1,281,credit,0.142
11/18/2022,2:45:00 PM CST,226,buy to close,SPY $425 call exp. 12/9/2022,33,1,33,debit,0.127
11/18/2022,2:45:00 PM CST,227,buy to open,SPY $411 call exp. 12/30/2022,485,1,485,debit,1.127
11/18/2022,2:45:00 PM CST,227,sell to open,SPY $424 call exp. 12/30/2022,172,1,172,credit,1.142
12/9/2022,2:45:00 PM CST,227,sell to close,SPY $411 call exp. 12/30/2022,150,1,150,credit,0.142
12/9/2022,2:45:00 PM CST,227,buy to close,SPY $424 call exp. 12/30/2022,27,1,27,debit,0.127
12/9/2022,2:45:00 PM CST,228,buy to open,SPY $409 call exp. 1/20/2023,481,1,481,debit,1.127
12/9/2022,2:45:00 PM CST,228,sell to open,SPY $422 call exp. 1/20/2023,169,1,169,credit,1.142
12/30/2022,2:45:00 PM CST,228,sell to close,SPY $409 call exp. 1/20/2023,41,1,41,credit,0.142
12/30/2022,2:45:00 PM CST,228,buy to close,SPY $422 call exp. 1/20/2023,9,1,9,debit,0.127
12/30/2022,2:45:00 PM CST,229,buy to open,SPY $398 call exp. 2/10/2023,452,1,452,debit,1.127
12/30/2022,2:45:00 PM CST,229,sell to open,SPY $410 call exp. 2/10/2023,172,1,172,credit,1.142
1/11/2023,2:45:00 PM CST,229,sell to close,SPY $398 call exp. 2/10/2023,795,1,795,credit,0.142
1/11/2023,2:45:00 PM CST,229,buy to close,SPY $410 call exp. 2/10/2023,322,1,322,debit,0.127
1/11/2023,2:45:00 PM CST,230,buy to open,SPY $410 call exp. 2/24/2023,490,1,490,debit,1.127
1/11/2023,2:45:00 PM CST,230,sell to open,SPY $424 call exp. 2/24/2023,162,1,162,credit,1.142
2/1/2023,2:45:00 PM CST,230,sell to close,SPY $410 call exp. 2/24/2023,891,1,891,credit,0.142
2/1/2023,2:45:00 PM CST,230,buy to close,SPY $424 call exp. 2/24/2023,234,1,234,debit,0.127
2/1/2023,2:45:00 PM CST,231,buy to open,SPY $426 call exp. 3/17/2023,410,1,410,debit,1.127
2/1/2023,2:45:00 PM CST,231,sell to open,SPY $436 call exp. 3/17/2023,160,1,160,credit,1.142
2/23/2023,2:45:00 PM CST,231,sell to close,SPY $426 call exp. 3/17/2023,34,1,34,credit,0.142
2/23/2023,2:45:00 PM CST,231,buy to close,SPY $436 call exp. 3/17/2023,7,1,7,debit,0.127
2/23/2023,2:45:00 PM CST,232,buy to open,SPY $414 call exp. 4/6/2023,414,1,414,debit,1.127
2/23/2023,2:45:00 PM CST,232,sell to open,SPY $425 call exp. 4/6/2023,139,1,139,credit,1.142
3/16/2023,2:45:00 PM CDT,232,sell to close,SPY $414 call exp. 4/6/2023,96,1,96,credit,0.142
3/16/2023,2:45:00 PM CDT,232,buy to close,SPY $425 call exp. 4/6/2023,20,1,20,debit,0.127
3/16/2023,2:45:00 PM CDT,233,buy to open,SPY $410 call exp. 4/28/2023,431,1,431,debit,1.127
3/16/2023,2:45:00 PM CDT,233,sell to open,SPY $422 call exp. 4/28/2023,137,1,137,credit,1.142
3/31/2023,2:45:00 PM CDT,233,sell to close,SPY $410 call exp. 4/28/2023,708,1,708,credit,0.142
3/31/2023,2:45:00 PM CDT,233,buy to close,SPY $422 call exp. 4/28/2023,211,1,211,debit,0.127
3/31/2023,2:45:00 PM CDT,234,buy to open,SPY $422 call exp. 5/12/2023,407,1,407,debit,1.127
3/31/2023,2:45:00 PM CDT,234,sell to open,SPY $432 call exp. 5/12/2023,152,1,152,credit,1.142
4/21/2023,2:45:00 PM CDT,234,sell to close,SPY $422 call exp. 5/12/2023,165,1,165,credit,0.142
4/21/2023,2:45:00 PM CDT,234,buy to close,SPY $432 call exp. 5/12/2023,23,1,23,debit,0.127
4/21/2023,2:45:00 PM CDT,235,buy to open,SPY $423 call exp. 6/2/2023,344,1,344,debit,1.127
4/21/2023,2:45:00 PM CDT,235,sell to open,SPY $432 call exp. 6/2/2023,104,1,104,credit,1.142
5/12/2023,2:45:00 PM CDT,235,sell to close,SPY $423 call exp. 6/2/2023,84,1,84,credit,0.142
5/12/2023,2:45:00 PM CDT,235,buy to close,SPY $432 call exp. 6/2/2023,10,1,10,debit,0.127
5/12/2023,2:45:00 PM CDT,236,buy to open,SPY $421 call exp. 6/23/2023,345,1,345,debit,1.127
5/12/2023,2:45:00 PM CDT,236,sell to open,SPY $430 call exp. 6/23/2023,96,1,96,credit,1.142
5/18/2023,2:45:00 PM CDT,236,sell to close,SPY $421 call exp. 6/23/2023,625,1,625,credit,0.142
5/18/2023,2:45:00 PM CDT,236,buy to close,SPY $430 call exp. 6/23/2023,217,1,217,debit,0.127
5/18/2023,2:45:00 PM CDT,237,buy to open,SPY $430 call exp. 6/30/2023,273,1,273,debit,1.127
5/18/2023,2:45:00 PM CDT,237,sell to open,SPY $436 call exp. 6/30/2023,123,1,123,credit,1.142
6/2/2023,2:45:00 PM CDT,237,sell to close,SPY $430 call exp. 6/30/2023,459,1,459,credit,0.142
6/2/2023,2:45:00 PM CDT,237,buy to close,SPY $436 call exp. 6/30/2023,221,1,221,debit,0.127
6/2/2023,2:45:00 PM CDT,238,buy to open,SPY $438 call exp. 7/14/2023,292,1,292,debit,1.127
6/2/2023,2:45:00 PM CDT,238,sell to open,SPY $446 call exp. 7/14/2023,115,1,115,credit,1.142
6/13/2023,2:45:00 PM CDT,238,sell to close,SPY $438 call exp. 7/14/2023,507,1,507,credit,0.142
6/13/2023,2:45:00 PM CDT,238,buy to close,SPY $446 call exp. 7/14/2023,200,1,200,debit,0.127
6/13/2023,2:45:00 PM CDT,239,buy to open,SPY $446 call exp. 7/28/2023,337,1,337,debit,1.127
6/13/2023,2:45:00 PM CDT,239,sell to open,SPY $455 call exp. 7/28/2023,124,1,124,credit,1.142
6/15/2023,2:45:00 PM CDT,239,sell to close,SPY $446 call exp. 7/28/2023,622,1,622,credit,0.142
6/15/2023,2:45:00 PM CDT,239,buy to close,SPY $455 call exp. 7/28/2023,267,1,267,debit,0.127
6/15/2023,2:45:00 PM CDT,240,buy to open,SPY $454 call exp. 7/28/2023,296,1,296,debit,1.127
6/15/2023,2:45:00 PM CDT,240,sell to open,SPY $462 call exp. 7/28/2023,122,1,122,credit,1.142
7/7/2023,2:45:00 PM CDT,240,sell to close,SPY $454 call exp. 7/28/2023,64,1,64,credit,0.142
7/7/2023,2:45:00 PM CDT,240,buy to close,SPY $462 call exp. 7/28/2023,14,1,14,debit,0.127
7/7/2023,2:45:00 PM CDT,241,buy to open,SPY $452 call exp. 8/18/2023,273,1,273,debit,1.127
7/7/2023,2:45:00 PM CDT,241,sell to open,SPY $460 call exp. 8/18/2023,97,1,97,credit,1.142
7/12/2023,2:45:00 PM CDT,241,sell to close,SPY $452 call exp. 8/18/2023,456,1,456,credit,0.142
7/12/2023,2:45:00 PM CDT,241,buy to close,SPY $460 call exp. 8/18/2023,177,1,177,debit,0.127
7/12/2023,2:45:00 PM CDT,242,buy to open,SPY $458 call exp. 8/25/2023,297,1,297,debit,1.127
7/12/2023,2:45:00 PM CDT,242,sell to open,SPY $465 call exp. 8/25/2023,127,1,127,credit,1.142
7/18/2023,2:45:00 PM CDT,242,sell to close,SPY $458 call exp. 8/25/2023,619,1,619,credit,0.142
7/18/2023,2:45:00 PM CDT,242,buy to close,SPY $465 call exp. 8/25/2023,315,1,315,debit,0.127
7/18/2023,2:45:00 PM CDT,243,buy to open,SPY $466 call exp. 9/1/2023,352,1,352,debit,1.127
7/18/2023,2:45:00 PM CDT,243,sell to open,SPY $476 call exp. 9/1/2023,119,1,119,credit,1.142
8/11/2023,2:45:00 PM CDT,243,sell to close,SPY $466 call exp. 9/1/2023,22,1,22,credit,0.142
8/11/2023,2:45:00 PM CDT,243,buy to close,SPY $476 call exp. 9/1/2023,4,1,4,debit,0.127
8/11/2023,2:45:00 PM CDT,244,buy to open,SPY $457 call exp. 9/22/2023,314,1,314,debit,1.127
8/11/2023,2:45:00 PM CDT,244,sell to open,SPY $464 call exp. 9/22/2023,130,1,130,credit,1.142
9/1/2023,2:45:00 PM CDT,244,sell to close,SPY $457 call exp. 9/22/2023,183,1,183,credit,0.142
9/1/2023,2:45:00 PM CDT,244,buy to close,SPY $464 call exp. 9/22/2023,49,1,49,debit,0.127
9/1/2023,2:45:00 PM CDT,245,buy to open,SPY $460 call exp. 10/13/2023,315,1,315,debit,1.127
9/1/2023,2:45:00 PM CDT,245,sell to open,SPY $468 call exp. 10/13/2023,117,1,117,credit,1.142
9/22/2023,2:45:00 PM CDT,245,sell to close,SPY $460 call exp. 10/13/2023,6,1,6,credit,0.142
9/22/2023,2:45:00 PM CDT,245,buy to close,SPY $468 call exp. 10/13/2023,2,1,2,debit,0.127
9/22/2023,2:45:00 PM CDT,246,buy to open,SPY $445 call exp. 11/3/2023,335,1,335,debit,1.127
9/22/2023,2:45:00 PM CDT,246,sell to open,SPY $452.5 call exp. 11/3/2023,142,1,142,credit,1.142
10/13/2023,2:45:00 PM CDT,246,sell to close,SPY $445 call exp. 11/3/2023,144,1,144,credit,0.142
10/13/2023,2:45:00 PM CDT,246,buy to close,SPY $452.5 call exp. 11/3/2023,40,1,40,debit,0.127
10/13/2023,2:45:00 PM CDT,247,buy to open,SPY $445 call exp. 11/24/2023,367,1,367,debit,1.127
10/13/2023,2:45:00 PM CDT,247,sell to open,SPY $455 call exp. 11/24/2023,121,1,121,credit,1.142
11/3/2023,2:45:00 PM CDT,247,sell to close,SPY $445 call exp. 11/24/2023,169,1,169,credit,0.142
11/3/2023,2:45:00 PM CDT,247,buy to close,SPY $455 call exp. 11/24/2023,32,1,32,debit,0.127
11/3/2023,2:45:00 PM CDT,248,buy to open,SPY $447 call exp. 12/15/2023,344,1,344,debit,1.127
11/3/2023,2:45:00 PM CDT,248,sell to open,SPY $456 call exp. 12/15/2023,127,1,127,credit,1.142
11/14/2023,2:45:00 PM CST,248,sell to close,SPY $447 call exp. 12/15/2023,884,1,884,credit,0.142
11/14/2023,2:45:00 PM CST,248,buy to close,SPY $456 call exp. 12/15/2023,395,1,395,debit,0.127
11/14/2023,2:45:00 PM CST,249,buy to open,SPY $460 call exp. 12/29/2023,343,1,343,debit,1.127
11/14/2023,2:45:00 PM CST,249,sell to open,SPY $469 call exp. 12/29/2023,134,1,134,credit,1.142
12/1/2023,2:45:00 PM CST,249,sell to close,SPY $460 call exp. 12/29/2023,495,1,495,credit,0.142
12/1/2023,2:45:00 PM CST,249,buy to close,SPY $469 call exp. 12/29/2023,166,1,166,debit,0.127
12/1/2023,2:45:00 PM CST,250,buy to open,SPY $468 call exp. 1/12/2024,335,1,335,debit,1.127
12/1/2023,2:45:00 PM CST,250,sell to open,SPY $476 call exp. 1/12/2024,136,1,136,credit,1.142
12/13/2023,2:45:00 PM CST,250,sell to close,SPY $468 call exp. 1/12/2024,679,1,679,credit,0.142
12/13/2023,2:45:00 PM CST,250,buy to close,SPY $476 call exp. 1/12/2024,293,1,293,debit,0.127
12/13/2023,2:45:00 PM CST,251,buy to open,SPY $480 call exp. 1/26/2024,300,1,300,debit,1.127
12/13/2023,2:45:00 PM CST,251,sell to open,SPY $490 call exp. 1/26/2024,96,1,96,credit,1.142
12/19/2023,2:45:00 PM CST,251,sell to close,SPY $480 call exp. 1/26/2024,523,1,523,credit,0.142
12/19/2023,2:45:00 PM CST,251,buy to close,SPY $490 call exp. 1/26/2024,191,1,191,debit,0.127
12/19/2023,2:45:00 PM CST,252,buy to open,SPY $487 call exp. 1/31/2024,315,1,315,debit,1.127
12/19/2023,2:45:00 PM CST,252,sell to open,SPY $496 call exp. 1/31/2024,122,1,122,credit,1.142
1/10/2024,2:45:00 PM CST,252,sell to close,SPY $487 call exp. 1/31/2024,126,1,126,credit,0.142
1/10/2024,2:45:00 PM CST,252,buy to close,SPY $496 call exp. 1/31/2024,26,1,26,debit,0.127
1/10/2024,2:45:00 PM CST,253,buy to open,SPY $488 call exp. 2/23/2024,338,1,338,debit,1.127
1/10/2024,2:45:00 PM CST,253,sell to open,SPY $495 call exp. 2/23/2024,159,1,159,credit,1.142
1/22/2024,2:45:00 PM CST,253,sell to close,SPY $488 call exp. 2/23/2024,532,1,532,credit,0.142
1/22/2024,2:45:00 PM CST,253,buy to close,SPY $495 call exp. 2/23/2024,256,1,256,debit,0.127
1/22/2024,2:45:00 PM CST,254,buy to open,SPY $496 call exp. 3/1/2024,295,1,295,debit,1.127
1/22/2024,2:45:00 PM CST,254,sell to open,SPY $505 call exp. 3/1/2024,105,1,105,credit,1.142
1/29/2024,2:45:00 PM CST,254,sell to close,SPY $496 call exp. 3/1/2024,498,1,498,credit,0.142
1/29/2024,2:45:00 PM CST,254,buy to close,SPY $505 call exp. 3/1/2024,197,1,197,debit,0.127
1/29/2024,2:45:00 PM CST,255,buy to open,SPY $505 call exp. 3/15/2024,324,1,324,debit,1.127
1/29/2024,2:45:00 PM CST,255,sell to open,SPY $514 call exp. 3/15/2024,134,1,134,credit,1.142
2/9/2024,2:45:00 PM CST,255,sell to close,SPY $505 call exp. 3/15/2024,572,1,572,credit,0.142
2/9/2024,2:45:00 PM CST,255,buy to close,SPY $514 call exp. 3/15/2024,243,1,243,debit,0.127
2/9/2024,2:45:00 PM CST,256,buy to open,SPY $513 call exp. 3/28/2024,379,1,379,debit,1.127
2/9/2024,2:45:00 PM CST,256,sell to open,SPY $523 call exp. 3/28/2024,152,1,152,credit,1.142
3/1/2024,2:45:00 PM CST,256,sell to close,SPY $513 call exp. 3/28/2024,638,1,638,credit,0.142
3/1/2024,2:45:00 PM CST,256,buy to close,SPY $523 call exp. 3/28/2024,234,1,234,debit,0.127
3/1/2024,2:45:00 PM CST,257,buy to open,SPY $525 call exp. 4/12/2024,340,1,340,debit,1.127
3/1/2024,2:45:00 PM CST,257,sell to open,SPY $535 call exp. 4/12/2024,122,1,122,credit,1.142
3/21/2024,2:45:00 PM CDT,257,sell to close,SPY $525 call exp. 4/12/2024,519,1,519,credit,0.142
3/21/2024,2:45:00 PM CDT,257,buy to close,SPY $535 call exp. 4/12/2024,161,1,161,debit,0.127
3/21/2024,2:45:00 PM CDT,258,buy to open,SPY $535 call exp. 5/3/2024,433,1,433,debit,1.127
3/21/2024,2:45:00 PM CDT,258,sell to open,SPY $550 call exp. 5/3/2024,108,1,108,credit,1.142
4/12/2024,2:45:00 PM CDT,258,sell to close,SPY $535 call exp. 5/3/2024,51,1,51,credit,0.142
4/12/2024,2:45:00 PM CDT,258,buy to close,SPY $550 call exp. 5/3/2024,7,1,7,debit,0.127
4/12/2024,2:45:00 PM CDT,259,buy to open,SPY $527 call exp. 5/24/2024,422,1,422,debit,1.127
4/12/2024,2:45:00 PM CDT,259,sell to open,SPY $537 call exp. 5/24/2024,167,1,167,credit,1.142
5/3/2024,2:45:00 PM CDT,259,sell to close,SPY $527 call exp. 5/24/2024,119,1,119,credit,0.142
5/3/2024,2:45:00 PM CDT,259,buy to close,SPY $537 call exp. 5/24/2024,23,1,23,debit,0.127
5/3/2024,2:45:00 PM CDT,260,buy to open,SPY $525 call exp. 6/14/2024,413,1,413,debit,1.127
5/3/2024,2:45:00 PM CDT,260,sell to open,SPY $535 call exp. 6/14/2024,163,1,163,credit,1.142
5/10/2024,2:45:00 PM CDT,260,sell to close,SPY $525 call exp. 6/14/2024,655,1,655,credit,0.142
5/10/2024,2:45:00 PM CDT,260,buy to close,SPY $535 call exp. 6/14/2024,263,1,263,debit,0.127
5/10/2024,2:45:00 PM CDT,261,buy to open,SPY $533 call exp. 6/21/2024,372,1,372,debit,1.127
5/10/2024,2:45:00 PM CDT,261,sell to open,SPY $542 call exp. 6/21/2024,145,1,145,credit,1.142
5/15/2024,2:45:00 PM CDT,261,sell to close,SPY $533 call exp. 6/21/2024,646,1,646,credit,0.142
5/15/2024,2:45:00 PM CDT,261,buy to close,SPY $542 call exp. 6/21/2024,282,1,282,debit,0.127
5/15/2024,2:45:00 PM CDT,262,buy to open,SPY $542 call exp. 6/28/2024,332,1,332,debit,1.127
5/15/2024,2:45:00 PM CDT,262,sell to open,SPY $551 call exp. 6/28/2024,128,1,128,credit,1.142
6/7/2024,2:45:00 PM CDT,262,sell to close,SPY $542 call exp. 6/28/2024,215,1,215,credit,0.142
6/7/2024,2:45:00 PM CDT,262,buy to close,SPY $551 call exp. 6/28/2024,48,1,48,debit,0.127
6/7/2024,2:45:00 PM CDT,263,buy to open,SPY $546 call exp. 7/19/2024,334,1,334,debit,1.127
6/7/2024,2:45:00 PM CDT,263,sell to open,SPY $555 call exp. 7/19/2024,127,1,127,credit,1.142
6/13/2024,2:45:00 PM CDT,263,sell to close,SPY $546 call exp. 7/19/2024,579,1,579,credit,0.142
6/13/2024,2:45:00 PM CDT,263,buy to close,SPY $555 call exp. 7/19/2024,242,1,242,debit,0.127
6/13/2024,2:45:00 PM CDT,264,buy to open,SPY $554 call exp. 7/26/2024,351,1,351,debit,1.127
6/13/2024,2:45:00 PM CDT,264,sell to open,SPY $565 call exp. 7/26/2024,111,1,111,credit,1.142
7/5/2024,2:45:00 PM CDT,264,sell to close,SPY $554 call exp. 7/26/2024,650,1,650,credit,0.142
7/5/2024,2:45:00 PM CDT,264,buy to close,SPY $565 call exp. 7/26/2024,162,1,162,debit,0.127
7/5/2024,2:45:00 PM CDT,265,buy to open,SPY $568 call exp. 8/16/2024,347,1,347,debit,1.127
7/5/2024,2:45:00 PM CDT,265,sell to open,SPY $580 call exp. 8/16/2024,93,1,93,credit,1.142
7/16/2024,2:45:00 PM CDT,265,sell to close,SPY $568 call exp. 8/16/2024,673,1,673,credit,0.142
7/16/2024,2:45:00 PM CDT,265,buy to close,SPY $580 call exp. 8/16/2024,224,1,224,debit,0.127
7/16/2024,2:45:00 PM CDT,266,buy to open,SPY $580 call exp. 8/30/2024,392,1,392,debit,1.127
7/16/2024,2:45:00 PM CDT,266,sell to open,SPY $590 call exp. 8/30/2024,162,1,162,credit,1.142
8/9/2024,2:45:00 PM CDT,266,sell to close,SPY $580 call exp. 8/30/2024,5,1,5,credit,0.142
8/9/2024,2:45:00 PM CDT,266,buy to close,SPY $590 call exp. 8/30/2024,4,1,4,debit,0.127
8/9/2024,2:45:00 PM CDT,267,buy to open,SPY $550 call exp. 9/20/2024,506,1,506,debit,1.127
8/9/2024,2:45:00 PM CDT,267,sell to open,SPY $562 call exp. 9/20/2024,178,1,178,credit,1.142
8/15/2024,2:45:00 PM CDT,267,sell to close,SPY $550 call exp. 9/20/2024,1211,1,1211,credit,0.142
8/15/2024,2:45:00 PM CDT,267,buy to close,SPY $562 call exp. 9/20/2024,534,1,534,debit,0.127
8/15/2024,2:45:00 PM CDT,268,buy to open,SPY $567 call exp. 9/30/2024,403,1,403,debit,1.127
8/15/2024,2:45:00 PM CDT,268,sell to open,SPY $578 call exp. 9/30/2024,139,1,139,credit,1.142
8/21/2024,2:45:00 PM CDT,268,sell to close,SPY $567 call exp. 9/30/2024,647,1,647,credit,0.142
8/21/2024,2:45:00 PM CDT,268,buy to close,SPY $578 call exp. 9/30/2024,244,1,244,debit,0.127
8/21/2024,2:45:00 PM CDT,269,buy to open,SPY $573 call exp. 9/30/2024,392,1,392,debit,1.127
8/21/2024,2:45:00 PM CDT,269,sell to open,SPY $584 call exp. 9/30/2024,131,1,131,credit,1.142
9/9/2024,2:45:00 PM CDT,269,sell to close,SPY $573 call exp. 9/30/2024,23,1,23,credit,0.142
9/9/2024,2:45:00 PM CDT,269,buy to close,SPY $584 call exp. 9/30/2024,6,1,6,debit,0.127
9/9/2024,2:45:00 PM CDT,270,buy to open,SPY $563 call exp. 10/25/2024,494,1,494,debit,1.127
9/9/2024,2:45:00 PM CDT,270,sell to open,SPY $575 call exp. 10/25/2024,175,1,175,credit,1.142
9/12/2024,2:45:00 PM CDT,270,sell to close,SPY $563 call exp. 10/25/2024,925,1,925,credit,0.142
9/12/2024,2:45:00 PM CDT,270,buy to close,SPY $575 call exp. 10/25/2024,386,1,386,debit,0.127
9/12/2024,2:45:00 PM CDT,271,buy to open,SPY $572 call exp. 10/25/2024,494,1,494,debit,1.127
9/12/2024,2:45:00 PM CDT,271,sell to open,SPY $585 call exp. 10/25/2024,149,1,149,credit,1.142
9/19/2024,2:45:00 PM CDT,271,sell to close,SPY $572 call exp. 10/25/2024,925,1,925,credit,0.142
9/19/2024,2:45:00 PM CDT,271,buy to close,SPY $585 call exp. 10/25/2024,338,1,338,debit,0.127
9/19/2024,2:45:00 PM CDT,272,buy to open,SPY $585 call exp. 11/1/2024,438,1,438,debit,1.127
9/19/2024,2:45:00 PM CDT,272,sell to open,SPY $600 call exp. 11/1/2024,118,1,118,credit,1.142
10/11/2024,2:45:00 PM CDT,272,sell to close,SPY $585 call exp. 11/1/2024,527,1,527,credit,0.142
10/11/2024,2:45:00 PM CDT,272,buy to close,SPY $600 call exp. 11/1/2024,87,1,87,debit,0.127
10/11/2024,2:45:00 PM CDT,273,buy to open,SPY $600 call exp. 11/22/2024,436,1,436,debit,1.127
10/11/2024,2:45:00 PM CDT,273,sell to open,SPY $610 call exp. 11/22/2024,201,1,201,credit,1.142
11/1/2024,2:45:00 PM CDT,273,sell to close,SPY $600 call exp. 11/22/2024,89,1,89,credit,0.142
11/1/2024,2:45:00 PM CDT,273,buy to close,SPY $610 call exp. 11/22/2024,24,1,24,debit,0.127
11/1/2024,2:45:00 PM CDT,274,buy to open,SPY $590 call exp. 12/13/2024,566,1,566,debit,1.127
11/1/2024,2:45:00 PM CDT,274,sell to open,SPY $605 call exp. 12/13/2024,174,1,174,credit,1.142
11/6/2024,2:45:00 PM CST,274,sell to close,SPY $590 call exp. 12/13/2024,1249,1,1249,credit,0.142
11/6/2024,2:45:00 PM CST,274,buy to close,SPY $605 call exp. 12/13/2024,479,1,479,debit,0.127
11/6/2024,2:45:00 PM CST,275,buy to open,SPY $607 call exp. 12/20/2024,491,1,491,debit,1.127
11/6/2024,2:45:00 PM CST,275,sell to open,SPY $620 call exp. 12/20/2024,195,1,195,credit,1.142
11/29/2024,2:45:00 PM CST,275,sell to close,SPY $607 call exp. 12/20/2024,470,1,470,credit,0.142
11/29/2024,2:45:00 PM CST,275,buy to close,SPY $620 call exp. 12/20/2024,93,1,93,debit,0.127
11/29/2024,2:45:00 PM CST,276,buy to open,SPY $616 call exp. 1/10/2025,374,1,374,debit,1.127
11/29/2024,2:45:00 PM CST,276,sell to open,SPY $625 call exp. 1/10/2025,161,1,161,credit,1.142
12/20/2024,2:45:00 PM CST,276,sell to close,SPY $616 call exp. 1/10/2025,47,1,47,credit,0.142
12/20/2024,2:45:00 PM CST,276,buy to close,SPY $625 call exp. 1/10/2025,12,1,12,debit,0.127
12/20/2024,2:45:00 PM CST,277,buy to open,SPY $610 call exp. 1/31/2025,436,1,436,debit,1.127
12/20/2024,2:45:00 PM CST,277,sell to open,SPY $622 call exp. 1/31/2025,143,1,143,credit,1.142
1/10/2025,2:45:00 PM CST,277,sell to close,SPY $610 call exp. 1/31/2025,46,1,46,credit,0.142
1/10/2025,2:45:00 PM CST,277,buy to close,SPY $622 call exp. 1/31/2025,12,1,12,debit,0.127
1/10/2025,2:45:00 PM CST,278,buy to open,SPY $598 call exp. 2/21/2025,496,1,496,debit,1.127
1/10/2025,2:45:00 PM CST,278,sell to open,SPY $612 call exp. 2/21/2025,153,1,153,credit,1.142
1/15/2025,2:45:00 PM CST,278,sell to close,SPY $598 call exp. 2/21/2025,873,1,873,credit,0.142
1/15/2025,2:45:00 PM CST,278,buy to close,SPY $612 call exp. 2/21/2025,290,1,290,debit,0.127
1/15/2025,2:45:00 PM CST,279,buy to open,SPY $610 call exp. 2/28/2025,445,1,445,debit,1.127
1/15/2025,2:45:00 PM CST,279,sell to open,SPY $622 call exp. 2/28/2025,154,1,154,credit,1.142
1/22/2025,2:45:00 PM CST,279,sell to close,SPY $610 call exp. 2/28/2025,906,1,906,credit,0.142
1/22/2025,2:45:00 PM CST,279,buy to close,SPY $622 call exp. 2/28/2025,374,1,374,debit,0.127
1/22/2025,2:45:00 PM CST,280,buy to open,SPY $621 call exp. 2/28/2025,406,1,406,debit,1.127
1/22/2025,2:45:00 PM CST,280,sell to open,SPY $632 call exp. 2/28/2025,148,1,148,credit,1.142
2/7/2025,2:45:00 PM CST,280,sell to close,SPY $621 call exp. 2/28/2025,75,1,75,credit,0.142
2/7/2025,2:45:00 PM CST,280,buy to close,SPY $632 call exp. 2/28/2025,12,1,12,debit,0.127
2/7/2025,2:45:00 PM CST,281,buy to open,SPY $617 call exp. 3/21/2025,411,1,411,debit,1.127
2/7/2025,2:45:00 PM CST,281,sell to open,SPY $625 call exp. 3/21/2025,195,1,195,credit,1.142
2/19/2025,2:45:00 PM CST,281,sell to close,SPY $617 call exp. 3/21/2025,648,1,648,credit,0.142
2/19/2025,2:45:00 PM CST,281,buy to close,SPY $625 call exp. 3/21/2025,305,1,305,debit,0.127
2/19/2025,2:45:00 PM CST,282,buy to open,SPY $626 call exp. 4/4/2025,427,1,427,debit,1.127
2/19/2025,2:45:00 PM CST,282,sell to open,SPY $635 call exp. 4/4/2025,188,1,188,credit,1.142
3/14/2025,2:45:00 PM CDT,282,sell to close,SPY $626 call exp. 4/4/2025,2,1,2,credit,0.142
3/14/2025,2:45:00 PM CDT,282,buy to close,SPY $635 call exp. 4/4/2025,3,1,3,debit,0.127
3/14/2025,2:45:00 PM CDT,283,buy to open,SPY $581 call exp. 4/30/2025,616,1,616,debit,1.127
3/14/2025,2:45:00 PM CDT,283,sell to open,SPY $596 call exp. 4/30/2025,214,1,214,credit,1.142
4/9/2025,2:45:00 PM CDT,283,sell to close,SPY $581 call exp. 4/30/2025,98,1,98,credit,0.142
4/9/2025,2:45:00 PM CDT,283,buy to close,SPY $596 call exp. 4/30/2025,30,1,30,debit,0.127
4/9/2025,2:45:00 PM CDT,284,buy to open,SPY $567.5 call exp. 5/23/2025,698,1,698,debit,1.127
4/9/2025,2:45:00 PM CDT,284,sell to open,SPY $585 call exp. 5/23/2025,244,1,244,credit,1.142
5/2/2025,2:45:00 PM CDT,284,sell to close,SPY $567.5 call exp. 5/23/2025,1068,1,1068,credit,0.142
5/2/2025,2:45:00 PM CDT,284,buy to close,SPY $585 call exp. 5/23/2025,288,1,288,debit,0.127
5/2/2025,2:45:00 PM CDT,285,buy to open,SPY $588 call exp. 6/13/2025,559,1,559,debit,1.127
5/2/2025,2:45:00 PM CDT,285,sell to open,SPY $600 call exp. 6/13/2025,238,1,238,credit,1.142
5/13/2025,2:45:00 PM CDT,285,sell to close,SPY $588 call exp. 6/13/2025,1175,1,1175,credit,0.142
5/13/2025,2:45:00 PM CDT,285,buy to close,SPY $600 call exp. 6/13/2025,562,1,562,debit,0.127
5/13/2025,2:45:00 PM CDT,286,buy to open,SPY $605 call exp. 6/27/2025,521,1,521,debit,1.127
5/13/2025,2:45:00 PM CDT,286,sell to open,SPY $620 call exp. 6/27/2025,184,1,184,credit,1.142
6/6/2025,2:45:00 PM CDT,286,sell to close,SPY $605 call exp. 6/27/2025,483,1,483,credit,0.142
6/6/2025,2:45:00 PM CDT,286,buy to close,SPY $620 call exp. 6/27/2025,94,1,94,debit,0.127
6/6/2025,2:45:00 PM CDT,287,buy to open,SPY $616 call exp. 7/18/2025,461,1,461,debit,1.127
6/6/2025,2:45:00 PM CDT,287,sell to open,SPY $630 call exp. 7/18/2025,154,1,154,credit,1.142
6/26/2025,2:45:00 PM CDT,287,sell to close,SPY $616 call exp. 7/18/2025,631,1,631,credit,0.142
6/26/2025,2:45:00 PM CDT,287,buy to close,SPY $630 call exp. 7/18/2025,154,1,154,debit,0.127
6/27/2025,2:45:00 PM CDT,288,buy to open,SPY $630 call exp. 8/8/2025,518,1,518,debit,1.127
6/27/2025,2:45:00 PM CDT,288,sell to open,SPY $645 call exp. 8/8/2025,160,1,160,credit,1.142
7/3/2025,2:45:00 PM CDT,288,sell to close,SPY $630 call exp. 8/8/2025,994,1,994,credit,0.142
7/3/2025,2:45:00 PM CDT,288,buy to close,SPY $645 call exp. 8/8/2025,370,1,370,debit,0.127
7/8/2025,2:45:00 PM CDT,289,buy to open,SPY $640 call exp. 8/22/2025,503,1,503,debit,1.127
7/8/2025,2:45:00 PM CDT,289,sell to open,SPY $655 call exp. 8/22/2025,164,1,164,credit,1.142
7/24/2025,2:45:00 PM CDT,289,sell to close,SPY $640 call exp. 8/22/2025,724,1,724,credit,0.142
7/24/2025,2:45:00 PM CDT,289,buy to close,SPY $655 call exp. 8/22/2025,196,1,196,debit,0.127
7/25/2025,2:45:00 PM CDT,290,buy to open,SPY $655 call exp. 9/5/2025,408,1,408,debit,1.127
7/25/2025,2:45:00 PM CDT,290,sell to open,SPY $665 call exp. 9/5/2025,178,1,178,credit,1.142
8/15/2025,2:45:00 PM CDT,290,sell to close,SPY $655 call exp. 9/5/2025,267,1,267,credit,0.142
8/15/2025,2:45:00 PM CDT,290,buy to close,SPY $665 call exp. 9/5/2025,69,1,69,debit,0.127
8/15/2025,2:45:00 PM CDT,291,buy to open,SPY $659 call exp. 9/30/2025,456,1,456,debit,1.127
8/15/2025,2:45:00 PM CDT,291,sell to open,SPY $670 call exp. 9/30/2025,187,1,187,credit,1.142
9/9/2025,2:45:00 PM CDT,291,sell to close,SPY $659 call exp. 9/30/2025,244,1,244,credit,0.142
9/9/2025,2:45:00 PM CDT,291,buy to close,SPY $670 call exp. 9/30/2025,46,1,46,debit,0.127
9/9/2025,2:45:00 PM CDT,292,buy to open,SPY $664 call exp. 10/24/2025,498,1,498,debit,1.127
9/9/2025,2:45:00 PM CDT,292,sell to open,SPY $676 call exp. 10/24/2025,177,1,177,credit,1.142
9/15/2025,2:45:00 PM CDT,292,sell to close,SPY $664 call exp. 10/24/2025,924,1,924,credit,0.142
9/15/2025,2:45:00 PM CDT,292,buy to close,SPY $676 call exp. 10/24/2025,409,1,409,debit,0.127
9/15/2025,2:45:00 PM CDT,293,buy to open,SPY $676 call exp. 10/31/2025,529,1,529,debit,1.127
9/15/2025,2:45:00 PM CDT,293,sell to open,SPY $690 call exp. 10/31/2025,189,1,189,credit,1.142
10/2/2025,2:45:00 PM CDT,293,sell to close,SPY $676 call exp. 10/31/2025,750,1,750,credit,0.142
10/2/2025,2:45:00 PM CDT,293,buy to close,SPY $690 call exp. 10/31/2025,232,1,232,debit,0.127
10/3/2025,2:45:00 PM CDT,294,buy to open,SPY $688 call exp. 11/14/2025,505,1,505,debit,1.127
10/3/2025,2:45:00 PM CDT,294,sell to open,SPY $700 call exp. 11/14/2025,198,1,198,credit,1.142
10/24/2025,2:45:00 PM CDT,294,sell to close,SPY $688 call exp. 11/14/2025,400,1,400,credit,0.142
10/24/2025,2:45:00 PM CDT,294,buy to close,SPY $700 call exp. 11/14/2025,98,1,98,debit,0.127
10/24/2025,2:45:00 PM CDT,295,buy to open,SPY $696 call exp. 12/5/2025,510,1,510,debit,1.127
10/24/2025,2:45:00 PM CDT,295,sell to open,SPY $710 call exp. 12/5/2025,172,1,172,credit,1.142
10/28/2025,2:45:00 PM CDT,295,sell to close,SPY $696 call exp. 12/5/2025,949,1,949,credit,0.142
10/28/2025,2:45:00 PM CDT,295,buy to close,SPY $710 call exp. 12/5/2025,419,1,419,debit,0.127
10/28/2025,2:45:00 PM CDT,296,buy to open,SPY $710 call exp. 12/19/2025,648,1,648,debit,1.127
10/28/2025,2:45:00 PM CDT,296,sell to open,SPY $725 call exp. 12/19/2025,290,1,290,credit,1.142
11/28/2025,2:45:00 PM CST,296,sell to close,SPY $710 call exp. 12/19/2025,72,1,72,credit,0.142
11/28/2025,2:45:00 PM CST,296,buy to close,SPY $725 call exp. 12/19/2025,19,1,19,debit,0.127
11/28/2025,2:45:00 PM CST,297,buy to open,SPY $699 call exp. 1/9/2026,558,1,558,debit,1.127
11/28/2025,2:45:00 PM CST,297,sell to open,SPY $715 call exp. 1/9/2026,183,1,183,credit,1.142
12/19/2025,2:45:00 PM CST,297,sell to close,SPY $699 call exp. 1/9/2026,104,1,104,credit,0.142
12/19/2025,2:45:00 PM CST,297,buy to close,SPY $715 call exp. 1/9/2026,13,1,13,debit,0.127
12/19/2025,2:45:00 PM CST,298,buy to open,SPY $698 call exp. 1/30/2026,468,1,468,debit,1.127
12/19/2025,2:45:00 PM CST,298,sell to open,SPY $711 call exp. 1/30/2026,163,1,163,credit,1.142
12/24/2025,2:45:00 PM CST,298,sell to close,SPY $698 call exp. 1/30/2026,759,1,759,credit,0.142
12/24/2025,2:45:00 PM CST,298,buy to close,SPY $711 call exp. 1/30/2026,278,1,278,debit,0.127
12/26/2025,2:45:00 PM CST,299,buy to open,SPY $708 call exp. 2/6/2026,457,1,457,debit,1.127
12/26/2025,2:45:00 PM CST,299,sell to open,SPY $720 call exp. 2/6/2026,179,1,179,credit,1.142
1/16/2026,2:45:00 PM CST,299,sell to close,SPY $708 call exp. 2/6/2026,182,1,182,credit,0.142
1/16/2026,2:45:00 PM CST,299,buy to close,SPY $720 call exp. 2/6/2026,30,1,30,debit,0.127
1/16/2026,2:45:00 PM CST,300,buy to open,SPY $710 call exp. 2/27/2026,479,1,479,debit,1.127
1/16/2026,2:45:00 PM CST,300,sell to open,SPY $722 call exp. 2/27/2026,175,1,175,credit,1.142
2/6/2026,2:45:00 PM CST,300,sell to close,SPY $710 call exp. 2/27/2026,164,1,164,credit,0.142
2/6/2026,2:45:00 PM CST,300,buy to close,SPY $722 call exp. 2/27/2026,28,1,28,debit,0.127
2/6/2026,2:45:00 PM CST,301,buy to open,SPY $710 call exp. 3/20/2026,529,1,529,debit,1.127
2/6/2026,2:45:00 PM CST,301,sell to open,SPY $721 call exp. 3/20/2026,223,1,223,credit,1.142
2/26/2026,2:45:00 PM CST,301,sell to close,SPY $710 call exp. 3/20/2026,132,1,132,credit,0.142
2/26/2026,2:45:00 PM CST,301,buy to close,SPY $721 call exp. 3/20/2026,24,1,24,debit,0.127
2/27/2026,2:45:00 PM CST,302,buy to open,SPY $703 call exp. 4/10/2026,593,1,593,debit,1.127
2/27/2026,2:45:00 PM CST,302,sell to open,SPY $715 call exp. 4/10/2026,220,1,220,credit,1.142
3/20/2026,2:45:00 PM CDT,302,sell to close,SPY $703 call exp. 4/10/2026,13,1,13,credit,0.142
3/20/2026,2:45:00 PM CDT,302,buy to close,SPY $715 call exp. 4/10/2026,5,1,5,debit,0.127
3/20/2026,2:45:00 PM CDT,303,buy to open,SPY $674 call exp. 5/1/2026,813,1,813,debit,1.127
3/20/2026,2:45:00 PM CDT,303,sell to open,SPY $691 call exp. 5/1/2026,296,1,296,credit,1.142
4/8/2026,2:45:00 PM CDT,303,sell to close,SPY $674 call exp. 5/1/2026,1347,1,1347,credit,0.142
4/8/2026,2:45:00 PM CDT,303,buy to close,SPY $691 call exp. 5/1/2026,448,1,448,debit,0.127
4/8/2026,2:45:00 PM CDT,304,buy to open,SPY $700 call exp. 5/22/2026,521,1,521,debit,1.127
4/8/2026,2:45:00 PM CDT,304,sell to open,SPY $710 call exp. 5/22/2026,258,1,258,credit,1.142
4/14/2026,2:45:00 PM CDT,304,sell to close,SPY $700 call exp. 5/22/2026,1147,1,1147,credit,0.142
4/14/2026,2:45:00 PM CDT,304,buy to close,SPY $710 call exp. 5/22/2026,662,1,662,debit,0.127
4/14/2026,2:45:00 PM CDT,305,buy to open,SPY $715 call exp. 5/29/2026,573,1,573,debit,1.127
4/14/2026,2:45:00 PM CDT,305,sell to open,SPY $730 call exp. 5/29/2026,208,1,208,credit,1.142
4/17/2026,2:45:00 PM CDT,305,sell to close,SPY $715 call exp. 5/29/2026,1281,1,1281,credit,0.142
4/17/2026,2:45:00 PM CDT,305,buy to close,SPY $730 call exp. 5/29/2026,601,1,601,debit,0.127
4/17/2026,2:45:00 PM CDT,306,buy to open,SPY $731 call exp. 5/29/2026,568,1,568,debit,1.127
4/17/2026,2:45:00 PM CDT,306,sell to open,SPY $745 call exp. 5/29/2026,233,1,233,credit,1.142
5/5/2026,2:45:00 PM CDT,306,sell to close,SPY $731 call exp. 5/29/2026,804,1,804,credit,0.142
5/5/2026,2:45:00 PM CDT,306,buy to close,SPY $745 call exp. 5/29/2026,258,1,258,debit,0.127
5/5/2026,2:45:00 PM CDT,307,buy to open,SPY $746 call exp. 6/18/2026,609,1,609,debit,1.127
5/5/2026,2:45:00 PM CDT,307,sell to open,SPY $760 call exp. 6/18/2026,242,1,242,credit,1.142
5/8/2026,2:45:00 PM CDT,307,sell to close,SPY $746 call exp. 6/18/2026,1126,1,1126,credit,0.142
5/8/2026,2:45:00 PM CDT,307,buy to close,SPY $760 call exp. 6/18/2026,558,1,558,debit,0.127
5/8/2026,2:45:00 PM CDT,308,buy to open,SPY $760 call exp. 6/26/2026,663,1,663,debit,1.127
5/8/2026,2:45:00 PM CDT,308,sell to open,SPY $775 call exp. 6/26/2026,294,1,294,credit,1.142
6/1/2026,2:45:00 PM CDT,308,sell to close,SPY $760 call exp. 6/26/2026,993,1,993,credit,0.142
6/1/2026,2:45:00 PM CDT,308,buy to close,SPY $775 call exp. 6/26/2026,346,1,346,debit,0.127
6/1/2026,2:45:00 PM CDT,309,buy to open,SPY $779 call exp. 7/17/2026,644,1,644,debit,1.127
6/1/2026,2:45:00 PM CDT,309,sell to open,SPY $796 call exp. 7/17/2026,233,1,233,credit,1.142
6/26/2026,2:45:00 PM CDT,309,sell to close,SPY $779 call exp. 7/17/2026,12,1,12,credit,0.142
6/26/2026,2:45:00 PM CDT,309,buy to close,SPY $796 call exp. 7/17/2026,4,1,4,debit,0.127
