Date,Total profit/loss,Net liquidity,Drawdown,ROI
1/2/2013,-2.27,514.73,0,-0.44
1/3/2013,-7.27,509.73,0.97,-1.41
1/4/2013,-3.27,513.73,0.19,-0.63
1/5/2013,-3.27,513.73,0.19,-0.63
1/6/2013,-3.27,513.73,0.19,-0.63
1/7/2013,-11.27,505.73,1.75,-2.18
1/8/2013,-16.27,500.73,2.72,-3.15
1/9/2013,-12.27,504.73,1.94,-2.37
1/10/2013,0.73,517.73,0,0.14
1/11/2013,-0.27,516.73,0.19,-0.05
1/12/2013,-0.27,516.73,0.19,-0.05
1/13/2013,-0.27,516.73,0.19,-0.05
1/14/2013,-4.27,512.73,0.97,-0.83
1/15/2013,-4.27,512.73,0.97,-0.83
1/16/2013,-8.27,508.73,1.74,-1.6
1/17/2013,6.73,523.73,0,1.3
1/18/2013,9.73,526.73,0,1.88
1/19/2013,9.73,526.73,0,1.88
1/20/2013,9.73,526.73,0,1.88
1/21/2013,9.73,526.73,0,1.88
1/22/2013,23.19,540.19,0,4.49
1/23/2013,23.19,540.19,0,4.49
1/24/2013,24.19,541.19,0,4.68
1/25/2013,33.19,550.19,0,6.42
1/26/2013,33.19,550.19,0,6.42
1/27/2013,33.19,550.19,0,6.42
1/28/2013,36.19,553.19,0,7
1/29/2013,52.19,569.19,0,10.09
1/30/2013,35.19,552.19,2.99,6.81
1/31/2013,34.19,551.19,3.16,6.61
2/1/2013,54.19,571.19,0,10.48
2/2/2013,54.19,571.19,0,10.48
2/3/2013,54.19,571.19,0,10.48
2/4/2013,27.19,544.19,4.73,5.26
2/5/2013,52.19,569.19,0.35,10.09
2/6/2013,54.19,571.19,0,10.48
2/7/2013,48.19,565.19,1.05,9.32
2/8/2013,66.19,583.19,0,12.8
2/9/2013,66.19,583.19,0,12.8
2/10/2013,66.19,583.19,0,12.8
2/11/2013,64.19,581.19,0.34,12.42
2/12/2013,68.66,585.66,0,13.28
2/13/2013,69.66,586.66,0,13.47
2/14/2013,68.66,585.66,0.17,13.28
2/15/2013,63.66,580.66,1.02,12.31
2/16/2013,63.66,580.66,1.02,12.31
2/17/2013,63.66,580.66,1.02,12.31
2/18/2013,63.66,580.66,1.02,12.31
2/19/2013,75.66,592.66,0,14.63
2/20/2013,52.66,569.66,3.88,10.19
2/21/2013,46.66,563.66,4.89,9.03
2/22/2013,58.66,575.66,2.87,11.35
2/23/2013,58.66,575.66,2.87,11.35
2/24/2013,58.66,575.66,2.87,11.35
2/25/2013,42.66,559.66,5.57,8.25
2/26/2013,40.66,557.66,5.91,7.86
2/27/2013,57.66,574.66,3.04,11.15
2/28/2013,52.66,569.66,3.88,10.19
3/1/2013,57.66,574.66,3.04,11.15
3/2/2013,57.66,574.66,3.04,11.15
3/3/2013,57.66,574.66,3.04,11.15
3/4/2013,61.66,578.66,2.36,11.93
3/5/2013,85.66,602.66,0,16.57
3/6/2013,85.12,602.12,0.09,16.46
3/7/2013,88.12,605.12,0,17.04
3/8/2013,98.12,615.12,0,18.98
3/9/2013,98.12,615.12,0,18.98
3/10/2013,98.12,615.12,0,18.98
3/11/2013,107.12,624.12,0,20.72
3/12/2013,100.12,617.12,1.12,19.37
3/13/2013,104.12,621.12,0.48,20.14
3/14/2013,118.12,635.12,0,22.85
3/15/2013,111.12,628.12,1.1,21.49
3/16/2013,111.12,628.12,1.1,21.49
3/17/2013,111.12,628.12,1.1,21.49
3/18/2013,101.12,618.12,2.68,19.56
3/19/2013,94.12,611.12,3.78,18.21
3/20/2013,103.12,620.12,2.36,19.95
3/21/2013,84.12,601.12,5.35,16.27
3/22/2013,113.12,630.12,0.79,21.88
3/23/2013,113.12,630.12,0.79,21.88
3/24/2013,113.12,630.12,0.79,21.88
3/25/2013,96.12,613.12,3.46,18.59
3/26/2013,118.12,635.12,0,22.85
3/27/2013,114.12,631.12,0.63,22.07
3/28/2013,128.58,645.58,0,24.87
3/29/2013,128.58,645.58,0,24.87
3/30/2013,128.58,645.58,0,24.87
3/31/2013,128.58,645.58,0,24.87
4/1/2013,114.58,631.58,2.17,22.16
4/2/2013,125.58,642.58,0.46,24.29
4/3/2013,102.58,619.58,4.03,19.84
4/4/2013,110.58,627.58,2.79,21.39
4/5/2013,94.58,611.58,5.27,18.29
4/6/2013,94.58,611.58,5.27,18.29
4/7/2013,94.58,611.58,5.27,18.29
4/8/2013,109.58,626.58,2.94,21.2
4/9/2013,113.58,630.58,2.32,21.97
4/10/2013,158.58,675.58,0,30.67
4/11/2013,169.58,686.58,0,32.8
4/12/2013,152.58,669.58,2.48,29.51
4/13/2013,152.58,669.58,2.48,29.51
4/14/2013,152.58,669.58,2.48,29.51
4/15/2013,96.58,613.58,10.63,18.68
4/16/2013,121.58,638.58,6.99,23.52
4/17/2013,92.58,609.58,11.22,17.91
4/18/2013,79.58,596.58,13.11,15.39
4/19/2013,82.58,599.58,12.67,15.97
4/20/2013,82.58,599.58,12.67,15.97
4/21/2013,82.58,599.58,12.67,15.97
4/22/2013,88.58,605.58,11.8,17.13
4/23/2013,118.58,635.58,7.43,22.94
4/24/2013,119.58,636.58,7.28,23.13
4/25/2013,140.58,657.58,4.22,27.19
4/26/2013,121.58,638.58,6.99,23.52
4/27/2013,121.58,638.58,6.99,23.52
4/28/2013,121.58,638.58,6.99,23.52
4/29/2013,150.04,667.04,2.85,29.02
4/30/2013,156.04,673.04,1.97,30.18
5/1/2013,132.04,649.04,5.47,25.54
5/2/2013,155.04,672.04,2.12,29.99
5/3/2013,184.04,701.04,0,35.6
5/4/2013,184.04,701.04,0,35.6
5/5/2013,184.04,701.04,0,35.6
5/6/2013,192.04,709.04,0,37.15
5/7/2013,203.5,720.5,0,39.36
5/8/2013,215.5,732.5,0,41.68
5/9/2013,209.5,726.5,0.82,40.52
5/10/2013,213.5,730.5,0.27,41.3
5/11/2013,213.5,730.5,0.27,41.3
5/12/2013,213.5,730.5,0.27,41.3
5/13/2013,215.5,732.5,0,41.68
5/14/2013,237.97,754.97,0,46.03
5/15/2013,248.97,765.97,0,48.16
5/16/2013,237.97,754.97,1.44,46.03
5/17/2013,261.96,778.96,0,50.67
5/18/2013,261.96,778.96,0,50.67
5/19/2013,261.96,778.96,0,50.67
5/20/2013,261.96,778.96,0,50.67
5/21/2013,267.96,784.96,0,51.83
5/22/2013,247.97,764.97,2.55,47.96
5/23/2013,238.97,755.97,3.69,46.22
5/24/2013,238.97,755.97,3.69,46.22
5/25/2013,238.97,755.97,3.69,46.22
5/26/2013,238.97,755.97,3.69,46.22
5/27/2013,238.97,755.97,3.69,46.22
5/28/2013,242.97,759.97,3.18,47
5/29/2013,227.97,744.97,5.09,44.09
5/30/2013,236.97,753.97,3.95,45.84
5/31/2013,205.97,722.97,7.9,39.84
6/1/2013,205.97,722.97,7.9,39.84
6/2/2013,205.97,722.97,7.9,39.84
6/3/2013,209.97,726.97,7.39,40.61
6/4/2013,203.97,720.97,8.15,39.45
6/5/2013,187.97,704.97,10.19,36.36
6/6/2013,194.97,711.97,9.3,37.71
6/7/2013,196.43,713.4300000000001,9.11,37.99
6/8/2013,196.43,713.4300000000001,9.11,37.99
6/9/2013,196.43,713.4300000000001,9.11,37.99
6/10/2013,199.43,716.4300000000001,8.73,38.57
6/11/2013,174.43,691.4300000000001,11.92,33.74
6/12/2013,151.43,668.4300000000001,14.85,29.29
6/13/2013,188.43,705.4300000000001,10.13,36.45
6/14/2013,164.43,681.4300000000001,13.19,31.8
6/15/2013,164.43,681.4300000000001,13.19,31.8
6/16/2013,164.43,681.4300000000001,13.19,31.8
6/17/2013,192.43,709.4300000000001,9.62,37.22
6/18/2013,219.43,736.4300000000001,6.18,42.44
6/19/2013,158.43,675.4300000000001,13.95,30.64
6/20/2013,115.43,632.4300000000001,19.43,22.33
6/21/2013,104.43,621.4300000000001,20.83,20.2
6/22/2013,104.43,621.4300000000001,20.83,20.2
6/23/2013,104.43,621.4300000000001,20.83,20.2
6/24/2013,95.43,612.4300000000001,21.98,18.46
6/25/2013,98.43,615.4300000000001,21.6,19.04
6/26/2013,101.43,618.4300000000001,21.22,19.62
6/27/2013,111.43,628.4300000000001,19.94,21.55
6/28/2013,100.43,617.4300000000001,21.34,19.43
6/29/2013,100.43,617.4300000000001,21.34,19.43
6/30/2013,100.43,617.4300000000001,21.34,19.43
7/1/2013,95.89,612.89,21.92,18.55
7/2/2013,95.89,612.89,21.92,18.55
7/3/2013,98.89,615.89,21.54,19.13
7/4/2013,98.89,615.89,21.54,19.13
7/5/2013,121.89,638.89,18.61,23.58
7/6/2013,121.89,638.89,18.61,23.58
7/7/2013,121.89,638.89,18.61,23.58
7/8/2013,129.89,646.89,17.59,25.12
7/9/2013,145.35,662.35,15.62,28.11
7/10/2013,148.35,665.35,15.24,28.69
7/11/2013,184.81,701.81,10.59,35.75
7/12/2013,181.81,698.81,10.98,35.17
7/13/2013,181.81,698.81,10.98,35.17
7/14/2013,181.81,698.81,10.98,35.17
7/15/2013,191.81,708.81,9.7,37.1
7/16/2013,181.81,698.81,10.98,35.17
7/17/2013,182.81,699.81,10.85,35.36
7/18/2013,191.81,708.81,9.7,37.1
7/19/2013,206.81,723.81,7.79,40
7/20/2013,206.81,723.81,7.79,40
7/21/2013,206.81,723.81,7.79,40
7/22/2013,199.81,716.81,8.68,38.65
7/23/2013,193.81,710.81,9.45,37.49
7/24/2013,183.81,700.81,10.72,35.55
7/25/2013,179.81,696.81,11.23,34.78
7/26/2013,181.81,698.81,10.98,35.17
7/27/2013,181.81,698.81,10.98,35.17
7/28/2013,181.81,698.81,10.98,35.17
7/29/2013,163.28,680.28,13.34,31.58
7/30/2013,167.28,684.28,12.83,32.36
7/31/2013,166.28,683.28,12.95,32.16
8/1/2013,202.28,719.28,8.37,39.13
8/2/2013,204.28,721.28,8.11,39.51
8/3/2013,204.28,721.28,8.11,39.51
8/4/2013,204.28,721.28,8.11,39.51
8/5/2013,192.28,709.28,9.64,37.19
8/6/2013,174.28,691.28,11.93,33.71
8/7/2013,158.28,675.28,13.97,30.62
8/8/2013,172.28,689.28,12.19,33.32
8/9/2013,154.28,671.28,14.48,29.84
8/10/2013,154.28,671.28,14.48,29.84
8/11/2013,154.28,671.28,14.48,29.84
8/12/2013,154.28,671.28,14.48,29.84
8/13/2013,157.28,674.28,14.1,30.42
8/14/2013,134.28,651.28,17.03,25.97
8/15/2013,93.28,610.28,22.25,18.04
8/16/2013,82.28,599.28,23.65,15.91
8/17/2013,82.28,599.28,23.65,15.91
8/18/2013,82.28,599.28,23.65,15.91
8/19/2013,74.28,591.28,24.67,14.37
8/20/2013,80.28,597.28,23.91,15.53
8/21/2013,70.28,587.28,25.18,13.59
8/22/2013,79.28,596.28,24.04,15.33
8/23/2013,81.28,598.28,23.78,15.72
8/24/2013,81.28,598.28,23.78,15.72
8/25/2013,81.28,598.28,23.78,15.72
8/26/2013,74.28,591.28,24.67,14.37
8/27/2013,63.28,580.28,26.08,12.24
8/28/2013,63.28,580.28,26.08,12.24
8/29/2013,65.28,582.28,25.82,12.63
8/30/2013,63.28,580.28,26.08,12.24
8/31/2013,63.28,580.28,26.08,12.24
9/1/2013,63.28,580.28,26.08,12.24
9/2/2013,63.28,580.28,26.08,12.24
9/3/2013,58.74,575.74,26.65,11.36
9/4/2013,86.74,603.74,23.09,16.78
9/5/2013,81.74,598.74,23.72,15.81
9/6/2013,83.74,600.74,23.47,16.2
9/7/2013,83.74,600.74,23.47,16.2
9/8/2013,83.74,600.74,23.47,16.2
9/9/2013,115.74,632.74,19.39,22.39
9/10/2013,138.2,655.2,16.53,26.73
9/11/2013,146.2,663.2,15.51,28.28
9/12/2013,139.2,656.2,16.4,26.92
9/13/2013,144.2,661.2,15.77,27.89
9/14/2013,144.2,661.2,15.77,27.89
9/15/2013,144.2,661.2,15.77,27.89
9/16/2013,162.2,679.2,13.47,31.37
9/17/2013,179.2,696.2,11.31,34.66
9/18/2013,216.66,733.66,6.54,41.91
9/19/2013,211.66,728.66,7.17,40.94
9/20/2013,191.66,708.66,9.72,37.07
9/21/2013,191.66,708.66,9.72,37.07
9/22/2013,191.66,708.66,9.72,37.07
9/23/2013,180.66,697.66,11.12,34.94
9/24/2013,178.66,695.66,11.38,34.56
9/25/2013,169.66,686.66,12.52,32.82
9/26/2013,173.66,690.66,12.01,33.59
9/27/2013,169.66,686.66,12.52,32.82
9/28/2013,169.66,686.66,12.52,32.82
9/29/2013,169.66,686.66,12.52,32.82
9/30/2013,165.66,682.66,13.03,32.04
10/1/2013,171.66,688.66,12.27,33.2
10/2/2013,168.66,685.66,12.65,32.62
10/3/2013,161.66,678.66,13.54,31.27
10/4/2013,168.66,685.66,12.65,32.62
10/5/2013,168.66,685.66,12.65,32.62
10/6/2013,168.66,685.66,12.65,32.62
10/7/2013,161.66,678.66,13.54,31.27
10/8/2013,153.66,670.66,14.56,29.72
10/9/2013,150.66,667.66,14.94,29.14
10/10/2013,161.66,678.66,13.54,31.27
10/11/2013,166.66,683.66,12.91,32.24
10/12/2013,166.66,683.66,12.91,32.24
10/13/2013,166.66,683.66,12.91,32.24
10/14/2013,172.66,689.66,12.14,33.4
10/15/2013,170.66,687.66,12.4,33.01
10/16/2013,175.66,692.66,11.76,33.98
10/17/2013,191.66,708.66,9.72,37.07
10/18/2013,199.66,716.66,8.7,38.62
10/19/2013,199.66,716.66,8.7,38.62
10/20/2013,199.66,716.66,8.7,38.62
10/21/2013,198.66,715.66,8.83,38.43
10/22/2013,224.66,741.66,5.52,43.45
10/23/2013,204.66,721.66,8.06,39.59
10/24/2013,219.66,736.66,6.15,42.49
10/25/2013,231.66,748.66,4.62,44.81
10/26/2013,231.66,748.66,4.62,44.81
10/27/2013,231.66,748.66,4.62,44.81
10/28/2013,237.12,754.12,3.93,45.86
10/29/2013,258.12,775.12,1.25,49.93
10/30/2013,245.12,762.12,2.91,47.41
10/31/2013,230.12,747.12,4.82,44.51
11/1/2013,228.12,745.12,5.08,44.12
11/2/2013,228.12,745.12,5.08,44.12
11/3/2013,228.12,745.12,5.08,44.12
11/4/2013,238.12,755.12,3.8,46.06
11/5/2013,225.12,742.12,5.46,43.54
11/6/2013,240.12,757.12,3.55,46.44
11/7/2013,204.12,721.12,8.13,39.48
11/8/2013,239.12,756.12,3.67,46.25
11/9/2013,239.12,756.12,3.67,46.25
11/10/2013,239.12,756.12,3.67,46.25
11/11/2013,239.12,756.12,3.67,46.25
11/12/2013,232.12,749.12,4.57,44.9
11/13/2013,266.12,783.12,0.23,51.47
11/14/2013,284.58,801.5799999999999,0,55.04
11/15/2013,295.58,812.5799999999999,0,57.17
11/16/2013,295.58,812.5799999999999,0,57.17
11/17/2013,295.58,812.5799999999999,0,57.17
11/18/2013,282.58,799.5799999999999,1.6,54.66
11/19/2013,275.58,792.5799999999999,2.46,53.3
11/20/2013,262.58,779.5799999999999,4.06,50.79
11/21/2013,284.58,801.5799999999999,1.35,55.04
11/22/2013,297.58,814.5799999999999,0,57.56
11/23/2013,297.58,814.5799999999999,0,57.56
11/24/2013,297.58,814.5799999999999,0,57.56
11/25/2013,297.58,814.5799999999999,0,57.56
11/26/2013,295.58,812.5799999999999,0.25,57.17
11/27/2013,300.58,817.5799999999999,0,58.14
11/28/2013,300.58,817.5799999999999,0,58.14
11/29/2013,302.58,819.5799999999999,0,58.53
11/30/2013,302.58,819.5799999999999,0,58.53
12/1/2013,302.58,819.5799999999999,0,58.53
12/2/2013,288.58,805.5799999999999,1.71,55.82
12/3/2013,267.58,784.5799999999999,4.27,51.76
12/4/2013,269.58,786.5799999999999,4.03,52.14
12/5/2013,253.59,770.59,5.98,49.05
12/6/2013,291.58,808.5799999999999,1.34,56.4
12/7/2013,291.58,808.5799999999999,1.34,56.4
12/8/2013,291.58,808.5799999999999,1.34,56.4
12/9/2013,297.58,814.5799999999999,0.61,57.56
12/10/2013,276.05,793.05,3.24,53.39
12/11/2013,244.05,761.05,7.14,47.21
12/12/2013,237.05,754.05,8,45.85
12/13/2013,235.05,752.05,8.24,45.46
12/14/2013,235.05,752.05,8.24,45.46
12/15/2013,235.05,752.05,8.24,45.46
12/16/2013,251.05,768.05,6.29,48.56
12/17/2013,237.05,754.05,8,45.85
12/18/2013,279.05,796.05,2.87,53.97
12/19/2013,271.05,788.05,3.85,52.43
12/20/2013,295.05,812.05,0.92,57.07
12/21/2013,295.05,812.05,0.92,57.07
12/22/2013,295.05,812.05,0.92,57.07
12/23/2013,313.05,830.05,0,60.55
12/24/2013,322.51,839.51,0,62.38
12/25/2013,322.51,839.51,0,62.38
12/26/2013,331.51,848.51,0,64.12
12/27/2013,330.51,847.51,0.12,63.93
12/28/2013,330.51,847.51,0.12,63.93
12/29/2013,330.51,847.51,0.12,63.93
12/30/2013,329.51,846.51,0.24,63.74
12/31/2013,346.97,863.97,0,67.11
1/1/2014,346.97,863.97,0,67.11
1/2/2014,312.97,829.97,3.94,60.54
1/3/2014,308.97,825.97,4.4,59.76
1/4/2014,308.97,825.97,4.4,59.76
1/5/2014,308.97,825.97,4.4,59.76
1/6/2014,294.97,811.97,6.02,57.05
1/7/2014,302.97,819.97,5.09,58.6
1/8/2014,304.97,821.97,4.86,58.99
1/9/2014,302.97,819.97,5.09,58.6
1/10/2014,302.97,819.97,5.09,58.6
1/11/2014,302.97,819.97,5.09,58.6
1/12/2014,302.97,819.97,5.09,58.6
1/13/2014,276.97,793.97,8.1,53.57
1/14/2014,292.97,809.97,6.25,56.67
1/15/2014,306.97,823.97,4.63,59.38
1/16/2014,293.97,810.97,6.13,56.86
1/17/2014,284.97,801.97,7.18,55.12
1/18/2014,284.97,801.97,7.18,55.12
1/19/2014,284.97,801.97,7.18,55.12
1/20/2014,284.97,801.97,7.18,55.12
1/21/2014,285.97,802.97,7.06,55.31
1/22/2014,285.97,802.97,7.06,55.31
1/23/2014,270.97,787.97,8.8,52.41
1/24/2014,257.97,774.97,10.3,49.9
1/25/2014,257.97,774.97,10.3,49.9
1/26/2014,257.97,774.97,10.3,49.9
1/27/2014,257.97,774.97,10.3,49.9
1/28/2014,257.97,774.97,10.3,49.9
1/29/2014,255.97,772.97,10.53,49.51
1/30/2014,258.97,775.97,10.19,50.09
1/31/2014,257.97,774.97,10.3,49.9
2/1/2014,257.97,774.97,10.3,49.9
2/2/2014,257.97,774.97,10.3,49.9
2/3/2014,250.43,767.4300000000001,11.17,48.44
2/4/2014,261.43,778.4300000000001,9.9,50.57
2/5/2014,265.43,782.4300000000001,9.44,51.34
2/6/2014,305.43,822.4300000000001,4.81,59.08
2/7/2014,369.9,886.9,0,71.55
2/8/2014,369.9,886.9,0,71.55
2/9/2014,369.9,886.9,0,71.55
2/10/2014,368.9,885.9,0.11,71.35
2/11/2014,411.9,928.9,0,79.67
2/12/2014,419.9,936.9,0,81.22
2/13/2014,434.36,951.36,0,84.02
2/14/2014,455.36,972.36,0,88.08
2/15/2014,455.36,972.36,0,88.08
2/16/2014,455.36,972.36,0,88.08
2/17/2014,455.36,972.36,0,88.08
2/18/2014,459.36,976.36,0,88.85
2/19/2014,437.36,954.36,2.25,84.6
2/20/2014,455.36,972.36,0.41,88.08
2/21/2014,445.36,962.36,1.43,86.14
2/22/2014,445.36,962.36,1.43,86.14
2/23/2014,445.36,962.36,1.43,86.14
2/24/2014,472.36,989.36,0,91.37
2/25/2014,470.36,987.36,0.2,90.98
2/26/2014,458.36,975.36,1.42,88.66
2/27/2014,490.82,1007.8199999999999,0,94.94
2/28/2014,503.82,1020.8199999999999,0,97.45
3/1/2014,503.82,1020.8199999999999,0,97.45
3/2/2014,503.82,1020.8199999999999,0,97.45
3/3/2014,479.82,996.8199999999999,2.35,92.81
3/4/2014,525.82,1042.8200000000002,0,101.71
3/5/2014,524.82,1041.8200000000002,0.1,101.51
3/6/2014,531.82,1048.8200000000002,0,102.87
3/7/2014,529.28,1046.28,0.24,102.38
3/8/2014,529.28,1046.28,0.24,102.38
3/9/2014,529.28,1046.28,0.24,102.38
3/10/2014,525.28,1042.28,0.62,101.6
3/11/2014,505.28,1022.28,2.53,97.73
3/12/2014,506.28,1023.28,2.44,97.93
3/13/2014,484.28,1001.28,4.53,93.67
3/14/2014,480.28,997.28,4.91,92.9
3/15/2014,480.28,997.28,4.91,92.9
3/16/2014,480.28,997.28,4.91,92.9
3/17/2014,490.28,1007.28,3.96,94.83
3/18/2014,501.28,1018.28,2.91,96.96
3/19/2014,485.28,1002.28,4.44,93.86
3/20/2014,497.28,1014.28,3.29,96.19
3/21/2014,483.28,1000.28,4.63,93.48
3/22/2014,483.28,1000.28,4.63,93.48
3/23/2014,483.28,1000.28,4.63,93.48
3/24/2014,472.28,989.28,5.68,91.35
3/25/2014,476.28,993.28,5.3,92.12
3/26/2014,464.28,981.28,6.44,89.8
3/27/2014,461.28,978.28,6.73,89.22
3/28/2014,463.28,980.28,6.53,89.61
3/29/2014,463.28,980.28,6.53,89.61
3/30/2014,463.28,980.28,6.53,89.61
3/31/2014,465.74,982.74,6.3,90.09
4/1/2014,489.74,1006.74,4.01,94.73
4/2/2014,497.74,1014.74,3.25,96.27
4/3/2014,498.74,1015.74,3.15,96.47
4/4/2014,457.74,974.74,7.06,88.54
4/5/2014,457.74,974.74,7.06,88.54
4/6/2014,457.74,974.74,7.06,88.54
4/7/2014,428.74,945.74,9.83,82.93
4/8/2014,432.74,949.74,9.45,83.7
4/9/2014,456.74,973.74,7.16,88.34
4/10/2014,414.74,931.74,11.16,80.22
4/11/2014,406.74,923.74,11.93,78.67
4/12/2014,406.74,923.74,11.93,78.67
4/13/2014,406.74,923.74,11.93,78.67
4/14/2014,409.74,926.74,11.64,79.25
4/15/2014,419.74,936.74,10.69,81.19
4/16/2014,427.74,944.74,9.92,82.74
4/17/2014,427.74,944.74,9.92,82.74
4/18/2014,427.74,944.74,9.92,82.74
4/19/2014,427.74,944.74,9.92,82.74
4/20/2014,427.74,944.74,9.92,82.74
4/21/2014,433.74,950.74,9.35,83.9
4/22/2014,448.74,965.74,7.92,86.8
4/23/2014,442.74,959.74,8.49,85.64
4/24/2014,442.74,959.74,8.49,85.64
4/25/2014,422.74,939.74,10.4,81.77
4/26/2014,422.74,939.74,10.4,81.77
4/27/2014,422.74,939.74,10.4,81.77
4/28/2014,420.21,937.21,10.64,81.28
4/29/2014,428.21,945.21,9.88,82.83
4/30/2014,442.21,959.21,8.54,85.53
5/1/2014,437.21,954.21,9.02,84.57
5/2/2014,425.21,942.21,10.16,82.25
5/3/2014,425.21,942.21,10.16,82.25
5/4/2014,425.21,942.21,10.16,82.25
5/5/2014,426.21,943.21,10.07,82.44
5/6/2014,404.21,921.21,12.17,78.18
5/7/2014,418.21,935.21,10.83,80.89
5/8/2014,413.21,930.21,11.31,79.92
5/9/2014,409.21,926.21,11.69,79.15
5/10/2014,409.21,926.21,11.69,79.15
5/11/2014,409.21,926.21,11.69,79.15
5/12/2014,453.21,970.21,7.5,87.66
5/13/2014,453.21,970.21,7.5,87.66
5/14/2014,426.21,943.21,10.07,82.44
5/15/2014,388.21,905.21,13.69,75.09
5/16/2014,391.67,908.6700000000001,13.36,75.76
5/17/2014,391.67,908.6700000000001,13.36,75.76
5/18/2014,391.67,908.6700000000001,13.36,75.76
5/19/2014,401.67,918.6700000000001,12.41,77.69
5/20/2014,373.67,890.6700000000001,15.08,72.28
5/21/2014,401.67,918.6700000000001,12.41,77.69
5/22/2014,415.67,932.6700000000001,11.07,80.4
5/23/2014,426.67,943.6700000000001,10.03,82.53
5/24/2014,426.67,943.6700000000001,10.03,82.53
5/25/2014,426.67,943.6700000000001,10.03,82.53
5/26/2014,426.67,943.6700000000001,10.03,82.53
5/27/2014,451.13,968.13,7.69,87.26
5/28/2014,451.13,968.13,7.69,87.26
5/29/2014,465.13,982.13,6.36,89.97
5/30/2014,469.13,986.13,5.98,90.74
5/31/2014,469.13,986.13,5.98,90.74
6/1/2014,469.13,986.13,5.98,90.74
6/2/2014,472.13,989.13,5.69,91.32
6/3/2014,471.13,988.13,5.79,91.13
6/4/2014,480.13,997.13,4.93,92.87
6/5/2014,501.59,1018.5899999999999,2.88,97.02
6/6/2014,514.59,1031.5900000000001,1.64,99.53
6/7/2014,514.59,1031.5900000000001,1.64,99.53
6/8/2014,514.59,1031.5900000000001,1.64,99.53
6/9/2014,515.59,1032.5900000000001,1.55,99.73
6/10/2014,513.59,1030.5900000000001,1.74,99.34
6/11/2014,500.59,1017.5899999999999,2.98,96.83
6/12/2014,476.59,993.5899999999999,5.27,92.18
6/13/2014,482.59,999.5899999999999,4.69,93.34
6/14/2014,482.59,999.5899999999999,4.69,93.34
6/15/2014,482.59,999.5899999999999,4.69,93.34
6/16/2014,483.59,1000.5899999999999,4.6,93.54
6/17/2014,486.59,1003.5899999999999,4.31,94.12
6/18/2014,511.59,1028.59,1.93,98.95
6/19/2014,509.59,1026.59,2.12,98.57
6/20/2014,515.59,1032.5900000000001,1.55,99.73
6/21/2014,515.59,1032.5900000000001,1.55,99.73
6/22/2014,515.59,1032.5900000000001,1.55,99.73
6/23/2014,512.59,1029.5900000000001,1.83,99.15
6/24/2014,491.59,1008.5899999999999,3.84,95.09
6/25/2014,502.59,1019.5899999999999,2.79,97.21
6/26/2014,497.59,1014.5899999999999,3.26,96.25
6/27/2014,503.59,1020.5899999999999,2.69,97.41
6/28/2014,503.59,1020.5899999999999,2.69,97.41
6/29/2014,503.59,1020.5899999999999,2.69,97.41
6/30/2014,500.05,1017.05,3.03,96.72
7/1/2014,508.05,1025.05,2.27,98.27
7/2/2014,510.05,1027.05,2.08,98.66
7/3/2014,517.05,1034.05,1.41,100.01
7/4/2014,517.05,1034.05,1.41,100.01
7/5/2014,517.05,1034.05,1.41,100.01
7/6/2014,517.05,1034.05,1.41,100.01
7/7/2014,512.05,1029.05,1.88,99.04
7/8/2014,503.05,1020.05,2.74,97.3
7/9/2014,509.05,1026.05,2.17,98.46
7/10/2014,502.05,1019.05,2.84,97.11
7/11/2014,504.05,1021.05,2.65,97.5
7/12/2014,504.05,1021.05,2.65,97.5
7/13/2014,504.05,1021.05,2.65,97.5
7/14/2014,510.05,1027.05,2.08,98.66
7/15/2014,507.05,1024.05,2.36,98.08
7/16/2014,514.05,1031.05,1.69,99.43
7/17/2014,500.05,1017.05,3.03,96.72
7/18/2014,512.05,1029.05,1.88,99.04
7/19/2014,512.05,1029.05,1.88,99.04
7/20/2014,512.05,1029.05,1.88,99.04
7/21/2014,506.05,1023.05,2.46,97.88
7/22/2014,514.05,1031.05,1.69,99.43
7/23/2014,518.05,1035.05,1.31,100.2
7/24/2014,518.05,1035.05,1.31,100.2
7/25/2014,509.05,1026.05,2.17,98.46
7/26/2014,509.05,1026.05,2.17,98.46
7/27/2014,509.05,1026.05,2.17,98.46
7/28/2014,505.52,1022.52,2.51,97.78
7/29/2014,477.52,994.52,5.18,92.36
7/30/2014,480.52,997.52,4.89,92.94
7/31/2014,422.52,939.52,10.42,81.73
8/1/2014,403.52,920.52,12.23,78.05
8/2/2014,403.52,920.52,12.23,78.05
8/3/2014,403.52,920.52,12.23,78.05
8/4/2014,407.52,924.52,11.85,78.82
8/5/2014,392.52,909.52,13.28,75.92
8/6/2014,390.52,907.52,13.47,75.54
8/7/2014,385.52,902.52,13.95,74.57
8/8/2014,396.52,913.52,12.9,76.7
8/9/2014,396.52,913.52,12.9,76.7
8/10/2014,396.52,913.52,12.9,76.7
8/11/2014,392.52,909.52,13.28,75.92
8/12/2014,388.52,905.52,13.66,75.15
8/13/2014,394.52,911.52,13.09,76.31
8/14/2014,398.52,915.52,12.71,77.08
8/15/2014,390.98,907.98,13.43,75.62
8/16/2014,390.98,907.98,13.43,75.62
8/17/2014,390.98,907.98,13.43,75.62
8/18/2014,399.98,916.98,12.57,77.37
8/19/2014,407.98,924.98,11.81,78.91
8/20/2014,411.98,928.98,11.43,79.69
8/21/2014,413.44,930.44,11.29,79.97
8/22/2014,406.44,923.44,11.95,78.62
8/23/2014,406.44,923.44,11.95,78.62
8/24/2014,406.44,923.44,11.95,78.62
8/25/2014,419.44,936.44,10.71,81.13
8/26/2014,424.44,941.44,10.24,82.1
8/27/2014,420.44,937.44,10.62,81.32
8/28/2014,419.44,936.44,10.71,81.13
8/29/2014,424.44,941.44,10.24,82.1
8/30/2014,424.44,941.44,10.24,82.1
8/31/2014,424.44,941.44,10.24,82.1
9/1/2014,424.44,941.44,10.24,82.1
9/2/2014,419.44,936.44,10.71,81.13
9/3/2014,414.44,931.44,11.19,80.16
9/4/2014,411.44,928.44,11.48,79.58
9/5/2014,420.44,937.44,10.62,81.32
9/6/2014,420.44,937.44,10.62,81.32
9/7/2014,420.44,937.44,10.62,81.32
9/8/2014,404.44,921.44,12.15,78.23
9/9/2014,384.44,901.44,14.05,74.36
9/10/2014,391.44,908.44,13.38,75.71
9/11/2014,391.44,908.44,13.38,75.71
9/12/2014,369.9,886.9,15.44,71.55
9/13/2014,369.9,886.9,15.44,71.55
9/14/2014,369.9,886.9,15.44,71.55
9/15/2014,367.9,884.9,15.63,71.16
9/16/2014,392.9,909.9,13.25,76
9/17/2014,394.9,911.9,13.05,76.38
9/18/2014,414.9,931.9,11.15,80.25
9/19/2014,411.9,928.9,11.43,79.67
9/20/2014,411.9,928.9,11.43,79.67
9/21/2014,411.9,928.9,11.43,79.67
9/22/2014,374.9,891.9,14.96,72.51
9/23/2014,352.9,869.9,17.06,68.26
9/24/2014,382.9,899.9,14.2,74.06
9/25/2014,330.9,847.9,19.16,64
9/26/2014,354.9,871.9,16.87,68.65
9/27/2014,354.9,871.9,16.87,68.65
9/28/2014,354.9,871.9,16.87,68.65
9/29/2014,339.9,856.9,18.3,65.74
9/30/2014,331.9,848.9,19.06,64.2
10/1/2014,301.9,818.9,21.92,58.39
10/2/2014,295.9,812.9,22.49,57.23
10/3/2014,308.36,825.36,21.31,59.64
10/4/2014,308.36,825.36,21.31,59.64
10/5/2014,308.36,825.36,21.31,59.64
10/6/2014,299.36,816.36,22.16,57.9
10/7/2014,268.36,785.36,25.12,51.91
10/8/2014,308.36,825.36,21.31,59.64
10/9/2014,265.36,782.36,25.41,51.33
10/10/2014,239.36,756.36,27.88,46.3
10/11/2014,239.36,756.36,27.88,46.3
10/12/2014,239.36,756.36,27.88,46.3
10/13/2014,232.36,749.36,28.55,44.94
10/14/2014,235.36,752.36,28.27,45.52
10/15/2014,227.36,744.36,29.03,43.98
10/16/2014,225.36,742.36,29.22,43.59
10/17/2014,223.36,740.36,29.41,43.2
10/18/2014,223.36,740.36,29.41,43.2
10/19/2014,223.36,740.36,29.41,43.2
10/20/2014,226.36,743.36,29.12,43.78
10/21/2014,241.36,758.36,27.69,46.68
10/22/2014,239.36,756.36,27.88,46.3
10/23/2014,253.36,770.36,26.55,49.01
10/24/2014,271.83,788.8299999999999,24.79,52.58
10/25/2014,271.83,788.8299999999999,24.79,52.58
10/26/2014,271.83,788.8299999999999,24.79,52.58
10/27/2014,266.83,783.8299999999999,25.27,51.61
10/28/2014,300.83,817.8299999999999,22.02,58.19
10/29/2014,290.83,807.8299999999999,22.98,56.25
10/30/2014,316.83,833.8299999999999,20.5,61.28
10/31/2014,360.29,877.29,16.35,69.69
11/1/2014,360.29,877.29,16.35,69.69
11/2/2014,360.29,877.29,16.35,69.69
11/3/2014,357.29,874.29,16.64,69.11
11/4/2014,344.29,861.29,17.88,66.59
11/5/2014,361.29,878.29,16.26,69.88
11/6/2014,372.29,889.29,15.21,72.01
11/7/2014,362.29,879.29,16.16,70.08
11/8/2014,362.29,879.29,16.16,70.08
11/9/2014,362.29,879.29,16.16,70.08
11/10/2014,367.29,884.29,15.69,71.04
11/11/2014,371.29,888.29,15.31,71.82
11/12/2014,373.29,890.29,15.12,72.2
11/13/2014,374.29,891.29,15.02,72.4
11/14/2014,376.29,893.29,14.83,72.78
11/15/2014,376.29,893.29,14.83,72.78
11/16/2014,376.29,893.29,14.83,72.78
11/17/2014,373.29,890.29,15.12,72.2
11/18/2014,406.29,923.29,11.97,78.59
11/19/2014,395.29,912.29,13.02,76.46
11/20/2014,399.29,916.29,12.64,77.23
11/21/2014,429.75,946.75,9.73,83.12
11/22/2014,429.75,946.75,9.73,83.12
11/23/2014,429.75,946.75,9.73,83.12
11/24/2014,441.75,958.75,8.59,85.44
11/25/2014,438.75,955.75,8.87,84.86
11/26/2014,451.75,968.75,7.63,87.38
11/27/2014,451.75,968.75,7.63,87.38
11/28/2014,440.75,957.75,8.68,85.25
11/29/2014,440.75,957.75,8.68,85.25
11/30/2014,440.75,957.75,8.68,85.25
12/1/2014,414.75,931.75,11.16,80.22
12/2/2014,428.75,945.75,9.83,82.93
12/3/2014,449.75,966.75,7.82,86.99
12/4/2014,440.75,957.75,8.68,85.25
12/5/2014,433.75,950.75,9.35,83.9
12/6/2014,433.75,950.75,9.35,83.9
12/7/2014,433.75,950.75,9.35,83.9
12/8/2014,411.75,928.75,11.45,79.64
12/9/2014,412.75,929.75,11.35,79.84
12/10/2014,380.75,897.75,14.4,73.65
12/11/2014,388.75,905.75,13.64,75.19
12/12/2014,365.21,882.21,15.89,70.64
12/13/2014,365.21,882.21,15.89,70.64
12/14/2014,365.21,882.21,15.89,70.64
12/15/2014,332.21,849.21,19.03,64.26
12/16/2014,318.21,835.21,20.37,61.55
12/17/2014,360.21,877.21,16.36,69.67
12/18/2014,439.67,956.6700000000001,8.79,85.04
12/19/2014,463.67,980.6700000000001,6.5,89.68
12/20/2014,463.67,980.6700000000001,6.5,89.68
12/21/2014,463.67,980.6700000000001,6.5,89.68
12/22/2014,471.67,988.6700000000001,5.74,91.23
12/23/2014,486.67,1003.6700000000001,4.3,94.13
12/24/2014,481.67,998.6700000000001,4.78,93.17
12/25/2014,481.67,998.6700000000001,4.78,93.17
12/26/2014,498.67,1015.6700000000001,3.16,96.45
12/27/2014,498.67,1015.6700000000001,3.16,96.45
12/28/2014,498.67,1015.6700000000001,3.16,96.45
12/29/2014,497.67,1014.6700000000001,3.26,96.26
12/30/2014,470.67,987.6700000000001,5.83,91.04
12/31/2014,421.67,938.6700000000001,10.5,81.56
1/1/2015,421.67,938.6700000000001,10.5,81.56
1/2/2015,407.67,924.6700000000001,11.84,78.85
1/3/2015,407.67,924.6700000000001,11.84,78.85
1/4/2015,407.67,924.6700000000001,11.84,78.85
1/5/2015,347.67,864.6700000000001,17.56,67.25
1/6/2015,331.67,848.6700000000001,19.08,64.15
1/7/2015,343.67,860.6700000000001,17.94,66.47
1/8/2015,388.67,905.6700000000001,13.65,75.18
1/9/2015,350.14,867.14,17.32,67.73
1/10/2015,350.14,867.14,17.32,67.73
1/11/2015,350.14,867.14,17.32,67.73
1/12/2015,326.14,843.14,19.61,63.08
1/13/2015,315.14,832.14,20.66,60.96
1/14/2015,306.14,823.14,21.52,59.21
1/15/2015,288.14,805.14,23.23,55.73
1/16/2015,307.14,824.14,21.42,59.41
1/17/2015,307.14,824.14,21.42,59.41
1/18/2015,307.14,824.14,21.42,59.41
1/19/2015,307.14,824.14,21.42,59.41
1/20/2015,305.14,822.14,21.61,59.02
1/21/2015,309.14,826.14,21.23,59.79
1/22/2015,345.14,862.14,17.8,66.76
1/23/2015,320.14,837.14,20.18,61.92
1/24/2015,320.14,837.14,20.18,61.92
1/25/2015,320.14,837.14,20.18,61.92
1/26/2015,319.14,836.14,20.28,61.73
1/27/2015,290.14,807.14,23.04,56.12
1/28/2015,269.14,786.14,25.05,52.06
1/29/2015,276.14,793.14,24.38,53.41
1/30/2015,261.6,778.6,25.76,50.6
1/31/2015,261.6,778.6,25.76,50.6
2/1/2015,261.6,778.6,25.76,50.6
2/2/2015,303.6,820.6,21.76,58.72
2/3/2015,349.06,866.06,17.43,67.52
2/4/2015,338.06,855.06,18.47,65.39
2/5/2015,367.06,884.06,15.71,71
2/6/2015,361.06,878.06,16.28,69.84
2/7/2015,361.06,878.06,16.28,69.84
2/8/2015,361.06,878.06,16.28,69.84
2/9/2015,346.06,863.06,17.71,66.94
2/10/2015,376.06,893.06,14.85,72.74
2/11/2015,373.06,890.06,15.14,72.16
2/12/2015,399.52,916.52,12.61,77.28
2/13/2015,415.52,932.52,11.09,80.37
2/14/2015,415.52,932.52,11.09,80.37
2/15/2015,415.52,932.52,11.09,80.37
2/16/2015,415.52,932.52,11.09,80.37
2/17/2015,415.52,932.52,11.09,80.37
2/18/2015,413.52,930.52,11.28,79.98
2/19/2015,408.52,925.52,11.76,79.02
2/20/2015,430.52,947.52,9.66,83.27
2/21/2015,430.52,947.52,9.66,83.27
2/22/2015,430.52,947.52,9.66,83.27
2/23/2015,419.52,936.52,10.71,81.15
2/24/2015,430.52,947.52,9.66,83.27
2/25/2015,423.52,940.52,10.33,81.92
2/26/2015,416.52,933.52,10.99,80.56
2/27/2015,394.52,911.52,13.09,76.31
2/28/2015,394.52,911.52,13.09,76.31
3/1/2015,394.52,911.52,13.09,76.31
3/2/2015,417.52,934.52,10.9,80.76
3/3/2015,394.52,911.52,13.09,76.31
3/4/2015,369.52,886.52,15.47,71.47
3/5/2015,374.52,891.52,15,72.44
3/6/2015,317.52,834.52,20.43,61.42
3/7/2015,317.52,834.52,20.43,61.42
3/8/2015,317.52,834.52,20.43,61.42
3/9/2015,319.52,836.52,20.24,61.8
3/10/2015,295.98,812.98,22.49,57.25
3/11/2015,290.98,807.98,22.96,56.28
3/12/2015,327.98,844.98,19.44,63.44
3/13/2015,304.98,821.98,21.63,58.99
3/14/2015,304.98,821.98,21.63,58.99
3/15/2015,304.98,821.98,21.63,58.99
3/16/2015,348.98,865.98,17.43,67.5
3/17/2015,341.98,858.98,18.1,66.15
3/18/2015,385.45,902.45,13.96,74.56
3/19/2015,366.45,883.45,15.77,70.88
3/20/2015,388.45,905.45,13.67,75.14
3/21/2015,388.45,905.45,13.67,75.14
3/22/2015,388.45,905.45,13.67,75.14
3/23/2015,377.45,894.45,14.72,73.01
3/24/2015,356.45,873.45,16.72,68.95
3/25/2015,325.45,842.45,19.68,62.95
3/26/2015,321.45,838.45,20.06,62.18
3/27/2015,321.45,838.45,20.06,62.18
3/28/2015,321.45,838.45,20.06,62.18
3/29/2015,321.45,838.45,20.06,62.18
3/30/2015,344.45,861.45,17.86,66.62
3/31/2015,325.45,842.45,19.68,62.95
4/1/2015,312.45,829.45,20.92,60.44
4/2/2015,315.45,832.45,20.63,61.02
4/3/2015,315.45,832.45,20.63,61.02
4/4/2015,315.45,832.45,20.63,61.02
4/5/2015,315.45,832.45,20.63,61.02
4/6/2015,323.45,840.45,19.87,62.56
4/7/2015,315.45,832.45,20.63,61.02
4/8/2015,315.45,832.45,20.63,61.02
4/9/2015,319.45,836.45,20.25,61.79
4/10/2015,322.91,839.9100000000001,19.92,62.46
4/11/2015,322.91,839.9100000000001,19.92,62.46
4/12/2015,322.91,839.9100000000001,19.92,62.46
4/13/2015,309.91,826.9100000000001,21.16,59.94
4/14/2015,308.91,825.9100000000001,21.25,59.75
4/15/2015,323.91,840.9100000000001,19.82,62.65
4/16/2015,319.91,836.9100000000001,20.2,61.88
4/17/2015,277.91,794.9100000000001,24.21,53.75
4/18/2015,277.91,794.9100000000001,24.21,53.75
4/19/2015,277.91,794.9100000000001,24.21,53.75
4/20/2015,301.91,818.9100000000001,21.92,58.4
4/21/2015,295.91,812.9100000000001,22.49,57.24
4/22/2015,311.91,828.9100000000001,20.97,60.33
4/23/2015,323.91,840.9100000000001,19.82,62.65
4/24/2015,330.91,847.9100000000001,19.16,64.01
4/25/2015,330.91,847.9100000000001,19.16,64.01
4/26/2015,330.91,847.9100000000001,19.16,64.01
4/27/2015,306.91,823.9100000000001,21.44,59.36
4/28/2015,315.91,832.9100000000001,20.59,61.1
4/29/2015,302.91,819.9100000000001,21.83,58.59
4/30/2015,269.91,786.9100000000001,24.97,52.21
5/1/2015,290.37,807.37,23.02,56.16
5/2/2015,290.37,807.37,23.02,56.16
5/3/2015,290.37,807.37,23.02,56.16
5/4/2015,303.37,820.37,21.78,58.68
5/5/2015,265.37,782.37,25.4,51.33
5/6/2015,250.37,767.37,26.83,48.43
5/7/2015,266.37,783.37,25.31,51.52
5/8/2015,294.37,811.37,22.64,56.94
5/9/2015,294.37,811.37,22.64,56.94
5/10/2015,294.37,811.37,22.64,56.94
5/11/2015,272.37,789.37,24.74,52.68
5/12/2015,267.37,784.37,25.21,51.72
5/13/2015,262.37,779.37,25.69,50.75
5/14/2015,299.37,816.37,22.16,57.91
5/15/2015,299.37,816.37,22.16,57.91
5/16/2015,299.37,816.37,22.16,57.91
5/17/2015,299.37,816.37,22.16,57.91
5/18/2015,313.37,830.37,20.83,60.61
5/19/2015,306.37,823.37,21.5,59.26
5/20/2015,302.37,819.37,21.88,58.49
5/21/2015,309.37,826.37,21.21,59.84
5/22/2015,288.83,805.8299999999999,23.17,55.87
5/23/2015,288.83,805.8299999999999,23.17,55.87
5/24/2015,288.83,805.8299999999999,23.17,55.87
5/25/2015,288.83,805.8299999999999,23.17,55.87
5/26/2015,257.83,774.8299999999999,26.12,49.87
5/27/2015,281.83,798.8299999999999,23.84,54.51
5/28/2015,275.83,792.8299999999999,24.41,53.35
5/29/2015,258.83,775.8299999999999,26.03,50.06
5/30/2015,258.83,775.8299999999999,26.03,50.06
5/31/2015,258.83,775.8299999999999,26.03,50.06
6/1/2015,256.83,773.8299999999999,26.22,49.68
6/2/2015,252.83,769.83,26.6,48.9
6/3/2015,256.83,773.8299999999999,26.22,49.68
6/4/2015,238.83,755.83,27.94,46.2
6/5/2015,232.83,749.83,28.51,45.03
6/6/2015,232.83,749.83,28.51,45.03
6/7/2015,232.83,749.83,28.51,45.03
6/8/2015,225.83,742.83,29.17,43.68
6/9/2015,223.83,740.83,29.37,43.29
6/10/2015,233.83,750.83,28.41,45.23
6/11/2015,228.29,745.29,28.94,44.16
6/12/2015,209.29,726.29,30.75,40.48
6/13/2015,209.29,726.29,30.75,40.48
6/14/2015,209.29,726.29,30.75,40.48
6/15/2015,198.29,715.29,31.8,38.35
6/16/2015,212.29,729.29,30.47,41.06
6/17/2015,215.29,732.29,30.18,41.64
6/18/2015,244.29,761.29,27.41,47.25
6/19/2015,229.29,746.29,28.84,44.35
6/20/2015,229.29,746.29,28.84,44.35
6/21/2015,229.29,746.29,28.84,44.35
6/22/2015,243.29,760.29,27.51,47.06
6/23/2015,238.29,755.29,27.99,46.09
6/24/2015,211.29,728.29,30.56,40.87
6/25/2015,200.29,717.29,31.61,38.74
6/26/2015,195.29,712.29,32.09,37.77
6/27/2015,195.29,712.29,32.09,37.77
6/28/2015,195.29,712.29,32.09,37.77
6/29/2015,162.29,679.29,35.23,31.39
6/30/2015,162.29,679.29,35.23,31.39
7/1/2015,164.29,681.29,35.04,31.78
7/2/2015,166.29,683.29,34.85,32.16
7/3/2015,166.29,683.29,34.85,32.16
7/4/2015,166.29,683.29,34.85,32.16
7/5/2015,166.29,683.29,34.85,32.16
7/6/2015,150.76,667.76,36.33,29.16
7/7/2015,165.76,682.76,34.9,32.06
7/8/2015,123.76,640.76,38.91,23.94
7/9/2015,130.76,647.76,38.24,25.29
7/10/2015,157.76,674.76,35.66,30.51
7/11/2015,157.76,674.76,35.66,30.51
7/12/2015,157.76,674.76,35.66,30.51
7/13/2015,185.76,702.76,33,35.93
7/14/2015,201.76,718.76,31.47,39.03
7/15/2015,194.76,711.76,32.14,37.67
7/16/2015,227.22,744.22,29.04,43.95
7/17/2015,227.22,744.22,29.04,43.95
7/18/2015,227.22,744.22,29.04,43.95
7/19/2015,227.22,744.22,29.04,43.95
7/20/2015,226.22,743.22,29.14,43.76
7/21/2015,211.22,728.22,30.57,40.85
7/22/2015,193.22,710.22,32.28,37.37
7/23/2015,180.22,697.22,33.52,34.86
7/24/2015,163.22,680.22,35.14,31.57
7/25/2015,163.22,680.22,35.14,31.57
7/26/2015,163.22,680.22,35.14,31.57
7/27/2015,158.22,675.22,35.62,30.6
7/28/2015,165.22,682.22,34.95,31.96
7/29/2015,176.22,693.22,33.9,34.09
7/30/2015,171.22,688.22,34.38,33.12
7/31/2015,163.22,680.22,35.14,31.57
8/1/2015,163.22,680.22,35.14,31.57
8/2/2015,163.22,680.22,35.14,31.57
8/3/2015,155.22,672.22,35.91,30.02
8/4/2015,152.22,669.22,36.19,29.44
8/5/2015,154.22,671.22,36,29.83
8/6/2015,150.22,667.22,36.38,29.06
8/7/2015,144.68,661.6800000000001,36.91,27.98
8/8/2015,144.68,661.6800000000001,36.91,27.98
8/9/2015,144.68,661.6800000000001,36.91,27.98
8/10/2015,184.68,701.6800000000001,33.1,35.72
8/11/2015,155.68,672.6800000000001,35.86,30.11
8/12/2015,159.68,676.6800000000001,35.48,30.89
8/13/2015,153.68,670.6800000000001,36.05,29.73
8/14/2015,161.68,678.6800000000001,35.29,31.27
8/15/2015,161.68,678.6800000000001,35.29,31.27
8/16/2015,161.68,678.6800000000001,35.29,31.27
8/17/2015,181.68,698.6800000000001,33.38,35.14
8/18/2015,170.68,687.6800000000001,34.43,33.01
8/19/2015,133.68,650.6800000000001,37.96,25.86
8/20/2015,92.68,609.6800000000001,41.87,17.93
8/21/2015,68.68,585.6800000000001,44.16,13.28
8/22/2015,68.68,585.6800000000001,44.16,13.28
8/23/2015,68.68,585.6800000000001,44.16,13.28
8/24/2015,65.68,582.6800000000001,44.44,12.7
8/25/2015,60.68,577.68,44.92,11.74
8/26/2015,62.68,579.68,44.73,12.12
8/27/2015,69.68,586.6800000000001,44.06,13.48
8/28/2015,65.14,582.14,44.5,12.6
8/29/2015,65.14,582.14,44.5,12.6
8/30/2015,65.14,582.14,44.5,12.6
8/31/2015,38.14,555.14,47.07,7.38
9/1/2015,-27.86,489.14,53.36,-5.39
9/2/2015,-20.86,496.14,52.7,-4.03
9/3/2015,-13.86,503.14,52.03,-2.68
9/4/2015,-40.86,476.14,54.6,-7.9
9/5/2015,-40.86,476.14,54.6,-7.9
9/6/2015,-40.86,476.14,54.6,-7.9
9/7/2015,-40.86,476.14,54.6,-7.9
9/8/2015,-10.86,506.14,51.74,-2.1
9/9/2015,-42.86,474.14,54.79,-8.29
9/10/2015,-42.86,474.14,54.79,-8.29
9/11/2015,-38.86,478.14,54.41,-7.52
9/12/2015,-38.86,478.14,54.41,-7.52
9/13/2015,-38.86,478.14,54.41,-7.52
9/14/2015,-50.86,466.14,55.56,-9.84
9/15/2015,-17.86,499.14,52.41,-3.45
9/16/2015,3.14,520.14,50.41,0.61
9/17/2015,-23.86,493.14,52.98,-4.62
9/18/2015,-64.4,452.6,56.85,-12.46
9/19/2015,-64.4,452.6,56.85,-12.46
9/20/2015,-64.4,452.6,56.85,-12.46
9/21/2015,-66.4,450.6,57.04,-12.84
9/22/2015,-109.4,407.6,61.14,-21.16
9/23/2015,-109.4,407.6,61.14,-21.16
9/24/2015,-113.4,403.6,61.52,-21.93
9/25/2015,-118.4,398.6,62,-22.9
9/26/2015,-118.4,398.6,62,-22.9
9/27/2015,-118.4,398.6,62,-22.9
9/28/2015,-154.4,362.6,65.43,-29.86
9/29/2015,-157.4,359.6,65.71,-30.44
9/30/2015,-136.4,380.6,63.71,-26.38
10/1/2015,-149.4,367.6,64.95,-28.9
10/2/2015,-115.4,401.6,61.71,-22.32
10/3/2015,-115.4,401.6,61.71,-22.32
10/4/2015,-115.4,401.6,61.71,-22.32
10/5/2015,-65.4,451.6,56.94,-12.65
10/6/2015,-79.4,437.6,58.28,-15.36
10/7/2015,-57.4,459.6,56.18,-11.1
10/8/2015,-16.4,500.6,52.27,-3.17
10/9/2015,-21.93,495.07,52.8,-4.24
10/10/2015,-21.93,495.07,52.8,-4.24
10/11/2015,-21.93,495.07,52.8,-4.24
10/12/2015,-27.93,489.07,53.37,-5.4
10/13/2015,-41.93,475.07,54.7,-8.11
10/14/2015,-55.93,461.07,56.04,-10.82
10/15/2015,-20.93,496.07,52.7,-4.05
10/16/2015,-12.93,504.07,51.94,-2.5
10/17/2015,-12.93,504.07,51.94,-2.5
10/18/2015,-12.93,504.07,51.94,-2.5
10/19/2015,-21.93,495.07,52.8,-4.24
10/20/2015,-25.93,491.07,53.18,-5.02
10/21/2015,-37.93,479.07,54.32,-7.34
10/22/2015,17.07,534.07,49.08,3.3
10/23/2015,57.53,574.53,45.22,11.13
10/24/2015,57.53,574.53,45.22,11.13
10/25/2015,57.53,574.53,45.22,11.13
10/26/2015,52.53,569.53,45.7,10.16
10/27/2015,43.53,560.53,46.56,8.42
10/28/2015,76.53,593.53,43.41,14.8
10/29/2015,78.53,595.53,43.22,15.19
10/30/2015,67.53,584.53,44.27,13.06
10/31/2015,67.53,584.53,44.27,13.06
11/1/2015,67.53,584.53,44.27,13.06
11/2/2015,95.53,612.53,41.6,18.48
11/3/2015,120.26,637.26,39.24,23.26
11/4/2015,116.99,633.99,39.55,22.63
11/5/2015,115.99,632.99,39.65,22.44
11/6/2015,115.99,632.99,39.65,22.44
11/7/2015,115.99,632.99,39.65,22.44
11/8/2015,115.99,632.99,39.65,22.44
11/9/2015,115.99,632.99,39.65,22.44
11/10/2015,70.99,587.99,43.94,13.73
11/11/2015,76.99,593.99,43.37,14.89
11/12/2015,43.99,560.99,46.51,8.51
11/13/2015,36.99,553.99,47.18,7.15
11/14/2015,36.99,553.99,47.18,7.15
11/15/2015,36.99,553.99,47.18,7.15
11/16/2015,36.99,553.99,47.18,7.15
11/17/2015,45.99,562.99,46.32,8.9
11/18/2015,69.99,586.99,44.03,13.54
11/19/2015,64.99,581.99,44.51,12.57
11/20/2015,60.99,577.99,44.89,11.8
11/21/2015,60.99,577.99,44.89,11.8
11/22/2015,60.99,577.99,44.89,11.8
11/23/2015,60.99,577.99,44.89,11.8
11/24/2015,60.99,577.99,44.89,11.8
11/25/2015,44.99,561.99,46.42,8.7
11/26/2015,44.99,561.99,46.42,8.7
11/27/2015,46.99,563.99,46.23,9.09
11/28/2015,46.99,563.99,46.23,9.09
11/29/2015,46.99,563.99,46.23,9.09
11/30/2015,115.99,632.99,39.65,22.44
12/1/2015,139.99,656.99,37.36,27.08
12/2/2015,106.99,623.99,40.51,20.69
12/3/2015,76.99,593.99,43.37,14.89
12/4/2015,116.99,633.99,39.55,22.63
12/5/2015,116.99,633.99,39.55,22.63
12/6/2015,116.99,633.99,39.55,22.63
12/7/2015,101.99,618.99,40.98,19.73
12/8/2015,81.99,598.99,42.89,15.86
12/9/2015,67.99,584.99,44.22,13.15
12/10/2015,69.99,586.99,44.03,13.54
12/11/2015,50.99,567.99,45.84,9.86
12/12/2015,50.99,567.99,45.84,9.86
12/13/2015,50.99,567.99,45.84,9.86
12/14/2015,48.99,565.99,46.04,9.48
12/15/2015,63.99,580.99,44.61,12.38
12/16/2015,85.99,602.99,42.51,16.63
12/17/2015,52.99,569.99,45.65,10.25
12/18/2015,32.99,549.99,47.56,6.38
12/19/2015,32.99,549.99,47.56,6.38
12/20/2015,32.99,549.99,47.56,6.38
12/21/2015,32.99,549.99,47.56,6.38
12/22/2015,34.99,551.99,47.37,6.77
12/23/2015,43.99,560.99,46.51,8.51
12/24/2015,38.99,555.99,46.99,7.54
12/25/2015,38.99,555.99,46.99,7.54
12/26/2015,38.99,555.99,46.99,7.54
12/27/2015,38.99,555.99,46.99,7.54
12/28/2015,31.45,548.45,47.71,6.08
12/29/2015,74.45,591.45,43.61,14.4
12/30/2015,44.45,561.45,46.47,8.6
12/31/2015,16.45,533.45,49.14,3.18
1/1/2016,16.45,533.45,49.14,3.18
1/2/2016,16.45,533.45,49.14,3.18
1/3/2016,16.45,533.45,49.14,3.18
1/4/2016,-36.55,480.45,54.19,-7.07
1/5/2016,-36.55,480.45,54.19,-7.07
1/6/2016,-59.55,457.45,56.38,-11.52
1/7/2016,-67.55,449.45,57.15,-13.07
1/8/2016,-73.55,443.45,57.72,-14.23
1/9/2016,-73.55,443.45,57.72,-14.23
1/10/2016,-73.55,443.45,57.72,-14.23
1/11/2016,-77.55,439.45,58.1,-15
1/12/2016,-77.55,439.45,58.1,-15
1/13/2016,-78.55,438.45,58.2,-15.19
1/14/2016,-77.55,439.45,58.1,-15
1/15/2016,-83.09,433.90999999999997,58.63,-16.07
1/16/2016,-83.09,433.90999999999997,58.63,-16.07
1/17/2016,-83.09,433.90999999999997,58.63,-16.07
1/18/2016,-83.09,433.90999999999997,58.63,-16.07
1/19/2016,-86.09,430.90999999999997,58.91,-16.65
1/20/2016,-127.09,389.90999999999997,62.82,-24.58
1/21/2016,-110.09,406.90999999999997,61.2,-21.29
1/22/2016,-67.09,449.90999999999997,57.1,-12.98
1/23/2016,-67.09,449.90999999999997,57.1,-12.98
1/24/2016,-67.09,449.90999999999997,57.1,-12.98
1/25/2016,-125.09,391.90999999999997,62.63,-24.2
1/26/2016,-85.09,431.90999999999997,58.82,-16.46
1/27/2016,-122.09,394.90999999999997,62.35,-23.62
1/28/2016,-106.09,410.90999999999997,60.82,-20.52
1/29/2016,-16.09,500.91,52.24,-3.11
1/30/2016,-16.09,500.91,52.24,-3.11
1/31/2016,-16.09,500.91,52.24,-3.11
2/1/2016,-10.09,506.91,51.67,-1.95
2/2/2016,-99.09,417.90999999999997,60.15,-19.17
2/3/2016,-81.09,435.90999999999997,58.44,-15.68
2/4/2016,-77.09,439.90999999999997,58.06,-14.91
2/5/2016,-162.62,354.38,66.21,-31.45
2/6/2016,-162.62,354.38,66.21,-31.45
2/7/2016,-162.62,354.38,66.21,-31.45
2/8/2016,-197.62,319.38,69.55,-38.22
2/9/2016,-196.62,320.38,69.45,-38.03
2/10/2016,-198.62,318.38,69.64,-38.42
2/11/2016,-224.62,292.38,72.12,-43.45
2/12/2016,-188.62,328.38,68.69,-36.48
2/13/2016,-188.62,328.38,68.69,-36.48
2/14/2016,-188.62,328.38,68.69,-36.48
2/15/2016,-188.62,328.38,68.69,-36.48
2/16/2016,-147.62,369.38,64.78,-28.55
2/17/2016,-74.62,442.38,57.82,-14.43
2/18/2016,-103.62,413.38,60.59,-20.04
2/19/2016,-115.62,401.38,61.73,-22.36
2/20/2016,-115.62,401.38,61.73,-22.36
2/21/2016,-115.62,401.38,61.73,-22.36
2/22/2016,-52.16,464.84000000000003,55.68,-10.09
2/23/2016,-84.16,432.84000000000003,58.73,-16.28
2/24/2016,-73.16,443.84000000000003,57.68,-14.15
2/25/2016,-44.16,472.84000000000003,54.92,-8.54
2/26/2016,-46.16,470.84000000000003,55.11,-8.93
2/27/2016,-46.16,470.84000000000003,55.11,-8.93
2/28/2016,-46.16,470.84000000000003,55.11,-8.93
2/29/2016,-71.16,445.84000000000003,57.49,-13.76
3/1/2016,-6.16,510.84,51.29,-1.19
3/2/2016,10.84,527.84,49.67,2.1
3/3/2016,26.3,543.3,48.2,5.09
3/4/2016,38.3,555.3,47.05,7.41
3/5/2016,38.3,555.3,47.05,7.41
3/6/2016,38.3,555.3,47.05,7.41
3/7/2016,34.3,551.3,47.44,6.63
3/8/2016,3.3,520.3,50.39,0.64
3/9/2016,13.3,530.3,49.44,2.57
3/10/2016,9.3,526.3,49.82,1.8
3/11/2016,71.3,588.3,43.91,13.79
3/12/2016,71.3,588.3,43.91,13.79
3/13/2016,71.3,588.3,43.91,13.79
3/14/2016,64.3,581.3,44.58,12.44
3/15/2016,48.3,565.3,46.1,9.34
3/16/2016,68.3,585.3,44.19,13.21
3/17/2016,88.76,605.76,42.24,17.17
3/18/2016,102.76,619.76,40.91,19.88
3/19/2016,102.76,619.76,40.91,19.88
3/20/2016,102.76,619.76,40.91,19.88
3/21/2016,104.76,621.76,40.72,20.26
3/22/2016,100.76,617.76,41.1,19.49
3/23/2016,80.76,597.76,43.01,15.62
3/24/2016,72.76,589.76,43.77,14.07
3/25/2016,72.76,589.76,43.77,14.07
3/26/2016,72.76,589.76,43.77,14.07
3/27/2016,72.76,589.76,43.77,14.07
3/28/2016,68.76,585.76,44.15,13.3
3/29/2016,93.76,610.76,41.77,18.14
3/30/2016,113.76,630.76,39.86,22
3/31/2016,106.76,623.76,40.53,20.65
4/1/2016,126.76,643.76,38.62,24.52
4/2/2016,126.76,643.76,38.62,24.52
4/3/2016,126.76,643.76,38.62,24.52
4/4/2016,109.76,626.76,40.24,21.23
4/5/2016,71.76,588.76,43.86,13.88
4/6/2016,111.76,628.76,40.05,21.62
4/7/2016,67.76,584.76,44.25,13.11
4/8/2016,62.22,579.22,44.77,12.03
4/9/2016,62.22,579.22,44.77,12.03
4/10/2016,62.22,579.22,44.77,12.03
4/11/2016,56.22,573.22,45.35,10.87
4/12/2016,86.22,603.22,42.49,16.68
4/13/2016,124.69,641.69,38.82,24.12
4/14/2016,120.69,637.69,39.2,23.34
4/15/2016,112.69,629.69,39.96,21.8
4/16/2016,112.69,629.69,39.96,21.8
4/17/2016,112.69,629.69,39.96,21.8
4/18/2016,134.69,651.69,37.86,26.05
4/19/2016,145.69,662.69,36.82,28.18
4/20/2016,153.69,670.69,36.05,29.73
4/21/2016,127.69,644.69,38.53,24.7
4/22/2016,123.69,640.69,38.91,23.92
4/23/2016,123.69,640.69,38.91,23.92
4/24/2016,123.69,640.69,38.91,23.92
4/25/2016,108.69,625.69,40.34,21.02
4/26/2016,117.69,634.69,39.49,22.76
4/27/2016,126.69,643.69,38.63,24.5
4/28/2016,88.69,605.69,42.25,17.15
4/29/2016,76.69,593.69,43.39,14.83
4/30/2016,76.69,593.69,43.39,14.83
5/1/2016,76.69,593.69,43.39,14.83
5/2/2016,85.69,602.69,42.54,16.57
5/3/2016,62.69,579.69,44.73,12.13
5/4/2016,52.69,569.69,45.68,10.19
5/5/2016,46.69,563.69,46.25,9.03
5/6/2016,42.15,559.15,46.69,8.15
5/7/2016,42.15,559.15,46.69,8.15
5/8/2016,42.15,559.15,46.69,8.15
5/9/2016,38.15,555.15,47.07,7.38
5/10/2016,91.15,608.15,42.02,17.63
5/11/2016,51.15,568.15,45.83,9.89
5/12/2016,45.15,562.15,46.4,8.73
5/13/2016,10.15,527.15,49.74,1.96
5/14/2016,10.15,527.15,49.74,1.96
5/15/2016,10.15,527.15,49.74,1.96
5/16/2016,43.15,560.15,46.59,8.35
5/17/2016,30.15,547.15,47.83,5.83
5/18/2016,1.15,518.15,50.6,0.22
5/19/2016,-6.85,510.15,51.36,-1.32
5/20/2016,-1.85,515.15,50.88,-0.36
5/21/2016,-1.85,515.15,50.88,-0.36
5/22/2016,-1.85,515.15,50.88,-0.36
5/23/2016,-13.85,503.15,52.03,-2.68
5/24/2016,40.15,557.15,46.88,7.77
5/25/2016,80.15,597.15,43.06,15.5
5/26/2016,73.15,590.15,43.73,14.15
5/27/2016,93.61,610.61,41.78,18.11
5/28/2016,93.61,610.61,41.78,18.11
5/29/2016,93.61,610.61,41.78,18.11
5/30/2016,93.61,610.61,41.78,18.11
5/31/2016,94.61,611.61,41.69,18.3
6/1/2016,92.61,609.61,41.88,17.91
6/2/2016,100.61,617.61,41.11,19.46
6/3/2016,87.61,604.61,42.35,16.95
6/4/2016,87.61,604.61,42.35,16.95
6/5/2016,87.61,604.61,42.35,16.95
6/6/2016,108.61,625.61,40.35,21.01
6/7/2016,111.61,628.61,40.07,21.59
6/8/2016,125.61,642.61,38.73,24.3
6/9/2016,122.61,639.61,39.02,23.72
6/10/2016,90.61,607.61,42.07,17.53
6/11/2016,90.61,607.61,42.07,17.53
6/12/2016,90.61,607.61,42.07,17.53
6/13/2016,74.61,591.61,43.59,14.43
6/14/2016,66.61,583.61,44.36,12.88
6/15/2016,55.61,572.61,45.4,10.76
6/16/2016,60.61,577.61,44.93,11.72
6/17/2016,43.07,560.07,46.6,8.33
6/18/2016,43.07,560.07,46.6,8.33
6/19/2016,43.07,560.07,46.6,8.33
6/20/2016,53.07,570.07,45.65,10.26
6/21/2016,69.07,586.0699999999999,44.12,13.36
6/22/2016,70.07,587.0699999999999,44.03,13.55
6/23/2016,103.07,620.0699999999999,40.88,19.94
6/24/2016,5.07,522.07,50.22,0.98
6/25/2016,5.07,522.07,50.22,0.98
6/26/2016,5.07,522.07,50.22,0.98
6/27/2016,-48.93,468.07,55.37,-9.46
6/28/2016,-37.93,479.07,54.32,-7.34
6/29/2016,-1.93,515.07,50.89,-0.37
6/30/2016,45.07,562.07,46.41,8.72
7/1/2016,59.07,576.07,45.07,11.43
7/2/2016,59.07,576.07,45.07,11.43
7/3/2016,59.07,576.07,45.07,11.43
7/4/2016,59.07,576.07,45.07,11.43
7/5/2016,18.07,535.07,48.98,3.5
7/6/2016,43.07,560.07,46.6,8.33
7/7/2016,29.07,546.07,47.93,5.62
7/8/2016,108.53,625.53,40.36,20.99
7/9/2016,108.53,625.53,40.36,20.99
7/10/2016,108.53,625.53,40.36,20.99
7/11/2016,120.53,637.53,39.21,23.31
7/12/2016,144.53,661.53,36.93,27.96
7/13/2016,143.53,660.53,37.02,27.76
7/14/2016,162,679,35.26,31.33
7/15/2016,150,667,36.4,29.01
7/16/2016,150,667,36.4,29.01
7/17/2016,150,667,36.4,29.01
7/18/2016,160,677,35.45,30.95
7/19/2016,145,662,36.88,28.05
7/20/2016,170,687,34.5,32.88
7/21/2016,153,670,36.12,29.59
7/22/2016,164,681,35.07,31.72
7/23/2016,164,681,35.07,31.72
7/24/2016,164,681,35.07,31.72
7/25/2016,148,665,36.6,28.63
7/26/2016,151,668,36.31,29.21
7/27/2016,142,659,37.17,27.47
7/28/2016,153,670,36.12,29.59
7/29/2016,149,666,36.5,28.82
7/30/2016,149,666,36.5,28.82
7/31/2016,149,666,36.5,28.82
8/1/2016,132,649,38.12,25.53
8/2/2016,112,629,40.03,21.66
8/3/2016,112,629,40.03,21.66
8/4/2016,111,628,40.12,21.47
8/5/2016,141.46,658.46,37.22,27.36
8/6/2016,141.46,658.46,37.22,27.36
8/7/2016,141.46,658.46,37.22,27.36
8/8/2016,132.46,649.46,38.08,25.62
8/9/2016,132.46,649.46,38.08,25.62
8/10/2016,124.46,641.46,38.84,24.07
8/11/2016,147.46,664.46,36.65,28.52
8/12/2016,136.46,653.46,37.7,26.39
8/13/2016,136.46,653.46,37.7,26.39
8/14/2016,136.46,653.46,37.7,26.39
8/15/2016,148.46,665.46,36.55,28.72
8/16/2016,128.46,645.46,38.46,24.85
8/17/2016,129.46,646.46,38.36,25.04
8/18/2016,129.46,646.46,38.36,25.04
8/19/2016,117.46,634.46,39.51,22.72
8/20/2016,117.46,634.46,39.51,22.72
8/21/2016,117.46,634.46,39.51,22.72
8/22/2016,112.46,629.46,39.98,21.75
8/23/2016,124.46,641.46,38.84,24.07
8/24/2016,106.46,623.46,40.56,20.59
8/25/2016,101.46,618.46,41.03,19.62
8/26/2016,86.92,603.92,42.42,16.81
8/27/2016,86.92,603.92,42.42,16.81
8/28/2016,86.92,603.92,42.42,16.81
8/29/2016,96.92,613.92,41.47,18.75
8/30/2016,87.92,604.92,42.32,17.01
8/31/2016,79.92,596.92,43.09,15.46
9/1/2016,75.92,592.92,43.47,14.68
9/2/2016,83.92,600.92,42.71,16.23
9/3/2016,83.92,600.92,42.71,16.23
9/4/2016,83.92,600.92,42.71,16.23
9/5/2016,83.92,600.92,42.71,16.23
9/6/2016,89.92,606.92,42.13,17.39
9/7/2016,88.92,605.92,42.23,17.2
9/8/2016,79.92,596.92,43.09,15.46
9/9/2016,32.92,549.92,47.57,6.37
9/10/2016,32.92,549.92,47.57,6.37
9/11/2016,32.92,549.92,47.57,6.37
9/12/2016,52.92,569.92,45.66,10.24
9/13/2016,31.92,548.92,47.66,6.17
9/14/2016,28.92,545.92,47.95,5.59
9/15/2016,39.92,556.92,46.9,7.72
9/16/2016,23.38,540.38,48.48,4.52
9/17/2016,23.38,540.38,48.48,4.52
9/18/2016,23.38,540.38,48.48,4.52
9/19/2016,18.38,535.38,48.95,3.56
9/20/2016,22.38,539.38,48.57,4.33
9/21/2016,57.38,574.38,45.24,11.1
9/22/2016,81.38,598.38,42.95,15.74
9/23/2016,46.38,563.38,46.28,8.97
9/24/2016,46.38,563.38,46.28,8.97
9/25/2016,46.38,563.38,46.28,8.97
9/26/2016,11.38,528.38,49.62,2.2
9/27/2016,29.38,546.38,47.91,5.68
9/28/2016,54.38,571.38,45.52,10.52
9/29/2016,28.38,545.38,48,5.49
9/30/2016,63.38,580.38,44.66,12.26
10/1/2016,63.38,580.38,44.66,12.26
10/2/2016,63.38,580.38,44.66,12.26
10/3/2016,29.38,546.38,47.91,5.68
10/4/2016,-4.62,512.38,51.15,-0.89
10/5/2016,13.38,530.38,49.43,2.59
10/6/2016,8.38,525.38,49.91,1.62
10/7/2016,-19.16,497.84,52.53,-3.71
10/8/2016,-19.16,497.84,52.53,-3.71
10/9/2016,-19.16,497.84,52.53,-3.71
10/10/2016,-12.16,504.84,51.87,-2.35
10/11/2016,-48.16,468.84000000000003,55.3,-9.32
10/12/2016,-44.16,472.84000000000003,54.92,-8.54
10/13/2016,-50.16,466.84000000000003,55.49,-9.7
10/14/2016,-52.16,464.84000000000003,55.68,-10.09
10/15/2016,-52.16,464.84000000000003,55.68,-10.09
10/16/2016,-52.16,464.84000000000003,55.68,-10.09
10/17/2016,-68.16,448.84000000000003,57.21,-13.18
10/18/2016,-60.16,456.84000000000003,56.44,-11.64
10/19/2016,-59.16,457.84000000000003,56.35,-11.44
10/20/2016,-73.16,443.84000000000003,57.68,-14.15
10/21/2016,-78.16,438.84000000000003,58.16,-15.12
10/22/2016,-78.16,438.84000000000003,58.16,-15.12
10/23/2016,-78.16,438.84000000000003,58.16,-15.12
10/24/2016,-72.16,444.84000000000003,57.59,-13.96
10/25/2016,-75.16,441.84000000000003,57.87,-14.54
10/26/2016,-77.16,439.84000000000003,58.06,-14.92
10/27/2016,-81.16,435.84000000000003,58.44,-15.7
10/28/2016,-87.69,429.31,59.07,-16.96
10/29/2016,-87.69,429.31,59.07,-16.96
10/30/2016,-87.69,429.31,59.07,-16.96
10/31/2016,-85.69,431.31,58.88,-16.57
11/1/2016,-107.69,409.31,60.97,-20.83
11/2/2016,-123.69,393.31,62.5,-23.92
11/3/2016,-136.69,380.31,63.74,-26.44
11/4/2016,-136.69,380.31,63.74,-26.44
11/5/2016,-136.69,380.31,63.74,-26.44
11/6/2016,-136.69,380.31,63.74,-26.44
11/7/2016,-93.69,423.31,59.64,-18.12
11/8/2016,-64.69,452.31,56.87,-12.51
11/9/2016,-32.69,484.31,53.82,-6.32
11/10/2016,-32.23,484.77,53.78,-6.23
11/11/2016,-41.23,475.77,54.64,-7.97
11/12/2016,-41.23,475.77,54.64,-7.97
11/13/2016,-41.23,475.77,54.64,-7.97
11/14/2016,-51.23,465.77,55.59,-9.91
11/15/2016,-24.23,492.77,53.02,-4.69
11/16/2016,-29.23,487.77,53.49,-5.65
11/17/2016,-9.23,507.77,51.59,-1.79
11/18/2016,-21.23,495.77,52.73,-4.11
11/19/2016,-21.23,495.77,52.73,-4.11
11/20/2016,-21.23,495.77,52.73,-4.11
11/21/2016,1.77,518.77,50.54,0.34
11/22/2016,18.23,535.23,48.97,3.53
11/23/2016,17.23,534.23,49.06,3.33
11/24/2016,17.23,534.23,49.06,3.33
11/25/2016,27.23,544.23,48.11,5.27
11/26/2016,27.23,544.23,48.11,5.27
11/27/2016,27.23,544.23,48.11,5.27
11/28/2016,10.23,527.23,49.73,1.98
11/29/2016,12.23,529.23,49.54,2.37
11/30/2016,13.23,530.23,49.45,2.56
12/1/2016,-2.77,514.23,50.97,-0.54
12/2/2016,-3.77,513.23,51.07,-0.73
12/3/2016,-3.77,513.23,51.07,-0.73
12/4/2016,-3.77,513.23,51.07,-0.73
12/5/2016,-1.77,515.23,50.88,-0.34
12/6/2016,4.23,521.23,50.3,0.82
12/7/2016,53.69,570.69,45.59,10.38
12/8/2016,68.69,585.69,44.16,13.29
12/9/2016,86.69,603.69,42.44,16.77
12/10/2016,86.69,603.69,42.44,16.77
12/11/2016,86.69,603.69,42.44,16.77
12/12/2016,84.69,601.69,42.63,16.38
12/13/2016,112.15,629.15,40.01,21.69
12/14/2016,80.15,597.15,43.06,15.5
12/15/2016,80.15,597.15,43.06,15.5
12/16/2016,64.15,581.15,44.59,12.41
12/17/2016,64.15,581.15,44.59,12.41
12/18/2016,64.15,581.15,44.59,12.41
12/19/2016,62.15,579.15,44.78,12.02
12/20/2016,76.15,593.15,43.45,14.73
12/21/2016,70.15,587.15,44.02,13.57
12/22/2016,59.15,576.15,45.07,11.44
12/23/2016,59.15,576.15,45.07,11.44
12/24/2016,59.15,576.15,45.07,11.44
12/25/2016,59.15,576.15,45.07,11.44
12/26/2016,59.15,576.15,45.07,11.44
12/27/2016,64.15,581.15,44.59,12.41
12/28/2016,37.15,554.15,47.16,7.19
12/29/2016,38.15,555.15,47.07,7.38
12/30/2016,28.15,545.15,48.02,5.44
12/31/2016,28.15,545.15,48.02,5.44
1/1/2017,28.15,545.15,48.02,5.44
1/2/2017,28.15,545.15,48.02,5.44
1/3/2017,29.15,546.15,47.93,5.64
1/4/2017,41.15,558.15,46.78,7.96
1/5/2017,34.15,551.15,47.45,6.61
1/6/2017,44.62,561.62,46.45,8.63
1/7/2017,44.62,561.62,46.45,8.63
1/8/2017,44.62,561.62,46.45,8.63
1/9/2017,28.62,545.62,47.98,5.54
1/10/2017,28.62,545.62,47.98,5.54
1/11/2017,29.62,546.62,47.88,5.73
1/12/2017,21.62,538.62,48.65,4.18
1/13/2017,24.62,541.62,48.36,4.76
1/14/2017,24.62,541.62,48.36,4.76
1/15/2017,24.62,541.62,48.36,4.76
1/16/2017,24.62,541.62,48.36,4.76
1/17/2017,6.62,523.62,50.08,1.28
1/18/2017,8.62,525.62,49.88,1.67
1/19/2017,2.62,519.62,50.46,0.51
1/20/2017,-1.38,515.62,50.84,-0.27
1/21/2017,-1.38,515.62,50.84,-0.27
1/22/2017,-1.38,515.62,50.84,-0.27
1/23/2017,-4.38,512.62,51.12,-0.85
1/24/2017,10.62,527.62,49.69,2.05
1/25/2017,39.62,556.62,46.93,7.66
1/26/2017,35.62,552.62,47.31,6.89
1/27/2017,22.35,539.35,48.58,4.32
1/28/2017,22.35,539.35,48.58,4.32
1/29/2017,22.35,539.35,48.58,4.32
1/30/2017,22.35,539.35,48.58,4.32
1/31/2017,19.08,536.08,48.89,3.69
2/1/2017,17.08,534.08,49.08,3.3
2/2/2017,19.08,536.08,48.89,3.69
2/3/2017,44.08,561.08,46.5,8.53
2/4/2017,44.08,561.08,46.5,8.53
2/5/2017,44.08,561.08,46.5,8.53
2/6/2017,29.08,546.08,47.93,5.62
2/7/2017,30.08,547.08,47.84,5.82
2/8/2017,38.08,555.08,47.08,7.37
2/9/2017,59.54,576.54,45.03,11.52
2/10/2017,73.54,590.54,43.69,14.22
2/11/2017,73.54,590.54,43.69,14.22
2/12/2017,73.54,590.54,43.69,14.22
2/13/2017,101.54,618.54,41.03,19.64
2/14/2017,111,628,40.12,21.47
2/15/2017,138,655,37.55,26.69
2/16/2017,133,650,38.03,25.73
2/17/2017,136,653,37.74,26.31
2/18/2017,136,653,37.74,26.31
2/19/2017,136,653,37.74,26.31
2/20/2017,136,653,37.74,26.31
2/21/2017,167.46,684.46,34.74,32.39
2/22/2017,161.46,678.46,35.31,31.23
2/23/2017,160.46,677.46,35.41,31.04
2/24/2017,159.46,676.46,35.5,30.84
2/25/2017,159.46,676.46,35.5,30.84
2/26/2017,159.46,676.46,35.5,30.84
2/27/2017,170.46,687.46,34.45,32.97
2/28/2017,161.46,678.46,35.31,31.23
3/1/2017,228.93,745.9300000000001,28.88,44.28
3/2/2017,198.93,715.9300000000001,31.74,38.48
3/3/2017,188.93,705.9300000000001,32.69,36.54
3/4/2017,188.93,705.9300000000001,32.69,36.54
3/5/2017,188.93,705.9300000000001,32.69,36.54
3/6/2017,178.93,695.9300000000001,33.65,34.61
3/7/2017,163.93,680.9300000000001,35.08,31.71
3/8/2017,159.93,676.9300000000001,35.46,30.93
3/9/2017,161.93,678.9300000000001,35.27,31.32
3/10/2017,159.93,676.9300000000001,35.46,30.93
3/11/2017,159.93,676.9300000000001,35.46,30.93
3/12/2017,159.93,676.9300000000001,35.46,30.93
3/13/2017,159.93,676.9300000000001,35.46,30.93
3/14/2017,151.93,668.9300000000001,36.22,29.39
3/15/2017,172.93,689.9300000000001,34.22,33.45
3/16/2017,158.93,675.9300000000001,35.55,30.74
3/17/2017,155.93,672.9300000000001,35.84,30.16
3/18/2017,155.93,672.9300000000001,35.84,30.16
3/19/2017,155.93,672.9300000000001,35.84,30.16
3/20/2017,147.93,664.9300000000001,36.6,28.61
3/21/2017,134.93,651.9300000000001,37.84,26.1
3/22/2017,136.93,653.9300000000001,37.65,26.49
3/23/2017,136.93,653.9300000000001,37.65,26.49
3/24/2017,134.93,651.9300000000001,37.84,26.1
3/25/2017,134.93,651.9300000000001,37.84,26.1
3/26/2017,134.93,651.9300000000001,37.84,26.1
3/27/2017,133.93,650.9300000000001,37.94,25.91
3/28/2017,136.93,653.9300000000001,37.65,26.49
3/29/2017,134.93,651.9300000000001,37.84,26.1
3/30/2017,134.93,651.9300000000001,37.84,26.1
3/31/2017,132.39,649.39,38.08,25.61
4/1/2017,132.39,649.39,38.08,25.61
4/2/2017,132.39,649.39,38.08,25.61
4/3/2017,120.39,637.39,39.23,23.29
4/4/2017,116.39,633.39,39.61,22.51
4/5/2017,112.39,629.39,39.99,21.74
4/6/2017,113.39,630.39,39.9,21.93
4/7/2017,114.39,631.39,39.8,22.13
4/8/2017,114.39,631.39,39.8,22.13
4/9/2017,114.39,631.39,39.8,22.13
4/10/2017,117.39,634.39,39.51,22.71
4/11/2017,112.39,629.39,39.99,21.74
4/12/2017,102.39,619.39,40.94,19.8
4/13/2017,87.39,604.39,42.37,16.9
4/14/2017,87.39,604.39,42.37,16.9
4/15/2017,87.39,604.39,42.37,16.9
4/16/2017,87.39,604.39,42.37,16.9
4/17/2017,82.39,599.39,42.85,15.94
4/18/2017,82.39,599.39,42.85,15.94
4/19/2017,80.39,597.39,43.04,15.55
4/20/2017,94.39,611.39,41.71,18.26
4/21/2017,85.85,602.85,42.52,16.61
4/22/2017,85.85,602.85,42.52,16.61
4/23/2017,85.85,602.85,42.52,16.61
4/24/2017,102.85,619.85,40.9,19.89
4/25/2017,128.31,645.31,38.47,24.82
4/26/2017,126.31,643.31,38.66,24.43
4/27/2017,122.31,639.31,39.04,23.66
4/28/2017,105.31,622.31,40.67,20.37
4/29/2017,105.31,622.31,40.67,20.37
4/30/2017,105.31,622.31,40.67,20.37
5/1/2017,119.31,636.31,39.33,23.08
5/2/2017,108.31,625.31,40.38,20.95
5/3/2017,106.31,623.31,40.57,20.56
5/4/2017,104.31,621.31,40.76,20.18
5/5/2017,128.31,645.31,38.47,24.82
5/6/2017,128.31,645.31,38.47,24.82
5/7/2017,128.31,645.31,38.47,24.82
5/8/2017,107.31,624.31,40.48,20.76
5/9/2017,104.31,621.31,40.76,20.18
5/10/2017,115.31,632.31,39.71,22.3
5/11/2017,105.31,622.31,40.67,20.37
5/12/2017,86.31,603.31,42.48,16.69
5/13/2017,86.31,603.31,42.48,16.69
5/14/2017,86.31,603.31,42.48,16.69
5/15/2017,107.31,624.31,40.48,20.76
5/16/2017,99.31,616.31,41.24,19.21
5/17/2017,48.31,565.31,46.1,9.34
5/18/2017,52.31,569.31,45.72,10.12
5/19/2017,59.31,576.31,45.05,11.47
5/20/2017,59.31,576.31,45.05,11.47
5/21/2017,59.31,576.31,45.05,11.47
5/22/2017,71.31,588.31,43.91,13.79
5/23/2017,75.31,592.31,43.53,14.57
5/24/2017,85.31,602.31,42.57,16.5
5/25/2017,130.31,647.31,38.28,25.21
5/26/2017,112.77,629.77,39.95,21.81
5/27/2017,112.77,629.77,39.95,21.81
5/28/2017,112.77,629.77,39.95,21.81
5/29/2017,112.77,629.77,39.95,21.81
5/30/2017,108.77,625.77,40.34,21.04
5/31/2017,100.77,617.77,41.1,19.49
6/1/2017,134.77,651.77,37.86,26.07
6/2/2017,157.24,674.24,35.71,30.41
6/3/2017,157.24,674.24,35.71,30.41
6/4/2017,157.24,674.24,35.71,30.41
6/5/2017,155.24,672.24,35.91,30.03
6/6/2017,149.24,666.24,36.48,28.87
6/7/2017,155.24,672.24,35.91,30.03
6/8/2017,146.24,663.24,36.76,28.29
6/9/2017,137.24,654.24,37.62,26.55
6/10/2017,137.24,654.24,37.62,26.55
6/11/2017,137.24,654.24,37.62,26.55
6/12/2017,127.24,644.24,38.57,24.61
6/13/2017,148.24,665.24,36.57,28.67
6/14/2017,138.24,655.24,37.53,26.74
6/15/2017,129.24,646.24,38.38,25
6/16/2017,121.24,638.24,39.15,23.45
6/17/2017,121.24,638.24,39.15,23.45
6/18/2017,121.24,638.24,39.15,23.45
6/19/2017,164.24,681.24,35.05,31.77
6/20/2017,136.24,653.24,37.72,26.35
6/21/2017,128.24,645.24,38.48,24.8
6/22/2017,123.24,640.24,38.96,23.84
6/23/2017,113.7,630.7,39.87,21.99
6/24/2017,113.7,630.7,39.87,21.99
6/25/2017,113.7,630.7,39.87,21.99
6/26/2017,113.7,630.7,39.87,21.99
6/27/2017,79.7,596.7,43.11,15.42
6/28/2017,111.7,628.7,40.06,21.61
6/29/2017,69.7,586.7,44.06,13.48
6/30/2017,84.7,601.7,42.63,16.38
7/1/2017,84.7,601.7,42.63,16.38
7/2/2017,84.7,601.7,42.63,16.38
7/3/2017,78.7,595.7,43.2,15.22
7/4/2017,78.7,595.7,43.2,15.22
7/5/2017,83.7,600.7,42.73,16.19
7/6/2017,43.7,560.7,46.54,8.45
7/7/2017,57.7,574.7,45.21,11.16
7/8/2017,57.7,574.7,45.21,11.16
7/9/2017,57.7,574.7,45.21,11.16
7/10/2017,58.7,575.7,45.11,11.35
7/11/2017,49.7,566.7,45.97,9.61
7/12/2017,89.7,606.7,42.15,17.35
7/13/2017,93.7,610.7,41.77,18.12
7/14/2017,140.16,657.16,37.34,27.11
7/15/2017,140.16,657.16,37.34,27.11
7/16/2017,140.16,657.16,37.34,27.11
7/17/2017,129.16,646.16,38.39,24.98
7/18/2017,128.16,645.16,38.49,24.79
7/19/2017,162.16,679.16,35.25,31.37
7/20/2017,166.16,683.16,34.86,32.14
7/21/2017,149.16,666.16,36.48,28.85
7/22/2017,149.16,666.16,36.48,28.85
7/23/2017,149.16,666.16,36.48,28.85
7/24/2017,148.16,665.16,36.58,28.66
7/25/2017,158.16,675.16,35.63,30.59
7/26/2017,153.16,670.16,36.1,29.62
7/27/2017,143.16,660.16,37.06,27.69
7/28/2017,144.16,661.16,36.96,27.88
7/29/2017,144.16,661.16,36.96,27.88
7/30/2017,144.16,661.16,36.96,27.88
7/31/2017,142.16,659.16,37.15,27.5
8/1/2017,136.16,653.16,37.72,26.34
8/2/2017,135.16,652.16,37.82,26.14
8/3/2017,124.16,641.16,38.87,24.02
8/4/2017,121.62,638.62,39.11,23.52
8/5/2017,121.62,638.62,39.11,23.52
8/6/2017,121.62,638.62,39.11,23.52
8/7/2017,132.62,649.62,38.06,25.65
8/8/2017,127.62,644.62,38.54,24.68
8/9/2017,126.62,643.62,38.63,24.49
8/10/2017,76.62,593.62,43.4,14.82
8/11/2017,80.62,597.62,43.02,15.59
8/12/2017,80.62,597.62,43.02,15.59
8/13/2017,80.62,597.62,43.02,15.59
8/14/2017,92.62,609.62,41.88,17.91
8/15/2017,90.62,607.62,42.07,17.53
8/16/2017,90.62,607.62,42.07,17.53
8/17/2017,49.62,566.62,45.98,9.6
8/18/2017,45.62,562.62,46.36,8.82
8/19/2017,45.62,562.62,46.36,8.82
8/20/2017,45.62,562.62,46.36,8.82
8/21/2017,39.62,556.62,46.93,7.66
8/22/2017,55.62,572.62,45.4,10.76
8/23/2017,45.62,562.62,46.36,8.82
8/24/2017,40.62,557.62,46.83,7.86
8/25/2017,35.08,552.08,47.36,6.79
8/26/2017,35.08,552.08,47.36,6.79
8/27/2017,35.08,552.08,47.36,6.79
8/28/2017,23.08,540.08,48.51,4.46
8/29/2017,31.08,548.08,47.74,6.01
8/30/2017,46.08,563.08,46.31,8.91
8/31/2017,72.08,589.08,43.83,13.94
9/1/2017,81.08,598.08,42.98,15.68
9/2/2017,81.08,598.08,42.98,15.68
9/3/2017,81.08,598.08,42.98,15.68
9/4/2017,81.08,598.08,42.98,15.68
9/5/2017,46.08,563.08,46.31,8.91
9/6/2017,55.08,572.08,45.45,10.65
9/7/2017,51.08,568.08,45.84,9.88
9/8/2017,45.08,562.08,46.41,8.72
9/9/2017,45.08,562.08,46.41,8.72
9/10/2017,45.08,562.08,46.41,8.72
9/11/2017,94.55,611.55,41.69,18.29
9/12/2017,103.55,620.55,40.83,20.03
9/13/2017,103.55,620.55,40.83,20.03
9/14/2017,99.55,616.55,41.21,19.26
9/15/2017,100.55,617.55,41.12,19.45
9/16/2017,100.55,617.55,41.12,19.45
9/17/2017,100.55,617.55,41.12,19.45
9/18/2017,107.55,624.55,40.45,20.8
9/19/2017,111.55,628.55,40.07,21.58
9/20/2017,114.55,631.55,39.78,22.16
9/21/2017,97.55,614.55,41.41,18.87
9/22/2017,99.55,616.55,41.21,19.26
9/23/2017,99.55,616.55,41.21,19.26
9/24/2017,99.55,616.55,41.21,19.26
9/25/2017,86.55,603.55,42.45,16.74
9/26/2017,86.55,603.55,42.45,16.74
9/27/2017,105.55,622.55,40.64,20.42
9/28/2017,104.55,621.55,40.74,20.22
9/29/2017,120.55,637.55,39.21,23.32
9/30/2017,120.55,637.55,39.21,23.32
10/1/2017,120.55,637.55,39.21,23.32
10/2/2017,139.01,656.01,37.45,26.89
10/3/2017,151.01,668.01,36.31,29.21
10/4/2017,157.01,674.01,35.74,30.37
10/5/2017,183.47,700.47,33.21,35.49
10/6/2017,177.47,694.47,33.79,34.33
10/7/2017,177.47,694.47,33.79,34.33
10/8/2017,177.47,694.47,33.79,34.33
10/9/2017,172.47,689.47,34.26,33.36
10/10/2017,179.47,696.47,33.59,34.71
10/11/2017,185.47,702.47,33.02,35.87
10/12/2017,176.47,693.47,33.88,34.13
10/13/2017,175.47,692.47,33.98,33.94
10/14/2017,175.47,692.47,33.98,33.94
10/15/2017,175.47,692.47,33.98,33.94
10/16/2017,180.47,697.47,33.5,34.91
10/17/2017,184.47,701.47,33.12,35.68
10/18/2017,186.47,703.47,32.93,36.07
10/19/2017,185.47,702.47,33.02,35.87
10/20/2017,217.47,734.47,29.97,42.06
10/21/2017,217.47,734.47,29.97,42.06
10/22/2017,217.47,734.47,29.97,42.06
10/23/2017,201.47,718.47,31.5,38.97
10/24/2017,212.47,729.47,30.45,41.1
10/25/2017,192.47,709.47,32.36,37.23
10/26/2017,198.47,715.47,31.78,38.39
10/27/2017,231.93,748.9300000000001,28.59,44.86
10/28/2017,231.93,748.9300000000001,28.59,44.86
10/29/2017,231.93,748.9300000000001,28.59,44.86
10/30/2017,220.93,737.9300000000001,29.64,42.73
10/31/2017,218.93,735.9300000000001,29.83,42.35
11/1/2017,226.93,743.9300000000001,29.07,43.89
11/2/2017,228.93,745.9300000000001,28.88,44.28
11/3/2017,234.93,751.9300000000001,28.31,45.44
11/4/2017,234.93,751.9300000000001,28.31,45.44
11/5/2017,234.93,751.9300000000001,28.31,45.44
11/6/2017,244.93,761.9300000000001,27.35,47.38
11/7/2017,241.93,758.9300000000001,27.64,46.79
11/8/2017,248.93,765.9300000000001,26.97,48.15
11/9/2017,232.93,749.9300000000001,28.5,45.05
11/10/2017,229.93,746.9300000000001,28.78,44.47
11/11/2017,229.93,746.9300000000001,28.78,44.47
11/12/2017,229.93,746.9300000000001,28.78,44.47
11/13/2017,227.93,744.9300000000001,28.97,44.09
11/14/2017,210.93,727.9300000000001,30.6,40.8
11/15/2017,192.93,709.9300000000001,32.31,37.32
11/16/2017,222.93,739.9300000000001,29.45,43.12
11/17/2017,194.39,711.39,32.17,37.6
11/18/2017,194.39,711.39,32.17,37.6
11/19/2017,194.39,711.39,32.17,37.6
11/20/2017,192.39,709.39,32.36,37.21
11/21/2017,223.39,740.39,29.41,43.21
11/22/2017,219.39,736.39,29.79,42.44
11/23/2017,219.39,736.39,29.79,42.44
11/24/2017,228.39,745.39,28.93,44.18
11/25/2017,228.39,745.39,28.93,44.18
11/26/2017,228.39,745.39,28.93,44.18
11/27/2017,226.39,743.39,29.12,43.79
11/28/2017,282.86,799.86,23.74,54.71
11/29/2017,292.86,809.86,22.78,56.65
11/30/2017,348.32,865.3199999999999,17.5,67.37
12/1/2017,337.32,854.3199999999999,18.54,65.25
12/2/2017,337.32,854.3199999999999,18.54,65.25
12/3/2017,337.32,854.3199999999999,18.54,65.25
12/4/2017,333.32,850.3199999999999,18.93,64.47
12/5/2017,309.32,826.3199999999999,21.21,59.83
12/6/2017,305.32,822.3199999999999,21.6,59.06
12/7/2017,311.32,828.3199999999999,21.02,60.22
12/8/2017,325.32,842.3199999999999,19.69,62.92
12/9/2017,325.32,842.3199999999999,19.69,62.92
12/10/2017,325.32,842.3199999999999,19.69,62.92
12/11/2017,340.32,857.3199999999999,18.26,65.83
12/12/2017,353.32,870.3199999999999,17.02,68.34
12/13/2017,349.32,866.3199999999999,17.4,67.57
12/14/2017,324.32,841.3199999999999,19.78,62.73
12/15/2017,359.32,876.3199999999999,16.45,69.5
12/16/2017,359.32,876.3199999999999,16.45,69.5
12/17/2017,359.32,876.3199999999999,16.45,69.5
12/18/2017,406.78,923.78,11.92,78.68
12/19/2017,397.78,914.78,12.78,76.94
12/20/2017,388.78,905.78,13.64,75.2
12/21/2017,395.78,912.78,12.97,76.55
12/22/2017,390.78,907.78,13.45,75.59
12/23/2017,390.78,907.78,13.45,75.59
12/24/2017,390.78,907.78,13.45,75.59
12/25/2017,390.78,907.78,13.45,75.59
12/26/2017,382.78,899.78,14.21,74.04
12/27/2017,380.78,897.78,14.4,73.65
12/28/2017,376.78,893.78,14.78,72.88
12/29/2017,360.78,877.78,16.31,69.78
12/30/2017,360.78,877.78,16.31,69.78
12/31/2017,360.78,877.78,16.31,69.78
1/1/2018,360.78,877.78,16.31,69.78
1/2/2018,377.78,894.78,14.69,73.07
1/3/2018,420.78,937.78,10.59,81.39
1/4/2018,449.24,966.24,7.87,86.89
1/5/2018,483.24,1000.24,4.63,93.47
1/6/2018,483.24,1000.24,4.63,93.47
1/7/2018,483.24,1000.24,4.63,93.47
1/8/2018,487.7,1004.7,4.21,94.33
1/9/2018,501.7,1018.7,2.87,97.04
1/10/2018,492.7,1009.7,3.73,95.3
1/11/2018,529.7,1046.7,0.2,102.46
1/12/2018,571.17,1088.17,0,110.48
1/13/2018,571.17,1088.17,0,110.48
1/14/2018,571.17,1088.17,0,110.48
1/15/2018,571.17,1088.17,0,110.48
1/16/2018,570.17,1087.17,0.09,110.28
1/17/2018,606.17,1123.17,0,117.25
1/18/2018,602.17,1119.17,0.36,116.47
1/19/2018,615.63,1132.63,0,119.08
1/20/2018,615.63,1132.63,0,119.08
1/21/2018,615.63,1132.63,0,119.08
1/22/2018,656.63,1173.63,0,127.01
1/23/2018,675.09,1192.0900000000001,0,130.58
1/24/2018,680.09,1197.0900000000001,0,131.55
1/25/2018,677.09,1194.0900000000001,0.25,130.97
1/26/2018,735.55,1252.55,0,142.27
1/27/2018,735.55,1252.55,0,142.27
1/28/2018,735.55,1252.55,0,142.27
1/29/2018,729.55,1246.55,0.48,141.11
1/30/2018,686.55,1203.55,3.91,132.79
1/31/2018,679.55,1196.55,4.47,131.44
2/1/2018,669.55,1186.55,5.27,129.51
2/2/2018,646.55,1163.55,7.11,125.06
2/3/2018,646.55,1163.55,7.11,125.06
2/4/2018,646.55,1163.55,7.11,125.06
2/5/2018,642.55,1159.55,7.42,124.28
2/6/2018,663.55,1180.55,5.75,128.35
2/7/2018,641.55,1158.55,7.5,124.09
2/8/2018,639.55,1156.55,7.66,123.7
2/9/2018,639.55,1156.55,7.66,123.7
2/10/2018,639.55,1156.55,7.66,123.7
2/11/2018,639.55,1156.55,7.66,123.7
2/12/2018,639.55,1156.55,7.66,123.7
2/13/2018,639.55,1156.55,7.66,123.7
2/14/2018,640.55,1157.55,7.58,123.9
2/15/2018,643.55,1160.55,7.35,124.48
2/16/2018,638.01,1155.01,7.79,123.41
2/17/2018,638.01,1155.01,7.79,123.41
2/18/2018,638.01,1155.01,7.79,123.41
2/19/2018,638.01,1155.01,7.79,123.41
2/20/2018,608.01,1125.01,10.18,117.6
2/21/2018,584.01,1101.01,12.1,112.96
2/22/2018,576.01,1093.01,12.74,111.41
2/23/2018,620.01,1137.01,9.22,119.92
2/24/2018,620.01,1137.01,9.22,119.92
2/25/2018,620.01,1137.01,9.22,119.92
2/26/2018,689.01,1206.01,3.72,133.27
2/27/2018,638.01,1155.01,7.79,123.41
2/28/2018,585.01,1102.01,12.02,113.15
3/1/2018,543.01,1060.01,15.37,105.03
3/2/2018,543.01,1060.01,15.37,105.03
3/3/2018,543.01,1060.01,15.37,105.03
3/4/2018,543.01,1060.01,15.37,105.03
3/5/2018,572.01,1089.01,13.06,110.64
3/6/2018,573.01,1090.01,12.98,110.83
3/7/2018,566.48,1083.48,13.5,109.57
3/8/2018,570.48,1087.48,13.18,110.34
3/9/2018,638.94,1155.94,7.71,123.59
3/10/2018,638.94,1155.94,7.71,123.59
3/11/2018,638.94,1155.94,7.71,123.59
3/12/2018,642.94,1159.94,7.39,124.36
3/13/2018,614.94,1131.94,9.63,118.94
3/14/2018,597.94,1114.94,10.99,115.66
3/15/2018,587.94,1104.94,11.78,113.72
3/16/2018,585.94,1102.94,11.94,113.33
3/17/2018,585.94,1102.94,11.94,113.33
3/18/2018,585.94,1102.94,11.94,113.33
3/19/2018,564.94,1081.94,13.62,109.27
3/20/2018,563.94,1080.94,13.7,109.08
3/21/2018,558.94,1075.94,14.1,108.11
3/22/2018,550.94,1067.94,14.74,106.56
3/23/2018,548.94,1065.94,14.9,106.18
3/24/2018,548.94,1065.94,14.9,106.18
3/25/2018,548.94,1065.94,14.9,106.18
3/26/2018,552.94,1069.94,14.58,106.95
3/27/2018,548.94,1065.94,14.9,106.18
3/28/2018,548.94,1065.94,14.9,106.18
3/29/2018,550.94,1067.94,14.74,106.56
3/30/2018,550.94,1067.94,14.74,106.56
3/31/2018,550.94,1067.94,14.74,106.56
4/1/2018,550.94,1067.94,14.74,106.56
4/2/2018,542.4,1059.4,15.42,104.91
4/3/2018,595.4,1112.4,11.19,115.16
4/4/2018,670.86,1187.8600000000001,5.16,129.76
4/5/2018,691.86,1208.8600000000001,3.49,133.82
4/6/2018,599.86,1116.8600000000001,10.83,116.03
4/7/2018,599.86,1116.8600000000001,10.83,116.03
4/8/2018,599.86,1116.8600000000001,10.83,116.03
4/9/2018,631.86,1148.8600000000001,8.28,122.22
4/10/2018,677.86,1194.8600000000001,4.61,131.11
4/11/2018,644.86,1161.8600000000001,7.24,124.73
4/12/2018,679.86,1196.8600000000001,4.45,131.5
4/13/2018,634.86,1151.8600000000001,8.04,122.8
4/14/2018,634.86,1151.8600000000001,8.04,122.8
4/15/2018,634.86,1151.8600000000001,8.04,122.8
4/16/2018,659.86,1176.8600000000001,6.04,127.63
4/17/2018,716.86,1233.8600000000001,1.49,138.66
4/18/2018,718.86,1235.8600000000001,1.33,139.04
4/19/2018,679.86,1196.8600000000001,4.45,131.5
4/20/2018,619.86,1136.8600000000001,9.24,119.9
4/21/2018,619.86,1136.8600000000001,9.24,119.9
4/22/2018,619.86,1136.8600000000001,9.24,119.9
4/23/2018,613.86,1130.8600000000001,9.72,118.74
4/24/2018,560.86,1077.8600000000001,13.95,108.48
4/25/2018,574.86,1091.8600000000001,12.83,111.19
4/26/2018,608.86,1125.8600000000001,10.11,117.77
4/27/2018,591.32,1108.3200000000002,11.51,114.38
4/28/2018,591.32,1108.3200000000002,11.51,114.38
4/29/2018,591.32,1108.3200000000002,11.51,114.38
4/30/2018,563.32,1080.3200000000002,13.75,108.96
5/1/2018,546.32,1063.3200000000002,15.11,105.67
5/2/2018,530.32,1047.3200000000002,16.38,102.58
5/3/2018,521.32,1038.3200000000002,17.1,100.84
5/4/2018,561.32,1078.3200000000002,13.91,108.57
5/5/2018,561.32,1078.3200000000002,13.91,108.57
5/6/2018,561.32,1078.3200000000002,13.91,108.57
5/7/2018,565.32,1082.3200000000002,13.59,109.35
5/8/2018,559.32,1076.3200000000002,14.07,108.19
5/9/2018,594.32,1111.3200000000002,11.28,114.96
5/10/2018,651.32,1168.3200000000002,6.72,125.98
5/11/2018,660.79,1177.79,5.97,127.81
5/12/2018,660.79,1177.79,5.97,127.81
5/13/2018,660.79,1177.79,5.97,127.81
5/14/2018,657.79,1174.79,6.21,127.23
5/15/2018,618.79,1135.79,9.32,119.69
5/16/2018,638.79,1155.79,7.73,123.56
5/17/2018,627.79,1144.79,8.6,121.43
5/18/2018,613.79,1130.79,9.72,118.72
5/19/2018,613.79,1130.79,9.72,118.72
5/20/2018,613.79,1130.79,9.72,118.72
5/21/2018,639.79,1156.79,7.65,123.75
5/22/2018,627.79,1144.79,8.6,121.43
5/23/2018,620.79,1137.79,9.16,120.08
5/24/2018,606.79,1123.79,10.28,117.37
5/25/2018,588.79,1105.79,11.72,113.89
5/26/2018,588.79,1105.79,11.72,113.89
5/27/2018,588.79,1105.79,11.72,113.89
5/28/2018,588.79,1105.79,11.72,113.89
5/29/2018,563.79,1080.79,13.71,109.05
5/30/2018,598.79,1115.79,10.92,115.82
5/31/2018,568.79,1085.79,13.31,110.02
6/1/2018,596.25,1113.25,11.12,115.33
6/2/2018,596.25,1113.25,11.12,115.33
6/3/2018,596.25,1113.25,11.12,115.33
6/4/2018,617.25,1134.25,9.44,119.39
6/5/2018,617.25,1134.25,9.44,119.39
6/6/2018,646.71,1163.71,7.09,125.09
6/7/2018,654.71,1171.71,6.45,126.64
6/8/2018,663.71,1180.71,5.74,128.38
6/9/2018,663.71,1180.71,5.74,128.38
6/10/2018,663.71,1180.71,5.74,128.38
6/11/2018,680.71,1197.71,4.38,131.67
6/12/2018,670.71,1187.71,5.18,129.73
6/13/2018,664.71,1181.71,5.66,128.57
6/14/2018,667.71,1184.71,5.42,129.15
6/15/2018,649.71,1166.71,6.85,125.67
6/16/2018,649.71,1166.71,6.85,125.67
6/17/2018,649.71,1166.71,6.85,125.67
6/18/2018,631.71,1148.71,8.29,122.19
6/19/2018,615.71,1132.71,9.57,119.09
6/20/2018,624.71,1141.71,8.85,120.83
6/21/2018,596.71,1113.71,11.08,115.42
6/22/2018,605.71,1122.71,10.37,117.16
6/23/2018,605.71,1122.71,10.37,117.16
6/24/2018,605.71,1122.71,10.37,117.16
6/25/2018,575.71,1092.71,12.76,111.36
6/26/2018,572.71,1089.71,13,110.78
6/27/2018,571.71,1088.71,13.08,110.58
6/28/2018,569.71,1086.71,13.24,110.2
6/29/2018,566.17,1083.17,13.52,109.51
6/30/2018,566.17,1083.17,13.52,109.51
7/1/2018,566.17,1083.17,13.52,109.51
7/2/2018,542.17,1059.17,15.44,104.87
7/3/2018,532.17,1049.17,16.24,102.93
7/4/2018,532.17,1049.17,16.24,102.93
7/5/2018,560.17,1077.17,14,108.35
7/6/2018,604.17,1121.17,10.49,116.86
7/7/2018,604.17,1121.17,10.49,116.86
7/8/2018,604.17,1121.17,10.49,116.86
7/9/2018,659.63,1176.63,6.06,127.59
7/10/2018,679.63,1196.63,4.46,131.46
7/11/2018,647.63,1164.63,7.02,125.27
7/12/2018,683.63,1200.63,4.15,132.23
7/13/2018,686.63,1203.63,3.91,132.81
7/14/2018,686.63,1203.63,3.91,132.81
7/15/2018,686.63,1203.63,3.91,132.81
7/16/2018,675.63,1192.63,4.78,130.68
7/17/2018,701.63,1218.63,2.71,135.71
7/18/2018,704.63,1221.63,2.47,136.29
7/19/2018,688.63,1205.63,3.75,133.2
7/20/2018,679.63,1196.63,4.46,131.46
7/21/2018,679.63,1196.63,4.46,131.46
7/22/2018,679.63,1196.63,4.46,131.46
7/23/2018,682.63,1199.63,4.22,132.04
7/24/2018,709.63,1226.63,2.07,137.26
7/25/2018,773.1,1290.1,0,149.54
7/26/2018,763.1,1280.1,0.78,147.6
7/27/2018,733.1,1250.1,3.1,141.8
7/28/2018,733.1,1250.1,3.1,141.8
7/29/2018,733.1,1250.1,3.1,141.8
7/30/2018,711.1,1228.1,4.81,137.54
7/31/2018,720.1,1237.1,4.11,139.28
8/1/2018,716.1,1233.1,4.42,138.51
8/2/2018,725.1,1242.1,3.72,140.25
8/3/2018,737.1,1254.1,2.79,142.57
8/4/2018,737.1,1254.1,2.79,142.57
8/5/2018,737.1,1254.1,2.79,142.57
8/6/2018,756.1,1273.1,1.32,146.25
8/7/2018,776.1,1293.1,0,150.12
8/8/2018,777.1,1294.1,0,150.31
8/9/2018,767.1,1284.1,0.77,148.38
8/10/2018,723.56,1240.56,4.14,139.95
8/11/2018,723.56,1240.56,4.14,139.95
8/12/2018,723.56,1240.56,4.14,139.95
8/13/2018,709.56,1226.56,5.22,137.25
8/14/2018,733.56,1250.56,3.36,141.89
8/15/2018,698.56,1215.56,6.07,135.12
8/16/2018,734.56,1251.56,3.29,142.08
8/17/2018,749.56,1266.56,2.13,144.98
8/18/2018,749.56,1266.56,2.13,144.98
8/19/2018,749.56,1266.56,2.13,144.98
8/20/2018,765.56,1282.56,0.89,148.08
8/21/2018,782.02,1299.02,0,151.26
8/22/2018,774.02,1291.02,0.62,149.71
8/23/2018,763.02,1280.02,1.46,147.59
8/24/2018,791.02,1308.02,0,153
8/25/2018,791.02,1308.02,0,153
8/26/2018,791.02,1308.02,0,153
8/27/2018,832.48,1349.48,0,161.02
8/28/2018,836.48,1353.48,0,161.79
8/29/2018,887.48,1404.48,0,171.66
8/30/2018,850.48,1367.48,2.63,164.5
8/31/2018,843.48,1360.48,3.13,163.15
9/1/2018,843.48,1360.48,3.13,163.15
9/2/2018,843.48,1360.48,3.13,163.15
9/3/2018,843.48,1360.48,3.13,163.15
9/4/2018,826.48,1343.48,4.34,159.86
9/5/2018,806.48,1323.48,5.77,155.99
9/6/2018,790.48,1307.48,6.91,152.9
9/7/2018,770.48,1287.48,8.33,149.03
9/8/2018,770.48,1287.48,8.33,149.03
9/9/2018,770.48,1287.48,8.33,149.03
9/10/2018,765.48,1282.48,8.69,148.06
9/11/2018,777.48,1294.48,7.83,150.38
9/12/2018,772.48,1289.48,8.19,149.42
9/13/2018,788.48,1305.48,7.05,152.51
9/14/2018,785.94,1302.94,7.23,152.02
9/15/2018,785.94,1302.94,7.23,152.02
9/16/2018,785.94,1302.94,7.23,152.02
9/17/2018,761.94,1278.94,8.94,147.38
9/18/2018,793.94,1310.94,6.66,153.57
9/19/2018,789.94,1306.94,6.94,152.79
9/20/2018,832.41,1349.4099999999999,3.92,161.01
9/21/2018,826.41,1343.4099999999999,4.35,159.85
9/22/2018,826.41,1343.4099999999999,4.35,159.85
9/23/2018,826.41,1343.4099999999999,4.35,159.85
9/24/2018,803.41,1320.4099999999999,5.99,155.4
9/25/2018,798.41,1315.4099999999999,6.34,154.43
9/26/2018,795.41,1312.4099999999999,6.56,153.85
9/27/2018,786.41,1303.4099999999999,7.2,152.11
9/28/2018,782.41,1299.4099999999999,7.48,151.34
9/29/2018,782.41,1299.4099999999999,7.48,151.34
9/30/2018,782.41,1299.4099999999999,7.48,151.34
10/1/2018,786.41,1303.4099999999999,7.2,152.11
10/2/2018,787.41,1304.4099999999999,7.13,152.3
10/3/2018,789.41,1306.4099999999999,6.98,152.69
10/4/2018,761.41,1278.4099999999999,8.98,147.27
10/5/2018,750.41,1267.4099999999999,9.76,145.15
10/6/2018,750.41,1267.4099999999999,9.76,145.15
10/7/2018,750.41,1267.4099999999999,9.76,145.15
10/8/2018,749.41,1266.4099999999999,9.83,144.95
10/9/2018,746.41,1263.4099999999999,10.04,144.37
10/10/2018,738.41,1255.4099999999999,10.61,142.83
10/11/2018,737.41,1254.4099999999999,10.69,142.63
10/12/2018,729.87,1246.87,11.22,141.17
10/13/2018,729.87,1246.87,11.22,141.17
10/14/2018,729.87,1246.87,11.22,141.17
10/15/2018,705.87,1222.87,12.93,136.53
10/16/2018,781.87,1298.87,7.52,151.23
10/17/2018,770.87,1287.87,8.3,149.1
10/18/2018,710.87,1227.87,12.57,137.5
10/19/2018,708.87,1225.87,12.72,137.11
10/20/2018,708.87,1225.87,12.72,137.11
10/21/2018,708.87,1225.87,12.72,137.11
10/22/2018,678.87,1195.87,14.85,131.31
10/23/2018,658.87,1175.87,16.28,127.44
10/24/2018,610.87,1127.87,19.69,118.16
10/25/2018,631.87,1148.87,18.2,122.22
10/26/2018,598.87,1115.87,20.55,115.84
10/27/2018,598.87,1115.87,20.55,115.84
10/28/2018,598.87,1115.87,20.55,115.84
10/29/2018,585.87,1102.87,21.47,113.32
10/30/2018,600.87,1117.87,20.41,116.22
10/31/2018,620.87,1137.87,18.98,120.09
11/1/2018,616.87,1133.87,19.27,119.32
11/2/2018,600.33,1117.33,20.45,116.12
11/3/2018,600.33,1117.33,20.45,116.12
11/4/2018,600.33,1117.33,20.45,116.12
11/5/2018,616.33,1133.33,19.31,119.21
11/6/2018,631.33,1148.33,18.24,122.11
11/7/2018,738.79,1255.79,10.59,142.9
11/8/2018,713.79,1230.79,12.37,138.06
11/9/2018,689.79,1206.79,14.08,133.42
11/10/2018,689.79,1206.79,14.08,133.42
11/11/2018,689.79,1206.79,14.08,133.42
11/12/2018,625.79,1142.79,18.63,121.04
11/13/2018,616.79,1133.79,19.27,119.3
11/14/2018,609.79,1126.79,19.77,117.95
11/15/2018,619.79,1136.79,19.06,119.88
11/16/2018,619.79,1136.79,19.06,119.88
11/17/2018,619.79,1136.79,19.06,119.88
11/18/2018,619.79,1136.79,19.06,119.88
11/19/2018,587.79,1104.79,21.34,113.69
11/20/2018,577.79,1094.79,22.05,111.76
11/21/2018,573.79,1090.79,22.33,110.98
11/22/2018,573.79,1090.79,22.33,110.98
11/23/2018,571.79,1088.79,22.48,110.6
11/24/2018,571.79,1088.79,22.48,110.6
11/25/2018,571.79,1088.79,22.48,110.6
11/26/2018,572.79,1089.79,22.41,110.79
11/27/2018,573.79,1090.79,22.33,110.98
11/28/2018,604.79,1121.79,20.13,116.98
11/29/2018,607.79,1124.79,19.91,117.56
11/30/2018,617.25,1134.25,19.24,119.39
12/1/2018,617.25,1134.25,19.24,119.39
12/2/2018,617.25,1134.25,19.24,119.39
12/3/2018,651.25,1168.25,16.82,125.97
12/4/2018,529.25,1046.25,25.51,102.37
12/5/2018,526.25,1043.25,25.72,101.79
12/6/2018,515.25,1032.25,26.5,99.66
12/7/2018,490.25,1007.25,28.28,94.83
12/8/2018,490.25,1007.25,28.28,94.83
12/9/2018,490.25,1007.25,28.28,94.83
12/10/2018,475.25,992.25,29.35,91.92
12/11/2018,471.25,988.25,29.64,91.15
12/12/2018,474.25,991.25,29.42,91.73
12/13/2018,467.25,984.25,29.92,90.38
12/14/2018,453.25,970.25,30.92,87.67
12/15/2018,453.25,970.25,30.92,87.67
12/16/2018,453.25,970.25,30.92,87.67
12/17/2018,449.25,966.25,31.2,86.9
12/18/2018,450.25,967.25,31.13,87.09
12/19/2018,448.25,965.25,31.27,86.7
12/20/2018,446.25,963.25,31.42,86.32
12/21/2018,443.72,960.72,31.6,85.83
12/22/2018,443.72,960.72,31.6,85.83
12/23/2018,443.72,960.72,31.6,85.83
12/24/2018,381.72,898.72,36.01,73.83
12/25/2018,381.72,898.72,36.01,73.83
12/26/2018,497.72,1014.72,27.75,96.27
12/27/2018,529.72,1046.72,25.47,102.46
12/28/2018,535.72,1052.72,25.05,103.62
12/29/2018,535.72,1052.72,25.05,103.62
12/30/2018,535.72,1052.72,25.05,103.62
12/31/2018,557.18,1074.1799999999998,23.52,107.77
1/1/2019,557.18,1074.1799999999998,23.52,107.77
1/2/2019,531.18,1048.1799999999998,25.37,102.74
1/3/2019,471.18,988.1800000000001,29.64,91.14
1/4/2019,569.18,1086.1799999999998,22.66,110.09
1/5/2019,569.18,1086.1799999999998,22.66,110.09
1/6/2019,569.18,1086.1799999999998,22.66,110.09
1/7/2019,613.18,1130.1799999999998,19.53,118.6
1/8/2019,647.18,1164.1799999999998,17.11,125.18
1/9/2019,661.64,1178.6399999999999,16.08,127.98
1/10/2019,675.64,1192.6399999999999,15.08,130.68
1/11/2019,659.64,1176.6399999999999,16.22,127.59
1/12/2019,659.64,1176.6399999999999,16.22,127.59
1/13/2019,659.64,1176.6399999999999,16.22,127.59
1/14/2019,629.64,1146.6399999999999,18.36,121.79
1/15/2019,662.64,1179.6399999999999,16.01,128.17
1/16/2019,674.64,1191.6399999999999,15.15,130.49
1/17/2019,701.64,1218.6399999999999,13.23,135.71
1/18/2019,767.1,1284.1,8.57,148.38
1/19/2019,767.1,1284.1,8.57,148.38
1/20/2019,767.1,1284.1,8.57,148.38
1/21/2019,767.1,1284.1,8.57,148.38
1/22/2019,713.1,1230.1,12.42,137.93
1/23/2019,731.1,1248.1,11.13,141.41
1/24/2019,714.1,1231.1,12.34,138.12
1/25/2019,752.1,1269.1,9.64,145.47
1/26/2019,752.1,1269.1,9.64,145.47
1/27/2019,752.1,1269.1,9.64,145.47
1/28/2019,712.1,1229.1,12.49,137.74
1/29/2019,709.1,1226.1,12.7,137.16
1/30/2019,774.1,1291.1,8.07,149.73
1/31/2019,807.1,1324.1,5.72,156.11
2/1/2019,810.1,1327.1,5.51,156.69
2/2/2019,810.1,1327.1,5.51,156.69
2/3/2019,810.1,1327.1,5.51,156.69
2/4/2019,833.1,1350.1,3.87,161.14
2/5/2019,879.56,1396.56,0.56,170.13
2/6/2019,867.56,1384.56,1.42,167.81
2/7/2019,829.56,1346.56,4.12,160.46
2/8/2019,819.56,1336.56,4.84,158.52
2/9/2019,819.56,1336.56,4.84,158.52
2/10/2019,819.56,1336.56,4.84,158.52
2/11/2019,826.56,1343.56,4.34,159.88
2/12/2019,872.56,1389.56,1.06,168.77
2/13/2019,897.56,1414.56,0,173.61
2/14/2019,895.56,1412.56,0.14,173.22
2/15/2019,933.56,1450.56,0,180.57
2/16/2019,933.56,1450.56,0,180.57
2/17/2019,933.56,1450.56,0,180.57
2/18/2019,933.56,1450.56,0,180.57
2/19/2019,948.03,1465.03,0,183.37
2/20/2019,940.03,1457.03,0.55,181.82
2/21/2019,919.03,1436.03,1.98,177.76
2/22/2019,941.03,1458.03,0.48,182.02
2/23/2019,941.03,1458.03,0.48,182.02
2/24/2019,941.03,1458.03,0.48,182.02
2/25/2019,953.03,1470.03,0,184.34
2/26/2019,953.03,1470.03,0,184.34
2/27/2019,937.03,1454.03,1.09,181.24
2/28/2019,923.03,1440.03,2.04,178.54
3/1/2019,947.03,1464.03,0.41,183.18
3/2/2019,947.03,1464.03,0.41,183.18
3/3/2019,947.03,1464.03,0.41,183.18
3/4/2019,918.03,1435.03,2.38,177.57
3/5/2019,921.03,1438.03,2.18,178.15
3/6/2019,892.03,1409.03,4.15,172.54
3/7/2019,867.49,1384.49,5.82,167.79
3/8/2019,848.49,1365.49,7.11,164.12
3/9/2019,848.49,1365.49,7.11,164.12
3/10/2019,848.49,1365.49,7.11,164.12
3/11/2019,906.49,1423.49,3.17,175.34
3/12/2019,924.49,1441.49,1.94,178.82
3/13/2019,954.95,1471.95,0,184.71
3/14/2019,947.95,1464.95,0.48,183.36
3/15/2019,962.95,1479.95,0,186.26
3/16/2019,962.95,1479.95,0,186.26
3/17/2019,962.95,1479.95,0,186.26
3/18/2019,984.95,1501.95,0,190.51
3/19/2019,976.95,1493.95,0.53,188.97
3/20/2019,979.95,1496.95,0.33,189.55
3/21/2019,1028.41,1545.41,0,198.92
3/22/2019,970.41,1487.4099999999999,3.75,187.7
3/23/2019,970.41,1487.4099999999999,3.75,187.7
3/24/2019,970.41,1487.4099999999999,3.75,187.7
3/25/2019,960.41,1477.4099999999999,4.4,185.77
3/26/2019,957.41,1474.4099999999999,4.59,185.19
3/27/2019,953.41,1470.4099999999999,4.85,184.41
3/28/2019,952.41,1469.4099999999999,4.92,184.22
3/29/2019,965.41,1482.4099999999999,4.08,186.73
3/30/2019,965.41,1482.4099999999999,4.08,186.73
3/31/2019,965.41,1482.4099999999999,4.08,186.73
4/1/2019,1016.41,1533.4099999999999,0.78,196.6
4/2/2019,1013.41,1530.4099999999999,0.97,196.02
4/3/2019,1027.41,1544.41,0.06,198.73
4/4/2019,1032.41,1549.41,0,199.69
4/5/2019,1057.41,1574.41,0,204.53
4/6/2019,1057.41,1574.41,0,204.53
4/7/2019,1057.41,1574.41,0,204.53
4/8/2019,1057.41,1574.41,0,204.53
4/9/2019,1026.41,1543.41,1.97,198.53
4/10/2019,1037.41,1554.41,1.27,200.66
4/11/2019,1028.41,1545.41,1.84,198.92
4/12/2019,1071.87,1588.87,0,207.32
4/13/2019,1071.87,1588.87,0,207.32
4/14/2019,1071.87,1588.87,0,207.32
4/15/2019,1064.87,1581.87,0.44,205.97
4/16/2019,1065.87,1582.87,0.38,206.16
4/17/2019,1059.87,1576.87,0.76,205
4/18/2019,1058.87,1575.87,0.82,204.81
4/19/2019,1058.87,1575.87,0.82,204.81
4/20/2019,1058.87,1575.87,0.82,204.81
4/21/2019,1058.87,1575.87,0.82,204.81
4/22/2019,1055.87,1572.87,1.01,204.23
4/23/2019,1098.87,1615.87,0,212.55
4/24/2019,1105.87,1622.87,0,213.9
4/25/2019,1100.87,1617.87,0.31,212.93
4/26/2019,1106.87,1623.87,0,214.09
4/27/2019,1106.87,1623.87,0,214.09
4/28/2019,1106.87,1623.87,0,214.09
4/29/2019,1121.34,1638.34,0,216.89
4/30/2019,1117.34,1634.34,0.24,216.12
5/1/2019,1104.34,1621.34,1.04,213.61
5/2/2019,1081.34,1598.34,2.44,209.16
5/3/2019,1115.34,1632.34,0.37,215.73
5/4/2019,1115.34,1632.34,0.37,215.73
5/5/2019,1115.34,1632.34,0.37,215.73
5/6/2019,1110.34,1627.34,0.67,214.77
5/7/2019,1079.34,1596.34,2.56,208.77
5/8/2019,1075.34,1592.34,2.81,208
5/9/2019,1059.34,1576.34,3.78,204.9
5/10/2019,1045.34,1562.34,4.64,202.19
5/11/2019,1045.34,1562.34,4.64,202.19
5/12/2019,1045.34,1562.34,4.64,202.19
5/13/2019,1034.34,1551.34,5.31,200.07
5/14/2019,1033.34,1550.34,5.37,199.87
5/15/2019,1035.34,1552.34,5.25,200.26
5/16/2019,1038.34,1555.34,5.07,200.84
5/17/2019,1028.8,1545.8,5.65,198.99
5/18/2019,1028.8,1545.8,5.65,198.99
5/19/2019,1028.8,1545.8,5.65,198.99
5/20/2019,988.8,1505.8,8.09,191.26
5/21/2019,1019.8,1536.8,6.2,197.25
5/22/2019,1002.8,1519.8,7.24,193.97
5/23/2019,944.8,1461.8,10.78,182.75
5/24/2019,950.8,1467.8,10.41,183.91
5/25/2019,950.8,1467.8,10.41,183.91
5/26/2019,950.8,1467.8,10.41,183.91
5/27/2019,950.8,1467.8,10.41,183.91
5/28/2019,920.8,1437.8,12.24,178.1
5/29/2019,904.8,1421.8,13.22,175.01
5/30/2019,902.8,1419.8,13.34,174.62
5/31/2019,891.8,1408.8,14.01,172.5
6/1/2019,891.8,1408.8,14.01,172.5
6/2/2019,891.8,1408.8,14.01,172.5
6/3/2019,886.8,1403.8,14.32,171.53
6/4/2019,896.8,1413.8,13.71,173.46
6/5/2019,912.8,1429.8,12.73,176.56
6/6/2019,937.8,1454.8,11.2,181.39
6/7/2019,984.26,1501.26,8.37,190.38
6/8/2019,984.26,1501.26,8.37,190.38
6/9/2019,984.26,1501.26,8.37,190.38
6/10/2019,1006.26,1523.26,7.02,194.63
6/11/2019,1004.26,1521.26,7.15,194.25
6/12/2019,985.26,1502.26,8.31,190.57
6/13/2019,1000.26,1517.26,7.39,193.47
6/14/2019,1005.26,1522.26,7.09,194.44
6/15/2019,1005.26,1522.26,7.09,194.44
6/16/2019,1005.26,1522.26,7.09,194.44
6/17/2019,995.26,1512.26,7.7,192.51
6/18/2019,1057.26,1574.26,3.91,204.5
6/19/2019,1074.72,1591.72,2.85,207.88
6/20/2019,1114.72,1631.72,0.4,215.61
6/21/2019,1122.72,1639.72,0,217.16
6/22/2019,1122.72,1639.72,0,217.16
6/23/2019,1122.72,1639.72,0,217.16
6/24/2019,1102.72,1619.72,1.22,213.29
6/25/2019,1063.72,1580.72,3.6,205.75
6/26/2019,1055.72,1572.72,4.09,204.2
6/27/2019,1065.72,1582.72,3.48,206.14
6/28/2019,1071.72,1588.72,3.11,207.3
6/29/2019,1071.72,1588.72,3.11,207.3
6/30/2019,1071.72,1588.72,3.11,207.3
7/1/2019,1107.72,1624.72,0.91,214.26
7/2/2019,1113.72,1630.72,0.55,215.42
7/3/2019,1161.18,1678.18,0,224.6
7/4/2019,1161.18,1678.18,0,224.6
7/5/2019,1157.18,1674.18,0.24,223.83
7/6/2019,1157.18,1674.18,0.24,223.83
7/7/2019,1157.18,1674.18,0.24,223.83
7/8/2019,1138.18,1655.18,1.37,220.15
7/9/2019,1137.18,1654.18,1.43,219.96
7/10/2019,1156.18,1673.18,0.3,223.63
7/11/2019,1157.18,1674.18,0.24,223.83
7/12/2019,1179.18,1696.18,0,228.08
7/13/2019,1179.18,1696.18,0,228.08
7/14/2019,1179.18,1696.18,0,228.08
7/15/2019,1176.18,1693.18,0.18,227.5
7/16/2019,1159.18,1676.18,1.18,224.21
7/17/2019,1132.18,1649.18,2.77,218.99
7/18/2019,1134.18,1651.18,2.65,219.38
7/19/2019,1120.18,1637.18,3.48,216.67
7/20/2019,1120.18,1637.18,3.48,216.67
7/21/2019,1120.18,1637.18,3.48,216.67
7/22/2019,1110.18,1627.18,4.07,214.74
7/23/2019,1138.18,1655.18,2.42,220.15
7/24/2019,1159.18,1676.18,1.18,224.21
7/25/2019,1135.18,1652.18,2.59,219.57
7/26/2019,1170.65,1687.65,0.5,226.43
7/27/2019,1170.65,1687.65,0.5,226.43
7/28/2019,1170.65,1687.65,0.5,226.43
7/29/2019,1158.65,1675.65,1.21,224.11
7/30/2019,1150.65,1667.65,1.68,222.56
7/31/2019,1125.65,1642.65,3.16,217.73
8/1/2019,1107.65,1624.65,4.22,214.25
8/2/2019,1085.65,1602.65,5.51,209.99
8/3/2019,1085.65,1602.65,5.51,209.99
8/4/2019,1085.65,1602.65,5.51,209.99
8/5/2019,1071.65,1588.65,6.34,207.28
8/6/2019,1070.65,1587.65,6.4,207.09
8/7/2019,1070.65,1587.65,6.4,207.09
8/8/2019,1077.65,1594.65,5.99,208.44
8/9/2019,1074.65,1591.65,6.16,207.86
8/10/2019,1074.65,1591.65,6.16,207.86
8/11/2019,1074.65,1591.65,6.16,207.86
8/12/2019,1069.65,1586.65,6.46,206.9
8/13/2019,1071.65,1588.65,6.34,207.28
8/14/2019,1068.65,1585.65,6.52,206.7
8/15/2019,1067.65,1584.65,6.58,206.51
8/16/2019,1066.11,1583.11,6.67,206.21
8/17/2019,1066.11,1583.11,6.67,206.21
8/18/2019,1066.11,1583.11,6.67,206.21
8/19/2019,1114.11,1631.11,3.84,215.5
8/20/2019,1078.11,1595.11,5.96,208.53
8/21/2019,1097.11,1614.11,4.84,212.21
8/22/2019,1109.11,1626.11,4.13,214.53
8/23/2019,997.11,1514.1100000000001,10.73,192.86
8/24/2019,997.11,1514.1100000000001,10.73,192.86
8/25/2019,997.11,1514.1100000000001,10.73,192.86
8/26/2019,1009.11,1526.1100000000001,10.03,195.19
8/27/2019,1014.11,1531.1100000000001,9.73,196.15
8/28/2019,1025.11,1542.11,9.08,198.28
8/29/2019,1085.11,1602.11,5.55,209.89
8/30/2019,1087.11,1604.11,5.43,210.27
8/31/2019,1087.11,1604.11,5.43,210.27
9/1/2019,1087.11,1604.11,5.43,210.27
9/2/2019,1087.11,1604.11,5.43,210.27
9/3/2019,1048.11,1565.11,7.73,202.73
9/4/2019,1094.11,1611.11,5.02,211.63
9/5/2019,1177.57,1694.57,0.09,227.77
9/6/2019,1171.57,1688.57,0.45,226.61
9/7/2019,1171.57,1688.57,0.45,226.61
9/8/2019,1171.57,1688.57,0.45,226.61
9/9/2019,1160.57,1677.57,1.1,224.48
9/10/2019,1144.57,1661.57,2.04,221.39
9/11/2019,1183.57,1700.57,0,228.93
9/12/2019,1222.57,1739.57,0,236.47
9/13/2019,1201.57,1718.57,1.21,232.41
9/14/2019,1201.57,1718.57,1.21,232.41
9/15/2019,1201.57,1718.57,1.21,232.41
9/16/2019,1179.57,1696.57,2.47,228.16
9/17/2019,1193.57,1710.57,1.67,230.86
9/18/2019,1187.57,1704.57,2.01,229.7
9/19/2019,1186.57,1703.57,2.07,229.51
9/20/2019,1166.57,1683.57,3.22,225.64
9/21/2019,1166.57,1683.57,3.22,225.64
9/22/2019,1166.57,1683.57,3.22,225.64
9/23/2019,1155.57,1672.57,3.85,223.51
9/24/2019,1115.57,1632.57,6.15,215.78
9/25/2019,1136.57,1653.57,4.94,219.84
9/26/2019,1120.57,1637.57,5.86,216.74
9/27/2019,1092.03,1609.03,7.5,211.22
9/28/2019,1092.03,1609.03,7.5,211.22
9/29/2019,1092.03,1609.03,7.5,211.22
9/30/2019,1116.03,1633.03,6.12,215.87
10/1/2019,1058.03,1575.03,9.46,204.65
10/2/2019,999.03,1516.03,12.85,193.24
10/3/2019,1004.03,1521.03,12.56,194.2
10/4/2019,1048.03,1565.03,10.03,202.71
10/5/2019,1048.03,1565.03,10.03,202.71
10/6/2019,1048.03,1565.03,10.03,202.71
10/7/2019,1030.03,1547.03,11.07,199.23
10/8/2019,988.03,1505.03,13.48,191.11
10/9/2019,1001.03,1518.03,12.74,193.62
10/10/2019,1016.03,1533.03,11.87,196.52
10/11/2019,1078.03,1595.03,8.31,208.52
10/12/2019,1078.03,1595.03,8.31,208.52
10/13/2019,1078.03,1595.03,8.31,208.52
10/14/2019,1023.03,1540.03,11.47,197.88
10/15/2019,1073.03,1590.03,8.6,207.55
10/16/2019,1054.03,1571.03,9.69,203.87
10/17/2019,1075.03,1592.03,8.48,207.94
10/18/2019,1048.49,1565.49,10.01,202.8
10/19/2019,1048.49,1565.49,10.01,202.8
10/20/2019,1048.49,1565.49,10.01,202.8
10/21/2019,1067.49,1584.49,8.91,206.48
10/22/2019,1047.49,1564.49,10.06,202.61
10/23/2019,1050.49,1567.49,9.89,203.19
10/24/2019,1057.49,1574.49,9.49,204.54
10/25/2019,1077.49,1594.49,8.34,208.41
10/26/2019,1077.49,1594.49,8.34,208.41
10/27/2019,1077.49,1594.49,8.34,208.41
10/28/2019,1112.49,1629.49,6.33,215.18
10/29/2019,1108.49,1625.49,6.56,214.41
10/30/2019,1124.96,1641.96,5.61,217.59
10/31/2019,1101.96,1618.96,6.93,213.15
11/1/2019,1150.96,1667.96,4.12,222.62
11/2/2019,1150.96,1667.96,4.12,222.62
11/3/2019,1150.96,1667.96,4.12,222.62
11/4/2019,1174.96,1691.96,2.74,227.26
11/5/2019,1179.96,1696.96,2.45,228.23
11/6/2019,1170.96,1687.96,2.97,226.49
11/7/2019,1188.96,1705.96,1.93,229.97
11/8/2019,1201.42,1718.42,1.22,232.38
11/9/2019,1201.42,1718.42,1.22,232.38
11/10/2019,1201.42,1718.42,1.22,232.38
11/11/2019,1189.42,1706.42,1.91,230.06
11/12/2019,1194.42,1711.42,1.62,231.03
11/13/2019,1204.42,1721.42,1.04,232.96
11/14/2019,1206.42,1723.42,0.93,233.35
11/15/2019,1240.42,1757.42,0,239.93
11/16/2019,1240.42,1757.42,0,239.93
11/17/2019,1240.42,1757.42,0,239.93
11/18/2019,1250.42,1767.42,0,241.86
11/19/2019,1259.42,1776.42,0,243.6
11/20/2019,1219.42,1736.42,2.25,235.86
11/21/2019,1207.42,1724.42,2.93,233.54
11/22/2019,1210.42,1727.42,2.76,234.12
11/23/2019,1210.42,1727.42,2.76,234.12
11/24/2019,1210.42,1727.42,2.76,234.12
11/25/2019,1263.42,1780.42,0,244.38
11/26/2019,1282.88,1799.88,0,248.14
11/27/2019,1310.88,1827.88,0,253.56
11/28/2019,1310.88,1827.88,0,253.56
11/29/2019,1297.88,1814.88,0.71,251.04
11/30/2019,1297.88,1814.88,0.71,251.04
12/1/2019,1297.88,1814.88,0.71,251.04
12/2/2019,1267.88,1784.88,2.35,245.24
12/3/2019,1232.88,1749.88,4.27,238.47
12/4/2019,1264.88,1781.88,2.52,244.66
12/5/2019,1263.88,1780.88,2.57,244.46
12/6/2019,1311.88,1828.88,0,253.75
12/7/2019,1311.88,1828.88,0,253.75
12/8/2019,1311.88,1828.88,0,253.75
12/9/2019,1296.88,1813.88,0.82,250.85
12/10/2019,1282.88,1799.88,1.59,248.14
12/11/2019,1292.88,1809.88,1.04,250.07
12/12/2019,1348.88,1865.88,0,260.91
12/13/2019,1325.88,1842.88,1.23,256.46
12/14/2019,1325.88,1842.88,1.23,256.46
12/15/2019,1325.88,1842.88,1.23,256.46
12/16/2019,1364.34,1881.34,0,263.9
12/17/2019,1366.34,1883.34,0,264.28
12/18/2019,1370.34,1887.34,0,265.06
12/19/2019,1385.34,1902.34,0,267.96
12/20/2019,1421.34,1938.34,0,274.92
12/21/2019,1421.34,1938.34,0,274.92
12/22/2019,1421.34,1938.34,0,274.92
12/23/2019,1422.8,1939.8,0,275.2
12/24/2019,1419.8,1936.8,0.15,274.62
12/25/2019,1419.8,1936.8,0.15,274.62
12/26/2019,1445.8,1962.8,0,279.65
12/27/2019,1464.8,1981.8,0,283.33
12/28/2019,1464.8,1981.8,0,283.33
12/29/2019,1464.8,1981.8,0,283.33
12/30/2019,1431.8,1948.8,1.67,276.94
12/31/2019,1428.8,1945.8,1.82,276.36
1/1/2020,1428.8,1945.8,1.82,276.36
1/2/2020,1473.8,1990.8,0,285.07
1/3/2020,1456.8,1973.8,0.85,281.78
1/4/2020,1456.8,1973.8,0.85,281.78
1/5/2020,1456.8,1973.8,0.85,281.78
1/6/2020,1456.8,1973.8,0.85,281.78
1/7/2020,1442.8,1959.8,1.56,279.07
1/8/2020,1494.27,2011.27,0,289.03
1/9/2020,1508.27,2025.27,0,291.74
1/10/2020,1492.27,2009.27,0.79,288.64
1/11/2020,1492.27,2009.27,0.79,288.64
1/12/2020,1492.27,2009.27,0.79,288.64
1/13/2020,1526.27,2043.27,0,295.22
1/14/2020,1525.27,2042.27,0.05,295.02
1/15/2020,1524.27,2041.27,0.1,294.83
1/16/2020,1577.73,2094.73,0,305.17
1/17/2020,1602.73,2119.73,0,310.01
1/18/2020,1602.73,2119.73,0,310.01
1/19/2020,1602.73,2119.73,0,310.01
1/20/2020,1602.73,2119.73,0,310.01
1/21/2020,1600.73,2117.73,0.09,309.62
1/22/2020,1602.73,2119.73,0,310.01
1/23/2020,1611.73,2128.73,0,311.75
1/24/2020,1565.73,2082.73,2.16,302.85
1/25/2020,1565.73,2082.73,2.16,302.85
1/26/2020,1565.73,2082.73,2.16,302.85
1/27/2020,1504.73,2021.73,5.03,291.05
1/28/2020,1541.73,2058.73,3.29,298.21
1/29/2020,1534.73,2051.73,3.62,296.85
1/30/2020,1523.73,2040.73,4.13,294.73
1/31/2020,1482.73,1999.73,6.06,286.79
2/1/2020,1482.73,1999.73,6.06,286.79
2/2/2020,1482.73,1999.73,6.06,286.79
2/3/2020,1488.73,2005.73,5.78,287.96
2/4/2020,1540.73,2057.73,3.34,298.01
2/5/2020,1597.73,2114.73,0.66,309.04
2/6/2020,1620.73,2137.73,0,313.49
2/7/2020,1586.19,2103.19,1.62,306.81
2/8/2020,1586.19,2103.19,1.62,306.81
2/9/2020,1586.19,2103.19,1.62,306.81
2/10/2020,1603.19,2120.19,0.82,310.09
2/11/2020,1621.19,2138.19,0,313.58
2/12/2020,1643.19,2160.19,0,317.83
2/13/2020,1634.19,2151.19,0.42,316.09
2/14/2020,1637.19,2154.19,0.28,316.67
2/15/2020,1637.19,2154.19,0.28,316.67
2/16/2020,1637.19,2154.19,0.28,316.67
2/17/2020,1637.19,2154.19,0.28,316.67
2/18/2020,1631.19,2148.19,0.56,315.51
2/19/2020,1652.65,2169.65,0,319.66
2/20/2020,1627.65,2144.65,1.15,314.83
2/21/2020,1581.65,2098.65,3.27,305.93
2/22/2020,1581.65,2098.65,3.27,305.93
2/23/2020,1581.65,2098.65,3.27,305.93
2/24/2020,1517.65,2034.65,6.22,293.55
2/25/2020,1498.65,2015.65,7.1,289.87
2/26/2020,1496.65,2013.65,7.19,289.49
2/27/2020,1491.65,2008.65,7.42,288.52
2/28/2020,1501.65,2018.65,6.96,290.45
2/29/2020,1501.65,2018.65,6.96,290.45
3/1/2020,1501.65,2018.65,6.96,290.45
3/2/2020,1493.65,2010.65,7.33,288.91
3/3/2020,1494.65,2011.65,7.28,289.1
3/4/2020,1499.65,2016.65,7.05,290.07
3/5/2020,1496.65,2013.65,7.19,289.49
3/6/2020,1491.65,2008.65,7.42,288.52
3/7/2020,1491.65,2008.65,7.42,288.52
3/8/2020,1491.65,2008.65,7.42,288.52
3/9/2020,1490.65,2007.65,7.47,288.33
3/10/2020,1491.65,2008.65,7.42,288.52
3/11/2020,1489.65,2006.65,7.51,288.13
3/12/2020,1489.65,2006.65,7.51,288.13
3/13/2020,1486.11,2003.11,7.68,287.45
3/14/2020,1486.11,2003.11,7.68,287.45
3/15/2020,1486.11,2003.11,7.68,287.45
3/16/2020,1352.11,1869.11,13.85,261.53
3/17/2020,1374.11,1891.11,12.84,265.79
3/18/2020,1182.11,1699.11,21.69,228.65
3/19/2020,1194.11,1711.11,21.13,230.97
3/20/2020,1085.11,1602.11,26.16,209.89
3/21/2020,1085.11,1602.11,26.16,209.89
3/22/2020,1085.11,1602.11,26.16,209.89
3/23/2020,1067.11,1584.11,26.99,206.4
3/24/2020,1142.11,1659.11,23.53,220.91
3/25/2020,1238.11,1755.11,19.11,239.48
3/26/2020,1280.11,1797.11,17.17,247.6
3/27/2020,1277.11,1794.11,17.31,247.02
3/28/2020,1277.11,1794.11,17.31,247.02
3/29/2020,1277.11,1794.11,17.31,247.02
3/30/2020,1266.11,1783.11,17.82,244.9
3/31/2020,1152.11,1669.11,23.07,222.85
4/1/2020,1081.11,1598.11,26.34,209.11
4/2/2020,1077.11,1594.11,26.53,208.34
4/3/2020,1058.58,1575.58,27.38,204.75
4/4/2020,1058.58,1575.58,27.38,204.75
4/5/2020,1058.58,1575.58,27.38,204.75
4/6/2020,1370.04,1887.04,13.03,265
4/7/2020,1497.04,2014.04,7.17,289.56
4/8/2020,1598.5,2115.5,2.5,309.19
4/9/2020,1715.5,2232.5,0,331.82
4/10/2020,1715.5,2232.5,0,331.82
4/11/2020,1715.5,2232.5,0,331.82
4/12/2020,1715.5,2232.5,0,331.82
4/13/2020,1623.5,2140.5,4.12,314.02
4/14/2020,1776.5,2293.5,0,343.62
4/15/2020,1663.5,2180.5,4.93,321.76
4/16/2020,1677.5,2194.5,4.32,324.47
4/17/2020,1823.96,2340.96,0,352.8
4/18/2020,1823.96,2340.96,0,352.8
4/19/2020,1823.96,2340.96,0,352.8
4/20/2020,1789.96,2306.96,1.45,346.22
4/21/2020,1662.96,2179.96,6.88,321.66
4/22/2020,1723.96,2240.96,4.27,333.45
4/23/2020,1693.96,2210.96,5.55,327.65
4/24/2020,1703.96,2220.96,5.13,329.59
4/25/2020,1703.96,2220.96,5.13,329.59
4/26/2020,1703.96,2220.96,5.13,329.59
4/27/2020,1736.96,2253.96,3.72,335.97
4/28/2020,1703.96,2220.96,5.13,329.59
4/29/2020,1872.96,2389.96,0,362.27
4/30/2020,1775.96,2292.96,4.06,343.51
5/1/2020,1624.96,2141.96,10.38,314.31
5/2/2020,1624.96,2141.96,10.38,314.31
5/3/2020,1624.96,2141.96,10.38,314.31
5/4/2020,1618.96,2135.96,10.63,313.15
5/5/2020,1625.96,2142.96,10.33,314.5
5/6/2020,1596.96,2113.96,11.55,308.89
5/7/2020,1623.96,2140.96,10.42,314.11
5/8/2020,1664.42,2181.42,8.73,321.94
5/9/2020,1664.42,2181.42,8.73,321.94
5/10/2020,1664.42,2181.42,8.73,321.94
5/11/2020,1651.42,2168.42,9.27,319.42
5/12/2020,1585.42,2102.42,12.03,306.66
5/13/2020,1517.42,2034.42,14.88,293.5
5/14/2020,1531.42,2048.42,14.29,296.21
5/15/2020,1525.42,2042.42,14.54,295.05
5/16/2020,1525.42,2042.42,14.54,295.05
5/17/2020,1525.42,2042.42,14.54,295.05
5/18/2020,1697.42,2214.42,7.34,328.32
5/19/2020,1649.42,2166.42,9.35,319.04
5/20/2020,1703.42,2220.42,7.09,329.48
5/21/2020,1665.42,2182.42,8.68,322.13
5/22/2020,1654.42,2171.42,9.14,320
5/23/2020,1654.42,2171.42,9.14,320
5/24/2020,1654.42,2171.42,9.14,320
5/25/2020,1654.42,2171.42,9.14,320
5/26/2020,1731.42,2248.42,5.92,334.9
5/27/2020,1813.89,2330.8900000000003,2.47,350.85
5/28/2020,1842.89,2359.8900000000003,1.26,356.46
5/29/2020,1835.89,2352.8900000000003,1.55,355.1
5/30/2020,1835.89,2352.8900000000003,1.55,355.1
5/31/2020,1835.89,2352.8900000000003,1.55,355.1
6/1/2020,1868.89,2385.8900000000003,0.17,361.49
6/2/2020,1873.89,2390.8900000000003,0,362.45
6/3/2020,1989.35,2506.35,0,384.79
6/4/2020,1943.35,2460.35,1.84,375.89
6/5/2020,2102.35,2619.35,0,406.64
6/6/2020,2102.35,2619.35,0,406.64
6/7/2020,2102.35,2619.35,0,406.64
6/8/2020,2189.81,2706.81,0,423.56
6/9/2020,2192.81,2709.81,0,424.14
6/10/2020,2144.81,2661.81,1.77,414.86
6/11/2020,2001.81,2518.81,7.05,387.2
6/12/2020,1988.81,2505.81,7.53,384.68
6/13/2020,1988.81,2505.81,7.53,384.68
6/14/2020,1988.81,2505.81,7.53,384.68
6/15/2020,1999.81,2516.81,7.12,386.81
6/16/2020,2065.81,2582.81,4.69,399.58
6/17/2020,2048.81,2565.81,5.31,396.29
6/18/2020,2030.81,2547.81,5.98,392.81
6/19/2020,2014.81,2531.81,6.57,389.71
6/20/2020,2014.81,2531.81,6.57,389.71
6/21/2020,2014.81,2531.81,6.57,389.71
6/22/2020,2002.81,2519.81,7.01,387.39
6/23/2020,2018.81,2535.81,6.42,390.49
6/24/2020,1960.81,2477.81,8.56,379.27
6/25/2020,1959.81,2476.81,8.6,379.07
6/26/2020,1937.81,2454.81,9.41,374.82
6/27/2020,1937.81,2454.81,9.41,374.82
6/28/2020,1937.81,2454.81,9.41,374.82
6/29/2020,1936.81,2453.81,9.45,374.62
6/30/2020,1950.81,2467.81,8.93,377.33
7/1/2020,1959.81,2476.81,8.6,379.07
7/2/2020,1956.81,2473.81,8.71,378.49
7/3/2020,1956.81,2473.81,8.71,378.49
7/4/2020,1956.81,2473.81,8.71,378.49
7/5/2020,1956.81,2473.81,8.71,378.49
7/6/2020,1976.27,2493.27,7.99,382.26
7/7/2020,1947.27,2464.27,9.06,376.65
7/8/2020,1958.27,2475.27,8.66,378.78
7/9/2020,1936.27,2453.27,9.47,374.52
7/10/2020,1978.27,2495.27,7.92,382.64
7/11/2020,1978.27,2495.27,7.92,382.64
7/12/2020,1978.27,2495.27,7.92,382.64
7/13/2020,1977.27,2494.27,7.95,382.45
7/14/2020,1999.27,2516.27,7.14,386.71
7/15/2020,2068.27,2585.27,4.6,400.05
7/16/2020,2023.27,2540.27,6.26,391.35
7/17/2020,2026.27,2543.27,6.15,391.93
7/18/2020,2026.27,2543.27,6.15,391.93
7/19/2020,2026.27,2543.27,6.15,391.93
7/20/2020,2068.27,2585.27,4.6,400.05
7/21/2020,2085.27,2602.27,3.97,403.34
7/22/2020,2122.73,2639.73,2.59,410.59
7/23/2020,2061.73,2578.73,4.84,398.79
7/24/2020,2022.73,2539.73,6.28,391.24
7/25/2020,2022.73,2539.73,6.28,391.24
7/26/2020,2022.73,2539.73,6.28,391.24
7/27/2020,2035.73,2552.73,5.8,393.76
7/28/2020,2011.73,2528.73,6.68,389.12
7/29/2020,2050.73,2567.73,5.24,396.66
7/30/2020,2039.73,2556.73,5.65,394.53
7/31/2020,2049.73,2566.73,5.28,396.47
8/1/2020,2049.73,2566.73,5.28,396.47
8/2/2020,2049.73,2566.73,5.28,396.47
8/3/2020,2121.73,2638.73,2.62,410.39
8/4/2020,2109.73,2626.73,3.07,408.07
8/5/2020,2152.73,2669.73,1.48,416.39
8/6/2020,2206.73,2723.73,0,426.83
8/7/2020,2205.2,2722.2,0.06,426.54
8/8/2020,2205.2,2722.2,0.06,426.54
8/9/2020,2205.2,2722.2,0.06,426.54
8/10/2020,2206.2,2723.2,0.02,426.73
8/11/2020,2192.2,2709.2,0.53,424.02
8/12/2020,2259.2,2776.2,0,436.98
8/13/2020,2235.2,2752.2,0.86,432.34
8/14/2020,2221.2,2738.2,1.37,429.63
8/15/2020,2221.2,2738.2,1.37,429.63
8/16/2020,2221.2,2738.2,1.37,429.63
8/17/2020,2235.2,2752.2,0.86,432.34
8/18/2020,2247.2,2764.2,0.43,434.66
8/19/2020,2217.2,2734.2,1.51,428.86
8/20/2020,2238.2,2755.2,0.76,432.92
8/21/2020,2244.2,2761.2,0.54,434.08
8/22/2020,2244.2,2761.2,0.54,434.08
8/23/2020,2244.2,2761.2,0.54,434.08
8/24/2020,2325.66,2842.66,0,449.84
8/25/2020,2354.66,2871.66,0,455.45
8/26/2020,2444.12,2961.12,0,472.75
8/27/2020,2477.12,2994.12,0,479.13
8/28/2020,2494.12,3011.12,0,482.42
8/29/2020,2494.12,3011.12,0,482.42
8/30/2020,2494.12,3011.12,0,482.42
8/31/2020,2520.12,3037.12,0,487.45
9/1/2020,2544.12,3061.12,0,492.09
9/2/2020,2682.58,3199.58,0,518.87
9/3/2020,2528.58,3045.58,4.81,489.09
9/4/2020,2484.58,3001.58,6.19,480.58
9/5/2020,2484.58,3001.58,6.19,480.58
9/6/2020,2484.58,3001.58,6.19,480.58
9/7/2020,2484.58,3001.58,6.19,480.58
9/8/2020,2440.58,2957.58,7.56,472.07
9/9/2020,2460.58,2977.58,6.94,475.93
9/10/2020,2440.58,2957.58,7.56,472.07
9/11/2020,2429.58,2946.58,7.91,469.94
9/12/2020,2429.58,2946.58,7.91,469.94
9/13/2020,2429.58,2946.58,7.91,469.94
9/14/2020,2435.58,2952.58,7.72,471.1
9/15/2020,2432.58,2949.58,7.81,470.52
9/16/2020,2429.58,2946.58,7.91,469.94
9/17/2020,2421.58,2938.58,8.16,468.39
9/18/2020,2419.58,2936.58,8.22,468
9/19/2020,2419.58,2936.58,8.22,468
9/20/2020,2419.58,2936.58,8.22,468
9/21/2020,2415.58,2932.58,8.34,467.23
9/22/2020,2416.58,2933.58,8.31,467.42
9/23/2020,2413.58,2930.58,8.41,466.84
9/24/2020,2413.58,2930.58,8.41,466.84
9/25/2020,2410.04,2927.04,8.52,466.16
9/26/2020,2410.04,2927.04,8.52,466.16
9/27/2020,2410.04,2927.04,8.52,466.16
9/28/2020,2521.04,3038.04,5.05,487.63
9/29/2020,2494.04,3011.04,5.89,482.41
9/30/2020,2527.04,3044.04,4.86,488.79
10/1/2020,2554.04,3071.04,4.02,494.01
10/2/2020,2531.04,3048.04,4.74,489.56
10/3/2020,2531.04,3048.04,4.74,489.56
10/4/2020,2531.04,3048.04,4.74,489.56
10/5/2020,2619.51,3136.51,1.97,506.68
10/6/2020,2539.51,3056.51,4.47,491.2
10/7/2020,2623.51,3140.51,1.85,507.45
10/8/2020,2650.51,3167.51,1,512.67
10/9/2020,2679.51,3196.51,0.1,518.28
10/10/2020,2679.51,3196.51,0.1,518.28
10/11/2020,2679.51,3196.51,0.1,518.28
10/12/2020,2824.97,3341.97,0,546.42
10/13/2020,2804.97,3321.97,0.6,542.55
10/14/2020,2763.97,3280.97,1.83,534.62
10/15/2020,2749.97,3266.97,2.24,531.91
10/16/2020,2756.97,3273.97,2.03,533.26
10/17/2020,2756.97,3273.97,2.03,533.26
10/18/2020,2756.97,3273.97,2.03,533.26
10/19/2020,2676.97,3193.97,4.43,517.79
10/20/2020,2709.97,3226.97,3.44,524.17
10/21/2020,2682.97,3199.97,4.25,518.95
10/22/2020,2689.97,3206.97,4.04,520.3
10/23/2020,2687.97,3204.97,4.1,519.92
10/24/2020,2687.97,3204.97,4.1,519.92
10/25/2020,2687.97,3204.97,4.1,519.92
10/26/2020,2648.97,3165.97,5.27,512.37
10/27/2020,2646.97,3163.97,5.33,511.99
10/28/2020,2598.97,3115.97,6.76,502.7
10/29/2020,2600.97,3117.97,6.7,503.09
10/30/2020,2581.97,3098.97,7.27,499.41
10/31/2020,2581.97,3098.97,7.27,499.41
11/1/2020,2581.97,3098.97,7.27,499.41
11/2/2020,2590.97,3107.97,7,501.15
11/3/2020,2618.97,3135.97,6.16,506.57
11/4/2020,2630.97,3147.97,5.8,508.89
11/5/2020,2689.97,3206.97,4.04,520.3
11/6/2020,2662.43,3179.43,4.86,514.98
11/7/2020,2662.43,3179.43,4.86,514.98
11/8/2020,2662.43,3179.43,4.86,514.98
11/9/2020,2781.43,3298.43,1.3,537.99
11/10/2020,2703.43,3220.43,3.64,522.91
11/11/2020,2729.43,3246.43,2.86,527.94
11/12/2020,2661.43,3178.43,4.89,514.78
11/13/2020,2775.43,3292.43,1.48,536.83
11/14/2020,2775.43,3292.43,1.48,536.83
11/15/2020,2775.43,3292.43,1.48,536.83
11/16/2020,2828.89,3345.89,0,547.17
11/17/2020,2807.89,3324.89,0.63,543.11
11/18/2020,2765.89,3282.89,1.88,534.99
11/19/2020,2755.89,3272.89,2.18,533.05
11/20/2020,2731.89,3248.89,2.9,528.41
11/21/2020,2731.89,3248.89,2.9,528.41
11/22/2020,2731.89,3248.89,2.9,528.41
11/23/2020,2729.89,3246.89,2.96,528.03
11/24/2020,2815.89,3332.89,0.39,544.66
11/25/2020,2799.89,3316.89,0.87,541.56
11/26/2020,2799.89,3316.89,0.87,541.56
11/27/2020,2803.89,3320.89,0.75,542.34
11/28/2020,2803.89,3320.89,0.75,542.34
11/29/2020,2803.89,3320.89,0.75,542.34
11/30/2020,2757.89,3274.89,2.12,533.44
12/1/2020,2848.89,3365.89,0,551.04
12/2/2020,2860.89,3377.89,0,553.36
12/3/2020,2847.89,3364.89,0.38,550.85
12/4/2020,2916.89,3433.89,0,564.2
12/5/2020,2916.89,3433.89,0,564.2
12/6/2020,2916.89,3433.89,0,564.2
12/7/2020,2871.89,3388.89,1.31,555.49
12/8/2020,2910.89,3427.89,0.17,563.03
12/9/2020,2828.89,3345.89,2.56,547.17
12/10/2020,2823.35,3340.35,2.72,546.1
12/11/2020,2805.35,3322.35,3.25,542.62
12/12/2020,2805.35,3322.35,3.25,542.62
12/13/2020,2805.35,3322.35,3.25,542.62
12/14/2020,2789.35,3306.35,3.71,539.53
12/15/2020,2840.35,3357.35,2.23,549.39
12/16/2020,2856.35,3373.35,1.76,552.49
12/17/2020,2872.35,3389.35,1.3,555.58
12/18/2020,2841.35,3358.35,2.2,549.58
12/19/2020,2841.35,3358.35,2.2,549.58
12/20/2020,2841.35,3358.35,2.2,549.58
12/21/2020,2827.35,3344.35,2.61,546.88
12/22/2020,2809.35,3326.35,3.13,543.39
12/23/2020,2815.35,3332.35,2.96,544.56
12/24/2020,2790.35,3307.35,3.69,539.72
12/25/2020,2790.35,3307.35,3.69,539.72
12/26/2020,2790.35,3307.35,3.69,539.72
12/27/2020,2790.35,3307.35,3.69,539.72
12/28/2020,2856.35,3373.35,1.76,552.49
12/29/2020,2852.35,3369.35,1.88,551.71
12/30/2020,2851.35,3368.35,1.91,551.52
12/31/2020,2882.35,3399.35,1.01,557.51
1/1/2021,2882.35,3399.35,1.01,557.51
1/2/2021,2882.35,3399.35,1.01,557.51
1/3/2021,2882.35,3399.35,1.01,557.51
1/4/2021,2787.82,3304.82,3.76,539.23
1/5/2021,2822.82,3339.82,2.74,546
1/6/2021,2887.82,3404.82,0.85,558.57
1/7/2021,2995.28,3512.28,0,579.36
1/8/2021,3016.28,3533.28,0,583.42
1/9/2021,3016.28,3533.28,0,583.42
1/10/2021,3016.28,3533.28,0,583.42
1/11/2021,2996.28,3513.28,0.57,579.55
1/12/2021,2978.28,3495.28,1.08,576.07
1/13/2021,2978.28,3495.28,1.08,576.07
1/14/2021,2963.28,3480.28,1.5,573.17
1/15/2021,2907.28,3424.28,3.08,562.34
1/16/2021,2907.28,3424.28,3.08,562.34
1/17/2021,2907.28,3424.28,3.08,562.34
1/18/2021,2907.28,3424.28,3.08,562.34
1/19/2021,2935.28,3452.28,2.29,567.75
1/20/2021,3040.28,3557.28,0,588.06
1/21/2021,3039.28,3556.28,0.03,587.87
1/22/2021,3009.28,3526.28,0.87,582.07
1/23/2021,3009.28,3526.28,0.87,582.07
1/24/2021,3009.28,3526.28,0.87,582.07
1/25/2021,3005.28,3522.28,0.98,581.29
1/26/2021,3022.28,3539.28,0.51,584.58
1/27/2021,2910.28,3427.28,3.65,562.92
1/28/2021,2933.28,3450.28,3.01,567.37
1/29/2021,2825.74,3342.74,6.03,546.56
1/30/2021,2825.74,3342.74,6.03,546.56
1/31/2021,2825.74,3342.74,6.03,546.56
2/1/2021,2895.74,3412.74,4.06,560.1
2/2/2021,2978.74,3495.74,1.73,576.16
2/3/2021,2962.74,3479.74,2.18,573.06
2/4/2021,3000.2,3517.2,1.13,580.31
2/5/2021,3042.2,3559.2,0,588.43
2/6/2021,3042.2,3559.2,0,588.43
2/7/2021,3042.2,3559.2,0,588.43
2/8/2021,3079.2,3596.2,0,595.59
2/9/2021,3101.2,3618.2,0,599.85
2/10/2021,3082.2,3599.2,0.53,596.17
2/11/2021,3084.2,3601.2,0.47,596.56
2/12/2021,3101.2,3618.2,0,599.85
2/13/2021,3101.2,3618.2,0,599.85
2/14/2021,3101.2,3618.2,0,599.85
2/15/2021,3101.2,3618.2,0,599.85
2/16/2021,3111.2,3628.2,0,601.78
2/17/2021,3094.2,3611.2,0.47,598.49
2/18/2021,3067.2,3584.2,1.21,593.27
2/19/2021,3031.2,3548.2,2.2,586.31
2/20/2021,3031.2,3548.2,2.2,586.31
2/21/2021,3031.2,3548.2,2.2,586.31
2/22/2021,2960.2,3477.2,4.16,572.57
2/23/2021,2967.2,3484.2,3.97,573.93
2/24/2021,3027.2,3544.2,2.32,585.53
2/25/2021,2907.66,3424.66,5.61,562.41
2/26/2021,2881.66,3398.66,6.33,557.38
2/27/2021,2881.66,3398.66,6.33,557.38
2/28/2021,2881.66,3398.66,6.33,557.38
3/1/2021,2961.66,3478.66,4.12,572.85
3/2/2021,2921.66,3438.66,5.22,565.12
3/3/2021,2828.66,3345.66,7.79,547.13
3/4/2021,2722.66,3239.66,10.71,526.63
3/5/2021,2817.66,3334.66,8.09,545
3/6/2021,2817.66,3334.66,8.09,545
3/7/2021,2817.66,3334.66,8.09,545
3/8/2021,2807.66,3324.66,8.37,543.07
3/9/2021,2885.66,3402.66,6.22,558.15
3/10/2021,2918.66,3435.66,5.31,564.54
3/11/2021,3011.66,3528.66,2.74,582.53
3/12/2021,2993.66,3510.66,3.24,579.04
3/13/2021,2993.66,3510.66,3.24,579.04
3/14/2021,2993.66,3510.66,3.24,579.04
3/15/2021,3007.66,3524.66,2.85,581.75
3/16/2021,3045.66,3562.66,1.81,589.1
3/17/2021,3042.66,3559.66,1.89,588.52
3/18/2021,2899.66,3416.66,5.83,560.86
3/19/2021,2876.13,3393.13,6.48,556.31
3/20/2021,2876.13,3393.13,6.48,556.31
3/21/2021,2876.13,3393.13,6.48,556.31
3/22/2021,2877.13,3394.13,6.45,556.5
3/23/2021,2821.13,3338.13,7.99,545.67
3/24/2021,2807.13,3324.13,8.38,542.97
3/25/2021,2809.13,3326.13,8.33,543.35
3/26/2021,2870.13,3387.13,6.64,555.15
3/27/2021,2870.13,3387.13,6.64,555.15
3/28/2021,2870.13,3387.13,6.64,555.15
3/29/2021,2940.13,3457.13,4.72,568.69
3/30/2021,2891.13,3408.13,6.07,559.21
3/31/2021,2932.13,3449.13,4.94,567.14
4/1/2021,2994.13,3511.13,3.23,579.14
4/2/2021,2994.13,3511.13,3.23,579.14
4/3/2021,2994.13,3511.13,3.23,579.14
4/4/2021,2994.13,3511.13,3.23,579.14
4/5/2021,3207.59,3724.59,0,620.42
4/6/2021,3199.59,3716.59,0.21,618.88
4/7/2021,3198.59,3715.59,0.24,618.68
4/8/2021,3227.59,3744.59,0,624.29
4/9/2021,3284.59,3801.59,0,635.32
4/10/2021,3284.59,3801.59,0,635.32
4/11/2021,3284.59,3801.59,0,635.32
4/12/2021,3302.59,3819.59,0,638.8
4/13/2021,3324.05,3841.05,0,642.95
4/14/2021,3296.05,3813.05,0.73,637.53
4/15/2021,3384.05,3901.05,0,654.56
4/16/2021,3416.05,3933.05,0,660.74
4/17/2021,3416.05,3933.05,0,660.74
4/18/2021,3416.05,3933.05,0,660.74
4/19/2021,3369.05,3886.05,1.2,651.65
4/20/2021,3327.05,3844.05,2.26,643.53
4/21/2021,3380.05,3897.05,0.92,653.78
4/22/2021,3333.05,3850.05,2.11,644.69
4/23/2021,3407.05,3924.05,0.23,659
4/24/2021,3407.05,3924.05,0.23,659
4/25/2021,3407.05,3924.05,0.23,659
4/26/2021,3414.05,3931.05,0.05,660.36
4/27/2021,3411.05,3928.05,0.13,659.78
4/28/2021,3397.05,3914.05,0.48,657.07
4/29/2021,3462.51,3979.51,0,669.73
4/30/2021,3415.51,3932.51,1.18,660.64
5/1/2021,3415.51,3932.51,1.18,660.64
5/2/2021,3415.51,3932.51,1.18,660.64
5/3/2021,3421.51,3938.51,1.03,661.8
5/4/2021,3376.51,3893.51,2.16,653.1
5/5/2021,3387.51,3904.51,1.88,655.22
5/6/2021,3405.51,3922.51,1.43,658.71
5/7/2021,3463.51,3980.51,0,669.92
5/8/2021,3463.51,3980.51,0,669.92
5/9/2021,3463.51,3980.51,0,669.92
5/10/2021,3414.51,3931.51,1.23,660.45
5/11/2021,3360.51,3877.51,2.59,650
5/12/2021,3317.51,3834.51,3.67,641.68
5/13/2021,3336.51,3853.51,3.19,645.36
5/14/2021,3351.51,3868.51,2.81,648.26
5/15/2021,3351.51,3868.51,2.81,648.26
5/16/2021,3351.51,3868.51,2.81,648.26
5/17/2021,3330.51,3847.51,3.34,644.2
5/18/2021,3308.51,3825.51,3.89,639.94
5/19/2021,3285.51,3802.51,4.47,635.5
5/20/2021,3317.51,3834.51,3.67,641.68
5/21/2021,3294.97,3811.97,4.23,637.32
5/22/2021,3294.97,3811.97,4.23,637.32
5/23/2021,3294.97,3811.97,4.23,637.32
5/24/2021,3367.97,3884.97,2.4,651.44
5/25/2021,3337.97,3854.97,3.15,645.64
5/26/2021,3329.97,3846.97,3.35,644.09
5/27/2021,3328.97,3845.97,3.38,643.9
5/28/2021,3342.97,3859.97,3.03,646.61
5/29/2021,3342.97,3859.97,3.03,646.61
5/30/2021,3342.97,3859.97,3.03,646.61
5/31/2021,3342.97,3859.97,3.03,646.61
6/1/2021,3321.97,3838.97,3.56,642.55
6/2/2021,3312.97,3829.97,3.78,640.81
6/3/2021,3290.97,3807.97,4.33,636.55
6/4/2021,3371.97,3888.97,2.3,652.22
6/5/2021,3371.97,3888.97,2.3,652.22
6/6/2021,3371.97,3888.97,2.3,652.22
6/7/2021,3333.97,3850.97,3.25,644.87
6/8/2021,3351.97,3868.97,2.8,648.35
6/9/2021,3337.97,3854.97,3.15,645.64
6/10/2021,3341.97,3858.97,3.05,646.42
6/11/2021,3336.44,3853.44,3.19,645.35
6/12/2021,3336.44,3853.44,3.19,645.35
6/13/2021,3336.44,3853.44,3.19,645.35
6/14/2021,3349.44,3866.44,2.87,647.86
6/15/2021,3361.44,3878.44,2.56,650.18
6/16/2021,3324.44,3841.44,3.49,643.03
6/17/2021,3310.44,3827.44,3.85,640.32
6/18/2021,3251.44,3768.44,5.33,628.91
6/19/2021,3251.44,3768.44,5.33,628.91
6/20/2021,3251.44,3768.44,5.33,628.91
6/21/2021,3287.44,3804.44,4.42,635.87
6/22/2021,3327.44,3844.44,3.42,643.61
6/23/2021,3308.44,3825.44,3.9,639.93
6/24/2021,3348.44,3865.44,2.89,647.67
6/25/2021,3371.44,3888.44,2.31,652.12
6/26/2021,3371.44,3888.44,2.31,652.12
6/27/2021,3371.44,3888.44,2.31,652.12
6/28/2021,3387.44,3904.44,1.91,655.21
6/29/2021,3395.44,3912.44,1.71,656.76
6/30/2021,3416.44,3933.44,1.18,660.82
7/1/2021,3469.9,3986.9,0,671.16
7/2/2021,3544.9,4061.9,0,685.67
7/3/2021,3544.9,4061.9,0,685.67
7/4/2021,3544.9,4061.9,0,685.67
7/5/2021,3544.9,4061.9,0,685.67
7/6/2021,3529.9,4046.9,0.37,682.77
7/7/2021,3567.36,4084.36,0,690.01
7/8/2021,3515.36,4032.36,1.27,679.95
7/9/2021,3569.36,4086.36,0,690.4
7/10/2021,3569.36,4086.36,0,690.4
7/11/2021,3569.36,4086.36,0,690.4
7/12/2021,3595.36,4112.360000000001,0,695.43
7/13/2021,3584.36,4101.360000000001,0.27,693.3
7/14/2021,3585.36,4102.360000000001,0.24,693.49
7/15/2021,3548.36,4065.36,1.14,686.34
7/16/2021,3504.36,4021.36,2.21,677.83
7/17/2021,3504.36,4021.36,2.21,677.83
7/18/2021,3504.36,4021.36,2.21,677.83
7/19/2021,3434.36,3951.36,3.92,664.29
7/20/2021,3503.36,4020.36,2.24,677.63
7/21/2021,3519.36,4036.36,1.85,680.73
7/22/2021,3538.36,4055.36,1.39,684.4
7/23/2021,3631.36,4148.360000000001,0,702.39
7/24/2021,3631.36,4148.360000000001,0,702.39
7/25/2021,3631.36,4148.360000000001,0,702.39
7/26/2021,3641.36,4158.360000000001,0,704.32
7/27/2021,3596.36,4113.360000000001,1.08,695.62
7/28/2021,3612.36,4129.360000000001,0.7,698.72
7/29/2021,3634.36,4151.360000000001,0.17,702.97
7/30/2021,3557.82,4074.82,2.01,688.17
7/31/2021,3557.82,4074.82,2.01,688.17
8/1/2021,3557.82,4074.82,2.01,688.17
8/2/2021,3548.82,4065.82,2.23,686.43
8/3/2021,3588.82,4105.82,1.26,694.16
8/4/2021,3560.82,4077.82,1.94,688.75
8/5/2021,3585.82,4102.82,1.34,693.58
8/6/2021,3593.82,4110.82,1.14,695.13
8/7/2021,3593.82,4110.82,1.14,695.13
8/8/2021,3593.82,4110.82,1.14,695.13
8/9/2021,3580.82,4097.82,1.46,692.62
8/10/2021,3584.82,4101.82,1.36,693.39
8/11/2021,3598.82,4115.82,1.02,696.1
8/12/2021,3630.82,4147.82,0.25,702.29
8/13/2021,3642.82,4159.82,0,704.61
8/14/2021,3642.82,4159.82,0,704.61
8/15/2021,3642.82,4159.82,0,704.61
8/16/2021,3663.82,4180.82,0,708.67
8/17/2021,3583.82,4100.82,1.91,693.2
8/18/2021,3541.82,4058.82,2.92,685.07
8/19/2021,3537.82,4054.82,3.01,684.3
8/20/2021,3579.28,4096.280000000001,2.02,692.32
8/21/2021,3579.28,4096.280000000001,2.02,692.32
8/22/2021,3579.28,4096.280000000001,2.02,692.32
8/23/2021,3638.28,4155.280000000001,0.61,703.73
8/24/2021,3644.28,4161.280000000001,0.47,704.89
8/25/2021,3667.28,4184.280000000001,0,709.34
8/26/2021,3621.28,4138.280000000001,1.1,700.44
8/27/2021,3682.75,4199.75,0,712.33
8/28/2021,3682.75,4199.75,0,712.33
8/29/2021,3682.75,4199.75,0,712.33
8/30/2021,3715.75,4232.75,0,718.71
8/31/2021,3697.75,4214.75,0.43,715.23
9/1/2021,3693.75,4210.75,0.52,714.46
9/2/2021,3701.75,4218.75,0.33,716.01
9/3/2021,3705.75,4222.75,0.24,716.78
9/4/2021,3705.75,4222.75,0.24,716.78
9/5/2021,3705.75,4222.75,0.24,716.78
9/6/2021,3705.75,4222.75,0.24,716.78
9/7/2021,3679.75,4196.75,0.85,711.75
9/8/2021,3656.75,4173.75,1.39,707.3
9/9/2021,3646.75,4163.75,1.63,705.37
9/10/2021,3604.75,4121.75,2.62,697.24
9/11/2021,3604.75,4121.75,2.62,697.24
9/12/2021,3604.75,4121.75,2.62,697.24
9/13/2021,3586.75,4103.75,3.05,693.76
9/14/2021,3560.75,4077.75,3.66,688.73
9/15/2021,3585.75,4102.75,3.07,693.57
9/16/2021,3573.75,4090.75,3.35,691.25
9/17/2021,3540.21,4057.21,4.15,684.76
9/18/2021,3540.21,4057.21,4.15,684.76
9/19/2021,3540.21,4057.21,4.15,684.76
9/20/2021,3445.21,3962.21,6.39,666.38
9/21/2021,3455.21,3972.21,6.16,668.32
9/22/2021,3473.21,3990.21,5.73,671.8
9/23/2021,3533.21,4050.21,4.31,683.41
9/24/2021,3536.21,4053.21,4.24,683.99
9/25/2021,3536.21,4053.21,4.24,683.99
9/26/2021,3536.21,4053.21,4.24,683.99
9/27/2021,3497.21,4014.21,5.16,676.44
9/28/2021,3409.21,3926.21,7.24,659.42
9/29/2021,3413.21,3930.21,7.15,660.2
9/30/2021,3364.21,3881.21,8.31,650.72
10/1/2021,3383.21,3900.21,7.86,654.39
10/2/2021,3383.21,3900.21,7.86,654.39
10/3/2021,3383.21,3900.21,7.86,654.39
10/4/2021,3354.21,3871.21,8.54,648.78
10/5/2021,3370.21,3887.21,8.16,651.88
10/6/2021,3368.21,3885.21,8.21,651.49
10/7/2021,3396.21,3913.21,7.55,656.91
10/8/2021,3363.67,3880.67,8.32,650.61
10/9/2021,3363.67,3880.67,8.32,650.61
10/10/2021,3363.67,3880.67,8.32,650.61
10/11/2021,3326.67,3843.67,9.19,643.46
10/12/2021,3288.67,3805.67,10.09,636.11
10/13/2021,3292.67,3809.67,10,636.88
10/14/2021,3371.67,3888.67,8.13,652.16
10/15/2021,3427.67,3944.67,6.81,662.99
10/16/2021,3427.67,3944.67,6.81,662.99
10/17/2021,3427.67,3944.67,6.81,662.99
10/18/2021,3456.67,3973.67,6.12,668.6
10/19/2021,3501.13,4018.13,5.07,677.2
10/20/2021,3544.13,4061.13,4.05,685.52
10/21/2021,3559.13,4076.13,3.7,688.42
10/22/2021,3570.13,4087.13,3.44,690.55
10/23/2021,3570.13,4087.13,3.44,690.55
10/24/2021,3570.13,4087.13,3.44,690.55
10/25/2021,3613.59,4130.59,2.41,698.95
10/26/2021,3647.59,4164.59,1.61,705.53
10/27/2021,3620.59,4137.59,2.25,700.31
10/28/2021,3650.59,4167.59,1.54,706.11
10/29/2021,3676.59,4193.59,0.93,711.14
10/30/2021,3676.59,4193.59,0.93,711.14
10/31/2021,3676.59,4193.59,0.93,711.14
11/1/2021,3687.59,4204.59,0.67,713.27
11/2/2021,3725.06,4242.0599999999995,0,720.51
11/3/2021,3762.06,4279.0599999999995,0,727.67
11/4/2021,3785.06,4302.0599999999995,0,732.12
11/5/2021,3832.52,4349.52,0,741.3
11/6/2021,3832.52,4349.52,0,741.3
11/7/2021,3832.52,4349.52,0,741.3
11/8/2021,3828.52,4345.52,0.09,740.53
11/9/2021,3808.52,4325.52,0.55,736.66
11/10/2021,3741.52,4258.52,2.09,723.7
11/11/2021,3738.52,4255.52,2.16,723.12
11/12/2021,3779.52,4296.52,1.22,731.05
11/13/2021,3779.52,4296.52,1.22,731.05
11/14/2021,3779.52,4296.52,1.22,731.05
11/15/2021,3763.52,4280.52,1.59,727.95
11/16/2021,3810.52,4327.52,0.51,737.04
11/17/2021,3789.52,4306.52,0.99,732.98
11/18/2021,3810.52,4327.52,0.51,737.04
11/19/2021,3794.52,4311.52,0.87,733.95
11/20/2021,3794.52,4311.52,0.87,733.95
11/21/2021,3794.52,4311.52,0.87,733.95
11/22/2021,3809.52,4326.52,0.53,736.85
11/23/2021,3764.52,4281.52,1.56,728.15
11/24/2021,3776.52,4293.52,1.29,730.47
11/25/2021,3776.52,4293.52,1.29,730.47
11/26/2021,3693.52,4210.52,3.2,714.41
11/27/2021,3693.52,4210.52,3.2,714.41
11/28/2021,3693.52,4210.52,3.2,714.41
11/29/2021,3712.52,4229.52,2.76,718.09
11/30/2021,3648.52,4165.52,4.23,705.71
12/1/2021,3639.52,4156.52,4.44,703.97
12/2/2021,3644.98,4161.98,4.31,705.03
12/3/2021,3560.98,4077.98,6.24,688.78
12/4/2021,3560.98,4077.98,6.24,688.78
12/5/2021,3560.98,4077.98,6.24,688.78
12/6/2021,3630.98,4147.98,4.63,702.32
12/7/2021,3756.98,4273.98,1.74,726.69
12/8/2021,3776.98,4293.98,1.28,730.56
12/9/2021,3739.98,4256.98,2.13,723.4
12/10/2021,3779.98,4296.98,1.21,731.14
12/11/2021,3779.98,4296.98,1.21,731.14
12/12/2021,3779.98,4296.98,1.21,731.14
12/13/2021,3727.98,4244.98,2.4,721.08
12/14/2021,3628.98,4145.98,4.68,701.93
12/15/2021,3731.98,4248.98,2.31,721.85
12/16/2021,3695.98,4212.98,3.14,714.89
12/17/2021,3600.98,4117.98,5.32,696.51
12/18/2021,3600.98,4117.98,5.32,696.51
12/19/2021,3600.98,4117.98,5.32,696.51
12/20/2021,3479.98,3996.98,8.11,673.11
12/21/2021,3578.98,4095.98,5.83,692.26
12/22/2021,3661.98,4178.98,3.92,708.31
12/23/2021,3791.98,4308.98,0.93,733.46
12/24/2021,3791.98,4308.98,0.93,733.46
12/25/2021,3791.98,4308.98,0.93,733.46
12/26/2021,3791.98,4308.98,0.93,733.46
12/27/2021,3935.44,4452.4400000000005,0,761.21
12/28/2021,3947.44,4464.4400000000005,0,763.53
12/29/2021,3942.44,4459.4400000000005,0.11,762.56
12/30/2021,3912.44,4429.4400000000005,0.78,756.76
12/31/2021,3895.44,4412.4400000000005,1.16,753.47
1/1/2022,3895.44,4412.4400000000005,1.16,753.47
1/2/2022,3895.44,4412.4400000000005,1.16,753.47
1/3/2022,3897.44,4414.4400000000005,1.12,753.86
1/4/2022,3916.44,4433.4400000000005,0.69,757.53
1/5/2022,3802.44,4319.4400000000005,3.25,735.48
1/6/2022,3782.44,4299.4400000000005,3.7,731.61
1/7/2022,3753.44,4270.4400000000005,4.35,726
1/8/2022,3753.44,4270.4400000000005,4.35,726
1/9/2022,3753.44,4270.4400000000005,4.35,726
1/10/2022,3736.44,4253.4400000000005,4.73,722.72
1/11/2022,3762.44,4279.4400000000005,4.14,727.74
1/12/2022,3773.44,4290.4400000000005,3.9,729.87
1/13/2022,3739.44,4256.4400000000005,4.66,723.3
1/14/2022,3729.9,4246.9,4.87,721.45
1/15/2022,3729.9,4246.9,4.87,721.45
1/16/2022,3729.9,4246.9,4.87,721.45
1/17/2022,3729.9,4246.9,4.87,721.45
1/18/2022,3609.9,4126.9,7.56,698.24
1/19/2022,3575.9,4092.9,8.32,691.66
1/20/2022,3522.9,4039.9,9.51,681.41
1/21/2022,3488.9,4005.9,10.27,674.84
1/22/2022,3488.9,4005.9,10.27,674.84
1/23/2022,3488.9,4005.9,10.27,674.84
1/24/2022,3481.9,3998.9,10.43,673.48
1/25/2022,3475.9,3992.9,10.56,672.32
1/26/2022,3469.9,3986.9,10.7,671.16
1/27/2022,3465.9,3982.9,10.79,670.39
1/28/2022,3472.9,3989.9,10.63,671.74
1/29/2022,3472.9,3989.9,10.63,671.74
1/30/2022,3472.9,3989.9,10.63,671.74
1/31/2022,3494.9,4011.9,10.14,676
2/1/2022,3496.9,4013.9,10.09,676.38
2/2/2022,3515.9,4032.9,9.67,680.06
2/3/2022,3470.9,3987.9,10.67,671.35
2/4/2022,3468.37,3985.37,10.73,670.86
2/5/2022,3468.37,3985.37,10.73,670.86
2/6/2022,3468.37,3985.37,10.73,670.86
2/7/2022,3395.37,3912.37,12.37,656.74
2/8/2022,3426.37,3943.37,11.67,662.74
2/9/2022,3548.37,4065.37,8.94,686.34
2/10/2022,3419.37,3936.37,11.83,661.39
2/11/2022,3313.37,3830.37,14.2,640.88
2/12/2022,3313.37,3830.37,14.2,640.88
2/13/2022,3313.37,3830.37,14.2,640.88
2/14/2022,3271.37,3788.37,15.14,632.76
2/15/2022,3317.37,3834.37,14.11,641.66
2/16/2022,3322.37,3839.37,14,642.62
2/17/2022,3229.37,3746.37,16.08,624.64
2/18/2022,3206.37,3723.37,16.6,620.19
2/19/2022,3206.37,3723.37,16.6,620.19
2/20/2022,3206.37,3723.37,16.6,620.19
2/21/2022,3206.37,3723.37,16.6,620.19
2/22/2022,3176.37,3693.37,17.27,614.38
2/23/2022,3156.37,3673.37,17.72,610.52
2/24/2022,3157.83,3674.83,17.69,610.8
2/25/2022,3350.29,3867.29,13.38,648.03
2/26/2022,3350.29,3867.29,13.38,648.03
2/27/2022,3350.29,3867.29,13.38,648.03
2/28/2022,3325.29,3842.29,13.94,643.19
3/1/2022,3279.29,3796.29,14.97,634.29
3/2/2022,3415.29,3932.29,11.92,660.6
3/3/2022,3333.29,3850.29,13.76,644.74
3/4/2022,3277.29,3794.29,15.01,633.91
3/5/2022,3277.29,3794.29,15.01,633.91
3/6/2022,3277.29,3794.29,15.01,633.91
3/7/2022,3146.29,3663.29,17.95,608.57
3/8/2022,3096.29,3613.29,19.07,598.9
3/9/2022,3196.29,3713.29,16.83,618.24
3/10/2022,3130.29,3647.29,18.3,605.47
3/11/2022,3083.29,3600.29,19.36,596.38
3/12/2022,3083.29,3600.29,19.36,596.38
3/13/2022,3083.29,3600.29,19.36,596.38
3/14/2022,3050.29,3567.29,20.1,590
3/15/2022,3102.29,3619.29,18.93,600.06
3/16/2022,3150.29,3667.29,17.86,609.34
3/17/2022,3259.29,3776.29,15.41,630.42
3/18/2022,3370.29,3887.29,12.93,651.89
3/19/2022,3370.29,3887.29,12.93,651.89
3/20/2022,3370.29,3887.29,12.93,651.89
3/21/2022,3317.29,3834.29,14.11,641.64
3/22/2022,3486.29,4003.29,10.33,674.33
3/23/2022,3352.29,3869.29,13.33,648.41
3/24/2022,3440.75,3957.75,11.35,665.52
3/25/2022,3463.75,3980.75,10.83,669.97
3/26/2022,3463.75,3980.75,10.83,669.97
3/27/2022,3463.75,3980.75,10.83,669.97
3/28/2022,3508.75,4025.75,9.83,678.68
3/29/2022,3638.21,4155.21,6.93,703.72
3/30/2022,3580.21,4097.21,8.23,692.5
3/31/2022,3536.21,4053.21,9.21,683.99
4/1/2022,3467.21,3984.21,10.76,670.64
4/2/2022,3467.21,3984.21,10.76,670.64
4/3/2022,3467.21,3984.21,10.76,670.64
4/4/2022,3500.21,4017.21,10.02,677.02
4/5/2022,3452.21,3969.21,11.09,667.74
4/6/2022,3417.21,3934.21,11.88,660.97
4/7/2022,3437.21,3954.21,11.43,664.84
4/8/2022,3413.21,3930.21,11.97,660.2
4/9/2022,3413.21,3930.21,11.97,660.2
4/10/2022,3413.21,3930.21,11.97,660.2
4/11/2022,3378.21,3895.21,12.75,653.43
4/12/2022,3372.21,3889.21,12.88,652.26
4/13/2022,3382.21,3899.21,12.66,654.2
4/14/2022,3369.21,3886.21,12.95,651.68
4/15/2022,3369.21,3886.21,12.95,651.68
4/16/2022,3369.21,3886.21,12.95,651.68
4/17/2022,3369.21,3886.21,12.95,651.68
4/18/2022,3362.21,3879.21,13.11,650.33
4/19/2022,3372.21,3889.21,12.88,652.26
4/20/2022,3371.21,3888.21,12.91,652.07
4/21/2022,3360.21,3877.21,13.15,649.94
4/22/2022,3355.21,3872.21,13.27,648.98
4/23/2022,3355.21,3872.21,13.27,648.98
4/24/2022,3355.21,3872.21,13.27,648.98
4/25/2022,3353.21,3870.21,13.31,648.59
4/26/2022,3353.21,3870.21,13.31,648.59
4/27/2022,3352.21,3869.21,13.33,648.4
4/28/2022,3354.21,3871.21,13.29,648.78
4/29/2022,3349.68,3866.68,13.39,647.91
4/30/2022,3349.68,3866.68,13.39,647.91
5/1/2022,3349.68,3866.68,13.39,647.91
5/2/2022,3307.68,3824.68,14.33,639.78
5/3/2022,3326.68,3843.68,13.9,643.46
5/4/2022,3542.14,4059.14,9.08,685.13
5/5/2022,3378.14,3895.14,12.75,653.41
5/6/2022,3352.14,3869.14,13.33,648.38
5/7/2022,3352.14,3869.14,13.33,648.38
5/8/2022,3352.14,3869.14,13.33,648.38
5/9/2022,3286.14,3803.14,14.81,635.62
5/10/2022,3275.14,3792.14,15.06,633.49
5/11/2022,3256.14,3773.14,15.48,629.81
5/12/2022,3247.14,3764.14,15.69,628.07
5/13/2022,3261.14,3778.14,15.37,630.78
5/14/2022,3261.14,3778.14,15.37,630.78
5/15/2022,3261.14,3778.14,15.37,630.78
5/16/2022,3242.14,3759.14,15.8,627.11
5/17/2022,3256.14,3773.14,15.48,629.81
5/18/2022,3232.14,3749.14,16.02,625.17
5/19/2022,3231.14,3748.14,16.04,624.98
5/20/2022,3228.14,3745.14,16.11,624.4
5/21/2022,3228.14,3745.14,16.11,624.4
5/22/2022,3228.14,3745.14,16.11,624.4
5/23/2022,3231.14,3748.14,16.04,624.98
5/24/2022,3232.14,3749.14,16.02,625.17
5/25/2022,3232.14,3749.14,16.02,625.17
5/26/2022,3243.14,3760.14,15.78,627.3
5/27/2022,3258.6,3775.6,15.43,630.29
5/28/2022,3258.6,3775.6,15.43,630.29
5/29/2022,3258.6,3775.6,15.43,630.29
5/30/2022,3258.6,3775.6,15.43,630.29
5/31/2022,3238.6,3755.6,15.88,626.42
6/1/2022,3176.6,3693.6,17.27,614.43
6/2/2022,3245.6,3762.6,15.72,627.78
6/3/2022,3130.6,3647.6,18.3,605.53
6/4/2022,3130.6,3647.6,18.3,605.53
6/5/2022,3130.6,3647.6,18.3,605.53
6/6/2022,3140.6,3657.6,18.07,607.47
6/7/2022,3193.6,3710.6,16.89,617.72
6/8/2022,3109.6,3626.6,18.77,601.47
6/9/2022,3017.6,3534.6,20.83,583.68
6/10/2022,2946.6,3463.6,22.42,569.94
6/11/2022,2946.6,3463.6,22.42,569.94
6/12/2022,2946.6,3463.6,22.42,569.94
6/13/2022,2925.6,3442.6,22.89,565.88
6/14/2022,2923.6,3440.6,22.93,565.49
6/15/2022,2924.6,3441.6,22.91,565.69
6/16/2022,2918.6,3435.6,23.05,564.53
6/17/2022,2915.06,3432.06,23.12,563.84
6/18/2022,2915.06,3432.06,23.12,563.84
6/19/2022,2915.06,3432.06,23.12,563.84
6/20/2022,2915.06,3432.06,23.12,563.84
6/21/2022,3079.06,3596.06,19.45,595.56
6/22/2022,3052.06,3569.06,20.06,590.34
6/23/2022,3115.52,3632.52,18.63,602.62
6/24/2022,3305.52,3822.52,14.38,639.37
6/25/2022,3305.52,3822.52,14.38,639.37
6/26/2022,3305.52,3822.52,14.38,639.37
6/27/2022,3301.52,3818.52,14.47,638.59
6/28/2022,3138.52,3655.52,18.12,607.06
6/29/2022,3119.52,3636.52,18.54,603.39
6/30/2022,3050.52,3567.52,20.09,590.04
7/1/2022,3118.52,3635.52,18.57,603.2
7/2/2022,3118.52,3635.52,18.57,603.2
7/3/2022,3118.52,3635.52,18.57,603.2
7/4/2022,3118.52,3635.52,18.57,603.2
7/5/2022,3105.52,3622.52,18.86,600.68
7/6/2022,3161.52,3678.52,17.6,611.51
7/7/2022,3253.52,3770.52,15.54,629.31
7/8/2022,3239.52,3756.52,15.86,626.6
7/9/2022,3239.52,3756.52,15.86,626.6
7/10/2022,3239.52,3756.52,15.86,626.6
7/11/2022,3103.52,3620.52,18.9,600.29
7/12/2022,3009.52,3526.52,21.01,582.11
7/13/2022,2979.52,3496.52,21.68,576.31
7/14/2022,2929.52,3446.52,22.8,566.64
7/15/2022,3022.99,3539.99,20.71,584.72
7/16/2022,3022.99,3539.99,20.71,584.72
7/17/2022,3022.99,3539.99,20.71,584.72
7/18/2022,2976.99,3493.99,21.74,575.82
7/19/2022,3160.99,3677.99,17.62,611.41
7/20/2022,3196.45,3713.45,16.82,618.27
7/21/2022,3220.45,3737.45,16.28,622.91
7/22/2022,3145.45,3662.45,17.96,608.4
7/23/2022,3145.45,3662.45,17.96,608.4
7/24/2022,3145.45,3662.45,17.96,608.4
7/25/2022,3138.45,3655.45,18.12,607.05
7/26/2022,3084.45,3601.45,19.33,596.61
7/27/2022,3285.45,3802.45,14.83,635.48
7/28/2022,3347.45,3864.45,13.44,647.48
7/29/2022,3517.91,4034.91,9.62,680.45
7/30/2022,3517.91,4034.91,9.62,680.45
7/31/2022,3517.91,4034.91,9.62,680.45
8/1/2022,3494.91,4011.91,10.14,676
8/2/2022,3471.91,3988.91,10.65,671.55
8/3/2022,3552.91,4069.91,8.84,687.22
8/4/2022,3516.91,4033.91,9.64,680.25
8/5/2022,3480.91,3997.91,10.45,673.29
8/6/2022,3480.91,3997.91,10.45,673.29
8/7/2022,3480.91,3997.91,10.45,673.29
8/8/2022,3473.91,3990.91,10.61,671.94
8/9/2022,3436.91,3953.91,11.44,664.78
8/10/2022,3575.91,4092.91,8.32,691.67
8/11/2022,3564.91,4081.91,8.57,689.54
8/12/2022,3727.37,4244.37,4.93,720.96
8/13/2022,3727.37,4244.37,4.93,720.96
8/14/2022,3727.37,4244.37,4.93,720.96
8/15/2022,3775.37,4292.37,3.85,730.25
8/16/2022,3786.37,4303.37,3.61,732.37
8/17/2022,3730.37,4247.37,4.86,721.54
8/18/2022,3731.37,4248.37,4.84,721.74
8/19/2022,3626.37,4143.37,7.19,701.43
8/20/2022,3626.37,4143.37,7.19,701.43
8/21/2022,3626.37,4143.37,7.19,701.43
8/22/2022,3529.37,4046.37,9.36,682.66
8/23/2022,3519.37,4036.37,9.59,680.73
8/24/2022,3517.37,4034.37,9.63,680.34
8/25/2022,3548.37,4065.37,8.94,686.34
8/26/2022,3476.37,3993.37,10.55,672.41
8/27/2022,3476.37,3993.37,10.55,672.41
8/28/2022,3476.37,3993.37,10.55,672.41
8/29/2022,3465.37,3982.37,10.8,670.28
8/30/2022,3454.37,3971.37,11.04,668.16
8/31/2022,3452.37,3969.37,11.09,667.77
9/1/2022,3450.37,3967.37,11.13,667.38
9/2/2022,3443.83,3960.83,11.28,666.12
9/3/2022,3443.83,3960.83,11.28,666.12
9/4/2022,3443.83,3960.83,11.28,666.12
9/5/2022,3443.83,3960.83,11.28,666.12
9/6/2022,3432.83,3949.83,11.53,663.99
9/7/2022,3539.83,4056.83,9.13,684.69
9/8/2022,3539.83,4056.83,9.13,684.69
9/9/2022,3709.3,4226.3,5.33,717.47
9/10/2022,3709.3,4226.3,5.33,717.47
9/11/2022,3709.3,4226.3,5.33,717.47
9/12/2022,3772.3,4289.3,3.92,729.65
9/13/2022,3542.3,4059.3,9.07,685.16
9/14/2022,3547.3,4064.3,8.96,686.13
9/15/2022,3505.3,4022.3,9.9,678.01
9/16/2022,3478.3,3995.3,10.51,672.79
9/17/2022,3478.3,3995.3,10.51,672.79
9/18/2022,3478.3,3995.3,10.51,672.79
9/19/2022,3484.3,4001.3,10.37,673.95
9/20/2022,3473.3,3990.3,10.62,671.82
9/21/2022,3448.3,3965.3,11.18,666.98
9/22/2022,3438.3,3955.3,11.4,665.05
9/23/2022,3427.3,3944.3,11.65,662.92
9/24/2022,3427.3,3944.3,11.65,662.92
9/25/2022,3427.3,3944.3,11.65,662.92
9/26/2022,3425.3,3942.3,11.7,662.53
9/27/2022,3422.3,3939.3,11.76,661.95
9/28/2022,3427.3,3944.3,11.65,662.92
9/29/2022,3420.3,3937.3,11.81,661.57
9/30/2022,3415.76,3932.76,11.91,660.69
10/1/2022,3415.76,3932.76,11.91,660.69
10/2/2022,3415.76,3932.76,11.91,660.69
10/3/2022,3537.76,4054.76,9.18,684.29
10/4/2022,3724.22,4241.219999999999,5,720.35
10/5/2022,3750.22,4267.219999999999,4.42,725.38
10/6/2022,3680.22,4197.219999999999,5.99,711.84
10/7/2022,3521.22,4038.22,9.55,681.09
10/8/2022,3521.22,4038.22,9.55,681.09
10/9/2022,3521.22,4038.22,9.55,681.09
10/10/2022,3508.22,4025.22,9.84,678.57
10/11/2022,3484.22,4001.22,10.38,673.93
10/12/2022,3482.22,3999.22,10.42,673.54
10/13/2022,3567.22,4084.22,8.52,689.98
10/14/2022,3471.22,3988.22,10.67,671.42
10/15/2022,3471.22,3988.22,10.67,671.42
10/16/2022,3471.22,3988.22,10.67,671.42
10/17/2022,3550.22,4067.22,8.9,686.7
10/18/2022,3583.22,4100.219999999999,8.16,693.08
10/19/2022,3537.22,4054.22,9.19,684.18
10/20/2022,3497.22,4014.22,10.08,676.44
10/21/2022,3620.22,4137.219999999999,7.33,700.24
10/22/2022,3620.22,4137.219999999999,7.33,700.24
10/23/2022,3620.22,4137.219999999999,7.33,700.24
10/24/2022,3689.22,4206.219999999999,5.78,713.58
10/25/2022,3784.22,4301.219999999999,3.66,731.96
10/26/2022,3728.22,4245.219999999999,4.91,721.13
10/27/2022,3664.22,4181.219999999999,6.34,708.75
10/28/2022,3825.68,4342.68,2.73,739.98
10/29/2022,3825.68,4342.68,2.73,739.98
10/30/2022,3825.68,4342.68,2.73,739.98
10/31/2022,3773.68,4290.68,3.89,729.92
11/1/2022,3729.68,4246.68,4.88,721.41
11/2/2022,3609.68,4126.68,7.57,698.2
11/3/2022,3555.68,4072.68,8.78,687.75
11/4/2022,3579.68,4096.68,8.24,692.39
11/5/2022,3579.68,4096.68,8.24,692.39
11/6/2022,3579.68,4096.68,8.24,692.39
11/7/2022,3606.68,4123.68,7.63,697.62
11/8/2022,3648.68,4165.68,6.69,705.74
11/9/2022,3547.68,4064.68,8.95,686.21
11/10/2022,3788.68,4305.68,3.56,732.82
11/11/2022,3876.68,4393.68,1.58,749.84
11/12/2022,3876.68,4393.68,1.58,749.84
11/13/2022,3876.68,4393.68,1.58,749.84
11/14/2022,3804.68,4321.68,3.2,735.91
11/15/2022,3836.68,4353.68,2.48,742.1
11/16/2022,3740.68,4257.68,4.63,723.54
11/17/2022,3671.68,4188.68,6.18,710.19
11/18/2022,3709.14,4226.139999999999,5.34,717.44
11/19/2022,3709.14,4226.139999999999,5.34,717.44
11/20/2022,3709.14,4226.139999999999,5.34,717.44
11/21/2022,3648.14,4165.139999999999,6.7,705.64
11/22/2022,3729.14,4246.139999999999,4.89,721.3
11/23/2022,3755.14,4272.139999999999,4.31,726.33
11/24/2022,3755.14,4272.139999999999,4.31,726.33
11/25/2022,3758.14,4275.139999999999,4.24,726.91
11/26/2022,3758.14,4275.139999999999,4.24,726.91
11/27/2022,3758.14,4275.139999999999,4.24,726.91
11/28/2022,3627.14,4144.139999999999,7.17,701.57
11/29/2022,3604.14,4121.139999999999,7.69,697.13
11/30/2022,3820.14,4337.139999999999,2.85,738.91
12/1/2022,3854.14,4371.139999999999,2.09,745.48
12/2/2022,3789.14,4306.139999999999,3.55,732.91
12/3/2022,3789.14,4306.139999999999,3.55,732.91
12/4/2022,3789.14,4306.139999999999,3.55,732.91
12/5/2022,3613.14,4130.139999999999,7.49,698.87
12/6/2022,3534.14,4051.14,9.26,683.59
12/7/2022,3525.14,4042.14,9.46,681.85
12/8/2022,3546.14,4063.14,8.99,685.91
12/9/2022,3515.61,4032.61,9.67,680
12/10/2022,3515.61,4032.61,9.67,680
12/11/2022,3515.61,4032.61,9.67,680
12/12/2022,3595.61,4112.610000000001,7.88,695.48
12/13/2022,3649.61,4166.610000000001,6.67,705.92
12/14/2022,3552.61,4069.61,8.84,687.16
12/15/2022,3372.61,3889.61,12.88,652.34
12/16/2022,3320.61,3837.61,14.04,642.28
12/17/2022,3320.61,3837.61,14.04,642.28
12/18/2022,3320.61,3837.61,14.04,642.28
12/19/2022,3271.61,3788.61,15.14,632.81
12/20/2022,3272.61,3789.61,15.12,633
12/21/2022,3300.61,3817.61,14.49,638.42
12/22/2022,3254.61,3771.61,15.52,629.52
12/23/2022,3263.61,3780.61,15.32,631.26
12/24/2022,3263.61,3780.61,15.32,631.26
12/25/2022,3263.61,3780.61,15.32,631.26
12/26/2022,3263.61,3780.61,15.32,631.26
12/27/2022,3257.61,3774.61,15.45,630.1
12/28/2022,3230.61,3747.61,16.06,624.88
12/29/2022,3254.61,3771.61,15.52,629.52
12/30/2022,3234.07,3751.07,15.98,625.55
12/31/2022,3234.07,3751.07,15.98,625.55
1/1/2023,3234.07,3751.07,15.98,625.55
1/2/2023,3234.07,3751.07,15.98,625.55
1/3/2023,3205.07,3722.07,16.63,619.94
1/4/2023,3210.07,3727.07,16.52,620.9
1/5/2023,3174.07,3691.07,17.32,613.94
1/6/2023,3324.07,3841.07,13.96,642.95
1/7/2023,3324.07,3841.07,13.96,642.95
1/8/2023,3324.07,3841.07,13.96,642.95
1/9/2023,3309.07,3826.07,14.3,640.05
1/10/2023,3322.07,3839.07,14.01,642.57
1/11/2023,3423.53,3940.53,11.74,662.19
1/12/2023,3408.53,3925.53,12.07,659.29
1/13/2023,3431.53,3948.53,11.56,663.74
1/14/2023,3431.53,3948.53,11.56,663.74
1/15/2023,3431.53,3948.53,11.56,663.74
1/16/2023,3431.53,3948.53,11.56,663.74
1/17/2023,3405.53,3922.53,12.14,658.71
1/18/2023,3293.53,3810.53,14.65,637.05
1/19/2023,3244.53,3761.53,15.74,627.57
1/20/2023,3328.53,3845.53,13.86,643.82
1/21/2023,3328.53,3845.53,13.86,643.82
1/22/2023,3328.53,3845.53,13.86,643.82
1/23/2023,3436.53,3953.53,11.44,664.71
1/24/2023,3406.53,3923.53,12.12,658.9
1/25/2023,3400.53,3917.53,12.25,657.74
1/26/2023,3502.53,4019.53,9.97,677.47
1/27/2023,3587.53,4104.530000000001,8.06,693.91
1/28/2023,3587.53,4104.530000000001,8.06,693.91
1/29/2023,3587.53,4104.530000000001,8.06,693.91
1/30/2023,3434.53,3951.53,11.49,664.32
1/31/2023,3522.53,4039.53,9.52,681.34
2/1/2023,3748.99,4265.99,4.45,725.14
2/2/2023,3792.99,4309.99,3.46,733.65
2/3/2023,3730.99,4247.99,4.85,721.66
2/4/2023,3730.99,4247.99,4.85,721.66
2/5/2023,3730.99,4247.99,4.85,721.66
2/6/2023,3701.99,4218.99,5.5,716.05
2/7/2023,3780.99,4297.99,3.73,731.33
2/8/2023,3713.99,4230.99,5.23,718.37
2/9/2023,3671.99,4188.99,6.17,710.25
2/10/2023,3674.99,4191.99,6.1,710.83
2/11/2023,3674.99,4191.99,6.1,710.83
2/12/2023,3674.99,4191.99,6.1,710.83
2/13/2023,3730.99,4247.99,4.85,721.66
2/14/2023,3712.99,4229.99,5.25,718.18
2/15/2023,3692.99,4209.99,5.7,714.31
2/16/2023,3625.99,4142.99,7.2,701.35
2/17/2023,3590.99,4107.99,7.98,694.58
2/18/2023,3590.99,4107.99,7.98,694.58
2/19/2023,3590.99,4107.99,7.98,694.58
2/20/2023,3590.99,4107.99,7.98,694.58
2/21/2023,3536.99,4053.99,9.19,684.14
2/22/2023,3519.99,4036.99,9.57,680.85
2/23/2023,3524.45,4041.45,9.47,681.71
2/24/2023,3439.45,3956.45,11.38,665.27
2/25/2023,3439.45,3956.45,11.38,665.27
2/26/2023,3439.45,3956.45,11.38,665.27
2/27/2023,3446.45,3963.45,11.22,666.62
2/28/2023,3424.45,3941.45,11.71,662.37
3/1/2023,3397.45,3914.45,12.32,657.15
3/2/2023,3429.45,3946.45,11.6,663.34
3/3/2023,3510.45,4027.45,9.79,679
3/4/2023,3510.45,4027.45,9.79,679
3/5/2023,3510.45,4027.45,9.79,679
3/6/2023,3517.45,4034.45,9.63,680.36
3/7/2023,3409.45,3926.45,12.05,659.47
3/8/2023,3400.45,3917.45,12.25,657.73
3/9/2023,3338.45,3855.45,13.64,645.74
3/10/2023,3285.45,3802.45,14.83,635.48
3/11/2023,3285.45,3802.45,14.83,635.48
3/12/2023,3285.45,3802.45,14.83,635.48
3/13/2023,3294.45,3811.45,14.63,637.22
3/14/2023,3294.45,3811.45,14.63,637.22
3/15/2023,3285.45,3802.45,14.83,635.48
3/16/2023,3322.92,3839.92,13.99,642.73
3/17/2023,3275.92,3792.92,15.04,633.64
3/18/2023,3275.92,3792.92,15.04,633.64
3/19/2023,3275.92,3792.92,15.04,633.64
3/20/2023,3299.92,3816.92,14.5,638.28
3/21/2023,3382.92,3899.92,12.64,654.34
3/22/2023,3301.92,3818.92,14.46,638.67
3/23/2023,3267.92,3784.92,15.22,632.09
3/24/2023,3292.92,3809.92,14.66,636.93
3/25/2023,3292.92,3809.92,14.66,636.93
3/26/2023,3292.92,3809.92,14.66,636.93
3/27/2023,3290.92,3807.92,14.71,636.54
3/28/2023,3231.92,3748.92,16.03,625.13
3/29/2023,3360.92,3877.92,13.14,650.08
3/30/2023,3398.92,3915.92,12.29,657.43
3/31/2023,3524.38,4041.38,9.48,681.7
4/1/2023,3524.38,4041.38,9.48,681.7
4/2/2023,3524.38,4041.38,9.48,681.7
4/3/2023,3557.38,4074.38,8.74,688.08
4/4/2023,3495.38,4012.38,10.13,676.09
4/5/2023,3483.38,4000.38,10.39,673.77
4/6/2023,3496.38,4013.38,10.1,676.28
4/7/2023,3496.38,4013.38,10.1,676.28
4/8/2023,3496.38,4013.38,10.1,676.28
4/9/2023,3496.38,4013.38,10.1,676.28
4/10/2023,3485.38,4002.38,10.35,674.15
4/11/2023,3496.38,4013.38,10.1,676.28
4/12/2023,3453.38,3970.38,11.07,667.97
4/13/2023,3548.38,4065.38,8.94,686.34
4/14/2023,3502.38,4019.38,9.97,677.44
4/15/2023,3502.38,4019.38,9.97,677.44
4/16/2023,3502.38,4019.38,9.97,677.44
4/17/2023,3489.38,4006.38,10.26,674.93
4/18/2023,3506.38,4023.38,9.88,678.22
4/19/2023,3486.38,4003.38,10.33,674.35
4/20/2023,3413.38,3930.38,11.96,660.23
4/21/2023,3406.84,3923.84,12.11,658.96
4/22/2023,3406.84,3923.84,12.11,658.96
4/23/2023,3406.84,3923.84,12.11,658.96
4/24/2023,3409.84,3926.84,12.04,659.54
4/25/2023,3321.84,3838.84,14.01,642.52
4/26/2023,3273.84,3790.84,15.09,633.24
4/27/2023,3387.84,3904.84,12.53,655.29
4/28/2023,3433.84,3950.84,11.5,664.19
4/29/2023,3433.84,3950.84,11.5,664.19
4/30/2023,3433.84,3950.84,11.5,664.19
5/1/2023,3444.84,3961.84,11.26,666.31
5/2/2023,3337.84,3854.84,13.65,645.62
5/3/2023,3302.84,3819.84,14.44,638.85
5/4/2023,3255.84,3772.84,15.49,629.76
5/5/2023,3344.84,3861.84,13.5,646.97
5/6/2023,3344.84,3861.84,13.5,646.97
5/7/2023,3344.84,3861.84,13.5,646.97
5/8/2023,3326.84,3843.84,13.9,643.49
5/9/2023,3294.84,3811.84,14.62,637.3
5/10/2023,3310.84,3827.84,14.26,640.39
5/11/2023,3265.84,3782.84,15.27,631.69
5/12/2023,3239.3,3756.3,15.86,626.56
5/13/2023,3239.3,3756.3,15.86,626.56
5/14/2023,3239.3,3756.3,15.86,626.56
5/15/2023,3253.3,3770.3,15.55,629.26
5/16/2023,3221.3,3738.3,16.26,623.08
5/17/2023,3303.3,3820.3,14.43,638.94
5/18/2023,3395.76,3912.76,12.36,656.82
5/19/2023,3388.76,3905.76,12.51,655.47
5/20/2023,3388.76,3905.76,12.51,655.47
5/21/2023,3388.76,3905.76,12.51,655.47
5/22/2023,3389.76,3906.76,12.49,655.66
5/23/2023,3340.76,3857.76,13.59,646.18
5/24/2023,3310.76,3827.76,14.26,640.38
5/25/2023,3341.76,3858.76,13.57,646.38
5/26/2023,3400.76,3917.76,12.25,657.79
5/27/2023,3400.76,3917.76,12.25,657.79
5/28/2023,3400.76,3917.76,12.25,657.79
5/29/2023,3400.76,3917.76,12.25,657.79
5/30/2023,3384.76,3901.76,12.6,654.69
5/31/2023,3352.76,3869.76,13.32,648.5
6/1/2023,3373.76,3890.76,12.85,652.56
6/2/2023,3480.23,3997.23,10.47,673.16
6/3/2023,3480.23,3997.23,10.47,673.16
6/4/2023,3480.23,3997.23,10.47,673.16
6/5/2023,3459.23,3976.23,10.94,669.1
6/6/2023,3456.23,3973.23,11,668.52
6/7/2023,3422.23,3939.23,11.76,661.94
6/8/2023,3459.23,3976.23,10.94,669.1
6/9/2023,3471.23,3988.23,10.67,671.42
6/10/2023,3471.23,3988.23,10.67,671.42
6/11/2023,3471.23,3988.23,10.67,671.42
6/12/2023,3555.23,4072.23,8.79,687.67
6/13/2023,3609.69,4126.6900000000005,7.57,698.2
6/14/2023,3604.69,4121.6900000000005,7.68,697.23
6/15/2023,3747.15,4264.15,4.49,724.79
6/16/2023,3717.15,4234.15,5.16,718.98
6/17/2023,3717.15,4234.15,5.16,718.98
6/18/2023,3717.15,4234.15,5.16,718.98
6/19/2023,3717.15,4234.15,5.16,718.98
6/20/2023,3678.15,4195.15,6.03,711.44
6/21/2023,3639.15,4156.15,6.91,703.9
6/22/2023,3635.15,4152.15,7,703.12
6/23/2023,3612.15,4129.15,7.51,698.68
6/24/2023,3612.15,4129.15,7.51,698.68
6/25/2023,3612.15,4129.15,7.51,698.68
6/26/2023,3602.15,4119.15,7.73,696.74
6/27/2023,3631.15,4148.15,7.08,702.35
6/28/2023,3617.15,4134.15,7.4,699.64
6/29/2023,3625.15,4142.15,7.22,701.19
6/30/2023,3701.15,4218.15,5.52,715.89
7/1/2023,3701.15,4218.15,5.52,715.89
7/2/2023,3701.15,4218.15,5.52,715.89
7/3/2023,3695.15,4212.15,5.65,714.73
7/4/2023,3695.15,4212.15,5.65,714.73
7/5/2023,3689.15,4206.15,5.79,713.57
7/6/2023,3635.15,4152.15,7,703.12
7/7/2023,3621.61,4138.610000000001,7.3,700.5
7/8/2023,3621.61,4138.610000000001,7.3,700.5
7/9/2023,3621.61,4138.610000000001,7.3,700.5
7/10/2023,3607.61,4124.610000000001,7.61,697.8
7/11/2023,3656.61,4173.610000000001,6.51,707.27
7/12/2023,3723.07,4240.07,5.03,720.13
7/13/2023,3791.07,4308.07,3.5,733.28
7/14/2023,3763.07,4280.07,4.13,727.87
7/15/2023,3763.07,4280.07,4.13,727.87
7/16/2023,3763.07,4280.07,4.13,727.87
7/17/2023,3799.07,4316.07,3.32,734.83
7/18/2023,3854.54,4371.54,2.08,745.56
7/19/2023,3875.54,4392.54,1.61,749.62
7/20/2023,3803.54,4320.54,3.22,735.69
7/21/2023,3798.54,4315.54,3.34,734.73
7/22/2023,3798.54,4315.54,3.34,734.73
7/23/2023,3798.54,4315.54,3.34,734.73
7/24/2023,3819.54,4336.54,2.86,738.79
7/25/2023,3854.54,4371.54,2.08,745.56
7/26/2023,3823.54,4340.54,2.78,739.56
7/27/2023,3770.54,4287.54,3.96,729.31
7/28/2023,3841.54,4358.54,2.37,743.04
7/29/2023,3841.54,4358.54,2.37,743.04
7/30/2023,3841.54,4358.54,2.37,743.04
7/31/2023,3837.54,4354.54,2.46,742.27
8/1/2023,3833.54,4350.54,2.55,741.5
8/2/2023,3735.54,4252.54,4.75,722.54
8/3/2023,3712.54,4229.54,5.26,718.09
8/4/2023,3682.54,4199.54,5.93,712.29
8/5/2023,3682.54,4199.54,5.93,712.29
8/6/2023,3682.54,4199.54,5.93,712.29
8/7/2023,3695.54,4212.54,5.64,714.8
8/8/2023,3682.54,4199.54,5.93,712.29
8/9/2023,3662.54,4179.54,6.38,708.42
8/10/2023,3647.54,4164.54,6.72,705.52
8/11/2023,3636,4153,6.98,703.29
8/12/2023,3636,4153,6.98,703.29
8/13/2023,3636,4153,6.98,703.29
8/14/2023,3659,4176,6.46,707.74
8/15/2023,3593,4110,7.94,694.97
8/16/2023,3560,4077,8.68,688.59
8/17/2023,3522,4039,9.53,681.24
8/18/2023,3519,4036,9.6,680.66
8/19/2023,3519,4036,9.6,680.66
8/20/2023,3519,4036,9.6,680.66
8/21/2023,3532,4049,9.31,683.17
8/22/2023,3511,4028,9.78,679.11
8/23/2023,3555,4072,8.79,687.62
8/24/2023,3501,4018,10,677.18
8/25/2023,3510,4027,9.8,678.92
8/26/2023,3510,4027,9.8,678.92
8/27/2023,3510,4027,9.8,678.92
8/28/2023,3515,4032,9.69,679.88
8/29/2023,3607,4124,7.63,697.68
8/30/2023,3618,4135,7.38,699.81
8/31/2023,3618,4135,7.38,699.81
9/1/2023,3584.46,4101.46,8.13,693.32
9/2/2023,3584.46,4101.46,8.13,693.32
9/3/2023,3584.46,4101.46,8.13,693.32
9/4/2023,3584.46,4101.46,8.13,693.32
9/5/2023,3567.46,4084.46,8.51,690.03
9/6/2023,3504.46,4021.46,9.92,677.85
9/7/2023,3487.46,4004.46,10.3,674.56
9/8/2023,3474.46,3991.46,10.59,672.04
9/9/2023,3474.46,3991.46,10.59,672.04
9/10/2023,3474.46,3991.46,10.59,672.04
9/11/2023,3506.46,4023.46,9.88,678.23
9/12/2023,3473.46,3990.46,10.62,671.85
9/13/2023,3463.46,3980.46,10.84,669.91
9/14/2023,3506.46,4023.46,9.88,678.23
9/15/2023,3438.46,3955.46,11.4,665.08
9/16/2023,3438.46,3955.46,11.4,665.08
9/17/2023,3438.46,3955.46,11.4,665.08
9/18/2023,3433.46,3950.46,11.51,664.11
9/19/2023,3427.46,3944.46,11.65,662.95
9/20/2023,3406.46,3923.46,12.12,658.89
9/21/2023,3391.46,3908.46,12.45,655.99
9/22/2023,3387.92,3904.92,12.53,655.3
9/23/2023,3387.92,3904.92,12.53,655.3
9/24/2023,3387.92,3904.92,12.53,655.3
9/25/2023,3389.92,3906.92,12.49,655.69
9/26/2023,3327.92,3844.92,13.88,643.7
9/27/2023,3308.92,3825.92,14.3,640.02
9/28/2023,3329.92,3846.92,13.83,644.09
9/29/2023,3318.92,3835.92,14.08,641.96
9/30/2023,3318.92,3835.92,14.08,641.96
10/1/2023,3318.92,3835.92,14.08,641.96
10/2/2023,3301.92,3818.92,14.46,638.67
10/3/2023,3266.92,3783.92,15.24,631.9
10/4/2023,3281.92,3798.92,14.91,634.8
10/5/2023,3273.92,3790.92,15.09,633.25
10/6/2023,3327.92,3844.92,13.88,643.7
10/7/2023,3327.92,3844.92,13.88,643.7
10/8/2023,3327.92,3844.92,13.88,643.7
10/9/2023,3338.92,3855.92,13.63,645.83
10/10/2023,3371.92,3888.92,12.89,652.21
10/11/2023,3380.92,3897.92,12.69,653.95
10/12/2023,3330.92,3847.92,13.81,644.28
10/13/2023,3295.38,3812.38,14.61,637.4
10/14/2023,3295.38,3812.38,14.61,637.4
10/15/2023,3295.38,3812.38,14.61,637.4
10/16/2023,3377.38,3894.38,12.77,653.26
10/17/2023,3356.38,3873.38,13.24,649.2
10/18/2023,3259.38,3776.38,15.41,630.44
10/19/2023,3203.38,3720.38,16.67,619.61
10/20/2023,3142.38,3659.38,18.03,607.81
10/21/2023,3142.38,3659.38,18.03,607.81
10/22/2023,3142.38,3659.38,18.03,607.81
10/23/2023,3121.38,3638.38,18.5,603.75
10/24/2023,3136.38,3653.38,18.17,606.65
10/25/2023,3087.38,3604.38,19.26,597.17
10/26/2023,3069.38,3586.38,19.67,593.69
10/27/2023,3061.38,3578.38,19.85,592.14
10/28/2023,3061.38,3578.38,19.85,592.14
10/29/2023,3061.38,3578.38,19.85,592.14
10/30/2023,3069.38,3586.38,19.67,593.69
10/31/2023,3065.38,3582.38,19.76,592.92
11/1/2023,3078.38,3595.38,19.47,595.43
11/2/2023,3129.38,3646.38,18.32,605.3
11/3/2023,3182.85,3699.85,17.13,615.64
11/4/2023,3182.85,3699.85,17.13,615.64
11/5/2023,3182.85,3699.85,17.13,615.64
11/6/2023,3169.85,3686.85,17.42,613.12
11/7/2023,3214.85,3731.85,16.41,621.83
11/8/2023,3202.85,3719.85,16.68,619.51
11/9/2023,3130.85,3647.85,18.29,605.58
11/10/2023,3250.85,3767.85,15.6,628.79
11/11/2023,3250.85,3767.85,15.6,628.79
11/12/2023,3250.85,3767.85,15.6,628.79
11/13/2023,3253.85,3770.85,15.54,629.37
11/14/2023,3453.31,3970.31,11.07,667.95
11/15/2023,3455.31,3972.31,11.02,668.34
11/16/2023,3442.31,3959.31,11.31,665.82
11/17/2023,3448.31,3965.31,11.18,666.98
11/18/2023,3448.31,3965.31,11.18,666.98
11/19/2023,3448.31,3965.31,11.18,666.98
11/20/2023,3528.31,4045.31,9.39,682.46
11/21/2023,3479.31,3996.31,10.49,672.98
11/22/2023,3521.31,4038.31,9.54,681.1
11/23/2023,3521.31,4038.31,9.54,681.1
11/24/2023,3504.31,4021.31,9.93,677.82
11/25/2023,3504.31,4021.31,9.93,677.82
11/26/2023,3504.31,4021.31,9.93,677.82
11/27/2023,3494.31,4011.31,10.15,675.88
11/28/2023,3478.31,3995.31,10.51,672.79
11/29/2023,3475.31,3992.31,10.58,672.21
11/30/2023,3489.31,4006.31,10.26,674.91
12/1/2023,3570.77,4087.77,8.44,690.67
12/2/2023,3570.77,4087.77,8.44,690.67
12/3/2023,3570.77,4087.77,8.44,690.67
12/4/2023,3528.77,4045.77,9.38,682.55
12/5/2023,3521.77,4038.77,9.53,681.19
12/6/2023,3499.77,4016.77,10.03,676.94
12/7/2023,3546.77,4063.77,8.97,686.03
12/8/2023,3574.77,4091.77,8.35,691.44
12/9/2023,3574.77,4091.77,8.35,691.44
12/10/2023,3574.77,4091.77,8.35,691.44
12/11/2023,3588.77,4105.77,8.03,694.15
12/12/2023,3617.77,4134.77,7.38,699.76
12/13/2023,3755.23,4272.23,4.31,726.35
12/14/2023,3780.23,4297.23,3.75,731.19
12/15/2023,3771.23,4288.23,3.95,729.44
12/16/2023,3771.23,4288.23,3.95,729.44
12/17/2023,3771.23,4288.23,3.95,729.44
12/18/2023,3843.23,4360.23,2.33,743.37
12/19/2023,3879.69,4396.6900000000005,1.52,750.42
12/20/2023,3817.69,4334.6900000000005,2.91,738.43
12/21/2023,3849.69,4366.6900000000005,2.19,744.62
12/22/2023,3866.69,4383.6900000000005,1.81,747.91
12/23/2023,3866.69,4383.6900000000005,1.81,747.91
12/24/2023,3866.69,4383.6900000000005,1.81,747.91
12/25/2023,3866.69,4383.6900000000005,1.81,747.91
12/26/2023,3891.69,4408.6900000000005,1.25,752.74
12/27/2023,3865.69,4382.6900000000005,1.83,747.72
12/28/2023,3890.69,4407.6900000000005,1.27,752.55
12/29/2023,3851.69,4368.6900000000005,2.14,745.01
12/30/2023,3851.69,4368.6900000000005,2.14,745.01
12/31/2023,3851.69,4368.6900000000005,2.14,745.01
1/1/2024,3851.69,4368.6900000000005,2.14,745.01
1/2/2024,3774.69,4291.6900000000005,3.87,730.11
1/3/2024,3751.69,4268.6900000000005,4.38,725.67
1/4/2024,3737.69,4254.6900000000005,4.7,722.96
1/5/2024,3725.69,4242.6900000000005,4.97,720.64
1/6/2024,3725.69,4242.6900000000005,4.97,720.64
1/7/2024,3725.69,4242.6900000000005,4.97,720.64
1/8/2024,3777.69,4294.6900000000005,3.8,730.69
1/9/2024,3756.69,4273.6900000000005,4.27,726.63
1/10/2024,3786.16,4303.16,3.61,732.33
1/11/2024,3771.16,4288.16,3.95,729.43
1/12/2024,3777.16,4294.16,3.81,730.59
1/13/2024,3777.16,4294.16,3.81,730.59
1/14/2024,3777.16,4294.16,3.81,730.59
1/15/2024,3777.16,4294.16,3.81,730.59
1/16/2024,3747.16,4264.16,4.49,724.79
1/17/2024,3721.16,4238.16,5.07,719.76
1/18/2024,3774.16,4291.16,3.88,730.01
1/19/2024,3860.16,4377.16,1.96,746.65
1/20/2024,3860.16,4377.16,1.96,746.65
1/21/2024,3860.16,4377.16,1.96,746.65
1/22/2024,3879.62,4396.62,1.52,750.41
1/23/2024,3884.62,4401.62,1.41,751.38
1/24/2024,3911.62,4428.62,0.8,756.6
1/25/2024,3928.62,4445.62,0.42,759.89
1/26/2024,3925.62,4442.62,0.49,759.31
1/27/2024,3925.62,4442.62,0.49,759.31
1/28/2024,3925.62,4442.62,0.49,759.31
1/29/2024,3988.08,4505.08,0,771.39
1/30/2024,3993.08,4510.08,0,772.36
1/31/2024,3901.08,4418.08,2.04,754.56
2/1/2024,3951.08,4468.08,0.93,764.23
2/2/2024,4046.08,4563.08,0,782.61
2/3/2024,4046.08,4563.08,0,782.61
2/4/2024,4046.08,4563.08,0,782.61
2/5/2024,3998.08,4515.08,1.05,773.32
2/6/2024,3988.08,4505.08,1.27,771.39
2/7/2024,4080.08,4597.08,0,789.18
2/8/2024,4077.08,4594.08,0.07,788.6
2/9/2024,4124.54,4641.54,0,797.78
2/10/2024,4124.54,4641.54,0,797.78
2/11/2024,4124.54,4641.54,0,797.78
2/12/2024,4131.54,4648.54,0,799.14
2/13/2024,4023.54,4540.54,2.32,778.25
2/14/2024,4077.54,4594.54,1.16,788.69
2/15/2024,4120.54,4637.54,0.24,797.01
2/16/2024,4094.54,4611.54,0.8,791.98
2/17/2024,4094.54,4611.54,0.8,791.98
2/18/2024,4094.54,4611.54,0.8,791.98
2/19/2024,4094.54,4611.54,0.8,791.98
2/20/2024,4034.54,4551.54,2.09,780.38
2/21/2024,4027.54,4544.54,2.24,779.02
2/22/2024,4222.54,4739.54,0,816.74
2/23/2024,4215.54,4732.54,0.15,815.38
2/24/2024,4215.54,4732.54,0.15,815.38
2/25/2024,4215.54,4732.54,0.15,815.38
2/26/2024,4168.54,4685.54,1.14,806.29
2/27/2024,4163.54,4680.54,1.24,805.33
2/28/2024,4138.54,4655.54,1.77,800.49
2/29/2024,4197.54,4714.54,0.53,811.9
3/1/2024,4299,4816,0,831.53
3/2/2024,4299,4816,0,831.53
3/3/2024,4299,4816,0,831.53
3/4/2024,4290,4807,0.19,829.79
3/5/2024,4201,4718,2.03,812.57
3/6/2024,4251,4768,1,822.24
3/7/2024,4339,4856,0,839.26
3/8/2024,4282,4799,1.17,828.24
3/9/2024,4282,4799,1.17,828.24
3/10/2024,4282,4799,1.17,828.24
3/11/2024,4261,4778,1.61,824.18
3/12/2024,4334,4851,0.1,838.3
3/13/2024,4304,4821,0.72,832.5
3/14/2024,4259,4776,1.65,823.79
3/15/2024,4225,4742,2.35,817.21
3/16/2024,4225,4742,2.35,817.21
3/17/2024,4225,4742,2.35,817.21
3/18/2024,4284,4801,1.13,828.63
3/19/2024,4296,4813,0.89,830.95
3/20/2024,4378,4895,0,846.81
3/21/2024,4436.47,4953.47,0,858.12
3/22/2024,4405.47,4922.47,0.63,852.12
3/23/2024,4405.47,4922.47,0.63,852.12
3/24/2024,4405.47,4922.47,0.63,852.12
3/25/2024,4368.47,4885.47,1.37,844.97
3/26/2024,4330.47,4847.47,2.14,837.62
3/27/2024,4376.47,4893.47,1.21,846.51
3/28/2024,4408.47,4925.47,0.57,852.7
3/29/2024,4408.47,4925.47,0.57,852.7
3/30/2024,4408.47,4925.47,0.57,852.7
3/31/2024,4408.47,4925.47,0.57,852.7
4/1/2024,4356.47,4873.47,1.62,842.64
4/2/2024,4294.47,4811.47,2.87,830.65
4/3/2024,4304.47,4821.47,2.66,832.59
4/4/2024,4233.47,4750.47,4.1,818.85
4/5/2024,4295.47,4812.47,2.85,830.85
4/6/2024,4295.47,4812.47,2.85,830.85
4/7/2024,4295.47,4812.47,2.85,830.85
4/8/2024,4261.47,4778.47,3.53,824.27
4/9/2024,4244.47,4761.47,3.88,820.98
4/10/2024,4192.47,4709.47,4.93,810.92
4/11/2024,4239.47,4756.47,3.98,820.01
4/12/2024,4152.93,4669.93,5.72,803.27
4/13/2024,4152.93,4669.93,5.72,803.27
4/14/2024,4152.93,4669.93,5.72,803.27
4/15/2024,4069.93,4586.93,7.4,787.22
4/16/2024,4057.93,4574.93,7.64,784.9
4/17/2024,4010.93,4527.93,8.59,775.81
4/18/2024,3990.93,4507.93,8.99,771.94
4/19/2024,3955.93,4472.93,9.7,765.17
4/20/2024,3955.93,4472.93,9.7,765.17
4/21/2024,3955.93,4472.93,9.7,765.17
4/22/2024,3966.93,4483.93,9.48,767.3
4/23/2024,4004.93,4521.93,8.71,774.65
4/24/2024,3996.93,4513.93,8.87,773.1
4/25/2024,3969.93,4486.93,9.42,767.88
4/26/2024,4012.93,4529.93,8.55,776.2
4/27/2024,4012.93,4529.93,8.55,776.2
4/28/2024,4012.93,4529.93,8.55,776.2
4/29/2024,3999.93,4516.93,8.81,773.68
4/30/2024,3956.93,4473.93,9.68,765.36
5/1/2024,3942.93,4459.93,9.96,762.66
5/2/2024,3944.93,4461.93,9.92,763.04
5/3/2024,3992.39,4509.389999999999,8.97,772.22
5/4/2024,3992.39,4509.389999999999,8.97,772.22
5/5/2024,3992.39,4509.389999999999,8.97,772.22
5/6/2024,4051.39,4568.389999999999,7.77,783.63
5/7/2024,4076.39,4593.389999999999,7.27,788.47
5/8/2024,4077.39,4594.389999999999,7.25,788.66
5/9/2024,4115.39,4632.39,6.48,796.01
5/10/2024,4130.85,4647.85,6.17,799
5/11/2024,4130.85,4647.85,6.17,799
5/12/2024,4130.85,4647.85,6.17,799
5/13/2024,4127.85,4644.85,6.23,798.42
5/14/2024,4165.85,4682.85,5.46,805.77
5/15/2024,4264.31,4781.31,3.48,824.82
5/16/2024,4251.31,4768.31,3.74,822.3
5/17/2024,4242.31,4759.31,3.92,820.56
5/18/2024,4242.31,4759.31,3.92,820.56
5/19/2024,4242.31,4759.31,3.92,820.56
5/20/2024,4251.31,4768.31,3.74,822.3
5/21/2024,4260.31,4777.31,3.56,824.04
5/22/2024,4220.31,4737.31,4.36,816.31
5/23/2024,4158.31,4675.31,5.62,804.32
5/24/2024,4190.31,4707.31,4.97,810.5
5/25/2024,4190.31,4707.31,4.97,810.5
5/26/2024,4190.31,4707.31,4.97,810.5
5/27/2024,4190.31,4707.31,4.97,810.5
5/28/2024,4182.31,4699.31,5.13,808.96
5/29/2024,4160.31,4677.31,5.58,804.7
5/30/2024,4119.31,4636.31,6.4,796.77
5/31/2024,4121.31,4638.31,6.36,797.16
6/1/2024,4121.31,4638.31,6.36,797.16
6/2/2024,4121.31,4638.31,6.36,797.16
6/3/2024,4142.31,4659.31,5.94,801.22
6/4/2024,4160.31,4677.31,5.58,804.7
6/5/2024,4252.31,4769.31,3.72,822.5
6/6/2024,4250.31,4767.31,3.76,822.11
6/7/2024,4225.77,4742.77,4.25,817.36
6/8/2024,4225.77,4742.77,4.25,817.36
6/9/2024,4225.77,4742.77,4.25,817.36
6/10/2024,4234.77,4751.77,4.07,819.1
6/11/2024,4255.77,4772.77,3.65,823.17
6/12/2024,4310.77,4827.77,2.54,833.8
6/13/2024,4353.24,4870.24,1.68,842.02
6/14/2024,4337.24,4854.24,2,838.92
6/15/2024,4337.24,4854.24,2,838.92
6/16/2024,4337.24,4854.24,2,838.92
6/17/2024,4462.24,4979.24,0,863.1
6/18/2024,4460.24,4977.24,0.04,862.72
6/19/2024,4460.24,4977.24,0.04,862.72
6/20/2024,4453.24,4970.24,0.18,861.36
6/21/2024,4415.24,4932.24,0.94,854.01
6/22/2024,4415.24,4932.24,0.94,854.01
6/23/2024,4415.24,4932.24,0.94,854.01
6/24/2024,4393.24,4910.24,1.39,849.76
6/25/2024,4388.24,4905.24,1.49,848.79
6/26/2024,4380.24,4897.24,1.65,847.24
6/27/2024,4390.24,4907.24,1.45,849.18
6/28/2024,4356.24,4873.24,2.13,842.6
6/29/2024,4356.24,4873.24,2.13,842.6
6/30/2024,4356.24,4873.24,2.13,842.6
7/1/2024,4321.24,4838.24,2.83,835.83
7/2/2024,4398.24,4915.24,1.29,850.72
7/3/2024,4471.24,4988.24,0,864.84
7/4/2024,4471.24,4988.24,0,864.84
7/5/2024,4597.7,5114.7,0,889.3
7/6/2024,4597.7,5114.7,0,889.3
7/7/2024,4597.7,5114.7,0,889.3
7/8/2024,4589.7,5106.7,0.16,887.76
7/9/2024,4606.7,5123.7,0,891.04
7/10/2024,4719.7,5236.7,0,912.9
7/11/2024,4630.7,5147.7,1.7,895.69
7/12/2024,4696.7,5213.7,0.44,908.45
7/13/2024,4696.7,5213.7,0.44,908.45
7/14/2024,4696.7,5213.7,0.44,908.45
7/15/2024,4702.7,5219.7,0.32,909.61
7/16/2024,4790.16,5307.16,0,926.53
7/17/2024,4707.16,5224.16,1.56,910.48
7/18/2024,4658.16,5175.16,2.49,901
7/19/2024,4628.16,5145.16,3.05,895.2
7/20/2024,4628.16,5145.16,3.05,895.2
7/21/2024,4628.16,5145.16,3.05,895.2
7/22/2024,4666.16,5183.16,2.34,902.55
7/23/2024,4654.16,5171.16,2.56,900.22
7/24/2024,4597.16,5114.16,3.64,889.2
7/25/2024,4592.16,5109.16,3.73,888.23
7/26/2024,4596.16,5113.16,3.66,889.01
7/27/2024,4596.16,5113.16,3.66,889.01
7/28/2024,4596.16,5113.16,3.66,889.01
7/29/2024,4598.16,5115.16,3.62,889.39
7/30/2024,4586.16,5103.16,3.84,887.07
7/31/2024,4620.16,5137.16,3.2,893.65
8/1/2024,4589.16,5106.16,3.79,887.65
8/2/2024,4574.16,5091.16,4.07,884.75
8/3/2024,4574.16,5091.16,4.07,884.75
8/4/2024,4574.16,5091.16,4.07,884.75
8/5/2024,4570.16,5087.16,4.15,883.98
8/6/2024,4565.16,5082.16,4.24,883.01
8/7/2024,4565.16,5082.16,4.24,883.01
8/8/2024,4566.16,5083.16,4.22,883.2
8/9/2024,4559.62,5076.62,4.34,881.94
8/10/2024,4559.62,5076.62,4.34,881.94
8/11/2024,4559.62,5076.62,4.34,881.94
8/12/2024,4534.62,5051.62,4.82,877.1
8/13/2024,4697.62,5214.62,1.74,908.63
8/14/2024,4711.62,5228.62,1.48,911.34
8/15/2024,4906.09,5423.09,0,948.95
8/16/2024,4920.09,5437.09,0,951.66
8/17/2024,4920.09,5437.09,0,951.66
8/18/2024,4920.09,5437.09,0,951.66
8/19/2024,4992.09,5509.09,0,965.59
8/20/2024,5006.09,5523.09,0,968.3
8/21/2024,5043.55,5560.55,0,975.54
8/22/2024,4973.55,5490.55,1.26,962
8/23/2024,5038.55,5555.55,0.09,974.57
8/24/2024,5038.55,5555.55,0.09,974.57
8/25/2024,5038.55,5555.55,0.09,974.57
8/26/2024,5008.55,5525.55,0.63,968.77
8/27/2024,5021.55,5538.55,0.4,971.29
8/28/2024,4975.55,5492.55,1.22,962.39
8/29/2024,4947.55,5464.55,1.73,956.97
8/30/2024,4974.55,5491.55,1.24,962.2
8/31/2024,4974.55,5491.55,1.24,962.2
9/1/2024,4974.55,5491.55,1.24,962.2
9/2/2024,4974.55,5491.55,1.24,962.2
9/3/2024,4859.55,5376.55,3.31,939.95
9/4/2024,4848.55,5365.55,3.51,937.82
9/5/2024,4822.55,5339.55,3.97,932.79
9/6/2024,4800.55,5317.55,4.37,928.54
9/7/2024,4800.55,5317.55,4.37,928.54
9/8/2024,4800.55,5317.55,4.37,928.54
9/9/2024,4796.01,5313.01,4.45,927.66
9/10/2024,4834.01,5351.01,3.77,935.01
9/11/2024,4902.01,5419.01,2.55,948.16
9/12/2024,5013.47,5530.47,0.54,969.72
9/13/2024,5066.47,5583.47,0,979.97
9/14/2024,5066.47,5583.47,0,979.97
9/15/2024,5066.47,5583.47,0,979.97
9/16/2024,5076.47,5593.47,0,981.91
9/17/2024,5057.47,5574.47,0.34,978.23
9/18/2024,5047.47,5564.47,0.52,976.3
9/19/2024,5253.93,5770.93,0,1016.23
9/20/2024,5219.93,5736.93,0.59,1009.66
9/21/2024,5219.93,5736.93,0.59,1009.66
9/22/2024,5219.93,5736.93,0.59,1009.66
9/23/2024,5202.93,5719.93,0.88,1006.37
9/24/2024,5214.93,5731.93,0.68,1008.69
9/25/2024,5189.93,5706.93,1.11,1003.85
9/26/2024,5246.93,5763.93,0.12,1014.88
9/27/2024,5253.93,5770.93,0,1016.23
9/28/2024,5253.93,5770.93,0,1016.23
9/29/2024,5253.93,5770.93,0,1016.23
9/30/2024,5246.93,5763.93,0.12,1014.88
10/1/2024,5198.93,5715.93,0.95,1005.6
10/2/2024,5184.93,5701.93,1.2,1002.89
10/3/2024,5146.93,5663.93,1.85,995.54
10/4/2024,5224.93,5741.93,0.5,1010.62
10/5/2024,5224.93,5741.93,0.5,1010.62
10/6/2024,5224.93,5741.93,0.5,1010.62
10/7/2024,5128.93,5645.93,2.17,992.06
10/8/2024,5228.93,5745.93,0.43,1011.4
10/9/2024,5315.93,5832.93,0,1028.23
10/10/2024,5251.93,5768.93,1.1,1015.85
10/11/2024,5371.4,5888.4,0,1038.96
10/12/2024,5371.4,5888.4,0,1038.96
10/13/2024,5371.4,5888.4,0,1038.96
10/14/2024,5427.4,5944.4,0,1049.79
10/15/2024,5349.4,5866.4,1.31,1034.7
10/16/2024,5379.4,5896.4,0.81,1040.5
10/17/2024,5370.4,5887.4,0.96,1038.76
10/18/2024,5385.4,5902.4,0.71,1041.66
10/19/2024,5385.4,5902.4,0.71,1041.66
10/20/2024,5385.4,5902.4,0.71,1041.66
10/21/2024,5354.4,5871.4,1.23,1035.67
10/22/2024,5365.4,5882.4,1.04,1037.79
10/23/2024,5290.4,5807.4,2.3,1023.29
10/24/2024,5297.4,5814.4,2.19,1024.64
10/25/2024,5299.4,5816.4,2.15,1025.03
10/26/2024,5299.4,5816.4,2.15,1025.03
10/27/2024,5299.4,5816.4,2.15,1025.03
10/28/2024,5312.4,5829.4,1.93,1027.54
10/29/2024,5328.4,5845.4,1.67,1030.64
10/30/2024,5304.4,5821.4,2.07,1026
10/31/2024,5210.4,5727.4,3.65,1007.81
11/1/2024,5197.86,5714.86,3.86,1005.39
11/2/2024,5197.86,5714.86,3.86,1005.39
11/3/2024,5197.86,5714.86,3.86,1005.39
11/4/2024,5139.86,5656.86,4.84,994.17
11/5/2024,5232.86,5749.86,3.27,1012.16
11/6/2024,5573.32,6090.32,0,1078.01
11/7/2024,5652.32,6169.32,0,1093.29
11/8/2024,5682.32,6199.32,0,1099.09
11/9/2024,5682.32,6199.32,0,1099.09
11/10/2024,5682.32,6199.32,0,1099.09
11/11/2024,5683.32,6200.32,0,1099.29
11/12/2024,5663.32,6180.32,0.32,1095.42
11/13/2024,5664.32,6181.32,0.31,1095.61
11/14/2024,5538.32,6055.32,2.34,1071.24
11/15/2024,5421.32,5938.32,4.23,1048.61
11/16/2024,5421.32,5938.32,4.23,1048.61
11/17/2024,5421.32,5938.32,4.23,1048.61
11/18/2024,5447.32,5964.32,3.81,1053.64
11/19/2024,5472.32,5989.32,3.4,1058.48
11/20/2024,5479.32,5996.32,3.29,1059.83
11/21/2024,5549.32,6066.32,2.16,1073.37
11/22/2024,5514.32,6031.32,2.73,1066.6
11/23/2024,5514.32,6031.32,2.73,1066.6
11/24/2024,5514.32,6031.32,2.73,1066.6
11/25/2024,5528.32,6045.32,2.5,1069.31
11/26/2024,5608.32,6125.32,1.21,1084.78
11/27/2024,5530.32,6047.32,2.47,1069.69
11/28/2024,5530.32,6047.32,2.47,1069.69
11/29/2024,5650.78,6167.78,0.52,1092.99
11/30/2024,5650.78,6167.78,0.52,1092.99
12/1/2024,5650.78,6167.78,0.52,1092.99
12/2/2024,5649.78,6166.78,0.54,1092.8
12/3/2024,5637.78,6154.78,0.73,1090.48
12/4/2024,5704.78,6221.78,0,1103.44
12/5/2024,5692.78,6209.78,0.19,1101.12
12/6/2024,5687.78,6204.78,0.27,1100.15
12/7/2024,5687.78,6204.78,0.27,1100.15
12/8/2024,5687.78,6204.78,0.27,1100.15
12/9/2024,5628.78,6145.78,1.22,1088.74
12/10/2024,5592.78,6109.78,1.8,1081.78
12/11/2024,5668.78,6185.78,0.58,1096.48
12/12/2024,5612.78,6129.78,1.48,1085.64
12/13/2024,5585.78,6102.78,1.91,1080.42
12/14/2024,5585.78,6102.78,1.91,1080.42
12/15/2024,5585.78,6102.78,1.91,1080.42
12/16/2024,5627.78,6144.78,1.24,1088.55
12/17/2024,5586.78,6103.78,1.9,1080.62
12/18/2024,5486.78,6003.78,3.5,1061.27
12/19/2024,5470.78,5987.78,3.76,1058.18
12/20/2024,5471.24,5988.24,3.75,1058.27
12/21/2024,5471.24,5988.24,3.75,1058.27
12/22/2024,5471.24,5988.24,3.75,1058.27
12/23/2024,5489.24,6006.24,3.46,1061.75
12/24/2024,5545.24,6062.24,2.56,1072.58
12/25/2024,5545.24,6062.24,2.56,1072.58
12/26/2024,5586.24,6103.24,1.91,1080.51
12/27/2024,5400.24,5917.24,4.89,1044.53
12/28/2024,5400.24,5917.24,4.89,1044.53
12/29/2024,5400.24,5917.24,4.89,1044.53
12/30/2024,5341.24,5858.24,5.84,1033.12
12/31/2024,5281.24,5798.24,6.81,1021.52
1/1/2025,5281.24,5798.24,6.81,1021.52
1/2/2025,5266.24,5783.24,7.05,1018.62
1/3/2025,5330.24,5847.24,6.02,1030.99
1/4/2025,5330.24,5847.24,6.02,1030.99
1/5/2025,5330.24,5847.24,6.02,1030.99
1/6/2025,5361.24,5878.24,5.52,1036.99
1/7/2025,5280.24,5797.24,6.82,1021.32
1/8/2025,5275.24,5792.24,6.9,1020.36
1/9/2025,5275.24,5792.24,6.9,1020.36
1/10/2025,5209.71,5726.71,7.96,1007.68
1/11/2025,5209.71,5726.71,7.96,1007.68
1/12/2025,5209.71,5726.71,7.96,1007.68
1/13/2025,5195.71,5712.71,8.18,1004.97
1/14/2025,5187.71,5704.71,8.31,1003.43
1/15/2025,5447.17,5964.17,4.14,1053.61
1/16/2025,5424.17,5941.17,4.51,1049.16
1/17/2025,5521.17,6038.17,2.95,1067.92
1/18/2025,5521.17,6038.17,2.95,1067.92
1/19/2025,5521.17,6038.17,2.95,1067.92
1/20/2025,5521.17,6038.17,2.95,1067.92
1/21/2025,5588.17,6105.17,1.87,1080.88
1/22/2025,5686.63,6203.63,0.29,1099.93
1/23/2025,5693.63,6210.63,0.18,1101.28
1/24/2025,5673.63,6190.63,0.5,1097.41
1/25/2025,5673.63,6190.63,0.5,1097.41
1/26/2025,5673.63,6190.63,0.5,1097.41
1/27/2025,5560.63,6077.63,2.32,1075.56
1/28/2025,5638.63,6155.63,1.06,1090.64
1/29/2025,5591.63,6108.63,1.82,1081.55
1/30/2025,5590.63,6107.63,1.83,1081.36
1/31/2025,5575.63,6092.63,2.08,1078.46
2/1/2025,5575.63,6092.63,2.08,1078.46
2/2/2025,5575.63,6092.63,2.08,1078.46
2/3/2025,5539.63,6056.63,2.65,1071.5
2/4/2025,5548.63,6065.63,2.51,1073.24
2/5/2025,5544.63,6061.63,2.57,1072.46
2/6/2025,5549.63,6066.63,2.49,1073.43
2/7/2025,5488.09,6005.09,3.48,1061.53
2/8/2025,5488.09,6005.09,3.48,1061.53
2/9/2025,5488.09,6005.09,3.48,1061.53
2/10/2025,5531.09,6048.09,2.79,1069.84
2/11/2025,5529.09,6046.09,2.82,1069.46
2/12/2025,5497.09,6014.09,3.34,1063.27
2/13/2025,5581.09,6098.09,1.99,1079.51
2/14/2025,5577.09,6094.09,2.05,1078.74
2/15/2025,5577.09,6094.09,2.05,1078.74
2/16/2025,5577.09,6094.09,2.05,1078.74
2/17/2025,5577.09,6094.09,2.05,1078.74
2/18/2025,5577.09,6094.09,2.05,1078.74
2/19/2025,5612.55,6129.55,1.48,1085.6
2/20/2025,5571.55,6088.55,2.14,1077.67
2/21/2025,5472.55,5989.55,3.73,1058.52
2/22/2025,5472.55,5989.55,3.73,1058.52
2/23/2025,5472.55,5989.55,3.73,1058.52
2/24/2025,5458.55,5975.55,3.96,1055.81
2/25/2025,5431.55,5948.55,4.39,1050.59
2/26/2025,5438.55,5955.55,4.28,1051.94
2/27/2025,5413.55,5930.55,4.68,1047.11
2/28/2025,5412.55,5929.55,4.7,1046.91
3/1/2025,5412.55,5929.55,4.7,1046.91
3/2/2025,5412.55,5929.55,4.7,1046.91
3/3/2025,5396.55,5913.55,4.95,1043.82
3/4/2025,5386.55,5903.55,5.11,1041.89
3/5/2025,5389.55,5906.55,5.07,1042.47
3/6/2025,5382.55,5899.55,5.18,1041.11
3/7/2025,5378.55,5895.55,5.24,1040.34
3/8/2025,5378.55,5895.55,5.24,1040.34
3/9/2025,5378.55,5895.55,5.24,1040.34
3/10/2025,5375.55,5892.55,5.29,1039.76
3/11/2025,5374.55,5891.55,5.31,1039.56
3/12/2025,5374.55,5891.55,5.31,1039.56
3/13/2025,5374.55,5891.55,5.31,1039.56
3/14/2025,5371.02,5888.02,5.36,1038.88
3/15/2025,5371.02,5888.02,5.36,1038.88
3/16/2025,5371.02,5888.02,5.36,1038.88
3/17/2025,5475.02,5992.02,3.69,1059
3/18/2025,5324.02,5841.02,6.12,1029.79
3/19/2025,5450.02,5967.02,4.09,1054.16
3/20/2025,5377.02,5894.02,5.27,1040.04
3/21/2025,5322.02,5839.02,6.15,1029.4
3/22/2025,5322.02,5839.02,6.15,1029.4
3/23/2025,5322.02,5839.02,6.15,1029.4
3/24/2025,5549.02,6066.02,2.5,1073.31
3/25/2025,5550.02,6067.02,2.49,1073.5
3/26/2025,5399.02,5916.02,4.91,1044.3
3/27/2025,5407.02,5924.02,4.79,1045.85
3/28/2025,5180.02,5697.02,8.43,1001.94
3/29/2025,5180.02,5697.02,8.43,1001.94
3/30/2025,5180.02,5697.02,8.43,1001.94
3/31/2025,5229.02,5746.02,7.65,1011.42
4/1/2025,5224.02,5741.02,7.73,1010.45
4/2/2025,5307.02,5824.02,6.39,1026.5
4/3/2025,5040.02,5557.02,10.68,974.86
4/4/2025,4997.02,5514.02,11.38,966.54
4/5/2025,4997.02,5514.02,11.38,966.54
4/6/2025,4997.02,5514.02,11.38,966.54
4/7/2025,4988.02,5505.02,11.52,964.8
4/8/2025,4983.02,5500.02,11.6,963.83
4/9/2025,5033.48,5550.48,10.79,973.59
4/10/2025,4877.48,5394.48,13.3,943.42
4/11/2025,5005.48,5522.48,11.24,968.18
4/12/2025,5005.48,5522.48,11.24,968.18
4/13/2025,5005.48,5522.48,11.24,968.18
4/14/2025,5003.48,5520.48,11.27,967.79
4/15/2025,4900.48,5417.48,12.93,947.87
4/16/2025,4749.48,5266.48,15.35,918.66
4/17/2025,4753.48,5270.48,15.29,919.44
4/18/2025,4753.48,5270.48,15.29,919.44
4/19/2025,4753.48,5270.48,15.29,919.44
4/20/2025,4753.48,5270.48,15.29,919.44
4/21/2025,4668.48,5185.48,16.66,902.99
4/22/2025,4747.48,5264.48,15.39,918.27
4/23/2025,4818.48,5335.48,14.25,932.01
4/24/2025,4965.48,5482.48,11.88,960.44
4/25/2025,4988.48,5505.48,11.51,964.89
4/26/2025,4988.48,5505.48,11.51,964.89
4/27/2025,4988.48,5505.48,11.51,964.89
4/28/2025,4999.48,5516.48,11.34,967.02
4/29/2025,5053.48,5570.48,10.47,977.46
4/30/2025,5004.48,5521.48,11.26,967.98
5/1/2025,5234.48,5751.48,7.56,1012.47
5/2/2025,5355.94,5872.94,5.61,1035.97
5/3/2025,5355.94,5872.94,5.61,1035.97
5/4/2025,5355.94,5872.94,5.61,1035.97
5/5/2025,5311.94,5828.94,6.31,1027.45
5/6/2025,5270.94,5787.94,6.97,1019.52
5/7/2025,5276.94,5793.94,6.88,1020.68
5/8/2025,5327.94,5844.94,6.06,1030.55
5/9/2025,5274.94,5791.94,6.91,1020.3
5/10/2025,5274.94,5791.94,6.91,1020.3
5/11/2025,5274.94,5791.94,6.91,1020.3
5/12/2025,5502.94,6019.94,3.24,1064.4
5/13/2025,5646.4,6163.4,0.94,1092.15
5/14/2025,5618.4,6135.4,1.39,1086.73
5/15/2025,5659.4,6176.4,0.73,1094.66
5/16/2025,5734.4,6251.4,0,1109.17
5/17/2025,5734.4,6251.4,0,1109.17
5/18/2025,5734.4,6251.4,0,1109.17
5/19/2025,5758.4,6275.4,0,1113.81
5/20/2025,5705.4,6222.4,0.84,1103.56
5/21/2025,5579.4,6096.4,2.85,1079.19
5/22/2025,5577.4,6094.4,2.88,1078.8
5/23/2025,5518.4,6035.4,3.82,1067.39
5/24/2025,5518.4,6035.4,3.82,1067.39
5/25/2025,5518.4,6035.4,3.82,1067.39
5/26/2025,5518.4,6035.4,3.82,1067.39
5/27/2025,5618.4,6135.4,2.23,1086.73
5/28/2025,5581.4,6098.4,2.82,1079.57
5/29/2025,5586.4,6103.4,2.74,1080.54
5/30/2025,5579.4,6096.4,2.85,1079.19
5/31/2025,5579.4,6096.4,2.85,1079.19
6/1/2025,5579.4,6096.4,2.85,1079.19
6/2/2025,5594.4,6111.4,2.61,1082.09
6/3/2025,5665.4,6182.4,1.48,1095.82
6/4/2025,5673.4,6190.4,1.35,1097.37
6/5/2025,5596.4,6113.4,2.58,1082.48
6/6/2025,5695.86,6212.86,1,1101.71
6/7/2025,5695.86,6212.86,1,1101.71
6/8/2025,5695.86,6212.86,1,1101.71
6/9/2025,5692.86,6209.86,1.04,1101.13
6/10/2025,5718.86,6235.86,0.63,1106.16
6/11/2025,5692.86,6209.86,1.04,1101.13
6/12/2025,5731.86,6248.86,0.42,1108.68
6/13/2025,5639.86,6156.86,1.89,1090.88
6/14/2025,5639.86,6156.86,1.89,1090.88
6/15/2025,5639.86,6156.86,1.89,1090.88
6/16/2025,5707.86,6224.86,0.81,1104.03
6/17/2025,5649.86,6166.86,1.73,1092.82
6/18/2025,5627.86,6144.86,2.08,1088.56
6/19/2025,5627.86,6144.86,2.08,1088.56
6/20/2025,5573.86,6090.86,2.94,1078.12
6/21/2025,5573.86,6090.86,2.94,1078.12
6/22/2025,5573.86,6090.86,2.94,1078.12
6/23/2025,5625.86,6142.86,2.11,1088.17
6/24/2025,5781.86,6298.86,0,1118.35
6/25/2025,5747.86,6264.86,0.54,1111.77
6/26/2025,5866.59,6383.59,0,1134.74
6/27/2025,5864.33,6381.33,0.04,1134.3
6/28/2025,5864.33,6381.33,0.04,1134.3
6/29/2025,5864.33,6381.33,0.04,1134.3
6/30/2025,5948.33,6465.33,0,1150.55
7/1/2025,5955.33,6472.33,0,1151.9
7/2/2025,5986.33,6503.33,0,1157.9
7/3/2025,6130.06,6647.06,0,1185.7
7/4/2025,6130.06,6647.06,0,1185.7
7/5/2025,6130.06,6647.06,0,1185.7
7/6/2025,6130.06,6647.06,0,1185.7
7/7/2025,6130.06,6647.06,0,1185.7
7/8/2025,6126.79,6643.79,0.05,1185.07
7/9/2025,6164.79,6681.79,0,1192.42
7/10/2025,6206.79,6723.79,0,1200.54
7/11/2025,6162.79,6679.79,0.65,1192.03
7/12/2025,6162.79,6679.79,0.65,1192.03
7/13/2025,6162.79,6679.79,0.65,1192.03
7/14/2025,6165.79,6682.79,0.61,1192.61
7/15/2025,6139.79,6656.79,1,1187.58
7/16/2025,6149.79,6666.79,0.85,1189.51
7/17/2025,6208.79,6725.79,0,1200.93
7/18/2025,6178.79,6695.79,0.45,1195.12
7/19/2025,6178.79,6695.79,0.45,1195.12
7/20/2025,6178.79,6695.79,0.45,1195.12
7/21/2025,6196.79,6713.79,0.18,1198.61
7/22/2025,6204.79,6721.79,0.06,1200.15
7/23/2025,6280.79,6797.79,0,1214.85
7/24/2025,6316.52,6833.52,0,1221.76
7/25/2025,6313.25,6830.25,0.05,1221.13
7/26/2025,6313.25,6830.25,0.05,1221.13
7/27/2025,6313.25,6830.25,0.05,1221.13
7/28/2025,6282.25,6799.25,0.5,1215.14
7/29/2025,6265.25,6782.25,0.75,1211.85
7/30/2025,6236.25,6753.25,1.17,1206.24
7/31/2025,6240.25,6757.25,1.12,1207.01
8/1/2025,6160.25,6677.25,2.29,1191.54
8/2/2025,6160.25,6677.25,2.29,1191.54
8/3/2025,6160.25,6677.25,2.29,1191.54
8/4/2025,6191.25,6708.25,1.83,1197.53
8/5/2025,6174.25,6691.25,2.08,1194.25
8/6/2025,6204.25,6721.25,1.64,1200.05
8/7/2025,6187.25,6704.25,1.89,1196.76
8/8/2025,6219.25,6736.25,1.42,1202.95
8/9/2025,6219.25,6736.25,1.42,1202.95
8/10/2025,6219.25,6736.25,1.42,1202.95
8/11/2025,6206.25,6723.25,1.61,1200.44
8/12/2025,6279.25,6796.25,0.55,1214.56
8/13/2025,6299.25,6816.25,0.25,1218.42
8/14/2025,6317.25,6834.25,0,1221.91
8/15/2025,6278.71,6795.71,0.56,1214.45
8/16/2025,6278.71,6795.71,0.56,1214.45
8/17/2025,6278.71,6795.71,0.56,1214.45
8/18/2025,6258.71,6775.71,0.86,1210.58
8/19/2025,6192.71,6709.71,1.82,1197.82
8/20/2025,6182.71,6699.71,1.97,1195.88
8/21/2025,6151.71,6668.71,2.42,1189.89
8/22/2025,6247.71,6764.71,1.02,1208.45
8/23/2025,6247.71,6764.71,1.02,1208.45
8/24/2025,6247.71,6764.71,1.02,1208.45
8/25/2025,6205.71,6722.71,1.63,1200.33
8/26/2025,6213.71,6730.71,1.52,1201.88
8/27/2025,6266.71,6783.71,0.74,1212.13
8/28/2025,6290.71,6807.71,0.39,1216.77
8/29/2025,6208.71,6725.71,1.59,1200.91
8/30/2025,6208.71,6725.71,1.59,1200.91
8/31/2025,6208.71,6725.71,1.59,1200.91
9/1/2025,6208.71,6725.71,1.59,1200.91
9/2/2025,6129.71,6646.71,2.74,1185.63
9/3/2025,6145.71,6662.71,2.51,1188.73
9/4/2025,6232.71,6749.71,1.24,1205.55
9/5/2025,6179.71,6696.71,2.01,1195.3
9/6/2025,6179.71,6696.71,2.01,1195.3
9/7/2025,6179.71,6696.71,2.01,1195.3
9/8/2025,6187.71,6704.71,1.9,1196.85
9/9/2025,6205.17,6722.17,1.64,1200.23
9/10/2025,6236.17,6753.17,1.19,1206.22
9/11/2025,6359.17,6876.17,0,1230.01
9/12/2025,6351.17,6868.17,0.12,1228.47
9/13/2025,6351.17,6868.17,0.12,1228.47
9/14/2025,6351.17,6868.17,0.12,1228.47
9/15/2025,6397.64,6914.64,0,1237.45
9/16/2025,6405.64,6922.64,0,1239
9/17/2025,6366.64,6883.64,0.56,1231.46
9/18/2025,6430.64,6947.64,0,1243.84
9/19/2025,6495.64,7012.64,0,1256.41
9/20/2025,6495.64,7012.64,0,1256.41
9/21/2025,6495.64,7012.64,0,1256.41
9/22/2025,6566.64,7083.64,0,1270.14
9/23/2025,6492.64,7009.64,1.04,1255.83
9/24/2025,6424.64,6941.64,2,1242.68
9/25/2025,6355.64,6872.64,2.98,1229.33
9/26/2025,6401.64,6918.64,2.33,1238.23
9/27/2025,6401.64,6918.64,2.33,1238.23
9/28/2025,6401.64,6918.64,2.33,1238.23
9/29/2025,6430.64,6947.64,1.92,1243.84
9/30/2025,6473.64,6990.64,1.31,1252.15
10/1/2025,6556.64,7073.64,0.14,1268.21
10/2/2025,6575.37,7092.37,0,1271.83
10/3/2025,6571.1,7088.1,0.06,1271.01
10/4/2025,6571.1,7088.1,0.06,1271.01
10/5/2025,6571.1,7088.1,0.06,1271.01
10/6/2025,6571.1,7088.1,0.06,1271.01
10/7/2025,6550.1,7067.1,0.36,1266.94
10/8/2025,6597.1,7114.1,0,1276.03
10/9/2025,6555.1,7072.1,0.59,1267.91
10/10/2025,6406.1,6923.1,2.68,1239.09
10/11/2025,6406.1,6923.1,2.68,1239.09
10/12/2025,6406.1,6923.1,2.68,1239.09
10/13/2025,6433.1,6950.1,2.31,1244.31
10/14/2025,6419.1,6936.1,2.5,1241.61
10/15/2025,6473.1,6990.1,1.74,1252.05
10/16/2025,6456.1,6973.1,1.98,1248.76
10/17/2025,6458.1,6975.1,1.95,1249.15
10/18/2025,6458.1,6975.1,1.95,1249.15
10/19/2025,6458.1,6975.1,1.95,1249.15
10/20/2025,6511.1,7028.1,1.21,1259.4
10/21/2025,6490.1,7007.1,1.5,1255.34
10/22/2025,6416.1,6933.1,2.54,1241.03
10/23/2025,6463.1,6980.1,1.88,1250.12
10/24/2025,6563.56,7080.56,0.47,1269.55
10/25/2025,6563.56,7080.56,0.47,1269.55
10/26/2025,6563.56,7080.56,0.47,1269.55
10/27/2025,6690.56,7207.56,0,1294.11
10/28/2025,6753.02,7270.02,0,1306.19
10/29/2025,6742.02,7259.02,0.15,1304.07
10/30/2025,6661.02,7178.02,1.27,1288.4
10/31/2025,6705.02,7222.02,0.66,1296.91
11/1/2025,6705.02,7222.02,0.66,1296.91
11/2/2025,6705.02,7222.02,0.66,1296.91
11/3/2025,6674.02,7191.02,1.09,1290.91
11/4/2025,6587.02,7104.02,2.28,1274.09
11/5/2025,6600.02,7117.02,2.1,1276.6
11/6/2025,6530.02,7047.02,3.07,1263.06
11/7/2025,6509.02,7026.02,3.36,1259
11/8/2025,6509.02,7026.02,3.36,1259
11/9/2025,6509.02,7026.02,3.36,1259
11/10/2025,6592.02,7109.02,2.21,1275.05
11/11/2025,6601.02,7118.02,2.09,1276.79
11/12/2025,6605.02,7122.02,2.04,1277.57
11/13/2025,6511.02,7028.02,3.33,1259.38
11/14/2025,6492.02,7009.02,3.59,1255.71
11/15/2025,6492.02,7009.02,3.59,1255.71
11/16/2025,6492.02,7009.02,3.59,1255.71
11/17/2025,6453.02,6970.02,4.13,1248.17
11/18/2025,6441.02,6958.02,4.29,1245.85
11/19/2025,6440.02,6957.02,4.31,1245.65
11/20/2025,6417.02,6934.02,4.62,1241.2
11/21/2025,6418.02,6935.02,4.61,1241.4
11/22/2025,6418.02,6935.02,4.61,1241.4
11/23/2025,6418.02,6935.02,4.61,1241.4
11/24/2025,6426.02,6943.02,4.5,1242.94
11/25/2025,6439.02,6956.02,4.32,1245.46
11/26/2025,6459.02,6976.02,4.04,1249.33
11/27/2025,6459.02,6976.02,4.04,1249.33
11/28/2025,6446.48,6963.48,4.22,1246.9
11/29/2025,6446.48,6963.48,4.22,1246.9
11/30/2025,6446.48,6963.48,4.22,1246.9
12/1/2025,6406.48,6923.48,4.77,1239.16
12/2/2025,6427.48,6944.48,4.48,1243.23
12/3/2025,6451.48,6968.48,4.15,1247.87
12/4/2025,6401.48,6918.48,4.84,1238.2
12/5/2025,6437.48,6954.48,4.34,1245.16
12/6/2025,6437.48,6954.48,4.34,1245.16
12/7/2025,6437.48,6954.48,4.34,1245.16
12/8/2025,6375.48,6892.48,5.19,1233.17
12/9/2025,6376.48,6893.48,5.18,1233.36
12/10/2025,6462.48,6979.48,4,1250
12/11/2025,6418.48,6935.48,4.6,1241.49
12/12/2025,6242.48,6759.48,7.02,1207.44
12/13/2025,6242.48,6759.48,7.02,1207.44
12/14/2025,6242.48,6759.48,7.02,1207.44
12/15/2025,6226.48,6743.48,7.24,1204.35
12/16/2025,6193.48,6710.48,7.7,1197.97
12/17/2025,6130.48,6647.48,8.56,1185.78
12/18/2025,6153.48,6670.48,8.25,1190.23
12/19/2025,6159.95,6676.95,8.16,1191.48
12/20/2025,6159.95,6676.95,8.16,1191.48
12/21/2025,6159.95,6676.95,8.16,1191.48
12/22/2025,6221.95,6738.95,7.3,1203.47
12/23/2025,6285.95,6802.95,6.42,1215.85
12/24/2025,6336.68,6853.68,5.73,1225.66
12/25/2025,6336.68,6853.68,5.73,1225.66
12/26/2025,6333.41,6850.41,5.77,1225.03
12/27/2025,6333.41,6850.41,5.77,1225.03
12/28/2025,6333.41,6850.41,5.77,1225.03
12/29/2025,6282.41,6799.41,6.47,1215.17
12/30/2025,6272.41,6789.41,6.61,1213.23
12/31/2025,6211.41,6728.41,7.45,1201.43
1/1/2026,6211.41,6728.41,7.45,1201.43
1/2/2026,6185.41,6702.41,7.81,1196.4
1/3/2026,6185.41,6702.41,7.81,1196.4
1/4/2026,6185.41,6702.41,7.81,1196.4
1/5/2026,6249.41,6766.41,6.93,1208.78
1/6/2026,6306.41,6823.41,6.14,1219.81
1/7/2026,6263.41,6780.41,6.73,1211.49
1/8/2026,6252.41,6769.41,6.89,1209.36
1/9/2026,6322.41,6839.41,5.92,1222.9
1/10/2026,6322.41,6839.41,5.92,1222.9
1/11/2026,6322.41,6839.41,5.92,1222.9
1/12/2026,6325.41,6842.41,5.88,1223.48
1/13/2026,6263.41,6780.41,6.73,1211.49
1/14/2026,6210.41,6727.41,7.46,1201.24
1/15/2026,6228.41,6745.41,7.22,1204.72
1/16/2026,6204.87,6721.87,7.54,1200.17
1/17/2026,6204.87,6721.87,7.54,1200.17
1/18/2026,6204.87,6721.87,7.54,1200.17
1/19/2026,6204.87,6721.87,7.54,1200.17
1/20/2026,6042.87,6559.87,9.77,1168.83
1/21/2026,6092.87,6609.87,9.08,1178.5
1/22/2026,6115.87,6632.87,8.76,1182.95
1/23/2026,6110.87,6627.87,8.83,1181.99
1/24/2026,6110.87,6627.87,8.83,1181.99
1/25/2026,6110.87,6627.87,8.83,1181.99
1/26/2026,6174.87,6691.87,7.95,1194.37
1/27/2026,6215.87,6732.87,7.39,1202.3
1/28/2026,6197.87,6714.87,7.64,1198.81
1/29/2026,6149.87,6666.87,8.3,1189.53
1/30/2026,6128.87,6645.87,8.59,1185.47
1/31/2026,6128.87,6645.87,8.59,1185.47
2/1/2026,6128.87,6645.87,8.59,1185.47
2/2/2026,6163.87,6680.87,8.1,1192.24
2/3/2026,6061.87,6578.87,9.51,1172.51
2/4/2026,6055.87,6572.87,9.59,1171.35
2/5/2026,5970.87,6487.87,10.76,1154.91
2/6/2026,6033.33,6550.33,9.9,1166.99
2/7/2026,6033.33,6550.33,9.9,1166.99
2/8/2026,6033.33,6550.33,9.9,1166.99
2/9/2026,6077.33,6594.33,9.29,1175.5
2/10/2026,6045.33,6562.33,9.73,1169.31
2/11/2026,6028.33,6545.33,9.97,1166.02
2/12/2026,5907.33,6424.33,11.63,1142.62
2/13/2026,5882.33,6399.33,11.98,1137.78
2/14/2026,5882.33,6399.33,11.98,1137.78
2/15/2026,5882.33,6399.33,11.98,1137.78
2/16/2026,5882.33,6399.33,11.98,1137.78
2/17/2026,5878.33,6395.33,12.03,1137.01
2/18/2026,5896.33,6413.33,11.78,1140.49
2/19/2026,5871.33,6388.33,12.13,1135.65
2/20/2026,5913.33,6430.33,11.55,1143.78
2/21/2026,5913.33,6430.33,11.55,1143.78
2/22/2026,5913.33,6430.33,11.55,1143.78
2/23/2026,5834.33,6351.33,12.64,1128.5
2/24/2026,5860.33,6377.33,12.28,1133.53
2/25/2026,5915.33,6432.33,11.52,1144.16
2/26/2026,5837.06,6354.06,12.6,1129.03
2/27/2026,5833.79,6350.79,12.64,1128.39
2/28/2026,5833.79,6350.79,12.64,1128.39
3/1/2026,5833.79,6350.79,12.64,1128.39
3/2/2026,5856.79,6373.79,12.33,1132.84
3/3/2026,5776.79,6293.79,13.43,1117.37
3/4/2026,5844.79,6361.79,12.49,1130.52
3/5/2026,5744.79,6261.79,13.87,1111.18
3/6/2026,5701.79,6218.79,14.46,1102.86
3/7/2026,5701.79,6218.79,14.46,1102.86
3/8/2026,5701.79,6218.79,14.46,1102.86
3/9/2026,5711.79,6228.79,14.32,1104.79
3/10/2026,5699.79,6216.79,14.49,1102.47
3/11/2026,5661.79,6178.79,15.01,1095.12
3/12/2026,5588.79,6105.79,16.01,1081
3/13/2026,5544.79,6061.79,16.62,1072.49
3/14/2026,5544.79,6061.79,16.62,1072.49
3/15/2026,5544.79,6061.79,16.62,1072.49
3/16/2026,5530.79,6047.79,16.81,1069.79
3/17/2026,5519.79,6036.79,16.96,1067.66
3/18/2026,5486.79,6003.79,17.42,1061.27
3/19/2026,5479.79,5996.79,17.51,1059.92
3/20/2026,5466.26,5983.26,17.7,1057.3
3/21/2026,5466.26,5983.26,17.7,1057.3
3/22/2026,5466.26,5983.26,17.7,1057.3
3/23/2026,5619.26,6136.26,15.6,1086.9
3/24/2026,5537.26,6054.26,16.72,1071.04
3/25/2026,5576.26,6093.26,16.19,1078.58
3/26/2026,5395.26,5912.26,18.68,1043.57
3/27/2026,5252.26,5769.26,20.64,1015.91
3/28/2026,5252.26,5769.26,20.64,1015.91
3/29/2026,5252.26,5769.26,20.64,1015.91
3/30/2026,5160.26,5677.26,21.91,998.12
3/31/2026,5373.26,5890.26,18.98,1039.32
4/1/2026,5473.26,5990.26,17.6,1058.66
4/2/2026,5419.26,5936.26,18.35,1048.21
4/3/2026,5419.26,5936.26,18.35,1048.21
4/4/2026,5419.26,5936.26,18.35,1048.21
4/5/2026,5419.26,5936.26,18.35,1048.21
4/6/2026,5466.26,5983.26,17.7,1057.3
4/7/2026,5519.26,6036.26,16.97,1067.56
4/8/2026,5845.72,6362.72,12.48,1130.7
4/9/2026,5889.72,6406.72,11.87,1139.21
4/10/2026,5870.72,6387.72,12.14,1135.54
4/11/2026,5870.72,6387.72,12.14,1135.54
4/12/2026,5870.72,6387.72,12.14,1135.54
4/13/2026,5922.72,6439.72,11.42,1145.59
4/14/2026,6065.18,6582.18,9.46,1173.15
4/15/2026,6174.18,6691.18,7.96,1194.23
4/16/2026,6209.18,6726.18,7.48,1201
4/17/2026,6376.64,6893.64,5.18,1233.39
4/18/2026,6376.64,6893.64,5.18,1233.39
4/19/2026,6376.64,6893.64,5.18,1233.39
4/20/2026,6354.64,6871.64,5.48,1229.14
4/21/2026,6304.64,6821.64,6.17,1219.47
4/22/2026,6378.64,6895.64,5.15,1233.78
4/23/2026,6339.64,6856.64,5.69,1226.24
4/24/2026,6435.64,6952.64,4.37,1244.8
4/25/2026,6435.64,6952.64,4.37,1244.8
4/26/2026,6435.64,6952.64,4.37,1244.8
4/27/2026,6441.64,6958.64,4.28,1245.97
4/28/2026,6359.64,6876.64,5.41,1230.1
4/29/2026,6344.64,6861.64,5.62,1227.2
4/30/2026,6483.64,7000.64,3.71,1254.09
5/1/2026,6537.64,7054.64,2.96,1264.53
5/2/2026,6537.64,7054.64,2.96,1264.53
5/3/2026,6537.64,7054.64,2.96,1264.53
5/4/2026,6440.64,6957.64,4.3,1245.77
5/5/2026,6586.1,7103.1,2.3,1273.91
5/6/2026,6741.1,7258.1,0.16,1303.89
5/7/2026,6686.1,7203.1,0.92,1293.25
5/8/2026,6785.57,7302.57,0,1312.49
5/9/2026,6785.57,7302.57,0,1312.49
5/10/2026,6785.57,7302.57,0,1312.49
5/11/2026,6811.57,7328.57,0,1317.52
5/12/2026,6785.57,7302.57,0.35,1312.49
5/13/2026,6874.57,7391.57,0,1329.7
5/14/2026,6949.57,7466.57,0,1344.21
5/15/2026,6809.57,7326.57,1.88,1317.13
5/16/2026,6809.57,7326.57,1.88,1317.13
5/17/2026,6809.57,7326.57,1.88,1317.13
5/18/2026,6745.57,7262.57,2.73,1304.75
5/19/2026,6673.57,7190.57,3.7,1290.83
5/20/2026,6779.57,7296.57,2.28,1311.33
5/21/2026,6772.57,7289.57,2.37,1309.97
5/22/2026,6820.57,7337.57,1.73,1319.26
5/23/2026,6820.57,7337.57,1.73,1319.26
5/24/2026,6820.57,7337.57,1.73,1319.26
5/25/2026,6820.57,7337.57,1.73,1319.26
5/26/2026,6898.57,7415.57,0.68,1334.35
5/27/2026,6887.57,7404.57,0.83,1332.22
5/28/2026,6965.57,7482.57,0,1347.31
5/29/2026,6965.57,7482.57,0,1347.31
5/30/2026,6965.57,7482.57,0,1347.31
5/31/2026,6965.57,7482.57,0,1347.31
6/1/2026,7060.03,7577.03,0,1365.58
6/2/2026,7059.03,7576.03,0.01,1365.38
6/3/2026,6977.03,7494.03,1.1,1349.52
6/4/2026,7004.03,7521.03,0.74,1354.74
6/5/2026,6776.03,7293.03,3.75,1310.64
6/6/2026,6776.03,7293.03,3.75,1310.64
6/7/2026,6776.03,7293.03,3.75,1310.64
6/8/2026,6767.03,7284.03,3.87,1308.9
6/9/2026,6739.03,7256.03,4.24,1303.49
6/10/2026,6715.03,7232.03,4.55,1298.85
6/11/2026,6772.03,7289.03,3.8,1309.87
6/12/2026,6751.03,7268.03,4.08,1305.81
6/13/2026,6751.03,7268.03,4.08,1305.81
6/14/2026,6751.03,7268.03,4.08,1305.81
6/15/2026,6856.03,7373.03,2.69,1326.12
6/16/2026,6794.03,7311.03,3.51,1314.13
6/17/2026,6715.03,7232.03,4.55,1298.85
6/18/2026,6752.03,7269.03,4.06,1306
6/19/2026,6752.03,7269.03,4.06,1306
6/20/2026,6752.03,7269.03,4.06,1306
6/21/2026,6752.03,7269.03,4.06,1306
6/22/2026,6705.03,7222.03,4.69,1296.91
6/23/2026,6677.03,7194.03,5.05,1291.5
6/24/2026,6665.03,7182.03,5.21,1289.17
6/25/2026,6662.03,7179.03,5.25,1288.59
6/26/2026,6657.76,7174.76,5.31,1287.77
6/27/2026,6657.76,7174.76,5.31,1287.77
6/28/2026,6657.76,7174.76,5.31,1287.77
6/29/2026,6657.76,7174.76,5.31,1287.77
6/30/2026,6657.76,7174.76,5.31,1287.77
7/1/2026,6657.76,7174.76,5.31,1287.77
7/2/2026,6657.76,7174.76,5.31,1287.77
7/3/2026,6657.76,7174.76,5.31,1287.77
7/4/2026,6657.76,7174.76,5.31,1287.77
7/5/2026,6657.76,7174.76,5.31,1287.77
7/6/2026,6657.76,7174.76,5.31,1287.77
7/7/2026,6657.76,7174.76,5.31,1287.77
7/8/2026,6657.76,7174.76,5.31,1287.77
7/9/2026,6657.76,7174.76,5.31,1287.77
7/10/2026,6657.76,7174.76,5.31,1287.77
7/11/2026,6657.76,7174.76,5.31,1287.77
7/12/2026,6657.76,7174.76,5.31,1287.77
7/13/2026,6657.76,7174.76,5.31,1287.77
7/14/2026,6657.76,7174.76,5.31,1287.77
7/15/2026,6657.76,7174.76,5.31,1287.77
7/16/2026,6657.76,7174.76,5.31,1287.77
7/17/2026,6657.76,7174.76,5.31,1287.77
7/18/2026,6657.76,7174.76,5.31,1287.77
7/19/2026,6657.76,7174.76,5.31,1287.77
7/20/2026,6657.76,7174.76,5.31,1287.77
7/21/2026,6657.76,7174.76,5.31,1287.77
7/22/2026,6657.76,7174.76,5.31,1287.77
7/23/2026,6657.76,7174.76,5.31,1287.77
7/24/2026,6657.76,7174.76,5.31,1287.77
7/25/2026,6657.76,7174.76,5.31,1287.77
7/26/2026,6657.76,7174.76,5.31,1287.77
7/27/2026,6657.76,7174.76,5.31,1287.77
7/28/2026,6657.76,7174.76,5.31,1287.77
7/29/2026,6657.76,7174.76,5.31,1287.77
