Date,Time,Trade No.,Price,Effect,Legs
1/2/2013,2:45:00 PM CST,1,0.3,credit,"sell to open 1 x $143 put exp. 1/11/2013 (9 DTE)"
1/4/2013,2:45:00 PM CST,1,0.13,debit,"buy to close 1 x $143 put exp. 1/11/2013 (7 DTE)"
1/4/2013,2:45:00 PM CST,2,0.3,credit,"sell to open 1 x $144.5 put exp. 1/11/2013 (7 DTE)"
1/9/2013,2:45:00 PM CST,2,0.1,debit,"buy to close 1 x $144.5 put exp. 1/11/2013 (2 DTE)"
1/9/2013,2:45:00 PM CST,3,0.36,credit,"sell to open 1 x $144 put exp. 1/19/2013 (10 DTE)"
1/11/2013,2:45:00 PM CST,3,0.14,debit,"buy to close 1 x $144 put exp. 1/19/2013 (8 DTE)"
1/11/2013,2:45:00 PM CST,4,0.24,credit,"sell to open 1 x $145 put exp. 1/19/2013 (8 DTE)"
1/17/2013,2:45:00 PM CST,4,0.04,debit,"buy to close 1 x $145 put exp. 1/19/2013 (2 DTE)"
1/17/2013,2:45:00 PM CST,5,0.35,credit,"sell to open 1 x $146 put exp. 1/25/2013 (8 DTE)"
1/22/2013,2:45:00 PM CST,5,0.07,debit,"buy to close 1 x $146 put exp. 1/25/2013 (3 DTE)"
1/22/2013,2:45:00 PM CST,6,0.32,credit,"sell to open 1 x $147 put exp. 2/1/2013 (10 DTE)"
1/28/2013,2:45:00 PM CST,6,0.11,debit,"buy to close 1 x $147 put exp. 2/1/2013 (4 DTE)"
1/28/2013,2:45:00 PM CST,7,0.21,credit,"sell to open 1 x $148 put exp. 2/1/2013 (4 DTE)"
2/1/2013,2:45:00 PM CST,7,0.01,debit,"buy to close 1 x $148 put exp. 2/1/2013 (0 DTE)"
2/1/2013,2:45:00 PM CST,8,0.22,credit,"sell to open 1 x $149 put exp. 2/8/2013 (7 DTE)"
2/6/2013,2:45:00 PM CST,8,0.08,debit,"buy to close 1 x $149 put exp. 2/8/2013 (2 DTE)"
2/6/2013,2:45:00 PM CST,9,0.41,credit,"sell to open 1 x $149 put exp. 2/16/2013 (10 DTE)"
2/11/2013,2:45:00 PM CST,9,0.16,debit,"buy to close 1 x $149 put exp. 2/16/2013 (5 DTE)"
2/11/2013,2:45:00 PM CST,10,0.24,credit,"sell to open 1 x $150 put exp. 2/16/2013 (5 DTE)"
2/13/2013,2:45:00 PM CST,10,0.08,debit,"buy to close 1 x $150 put exp. 2/16/2013 (3 DTE)"
2/13/2013,2:45:00 PM CST,11,0.33,credit,"sell to open 1 x $150 put exp. 2/22/2013 (9 DTE)"
2/19/2013,2:45:00 PM CST,11,0.06,debit,"buy to close 1 x $150 put exp. 2/22/2013 (3 DTE)"
2/19/2013,2:45:00 PM CST,12,0.39,credit,"sell to open 1 x $151 put exp. 3/1/2013 (10 DTE)"
2/25/2013,2:45:00 PM CST,12,2.44,debit,"buy to close 1 x $151 put exp. 3/1/2013 (4 DTE)"
2/25/2013,2:45:00 PM CST,13,0.49,credit,"sell to open 1 x $146 put exp. 3/1/2013 (4 DTE)"
2/26/2013,2:45:00 PM CST,13,0.17,debit,"buy to close 1 x $146 put exp. 3/1/2013 (3 DTE)"
2/26/2013,2:45:00 PM CST,14,0.58,credit,"sell to open 1 x $146 put exp. 3/8/2013 (10 DTE)"
2/27/2013,2:45:00 PM CST,14,0.21,debit,"buy to close 1 x $146 put exp. 3/8/2013 (9 DTE)"
2/27/2013,2:45:00 PM CST,15,0.47,credit,"sell to open 1 x $149 put exp. 3/8/2013 (9 DTE)"
3/4/2013,2:45:00 PM CST,15,0.11,debit,"buy to close 1 x $149 put exp. 3/8/2013 (4 DTE)"
3/4/2013,2:45:00 PM CST,16,0.3,credit,"sell to open 1 x $151.5 put exp. 3/8/2013 (4 DTE)"
3/5/2013,2:45:00 PM CST,16,0.11,debit,"buy to close 1 x $151.5 put exp. 3/8/2013 (3 DTE)"
3/5/2013,2:45:00 PM CST,17,0.44,credit,"sell to open 1 x $151 put exp. 3/16/2013 (11 DTE)"
3/8/2013,2:45:00 PM CST,17,0.12,debit,"buy to close 1 x $151 put exp. 3/16/2013 (8 DTE)"
3/8/2013,2:45:00 PM CST,18,0.3,credit,"sell to open 1 x $153 put exp. 3/16/2013 (8 DTE)"
3/13/2013,2:45:00 PM CDT,18,0.07,debit,"buy to close 1 x $153 put exp. 3/16/2013 (3 DTE)"
3/13/2013,2:45:00 PM CDT,19,0.34,credit,"sell to open 1 x $153 put exp. 3/22/2013 (9 DTE)"
3/15/2013,2:45:00 PM CDT,19,0.15,debit,"buy to close 1 x $153 put exp. 3/22/2013 (7 DTE)"
3/15/2013,2:45:00 PM CDT,20,0.25,credit,"sell to open 1 x $154 put exp. 3/22/2013 (7 DTE)"
3/22/2013,2:45:00 PM CDT,20,0.01,debit,"buy to close 1 x $154 put exp. 3/22/2013 (0 DTE)"
3/22/2013,2:45:00 PM CDT,21,0.41,credit,"sell to open 1 x $153 put exp. 3/28/2013 (6 DTE)"
3/26/2013,2:45:00 PM CDT,21,0.06,debit,"buy to close 1 x $153 put exp. 3/28/2013 (2 DTE)"
3/26/2013,2:45:00 PM CDT,22,0.33,credit,"sell to open 1 x $153 put exp. 4/5/2013 (10 DTE)"
4/1/2013,2:45:00 PM CDT,22,0.14,debit,"buy to close 1 x $153 put exp. 4/5/2013 (4 DTE)"
4/1/2013,2:45:00 PM CDT,23,0.24,credit,"sell to open 1 x $154 put exp. 4/5/2013 (4 DTE)"
4/2/2013,2:45:00 PM CDT,23,0.09,debit,"buy to close 1 x $154 put exp. 4/5/2013 (3 DTE)"
4/2/2013,2:45:00 PM CDT,24,0.35,credit,"sell to open 1 x $154 put exp. 4/12/2013 (10 DTE)"
4/9/2013,2:45:00 PM CDT,24,0.1,debit,"buy to close 1 x $154 put exp. 4/12/2013 (3 DTE)"
4/9/2013,2:45:00 PM CDT,25,0.42,credit,"sell to open 1 x $154 put exp. 4/20/2013 (11 DTE)"
4/10/2013,2:45:00 PM CDT,25,0.14,debit,"buy to close 1 x $154 put exp. 4/20/2013 (10 DTE)"
4/10/2013,2:45:00 PM CDT,26,0.31,credit,"sell to open 1 x $156 put exp. 4/20/2013 (10 DTE)"
4/15/2013,2:45:00 PM CDT,26,1.93,debit,"buy to close 1 x $156 put exp. 4/20/2013 (5 DTE)"
4/15/2013,2:45:00 PM CDT,27,0.5,credit,"sell to open 1 x $151 put exp. 4/20/2013 (5 DTE)"
4/16/2013,2:45:00 PM CDT,27,0.07,debit,"buy to close 1 x $151 put exp. 4/20/2013 (4 DTE)"
4/16/2013,2:45:00 PM CDT,28,0.46,credit,"sell to open 1 x $154 put exp. 4/26/2013 (10 DTE)"
4/23/2013,2:45:00 PM CDT,28,0.08,debit,"buy to close 1 x $154 put exp. 4/26/2013 (3 DTE)"
4/23/2013,2:45:00 PM CDT,29,0.32,credit,"sell to open 1 x $154 put exp. 5/3/2013 (10 DTE)"
4/29/2013,2:45:00 PM CDT,29,0.09,debit,"buy to close 1 x $154 put exp. 5/3/2013 (4 DTE)"
4/29/2013,2:45:00 PM CDT,30,0.27,credit,"sell to open 1 x $157 put exp. 5/3/2013 (4 DTE)"
5/2/2013,2:45:00 PM CDT,30,0.05,debit,"buy to close 1 x $157 put exp. 5/3/2013 (1 DTE)"
5/2/2013,2:45:00 PM CDT,31,0.39,credit,"sell to open 1 x $157 put exp. 5/10/2013 (8 DTE)"
5/3/2013,2:45:00 PM CDT,31,0.11,debit,"buy to close 1 x $157 put exp. 5/10/2013 (7 DTE)"
5/3/2013,2:45:00 PM CDT,32,0.28,credit,"sell to open 1 x $159 put exp. 5/10/2013 (7 DTE)"
5/7/2013,2:45:00 PM CDT,32,0.07,debit,"buy to close 1 x $159 put exp. 5/10/2013 (3 DTE)"
5/7/2013,2:45:00 PM CDT,33,0.4,credit,"sell to open 1 x $160 put exp. 5/18/2013 (11 DTE)"
5/10/2013,2:45:00 PM CDT,33,0.18,debit,"buy to close 1 x $160 put exp. 5/18/2013 (8 DTE)"
5/10/2013,2:45:00 PM CDT,34,0.32,credit,"sell to open 1 x $161.5 put exp. 5/18/2013 (8 DTE)"
5/14/2013,2:45:00 PM CDT,34,0.1,debit,"buy to close 1 x $161.5 put exp. 5/18/2013 (4 DTE)"
5/14/2013,2:45:00 PM CDT,35,0.41,credit,"sell to open 1 x $162 put exp. 5/24/2013 (10 DTE)"
5/17/2013,2:45:00 PM CDT,35,0.13,debit,"buy to close 1 x $162 put exp. 5/24/2013 (7 DTE)"
5/17/2013,2:45:00 PM CDT,36,0.36,credit,"sell to open 1 x $164.5 put exp. 5/24/2013 (7 DTE)"
5/24/2013,2:45:00 PM CDT,36,0.01,debit,"buy to close 1 x $164.5 put exp. 5/24/2013 (0 DTE)"
5/24/2013,2:45:00 PM CDT,37,0.32,credit,"sell to open 1 x $163 put exp. 5/31/2013 (7 DTE)"
5/30/2013,2:45:00 PM CDT,37,0.05,debit,"buy to close 1 x $163 put exp. 5/31/2013 (1 DTE)"
5/30/2013,2:45:00 PM CDT,38,0.42,credit,"sell to open 1 x $162.5 put exp. 6/7/2013 (8 DTE)"
6/7/2013,2:45:00 PM CDT,38,0.01,debit,"buy to close 1 x $162.5 put exp. 6/7/2013 (0 DTE)"
6/7/2013,2:45:00 PM CDT,39,0.35,credit,"sell to open 1 x $161.5 put exp. 6/14/2013 (7 DTE)"
6/13/2013,2:45:00 PM CDT,39,0.06,debit,"buy to close 1 x $161.5 put exp. 6/14/2013 (1 DTE)"
6/13/2013,2:45:00 PM CDT,40,0.67,credit,"sell to open 1 x $161 put exp. 6/22/2013 (9 DTE)"
6/18/2013,2:45:00 PM CDT,40,0.27,debit,"buy to close 1 x $161 put exp. 6/22/2013 (4 DTE)"
6/18/2013,2:45:00 PM CDT,41,0.88,credit,"sell to open 1 x $162 put exp. 6/28/2013 (10 DTE)"
6/20/2013,2:45:00 PM CDT,41,3.8,debit,"buy to close 1 x $162 put exp. 6/28/2013 (8 DTE)"
6/20/2013,2:45:00 PM CDT,42,0.95,credit,"sell to open 1 x $155 put exp. 6/28/2013 (8 DTE)"
6/25/2013,2:45:00 PM CDT,42,0.27,debit,"buy to close 1 x $155 put exp. 6/28/2013 (3 DTE)"
6/25/2013,2:45:00 PM CDT,43,0.61,credit,"sell to open 1 x $154 put exp. 7/5/2013 (10 DTE)"
6/26/2013,2:45:00 PM CDT,43,0.28,debit,"buy to close 1 x $154 put exp. 7/5/2013 (9 DTE)"
6/26/2013,2:45:00 PM CDT,44,0.51,credit,"sell to open 1 x $156 put exp. 7/5/2013 (9 DTE)"
7/1/2013,2:45:00 PM CDT,44,0.09,debit,"buy to close 1 x $156 put exp. 7/5/2013 (4 DTE)"
7/1/2013,2:45:00 PM CDT,45,0.32,credit,"sell to open 1 x $158.5 put exp. 7/5/2013 (4 DTE)"
7/3/2013,2:45:00 PM CDT,45,0.13,debit,"buy to close 1 x $158.5 put exp. 7/5/2013 (2 DTE)"
7/3/2013,2:45:00 PM CDT,46,0.54,credit,"sell to open 1 x $158 put exp. 7/12/2013 (9 DTE)"
7/5/2013,2:45:00 PM CDT,46,0.12,debit,"buy to close 1 x $158 put exp. 7/12/2013 (7 DTE)"
7/5/2013,2:45:00 PM CDT,47,0.34,credit,"sell to open 1 x $160.5 put exp. 7/12/2013 (7 DTE)"
7/9/2013,2:45:00 PM CDT,47,0.06,debit,"buy to close 1 x $160.5 put exp. 7/12/2013 (3 DTE)"
7/9/2013,2:45:00 PM CDT,48,0.5,credit,"sell to open 1 x $162 put exp. 7/20/2013 (11 DTE)"
7/11/2013,2:45:00 PM CDT,48,0.15,debit,"buy to close 1 x $162 put exp. 7/20/2013 (9 DTE)"
7/11/2013,2:45:00 PM CDT,49,0.37,credit,"sell to open 1 x $164.5 put exp. 7/20/2013 (9 DTE)"
7/15/2013,2:45:00 PM CDT,49,0.14,debit,"buy to close 1 x $164.5 put exp. 7/20/2013 (5 DTE)"
7/15/2013,2:45:00 PM CDT,50,0.29,credit,"sell to open 1 x $166 put exp. 7/20/2013 (5 DTE)"
7/17/2013,2:45:00 PM CDT,50,0.12,debit,"buy to close 1 x $166 put exp. 7/20/2013 (3 DTE)"
7/17/2013,2:45:00 PM CDT,51,0.37,credit,"sell to open 1 x $165 put exp. 7/26/2013 (9 DTE)"
7/19/2013,2:45:00 PM CDT,51,0.11,debit,"buy to close 1 x $165 put exp. 7/26/2013 (7 DTE)"
7/19/2013,2:45:00 PM CDT,52,0.27,credit,"sell to open 1 x $167 put exp. 7/26/2013 (7 DTE)"
7/25/2013,2:45:00 PM CDT,52,0.06,debit,"buy to close 1 x $167 put exp. 7/26/2013 (1 DTE)"
7/25/2013,2:45:00 PM CDT,53,0.39,credit,"sell to open 1 x $166 put exp. 8/2/2013 (8 DTE)"
7/31/2013,2:45:00 PM CDT,53,0.13,debit,"buy to close 1 x $166 put exp. 8/2/2013 (2 DTE)"
7/31/2013,2:45:00 PM CDT,54,0.46,credit,"sell to open 1 x $166 put exp. 8/9/2013 (9 DTE)"
8/1/2013,2:45:00 PM CDT,54,0.18,debit,"buy to close 1 x $166 put exp. 8/9/2013 (8 DTE)"
8/1/2013,2:45:00 PM CDT,55,0.39,credit,"sell to open 1 x $168 put exp. 8/9/2013 (8 DTE)"
8/2/2013,2:45:00 PM CDT,55,0.17,debit,"buy to close 1 x $168 put exp. 8/9/2013 (7 DTE)"
8/2/2013,2:45:00 PM CDT,56,0.29,credit,"sell to open 1 x $169 put exp. 8/9/2013 (7 DTE)"
8/9/2013,2:45:00 PM CDT,56,0.02,debit,"buy to close 1 x $169 put exp. 8/9/2013 (0 DTE)"
8/9/2013,2:45:00 PM CDT,57,0.39,credit,"sell to open 1 x $166.5 put exp. 8/17/2013 (8 DTE)"
8/13/2013,2:45:00 PM CDT,57,0.1,debit,"buy to close 1 x $166.5 put exp. 8/17/2013 (4 DTE)"
8/13/2013,2:45:00 PM CDT,58,0.51,credit,"sell to open 1 x $167 put exp. 8/23/2013 (10 DTE)"
8/19/2013,2:45:00 PM CDT,58,2.26,debit,"buy to close 1 x $167 put exp. 8/23/2013 (4 DTE)"
8/19/2013,2:45:00 PM CDT,59,0.34,credit,"sell to open 1 x $162.5 put exp. 8/23/2013 (4 DTE)"
8/20/2013,2:45:00 PM CDT,59,0.14,debit,"buy to close 1 x $162.5 put exp. 8/23/2013 (3 DTE)"
8/20/2013,2:45:00 PM CDT,60,0.48,credit,"sell to open 1 x $162 put exp. 8/30/2013 (10 DTE)"
8/23/2013,2:45:00 PM CDT,60,0.11,debit,"buy to close 1 x $162 put exp. 8/30/2013 (7 DTE)"
8/23/2013,2:45:00 PM CDT,61,0.31,credit,"sell to open 1 x $164.5 put exp. 8/30/2013 (7 DTE)"
8/27/2013,2:45:00 PM CDT,61,1.57,debit,"buy to close 1 x $164.5 put exp. 8/30/2013 (3 DTE)"
8/27/2013,2:45:00 PM CDT,62,0.44,credit,"sell to open 1 x $159 put exp. 9/6/2013 (10 DTE)"
9/3/2013,2:45:00 PM CDT,62,0.07,debit,"buy to close 1 x $159 put exp. 9/6/2013 (3 DTE)"
9/3/2013,2:45:00 PM CDT,63,0.51,credit,"sell to open 1 x $160.5 put exp. 9/13/2013 (10 DTE)"
9/4/2013,2:45:00 PM CDT,63,0.23,debit,"buy to close 1 x $160.5 put exp. 9/13/2013 (9 DTE)"
9/4/2013,2:45:00 PM CDT,64,0.45,credit,"sell to open 1 x $162.5 put exp. 9/13/2013 (9 DTE)"
9/9/2013,2:45:00 PM CDT,64,0.09,debit,"buy to close 1 x $162.5 put exp. 9/13/2013 (4 DTE)"
9/9/2013,2:45:00 PM CDT,65,0.35,credit,"sell to open 1 x $165.5 put exp. 9/13/2013 (4 DTE)"
9/10/2013,2:45:00 PM CDT,65,0.1,debit,"buy to close 1 x $165.5 put exp. 9/13/2013 (3 DTE)"
9/10/2013,2:45:00 PM CDT,66,0.54,credit,"sell to open 1 x $165 put exp. 9/21/2013 (11 DTE)"
9/13/2013,2:45:00 PM CDT,66,0.25,debit,"buy to close 1 x $165 put exp. 9/21/2013 (8 DTE)"
9/13/2013,2:45:00 PM CDT,67,0.38,credit,"sell to open 1 x $166 put exp. 9/21/2013 (8 DTE)"
9/17/2013,2:45:00 PM CDT,67,0.15,debit,"buy to close 1 x $166 put exp. 9/21/2013 (4 DTE)"
9/17/2013,2:45:00 PM CDT,68,0.47,credit,"sell to open 1 x $166.5 put exp. 9/27/2013 (10 DTE)"
9/18/2013,2:45:00 PM CDT,68,0.16,debit,"buy to close 1 x $166.5 put exp. 9/27/2013 (9 DTE)"
9/18/2013,2:45:00 PM CDT,69,0.4,credit,"sell to open 1 x $169 put exp. 9/27/2013 (9 DTE)"
9/26/2013,2:45:00 PM CDT,69,0.15,debit,"buy to close 1 x $169 put exp. 9/27/2013 (1 DTE)"
9/26/2013,2:45:00 PM CDT,70,0.39,credit,"sell to open 1 x $166.5 put exp. 10/4/2013 (8 DTE)"
10/1/2013,2:45:00 PM CDT,70,0.14,debit,"buy to close 1 x $166.5 put exp. 10/4/2013 (3 DTE)"
10/1/2013,2:45:00 PM CDT,71,0.52,credit,"sell to open 1 x $166 put exp. 10/11/2013 (10 DTE)"
10/10/2013,2:45:00 PM CDT,71,0.06,debit,"buy to close 1 x $166 put exp. 10/11/2013 (1 DTE)"
10/10/2013,2:45:00 PM CDT,72,0.52,credit,"sell to open 1 x $165 put exp. 10/19/2013 (9 DTE)"
10/14/2013,2:45:00 PM CDT,72,0.24,debit,"buy to close 1 x $165 put exp. 10/19/2013 (5 DTE)"
10/14/2013,2:45:00 PM CDT,73,0.42,credit,"sell to open 1 x $167.5 put exp. 10/19/2013 (5 DTE)"
10/16/2013,2:45:00 PM CDT,73,0.12,debit,"buy to close 1 x $167.5 put exp. 10/19/2013 (3 DTE)"
10/16/2013,2:45:00 PM CDT,74,0.5,credit,"sell to open 1 x $168 put exp. 10/25/2013 (9 DTE)"
10/17/2013,2:45:00 PM CDT,74,0.16,debit,"buy to close 1 x $168 put exp. 10/25/2013 (8 DTE)"
10/17/2013,2:45:00 PM CDT,75,0.35,credit,"sell to open 1 x $170.5 put exp. 10/25/2013 (8 DTE)"
10/21/2013,2:45:00 PM CDT,75,0.11,debit,"buy to close 1 x $170.5 put exp. 10/25/2013 (4 DTE)"
10/21/2013,2:45:00 PM CDT,76,0.28,credit,"sell to open 1 x $172.5 put exp. 10/25/2013 (4 DTE)"
10/22/2013,2:45:00 PM CDT,76,0.12,debit,"buy to close 1 x $172.5 put exp. 10/25/2013 (3 DTE)"
10/22/2013,2:45:00 PM CDT,77,0.41,credit,"sell to open 1 x $172.5 put exp. 11/1/2013 (10 DTE)"
10/25/2013,2:45:00 PM CDT,77,0.18,debit,"buy to close 1 x $172.5 put exp. 11/1/2013 (7 DTE)"
10/25/2013,2:45:00 PM CDT,78,0.29,credit,"sell to open 1 x $173.5 put exp. 11/1/2013 (7 DTE)"
10/29/2013,2:45:00 PM CDT,78,0.1,debit,"buy to close 1 x $173.5 put exp. 11/1/2013 (3 DTE)"
10/29/2013,2:45:00 PM CDT,79,0.42,credit,"sell to open 1 x $174 put exp. 11/8/2013 (10 DTE)"
11/4/2013,2:45:00 PM CST,79,0.16,debit,"buy to close 1 x $174 put exp. 11/8/2013 (4 DTE)"
11/4/2013,2:45:00 PM CST,80,0.29,credit,"sell to open 1 x $175 put exp. 11/8/2013 (4 DTE)"
11/6/2013,2:45:00 PM CST,80,0.13,debit,"buy to close 1 x $175 put exp. 11/8/2013 (2 DTE)"
11/6/2013,2:45:00 PM CST,81,0.34,credit,"sell to open 1 x $174 put exp. 11/16/2013 (10 DTE)"
11/12/2013,2:45:00 PM CST,81,0.14,debit,"buy to close 1 x $174 put exp. 11/16/2013 (4 DTE)"
11/12/2013,2:45:00 PM CST,82,0.49,credit,"sell to open 1 x $174 put exp. 11/22/2013 (10 DTE)"
11/14/2013,2:45:00 PM CST,82,0.15,debit,"buy to close 1 x $174 put exp. 11/22/2013 (8 DTE)"
11/14/2013,2:45:00 PM CST,83,0.33,credit,"sell to open 1 x $176.5 put exp. 11/22/2013 (8 DTE)"
11/18/2013,2:45:00 PM CST,83,0.15,debit,"buy to close 1 x $176.5 put exp. 11/22/2013 (4 DTE)"
11/18/2013,2:45:00 PM CST,84,0.26,credit,"sell to open 1 x $177.5 put exp. 11/22/2013 (4 DTE)"
11/21/2013,2:45:00 PM CST,84,0.04,debit,"buy to close 1 x $177.5 put exp. 11/22/2013 (1 DTE)"
11/21/2013,2:45:00 PM CST,85,0.33,credit,"sell to open 1 x $178 put exp. 11/29/2013 (8 DTE)"
11/25/2013,2:45:00 PM CST,85,0.09,debit,"buy to close 1 x $178 put exp. 11/29/2013 (4 DTE)"
11/25/2013,2:45:00 PM CST,86,0.23,credit,"sell to open 1 x $179.5 put exp. 11/29/2013 (4 DTE)"
11/27/2013,2:45:00 PM CST,86,0.08,debit,"buy to close 1 x $179.5 put exp. 11/29/2013 (2 DTE)"
11/27/2013,2:45:00 PM CST,87,0.41,credit,"sell to open 1 x $178.5 put exp. 12/6/2013 (9 DTE)"
12/6/2013,2:45:00 PM CST,87,0.01,debit,"buy to close 1 x $178.5 put exp. 12/6/2013 (0 DTE)"
12/6/2013,2:45:00 PM CST,88,0.32,credit,"sell to open 1 x $178.5 put exp. 12/13/2013 (7 DTE)"
12/13/2013,3:00:00 PM CST,88,178.11,credit,"sell to close 100 shares"
12/16/2013,2:45:00 PM CST,89,0.48,credit,"sell to open 1 x $175 put exp. 12/21/2013 (5 DTE)"
12/18/2013,2:45:00 PM CST,89,0.07,debit,"buy to close 1 x $175 put exp. 12/21/2013 (3 DTE)"
12/18/2013,2:45:00 PM CST,90,0.45,credit,"sell to open 1 x $178 put exp. 12/27/2013 (9 DTE)"
12/20/2013,2:45:00 PM CST,90,0.18,debit,"buy to close 1 x $178 put exp. 12/27/2013 (7 DTE)"
12/20/2013,2:45:00 PM CST,91,0.29,credit,"sell to open 1 x $179.5 put exp. 12/27/2013 (7 DTE)"
12/23/2013,2:45:00 PM CST,91,0.09,debit,"buy to close 1 x $179.5 put exp. 12/27/2013 (4 DTE)"
12/23/2013,2:45:00 PM CST,92,0.3,credit,"sell to open 1 x $180 put exp. 12/31/2013 (8 DTE)"
12/26/2013,2:45:00 PM CST,92,0.09,debit,"buy to close 1 x $180 put exp. 12/31/2013 (5 DTE)"
12/26/2013,2:45:00 PM CST,93,0.31,credit,"sell to open 1 x $181.5 put exp. 1/3/2014 (8 DTE)"
12/31/2013,2:45:00 PM CST,93,0.08,debit,"buy to close 1 x $181.5 put exp. 1/3/2014 (3 DTE)"
12/31/2013,2:45:00 PM CST,94,0.45,credit,"sell to open 1 x $181.5 put exp. 1/10/2014 (10 DTE)"
1/8/2014,2:45:00 PM CST,94,0.13,debit,"buy to close 1 x $181.5 put exp. 1/10/2014 (2 DTE)"
1/8/2014,2:45:00 PM CST,95,0.41,credit,"sell to open 1 x $181 put exp. 1/18/2014 (10 DTE)"
1/10/2014,2:45:00 PM CST,95,0.18,debit,"buy to close 1 x $181 put exp. 1/18/2014 (8 DTE)"
1/10/2014,2:45:00 PM CST,96,0.3,credit,"sell to open 1 x $182 put exp. 1/18/2014 (8 DTE)"
1/15/2014,2:45:00 PM CST,96,0.07,debit,"buy to close 1 x $182 put exp. 1/18/2014 (3 DTE)"
1/15/2014,2:45:00 PM CST,97,0.37,credit,"sell to open 1 x $182 put exp. 1/24/2014 (9 DTE)"
1/22/2014,2:45:00 PM CST,97,0.07,debit,"buy to close 1 x $182 put exp. 1/24/2014 (2 DTE)"
1/22/2014,2:45:00 PM CST,98,0.4,credit,"sell to open 1 x $181 put exp. 1/31/2014 (9 DTE)"
1/24/2014,2:45:00 PM CST,98,3.04,debit,"buy to close 1 x $181 put exp. 1/31/2014 (7 DTE)"
1/24/2014,2:45:00 PM CST,99,0.69,credit,"sell to open 1 x $174.5 put exp. 1/31/2014 (7 DTE)"
1/28/2014,2:45:00 PM CST,99,0.13,debit,"buy to close 1 x $174.5 put exp. 1/31/2014 (3 DTE)"
1/28/2014,2:45:00 PM CST,100,0.6,credit,"sell to open 1 x $175 put exp. 2/7/2014 (10 DTE)"
2/7/2014,2:45:00 PM CST,100,0.01,debit,"buy to close 1 x $175 put exp. 2/7/2014 (0 DTE)"
2/7/2014,2:45:00 PM CST,101,0.44,credit,"sell to open 1 x $176.5 put exp. 2/14/2014 (7 DTE)"
2/11/2014,2:45:00 PM CST,101,0.05,debit,"buy to close 1 x $176.5 put exp. 2/14/2014 (3 DTE)"
2/11/2014,2:45:00 PM CST,102,0.42,credit,"sell to open 1 x $178 put exp. 2/22/2014 (11 DTE)"
2/14/2014,2:45:00 PM CST,102,0.07,debit,"buy to close 1 x $178 put exp. 2/22/2014 (8 DTE)"
2/14/2014,2:45:00 PM CST,103,0.26,credit,"sell to open 1 x $181.5 put exp. 2/22/2014 (8 DTE)"
2/20/2014,2:45:00 PM CST,103,0.05,debit,"buy to close 1 x $181.5 put exp. 2/22/2014 (2 DTE)"
2/20/2014,2:45:00 PM CST,104,0.37,credit,"sell to open 1 x $181 put exp. 2/28/2014 (8 DTE)"
2/24/2014,2:45:00 PM CST,104,0.13,debit,"buy to close 1 x $181 put exp. 2/28/2014 (4 DTE)"
2/24/2014,2:45:00 PM CST,105,0.32,credit,"sell to open 1 x $183 put exp. 2/28/2014 (4 DTE)"
2/27/2014,2:45:00 PM CST,105,0.03,debit,"buy to close 1 x $183 put exp. 2/28/2014 (1 DTE)"
2/27/2014,2:45:00 PM CST,106,0.4,credit,"sell to open 1 x $183 put exp. 3/7/2014 (8 DTE)"
3/4/2014,2:45:00 PM CST,106,0.09,debit,"buy to close 1 x $183 put exp. 3/7/2014 (3 DTE)"
3/4/2014,2:45:00 PM CST,107,0.46,credit,"sell to open 1 x $184 put exp. 3/14/2014 (10 DTE)"
3/10/2014,2:45:00 PM CDT,107,0.11,debit,"buy to close 1 x $184 put exp. 3/14/2014 (4 DTE)"
3/10/2014,2:45:00 PM CDT,108,0.28,credit,"sell to open 1 x $186 put exp. 3/14/2014 (4 DTE)"
3/14/2014,2:45:00 PM CDT,108,1.24,debit,"buy to close 1 x $186 put exp. 3/14/2014 (0 DTE)"
3/14/2014,2:45:00 PM CDT,109,0.74,credit,"sell to open 1 x $179 put exp. 3/22/2014 (8 DTE)"
3/17/2014,2:45:00 PM CDT,109,0.14,debit,"buy to close 1 x $179 put exp. 3/22/2014 (5 DTE)"
3/17/2014,2:45:00 PM CDT,110,0.48,credit,"sell to open 1 x $183 put exp. 3/22/2014 (5 DTE)"
3/18/2014,2:45:00 PM CDT,110,0.16,debit,"buy to close 1 x $183 put exp. 3/22/2014 (4 DTE)"
3/18/2014,2:45:00 PM CDT,111,0.55,credit,"sell to open 1 x $183 put exp. 3/28/2014 (10 DTE)"
3/25/2014,2:45:00 PM CDT,111,0.14,debit,"buy to close 1 x $183 put exp. 3/28/2014 (3 DTE)"
3/25/2014,2:45:00 PM CDT,112,0.37,credit,"sell to open 1 x $184 put exp. 3/31/2014 (6 DTE)"
3/31/2014,2:45:00 PM CDT,112,0.01,debit,"buy to close 1 x $184 put exp. 3/31/2014 (0 DTE)"
3/31/2014,2:45:00 PM CDT,113,0.33,credit,"sell to open 1 x $184 put exp. 4/4/2014 (4 DTE)"
4/1/2014,2:45:00 PM CDT,113,0.08,debit,"buy to close 1 x $184 put exp. 4/4/2014 (3 DTE)"
4/1/2014,2:45:00 PM CDT,114,0.48,credit,"sell to open 1 x $185 put exp. 4/11/2014 (10 DTE)"
4/9/2014,2:45:00 PM CDT,114,0.16,debit,"buy to close 1 x $185 put exp. 4/11/2014 (2 DTE)"
4/9/2014,2:45:00 PM CDT,115,0.43,credit,"sell to open 1 x $184 put exp. 4/19/2014 (10 DTE)"
4/10/2014,2:45:00 PM CDT,115,1.91,debit,"buy to close 1 x $184 put exp. 4/19/2014 (9 DTE)"
4/10/2014,2:45:00 PM CDT,116,0.54,credit,"sell to open 1 x $179.5 put exp. 4/19/2014 (9 DTE)"
4/14/2014,2:45:00 PM CDT,116,0.23,debit,"buy to close 1 x $179.5 put exp. 4/19/2014 (5 DTE)"
4/14/2014,2:45:00 PM CDT,117,0.37,credit,"sell to open 1 x $180.5 put exp. 4/19/2014 (5 DTE)"
4/15/2014,2:45:00 PM CDT,117,0.12,debit,"buy to close 1 x $180.5 put exp. 4/19/2014 (4 DTE)"
4/15/2014,2:45:00 PM CDT,118,0.57,credit,"sell to open 1 x $180.5 put exp. 4/25/2014 (10 DTE)"
4/17/2014,2:45:00 PM CDT,118,0.13,debit,"buy to close 1 x $180.5 put exp. 4/25/2014 (8 DTE)"
4/17/2014,2:45:00 PM CDT,119,0.37,credit,"sell to open 1 x $183.5 put exp. 4/25/2014 (8 DTE)"
4/21/2014,2:45:00 PM CDT,119,0.15,debit,"buy to close 1 x $183.5 put exp. 4/25/2014 (4 DTE)"
4/21/2014,2:45:00 PM CDT,120,0.25,credit,"sell to open 1 x $184.5 put exp. 4/25/2014 (4 DTE)"
4/22/2014,2:45:00 PM CDT,120,0.08,debit,"buy to close 1 x $184.5 put exp. 4/25/2014 (3 DTE)"
4/22/2014,2:45:00 PM CDT,121,0.48,credit,"sell to open 1 x $184.5 put exp. 5/2/2014 (10 DTE)"
4/29/2014,2:45:00 PM CDT,121,0.22,debit,"buy to close 1 x $184.5 put exp. 5/2/2014 (3 DTE)"
4/29/2014,2:45:00 PM CDT,122,0.52,credit,"sell to open 1 x $184 put exp. 5/9/2014 (10 DTE)"
5/2/2014,2:45:00 PM CDT,122,0.19,debit,"buy to close 1 x $184 put exp. 5/9/2014 (7 DTE)"
5/2/2014,2:45:00 PM CDT,123,0.35,credit,"sell to open 1 x $185.5 put exp. 5/9/2014 (7 DTE)"
5/7/2014,2:45:00 PM CDT,123,0.15,debit,"buy to close 1 x $185.5 put exp. 5/9/2014 (2 DTE)"
5/7/2014,2:45:00 PM CDT,124,0.54,credit,"sell to open 1 x $185 put exp. 5/17/2014 (10 DTE)"
5/12/2014,2:45:00 PM CDT,124,0.08,debit,"buy to close 1 x $185 put exp. 5/17/2014 (5 DTE)"
5/12/2014,2:45:00 PM CDT,125,0.3,credit,"sell to open 1 x $188 put exp. 5/17/2014 (5 DTE)"
5/16/2014,2:45:00 PM CDT,125,0.02,debit,"buy to close 1 x $188 put exp. 5/17/2014 (1 DTE)"
5/16/2014,2:45:00 PM CDT,126,0.34,credit,"sell to open 1 x $185.5 put exp. 5/23/2014 (7 DTE)"
5/19/2014,2:45:00 PM CDT,126,0.13,debit,"buy to close 1 x $185.5 put exp. 5/23/2014 (4 DTE)"
5/19/2014,2:45:00 PM CDT,127,0.29,credit,"sell to open 1 x $187 put exp. 5/23/2014 (4 DTE)"
5/21/2014,2:45:00 PM CDT,127,0.11,debit,"buy to close 1 x $187 put exp. 5/23/2014 (2 DTE)"
5/21/2014,2:45:00 PM CDT,128,0.37,credit,"sell to open 1 x $186.5 put exp. 5/30/2014 (9 DTE)"
5/23/2014,2:45:00 PM CDT,128,0.12,debit,"buy to close 1 x $186.5 put exp. 5/30/2014 (7 DTE)"
5/23/2014,2:45:00 PM CDT,129,0.24,credit,"sell to open 1 x $188 put exp. 5/30/2014 (7 DTE)"
5/27/2014,2:45:00 PM CDT,129,0.08,debit,"buy to close 1 x $188 put exp. 5/30/2014 (3 DTE)"
5/27/2014,2:45:00 PM CDT,130,0.39,credit,"sell to open 1 x $188.5 put exp. 6/6/2014 (10 DTE)"
5/30/2014,2:45:00 PM CDT,130,0.12,debit,"buy to close 1 x $188.5 put exp. 6/6/2014 (7 DTE)"
5/30/2014,2:45:00 PM CDT,131,0.29,credit,"sell to open 1 x $190.5 put exp. 6/6/2014 (7 DTE)"
6/5/2014,2:45:00 PM CDT,131,0.03,debit,"buy to close 1 x $190.5 put exp. 6/6/2014 (1 DTE)"
6/5/2014,2:45:00 PM CDT,132,0.38,credit,"sell to open 1 x $192 put exp. 6/13/2014 (8 DTE)"
6/6/2014,2:45:00 PM CDT,132,0.12,debit,"buy to close 1 x $192 put exp. 6/13/2014 (7 DTE)"
6/6/2014,2:45:00 PM CDT,133,0.27,credit,"sell to open 1 x $193.5 put exp. 6/13/2014 (7 DTE)"
6/10/2014,2:45:00 PM CDT,133,0.12,debit,"buy to close 1 x $193.5 put exp. 6/13/2014 (3 DTE)"
6/10/2014,2:45:00 PM CDT,134,0.35,credit,"sell to open 1 x $192 put exp. 6/21/2014 (11 DTE)"
6/18/2014,2:45:00 PM CDT,134,0.06,debit,"buy to close 1 x $192 put exp. 6/21/2014 (3 DTE)"
6/18/2014,2:45:00 PM CDT,135,0.38,credit,"sell to open 1 x $193 put exp. 6/27/2014 (9 DTE)"
6/23/2014,2:45:00 PM CDT,135,0.13,debit,"buy to close 1 x $193 put exp. 6/27/2014 (4 DTE)"
6/23/2014,2:45:00 PM CDT,136,0.32,credit,"sell to open 1 x $194 put exp. 6/30/2014 (7 DTE)"
6/27/2014,2:45:00 PM CDT,136,0.08,debit,"buy to close 1 x $194 put exp. 6/30/2014 (3 DTE)"
6/27/2014,2:45:00 PM CDT,137,0.29,credit,"sell to open 1 x $193.5 put exp. 7/3/2014 (6 DTE)"
7/1/2014,2:45:00 PM CDT,137,0.05,debit,"buy to close 1 x $193.5 put exp. 7/3/2014 (2 DTE)"
7/1/2014,2:45:00 PM CDT,138,0.36,credit,"sell to open 1 x $194.5 put exp. 7/11/2014 (10 DTE)"
7/3/2014,2:45:00 PM CDT,138,0.13,debit,"buy to close 1 x $194.5 put exp. 7/11/2014 (8 DTE)"
7/3/2014,2:45:00 PM CDT,139,0.3,credit,"sell to open 1 x $196.5 put exp. 7/11/2014 (8 DTE)"
7/11/2014,2:45:00 PM CDT,139,0.01,debit,"buy to close 1 x $196.5 put exp. 7/11/2014 (0 DTE)"
7/11/2014,2:45:00 PM CDT,140,0.33,credit,"sell to open 1 x $194 put exp. 7/19/2014 (8 DTE)"
7/14/2014,2:45:00 PM CDT,140,0.14,debit,"buy to close 1 x $194 put exp. 7/19/2014 (5 DTE)"
7/14/2014,2:45:00 PM CDT,141,0.25,credit,"sell to open 1 x $195.5 put exp. 7/19/2014 (5 DTE)"
7/16/2014,2:45:00 PM CDT,141,0.09,debit,"buy to close 1 x $195.5 put exp. 7/19/2014 (3 DTE)"
7/16/2014,2:45:00 PM CDT,142,0.41,credit,"sell to open 1 x $195.5 put exp. 7/25/2014 (9 DTE)"
7/22/2014,2:45:00 PM CDT,142,0.16,debit,"buy to close 1 x $195.5 put exp. 7/25/2014 (3 DTE)"
7/22/2014,2:45:00 PM CDT,143,0.52,credit,"sell to open 1 x $195 put exp. 8/1/2014 (10 DTE)"
8/1/2014,2:45:00 PM CDT,143,2.66,debit,"buy to close 1 x $195 put exp. 8/1/2014 (0 DTE)"
8/1/2014,2:45:00 PM CDT,144,0.6,credit,"sell to open 1 x $187.5 put exp. 8/8/2014 (7 DTE)"
8/4/2014,2:45:00 PM CDT,144,0.13,debit,"buy to close 1 x $187.5 put exp. 8/8/2014 (4 DTE)"
8/4/2014,2:45:00 PM CDT,145,0.39,credit,"sell to open 1 x $191 put exp. 8/8/2014 (4 DTE)"
8/8/2014,2:45:00 PM CDT,145,0.01,debit,"buy to close 1 x $191 put exp. 8/8/2014 (0 DTE)"
8/8/2014,2:45:00 PM CDT,146,0.54,credit,"sell to open 1 x $189.5 put exp. 8/16/2014 (8 DTE)"
8/11/2014,2:45:00 PM CDT,146,0.2,debit,"buy to close 1 x $189.5 put exp. 8/16/2014 (5 DTE)"
8/11/2014,2:45:00 PM CDT,147,0.35,credit,"sell to open 1 x $191 put exp. 8/16/2014 (5 DTE)"
8/13/2014,2:45:00 PM CDT,147,0.05,debit,"buy to close 1 x $191 put exp. 8/16/2014 (3 DTE)"
8/13/2014,2:45:00 PM CDT,148,0.52,credit,"sell to open 1 x $192 put exp. 8/22/2014 (9 DTE)"
8/18/2014,2:45:00 PM CDT,148,0.09,debit,"buy to close 1 x $192 put exp. 8/22/2014 (4 DTE)"
8/18/2014,2:45:00 PM CDT,149,0.36,credit,"sell to open 1 x $195.5 put exp. 8/22/2014 (4 DTE)"
8/19/2014,2:45:00 PM CDT,149,0.14,debit,"buy to close 1 x $195.5 put exp. 8/22/2014 (3 DTE)"
8/19/2014,2:45:00 PM CDT,150,0.46,credit,"sell to open 1 x $195.5 put exp. 8/29/2014 (10 DTE)"
8/22/2014,2:45:00 PM CDT,150,0.15,debit,"buy to close 1 x $195.5 put exp. 8/29/2014 (7 DTE)"
8/22/2014,2:45:00 PM CDT,151,0.23,credit,"sell to open 1 x $196.5 put exp. 8/29/2014 (7 DTE)"
8/25/2014,2:45:00 PM CDT,151,0.1,debit,"buy to close 1 x $196.5 put exp. 8/29/2014 (4 DTE)"
8/25/2014,2:45:00 PM CDT,152,0.21,credit,"sell to open 1 x $198 put exp. 8/29/2014 (4 DTE)"
8/27/2014,2:45:00 PM CDT,152,0.07,debit,"buy to close 1 x $198 put exp. 8/29/2014 (2 DTE)"
8/27/2014,2:45:00 PM CDT,153,0.26,credit,"sell to open 1 x $197 put exp. 9/5/2014 (9 DTE)"
9/2/2014,2:45:00 PM CDT,153,0.09,debit,"buy to close 1 x $197 put exp. 9/5/2014 (3 DTE)"
9/2/2014,2:45:00 PM CDT,154,0.32,credit,"sell to open 1 x $197 put exp. 9/12/2014 (10 DTE)"
9/5/2014,2:45:00 PM CDT,154,0.14,debit,"buy to close 1 x $197 put exp. 9/12/2014 (7 DTE)"
9/5/2014,2:45:00 PM CDT,155,0.29,credit,"sell to open 1 x $199 put exp. 9/12/2014 (7 DTE)"
9/11/2014,2:45:00 PM CDT,155,0.07,debit,"buy to close 1 x $199 put exp. 9/12/2014 (1 DTE)"
9/11/2014,2:45:00 PM CDT,156,0.49,credit,"sell to open 1 x $196.5 put exp. 9/20/2014 (9 DTE)"
9/17/2014,2:45:00 PM CDT,156,0.14,debit,"buy to close 1 x $196.5 put exp. 9/20/2014 (3 DTE)"
9/17/2014,2:45:00 PM CDT,157,0.44,credit,"sell to open 1 x $196.5 put exp. 9/26/2014 (9 DTE)"
9/19/2014,2:45:00 PM CDT,157,0.13,debit,"buy to close 1 x $196.5 put exp. 9/26/2014 (7 DTE)"
9/19/2014,2:45:00 PM CDT,158,0.29,credit,"sell to open 1 x $198.5 put exp. 9/26/2014 (7 DTE)"
9/23/2014,2:45:00 PM CDT,158,1.31,debit,"buy to close 1 x $198.5 put exp. 9/26/2014 (3 DTE)"
9/23/2014,2:45:00 PM CDT,159,0.44,credit,"sell to open 1 x $194 put exp. 9/30/2014 (7 DTE)"
9/24/2014,2:45:00 PM CDT,159,0.13,debit,"buy to close 1 x $194 put exp. 9/30/2014 (6 DTE)"
9/24/2014,2:45:00 PM CDT,160,0.36,credit,"sell to open 1 x $197 put exp. 9/30/2014 (6 DTE)"
9/30/2014,2:45:00 PM CDT,160,0.06,debit,"buy to close 1 x $197 put exp. 9/30/2014 (0 DTE)"
9/30/2014,2:45:00 PM CDT,161,0.69,credit,"sell to open 1 x $192 put exp. 10/10/2014 (10 DTE)"
10/3/2014,2:45:00 PM CDT,161,0.3,debit,"buy to close 1 x $192 put exp. 10/10/2014 (7 DTE)"
10/3/2014,2:45:00 PM CDT,162,0.42,credit,"sell to open 1 x $193 put exp. 10/10/2014 (7 DTE)"
10/8/2014,2:45:00 PM CDT,162,0.12,debit,"buy to close 1 x $193 put exp. 10/10/2014 (2 DTE)"
10/8/2014,2:45:00 PM CDT,163,0.61,credit,"sell to open 1 x $193 put exp. 10/18/2014 (10 DTE)"
10/10/2014,2:45:00 PM CDT,163,3.62,debit,"buy to close 1 x $193 put exp. 10/18/2014 (8 DTE)"
10/10/2014,2:45:00 PM CDT,164,0.85,credit,"sell to open 1 x $185.5 put exp. 10/18/2014 (8 DTE)"
10/15/2014,2:45:00 PM CDT,164,1.3,debit,"buy to close 1 x $185.5 put exp. 10/18/2014 (3 DTE)"
10/17/2014,2:45:00 PM CDT,165,0.83,credit,"sell to open 1 x $183.5 put exp. 10/24/2014 (7 DTE)"
10/20/2014,2:45:00 PM CDT,165,0.23,debit,"buy to close 1 x $183.5 put exp. 10/24/2014 (4 DTE)"
10/20/2014,2:45:00 PM CDT,166,0.53,credit,"sell to open 1 x $186.5 put exp. 10/24/2014 (4 DTE)"
10/21/2014,2:45:00 PM CDT,166,0.09,debit,"buy to close 1 x $186.5 put exp. 10/24/2014 (3 DTE)"
10/21/2014,2:45:00 PM CDT,167,0.68,credit,"sell to open 1 x $188.5 put exp. 10/31/2014 (10 DTE)"
10/24/2014,2:45:00 PM CDT,167,0.16,debit,"buy to close 1 x $188.5 put exp. 10/31/2014 (7 DTE)"
10/24/2014,2:45:00 PM CDT,168,0.47,credit,"sell to open 1 x $192.5 put exp. 10/31/2014 (7 DTE)"
10/28/2014,2:45:00 PM CDT,168,0.08,debit,"buy to close 1 x $192.5 put exp. 10/31/2014 (3 DTE)"
10/28/2014,2:45:00 PM CDT,169,0.61,credit,"sell to open 1 x $194.5 put exp. 11/7/2014 (10 DTE)"
10/31/2014,2:45:00 PM CDT,169,0.13,debit,"buy to close 1 x $194.5 put exp. 11/7/2014 (7 DTE)"
10/31/2014,2:45:00 PM CDT,170,0.47,credit,"sell to open 1 x $198.5 put exp. 11/7/2014 (7 DTE)"
11/5/2014,2:45:00 PM CST,170,0.09,debit,"buy to close 1 x $198.5 put exp. 11/7/2014 (2 DTE)"
11/5/2014,2:45:00 PM CST,171,0.57,credit,"sell to open 1 x $199 put exp. 11/14/2014 (9 DTE)"
11/7/2014,2:45:00 PM CST,171,0.18,debit,"buy to close 1 x $199 put exp. 11/14/2014 (7 DTE)"
11/7/2014,2:45:00 PM CST,172,0.31,credit,"sell to open 1 x $200.5 put exp. 11/14/2014 (7 DTE)"
11/10/2014,2:45:00 PM CST,172,0.14,debit,"buy to close 1 x $200.5 put exp. 11/14/2014 (4 DTE)"
11/10/2014,2:45:00 PM CST,173,0.29,credit,"sell to open 1 x $202 put exp. 11/14/2014 (4 DTE)"
11/13/2014,2:45:00 PM CST,173,0.1,debit,"buy to close 1 x $202 put exp. 11/14/2014 (1 DTE)"
11/13/2014,2:45:00 PM CST,174,0.41,credit,"sell to open 1 x $201 put exp. 11/22/2014 (9 DTE)"
11/18/2014,2:45:00 PM CST,174,0.08,debit,"buy to close 1 x $201 put exp. 11/22/2014 (4 DTE)"
11/18/2014,2:45:00 PM CST,175,0.41,credit,"sell to open 1 x $202.5 put exp. 11/28/2014 (10 DTE)"
11/21/2014,2:45:00 PM CST,175,0.13,debit,"buy to close 1 x $202.5 put exp. 11/28/2014 (7 DTE)"
11/21/2014,2:45:00 PM CST,176,0.27,credit,"sell to open 1 x $204.5 put exp. 11/28/2014 (7 DTE)"
11/24/2014,2:45:00 PM CST,176,0.11,debit,"buy to close 1 x $204.5 put exp. 11/28/2014 (4 DTE)"
11/24/2014,2:45:00 PM CST,177,0.18,credit,"sell to open 1 x $205.5 put exp. 11/28/2014 (4 DTE)"
11/26/2014,2:45:00 PM CST,177,0.04,debit,"buy to close 1 x $205.5 put exp. 11/28/2014 (2 DTE)"
11/26/2014,2:45:00 PM CST,178,0.41,credit,"sell to open 1 x $205 put exp. 12/5/2014 (9 DTE)"
12/3/2014,2:45:00 PM CST,178,0.14,debit,"buy to close 1 x $205 put exp. 12/5/2014 (2 DTE)"
12/3/2014,2:45:00 PM CST,179,0.51,credit,"sell to open 1 x $205 put exp. 12/12/2014 (9 DTE)"
12/10/2014,2:45:00 PM CST,179,2.33,debit,"buy to close 1 x $205 put exp. 12/12/2014 (2 DTE)"
12/10/2014,2:45:00 PM CST,180,0.85,credit,"sell to open 1 x $195.5 put exp. 12/20/2014 (10 DTE)"
12/17/2014,2:45:00 PM CST,180,0.17,debit,"buy to close 1 x $195.5 put exp. 12/20/2014 (3 DTE)"
12/17/2014,2:45:00 PM CST,181,0.73,credit,"sell to open 1 x $196.5 put exp. 12/26/2014 (9 DTE)"
12/18/2014,2:45:00 PM CST,181,0.15,debit,"buy to close 1 x $196.5 put exp. 12/26/2014 (8 DTE)"
12/18/2014,2:45:00 PM CST,182,1.03,credit,"sell to open 1 x $204 put exp. 12/26/2014 (8 DTE)"
12/19/2014,2:45:00 PM CST,182,0.49,debit,"buy to close 1 x $204 put exp. 12/26/2014 (7 DTE)"
12/19/2014,2:45:00 PM CST,183,0.4,credit,"sell to open 1 x $203.5 put exp. 12/26/2014 (7 DTE)"
12/22/2014,2:45:00 PM CST,183,0.13,debit,"buy to close 1 x $203.5 put exp. 12/26/2014 (4 DTE)"
12/22/2014,2:45:00 PM CST,184,0.38,credit,"sell to open 1 x $204 put exp. 12/31/2014 (9 DTE)"
12/26/2014,2:45:00 PM CST,184,0.15,debit,"buy to close 1 x $204 put exp. 12/31/2014 (5 DTE)"
12/26/2014,2:45:00 PM CST,185,0.42,credit,"sell to open 1 x $206 put exp. 1/2/2015 (7 DTE)"
1/2/2015,3:00:00 PM CST,185,205.43,credit,"sell to close 100 shares"
1/5/2015,2:45:00 PM CST,186,0.52,credit,"sell to open 1 x $198 put exp. 1/9/2015 (4 DTE)"
1/7/2015,2:45:00 PM CST,186,0.19,debit,"buy to close 1 x $198 put exp. 1/9/2015 (2 DTE)"
1/7/2015,2:45:00 PM CST,187,0.75,credit,"sell to open 1 x $197.5 put exp. 1/17/2015 (10 DTE)"
1/8/2015,2:45:00 PM CST,187,0.22,debit,"buy to close 1 x $197.5 put exp. 1/17/2015 (9 DTE)"
1/8/2015,2:45:00 PM CST,188,0.59,credit,"sell to open 1 x $201.5 put exp. 1/17/2015 (9 DTE)"
1/15/2015,2:45:00 PM CST,188,2.69,debit,"buy to close 1 x $201.5 put exp. 1/17/2015 (2 DTE)"
1/15/2015,2:45:00 PM CST,189,0.9,credit,"sell to open 1 x $193 put exp. 1/23/2015 (8 DTE)"
1/16/2015,2:45:00 PM CST,189,0.36,debit,"buy to close 1 x $193 put exp. 1/23/2015 (7 DTE)"
1/16/2015,2:45:00 PM CST,190,0.78,credit,"sell to open 1 x $196.5 put exp. 1/23/2015 (7 DTE)"
1/20/2015,2:45:00 PM CST,190,0.35,debit,"buy to close 1 x $196.5 put exp. 1/23/2015 (3 DTE)"
1/20/2015,2:45:00 PM CST,191,0.91,credit,"sell to open 1 x $195.5 put exp. 1/30/2015 (10 DTE)"
1/22/2015,2:45:00 PM CST,191,0.15,debit,"buy to close 1 x $195.5 put exp. 1/30/2015 (8 DTE)"
1/22/2015,2:45:00 PM CST,192,0.58,credit,"sell to open 1 x $201.5 put exp. 1/30/2015 (8 DTE)"
1/26/2015,2:45:00 PM CST,192,0.24,debit,"buy to close 1 x $201.5 put exp. 1/30/2015 (4 DTE)"
1/26/2015,2:45:00 PM CST,193,0.42,credit,"sell to open 1 x $203 put exp. 1/30/2015 (4 DTE)"
1/28/2015,2:45:00 PM CST,193,3.11,debit,"buy to close 1 x $203 put exp. 1/30/2015 (2 DTE)"
1/28/2015,2:45:00 PM CST,194,0.8,credit,"sell to open 1 x $194 put exp. 2/6/2015 (9 DTE)"
1/29/2015,2:45:00 PM CST,194,0.38,debit,"buy to close 1 x $194 put exp. 2/6/2015 (8 DTE)"
1/29/2015,2:45:00 PM CST,195,0.77,credit,"sell to open 1 x $197 put exp. 2/6/2015 (8 DTE)"
2/3/2015,2:45:00 PM CST,195,0.08,debit,"buy to close 1 x $197 put exp. 2/6/2015 (3 DTE)"
2/3/2015,2:45:00 PM CST,196,0.68,credit,"sell to open 1 x $199.5 put exp. 2/13/2015 (10 DTE)"
2/9/2015,2:45:00 PM CST,196,0.28,debit,"buy to close 1 x $199.5 put exp. 2/13/2015 (4 DTE)"
2/9/2015,2:45:00 PM CST,197,0.47,credit,"sell to open 1 x $201 put exp. 2/13/2015 (4 DTE)"
2/10/2015,2:45:00 PM CST,197,0.12,debit,"buy to close 1 x $201 put exp. 2/13/2015 (3 DTE)"
2/10/2015,2:45:00 PM CST,198,0.7,credit,"sell to open 1 x $202.5 put exp. 2/20/2015 (10 DTE)"
2/12/2015,2:45:00 PM CST,198,0.17,debit,"buy to close 1 x $202.5 put exp. 2/20/2015 (8 DTE)"
2/12/2015,2:45:00 PM CST,199,0.44,credit,"sell to open 1 x $205.5 put exp. 2/20/2015 (8 DTE)"
2/17/2015,2:45:00 PM CST,199,0.16,debit,"buy to close 1 x $205.5 put exp. 2/20/2015 (3 DTE)"
2/17/2015,2:45:00 PM CST,200,0.59,credit,"sell to open 1 x $206 put exp. 2/27/2015 (10 DTE)"
2/20/2015,2:45:00 PM CST,200,0.2,debit,"buy to close 1 x $206 put exp. 2/27/2015 (7 DTE)"
2/20/2015,2:45:00 PM CST,201,0.42,credit,"sell to open 1 x $208.5 put exp. 2/27/2015 (7 DTE)"
2/24/2015,2:45:00 PM CST,201,0.12,debit,"buy to close 1 x $208.5 put exp. 2/27/2015 (3 DTE)"
2/24/2015,2:45:00 PM CST,202,0.47,credit,"sell to open 1 x $208.5 put exp. 3/6/2015 (10 DTE)"
3/2/2015,2:45:00 PM CST,202,0.16,debit,"buy to close 1 x $208.5 put exp. 3/6/2015 (4 DTE)"
3/2/2015,2:45:00 PM CST,203,0.31,credit,"sell to open 1 x $210 put exp. 3/6/2015 (4 DTE)"
3/6/2015,2:45:00 PM CST,203,2.63,debit,"buy to close 1 x $210 put exp. 3/6/2015 (0 DTE)"
3/6/2015,2:45:00 PM CST,204,0.54,credit,"sell to open 1 x $203.5 put exp. 3/13/2015 (7 DTE)"
3/9/2015,2:45:00 PM CDT,204,0.18,debit,"buy to close 1 x $203.5 put exp. 3/13/2015 (4 DTE)"
3/9/2015,2:45:00 PM CDT,205,0.41,credit,"sell to open 1 x $205.5 put exp. 3/13/2015 (4 DTE)"
3/10/2015,2:45:00 PM CDT,205,1.71,debit,"buy to close 1 x $205.5 put exp. 3/13/2015 (3 DTE)"
3/10/2015,2:45:00 PM CDT,206,0.86,credit,"sell to open 1 x $199.5 put exp. 3/20/2015 (10 DTE)"
3/12/2015,2:45:00 PM CDT,206,0.28,debit,"buy to close 1 x $199.5 put exp. 3/20/2015 (8 DTE)"
3/12/2015,2:45:00 PM CDT,207,0.69,credit,"sell to open 1 x $202.5 put exp. 3/20/2015 (8 DTE)"
3/17/2015,2:45:00 PM CDT,207,0.32,debit,"buy to close 1 x $202.5 put exp. 3/20/2015 (3 DTE)"
3/17/2015,2:45:00 PM CDT,208,1,credit,"sell to open 1 x $203.5 put exp. 3/27/2015 (10 DTE)"
3/18/2015,2:45:00 PM CDT,208,0.33,debit,"buy to close 1 x $203.5 put exp. 3/27/2015 (9 DTE)"
3/18/2015,2:45:00 PM CDT,209,0.92,credit,"sell to open 1 x $207.5 put exp. 3/27/2015 (9 DTE)"
3/20/2015,2:45:00 PM CDT,209,0.33,debit,"buy to close 1 x $207.5 put exp. 3/27/2015 (7 DTE)"
3/20/2015,2:45:00 PM CDT,210,0.33,credit,"sell to open 1 x $207.5 put exp. 3/27/2015 (7 DTE)"
3/25/2015,2:45:00 PM CDT,210,1.92,debit,"buy to close 1 x $207.5 put exp. 3/27/2015 (2 DTE)"
3/25/2015,2:45:00 PM CDT,211,0.63,credit,"sell to open 1 x $202 put exp. 4/2/2015 (8 DTE)"
3/30/2015,2:45:00 PM CDT,211,0.06,debit,"buy to close 1 x $202 put exp. 4/2/2015 (3 DTE)"
3/30/2015,2:45:00 PM CDT,212,0.65,credit,"sell to open 1 x $203.5 put exp. 4/10/2015 (11 DTE)"
4/6/2015,2:45:00 PM CDT,212,0.24,debit,"buy to close 1 x $203.5 put exp. 4/10/2015 (4 DTE)"
4/6/2015,2:45:00 PM CDT,213,0.43,credit,"sell to open 1 x $205 put exp. 4/10/2015 (4 DTE)"
4/8/2015,2:45:00 PM CDT,213,0.14,debit,"buy to close 1 x $205 put exp. 4/10/2015 (2 DTE)"
4/8/2015,2:45:00 PM CDT,214,0.58,credit,"sell to open 1 x $204.5 put exp. 4/17/2015 (9 DTE)"
4/10/2015,2:45:00 PM CDT,214,0.12,debit,"buy to close 1 x $204.5 put exp. 4/17/2015 (7 DTE)"
4/10/2015,2:45:00 PM CDT,215,0.38,credit,"sell to open 1 x $207.5 put exp. 4/17/2015 (7 DTE)"
4/15/2015,2:45:00 PM CDT,215,0.1,debit,"buy to close 1 x $207.5 put exp. 4/17/2015 (2 DTE)"
4/15/2015,2:45:00 PM CDT,216,0.47,credit,"sell to open 1 x $207.5 put exp. 4/24/2015 (9 DTE)"
4/22/2015,2:45:00 PM CDT,216,0.11,debit,"buy to close 1 x $207.5 put exp. 4/24/2015 (2 DTE)"
4/22/2015,2:45:00 PM CDT,217,0.5,credit,"sell to open 1 x $207 put exp. 5/1/2015 (9 DTE)"
4/24/2015,2:45:00 PM CDT,217,0.19,debit,"buy to close 1 x $207 put exp. 5/1/2015 (7 DTE)"
4/24/2015,2:45:00 PM CDT,218,0.41,credit,"sell to open 1 x $209 put exp. 5/1/2015 (7 DTE)"
5/1/2015,2:45:00 PM CDT,218,0.01,debit,"buy to close 1 x $209 put exp. 5/1/2015 (0 DTE)"
5/1/2015,2:45:00 PM CDT,219,0.44,credit,"sell to open 1 x $207.5 put exp. 5/8/2015 (7 DTE)"
5/4/2015,2:45:00 PM CDT,219,0.19,debit,"buy to close 1 x $207.5 put exp. 5/8/2015 (4 DTE)"
5/4/2015,2:45:00 PM CDT,220,0.35,credit,"sell to open 1 x $209 put exp. 5/8/2015 (4 DTE)"
5/6/2015,2:45:00 PM CDT,220,1.86,debit,"buy to close 1 x $209 put exp. 5/8/2015 (2 DTE)"
5/6/2015,2:45:00 PM CDT,221,0.7,credit,"sell to open 1 x $203 put exp. 5/15/2015 (9 DTE)"
5/8/2015,2:45:00 PM CDT,221,0.07,debit,"buy to close 1 x $203 put exp. 5/15/2015 (7 DTE)"
5/8/2015,2:45:00 PM CDT,222,0.42,credit,"sell to open 1 x $208.5 put exp. 5/15/2015 (7 DTE)"
5/14/2015,2:45:00 PM CDT,222,0.04,debit,"buy to close 1 x $208.5 put exp. 5/15/2015 (1 DTE)"
5/14/2015,2:45:00 PM CDT,223,0.47,credit,"sell to open 1 x $209 put exp. 5/22/2015 (8 DTE)"
5/18/2015,2:45:00 PM CDT,223,0.15,debit,"buy to close 1 x $209 put exp. 5/22/2015 (4 DTE)"
5/18/2015,2:45:00 PM CDT,224,0.32,credit,"sell to open 1 x $211 put exp. 5/22/2015 (4 DTE)"
5/21/2015,2:45:00 PM CDT,224,0.05,debit,"buy to close 1 x $211 put exp. 5/22/2015 (1 DTE)"
5/21/2015,2:45:00 PM CDT,225,0.42,credit,"sell to open 1 x $211 put exp. 5/29/2015 (8 DTE)"
5/27/2015,2:45:00 PM CDT,225,0.18,debit,"buy to close 1 x $211 put exp. 5/29/2015 (2 DTE)"
5/27/2015,2:45:00 PM CDT,226,0.49,credit,"sell to open 1 x $209 put exp. 6/5/2015 (9 DTE)"
6/5/2015,2:45:00 PM CDT,226,0.02,debit,"buy to close 1 x $209 put exp. 6/5/2015 (0 DTE)"
6/5/2015,2:45:00 PM CDT,227,0.46,credit,"sell to open 1 x $206 put exp. 6/12/2015 (7 DTE)"
6/10/2015,2:45:00 PM CDT,227,0.06,debit,"buy to close 1 x $206 put exp. 6/12/2015 (2 DTE)"
6/10/2015,2:45:00 PM CDT,228,0.76,credit,"sell to open 1 x $207 put exp. 6/19/2015 (9 DTE)"
6/17/2015,2:45:00 PM CDT,228,0.28,debit,"buy to close 1 x $207 put exp. 6/19/2015 (2 DTE)"
6/17/2015,2:45:00 PM CDT,229,0.61,credit,"sell to open 1 x $205 put exp. 6/26/2015 (9 DTE)"
6/18/2015,2:45:00 PM CDT,229,0.25,debit,"buy to close 1 x $205 put exp. 6/26/2015 (8 DTE)"
6/18/2015,2:45:00 PM CDT,230,0.95,credit,"sell to open 1 x $210 put exp. 6/26/2015 (8 DTE)"
6/23/2015,2:45:00 PM CDT,230,0.32,debit,"buy to close 1 x $210 put exp. 6/26/2015 (3 DTE)"
6/23/2015,2:45:00 PM CDT,231,0.42,credit,"sell to open 1 x $209 put exp. 6/30/2015 (7 DTE)"
6/29/2015,2:45:00 PM CDT,231,3.4,debit,"buy to close 1 x $209 put exp. 6/30/2015 (1 DTE)"
6/29/2015,2:45:00 PM CDT,232,0.97,credit,"sell to open 1 x $198 put exp. 7/10/2015 (11 DTE)"
7/1/2015,2:45:00 PM CDT,232,0.28,debit,"buy to close 1 x $198 put exp. 7/10/2015 (9 DTE)"
7/1/2015,2:45:00 PM CDT,233,0.72,credit,"sell to open 1 x $202 put exp. 7/10/2015 (9 DTE)"
7/7/2015,2:45:00 PM CDT,233,0.16,debit,"buy to close 1 x $202 put exp. 7/10/2015 (3 DTE)"
7/7/2015,2:45:00 PM CDT,234,0.71,credit,"sell to open 1 x $202.5 put exp. 7/17/2015 (10 DTE)"
7/13/2015,2:45:00 PM CDT,234,0.11,debit,"buy to close 1 x $202.5 put exp. 7/17/2015 (4 DTE)"
7/13/2015,2:45:00 PM CDT,235,0.42,credit,"sell to open 1 x $207 put exp. 7/17/2015 (4 DTE)"
7/14/2015,2:45:00 PM CDT,235,0.18,debit,"buy to close 1 x $207 put exp. 7/17/2015 (3 DTE)"
7/14/2015,2:45:00 PM CDT,236,0.48,credit,"sell to open 1 x $206.5 put exp. 7/24/2015 (10 DTE)"
7/16/2015,2:45:00 PM CDT,236,0.17,debit,"buy to close 1 x $206.5 put exp. 7/24/2015 (8 DTE)"
7/16/2015,2:45:00 PM CDT,237,0.41,credit,"sell to open 1 x $209.5 put exp. 7/24/2015 (8 DTE)"
7/24/2015,3:00:00 PM CDT,237,207.94,credit,"sell to close 100 shares"
7/27/2015,2:45:00 PM CDT,238,0.48,credit,"sell to open 1 x $203 put exp. 7/31/2015 (4 DTE)"
7/28/2015,2:45:00 PM CDT,238,0.07,debit,"buy to close 1 x $203 put exp. 7/31/2015 (3 DTE)"
7/28/2015,2:45:00 PM CDT,239,0.61,credit,"sell to open 1 x $205 put exp. 8/7/2015 (10 DTE)"
7/30/2015,2:45:00 PM CDT,239,0.21,debit,"buy to close 1 x $205 put exp. 8/7/2015 (8 DTE)"
7/30/2015,2:45:00 PM CDT,240,0.41,credit,"sell to open 1 x $207.5 put exp. 8/7/2015 (8 DTE)"
8/7/2015,2:45:00 PM CDT,240,0.04,debit,"buy to close 1 x $207.5 put exp. 8/7/2015 (0 DTE)"
8/7/2015,2:45:00 PM CDT,241,0.49,credit,"sell to open 1 x $204.5 put exp. 8/14/2015 (7 DTE)"
8/10/2015,2:45:00 PM CDT,241,0.07,debit,"buy to close 1 x $204.5 put exp. 8/14/2015 (4 DTE)"
8/10/2015,2:45:00 PM CDT,242,0.31,credit,"sell to open 1 x $208 put exp. 8/14/2015 (4 DTE)"
8/14/2015,2:45:00 PM CDT,242,0.01,debit,"buy to close 1 x $208 put exp. 8/14/2015 (0 DTE)"
8/14/2015,2:45:00 PM CDT,243,0.47,credit,"sell to open 1 x $206 put exp. 8/21/2015 (7 DTE)"
8/17/2015,2:45:00 PM CDT,243,0.17,debit,"buy to close 1 x $206 put exp. 8/21/2015 (4 DTE)"
8/17/2015,2:45:00 PM CDT,244,0.35,credit,"sell to open 1 x $208 put exp. 8/21/2015 (4 DTE)"
8/20/2015,2:45:00 PM CDT,244,3.85,debit,"buy to close 1 x $208 put exp. 8/21/2015 (1 DTE)"
8/20/2015,2:45:00 PM CDT,245,0.77,credit,"sell to open 1 x $199 put exp. 8/28/2015 (8 DTE)"
8/21/2015,2:45:00 PM CDT,245,3.81,debit,"buy to close 1 x $199 put exp. 8/28/2015 (7 DTE)"
9/8/2015,2:45:00 PM CDT,246,1.16,credit,"sell to open 1 x $189.5 put exp. 9/18/2015 (10 DTE)"
9/9/2015,2:45:00 PM CDT,246,1.95,debit,"buy to close 1 x $189.5 put exp. 9/18/2015 (9 DTE)"
9/10/2015,2:45:00 PM CDT,247,1.21,credit,"sell to open 1 x $188.5 put exp. 9/18/2015 (8 DTE)"
9/15/2015,2:45:00 PM CDT,247,0.23,debit,"buy to close 1 x $188.5 put exp. 9/18/2015 (3 DTE)"
9/15/2015,2:45:00 PM CDT,248,1.08,credit,"sell to open 1 x $191 put exp. 9/25/2015 (10 DTE)"
9/21/2015,2:45:00 PM CDT,248,0.34,debit,"buy to close 1 x $191 put exp. 9/25/2015 (4 DTE)"
9/21/2015,2:45:00 PM CDT,249,0.78,credit,"sell to open 1 x $191 put exp. 9/30/2015 (9 DTE)"
9/28/2015,2:45:00 PM CDT,249,3.28,debit,"buy to close 1 x $191 put exp. 9/30/2015 (2 DTE)"
9/30/2015,2:45:00 PM CDT,250,1.03,credit,"sell to open 1 x $185.5 put exp. 10/9/2015 (9 DTE)"
10/2/2015,2:45:00 PM CDT,250,0.2,debit,"buy to close 1 x $185.5 put exp. 10/9/2015 (7 DTE)"
10/2/2015,2:45:00 PM CDT,251,0.61,credit,"sell to open 1 x $189.5 put exp. 10/9/2015 (7 DTE)"
10/5/2015,2:45:00 PM CDT,251,0.13,debit,"buy to close 1 x $189.5 put exp. 10/9/2015 (4 DTE)"
10/5/2015,2:45:00 PM CDT,252,0.59,credit,"sell to open 1 x $195 put exp. 10/9/2015 (4 DTE)"
10/7/2015,2:45:00 PM CDT,252,0.16,debit,"buy to close 1 x $195 put exp. 10/9/2015 (2 DTE)"
10/7/2015,2:45:00 PM CDT,253,0.7,credit,"sell to open 1 x $194.5 put exp. 10/16/2015 (9 DTE)"
10/9/2015,2:45:00 PM CDT,253,0.23,debit,"buy to close 1 x $194.5 put exp. 10/16/2015 (7 DTE)"
10/9/2015,2:45:00 PM CDT,254,0.5,credit,"sell to open 1 x $197.5 put exp. 10/16/2015 (7 DTE)"
10/15/2015,2:45:00 PM CDT,254,0.04,debit,"buy to close 1 x $197.5 put exp. 10/16/2015 (1 DTE)"
10/15/2015,2:45:00 PM CDT,255,0.48,credit,"sell to open 1 x $198.5 put exp. 10/23/2015 (8 DTE)"
10/19/2015,2:45:00 PM CDT,255,0.14,debit,"buy to close 1 x $198.5 put exp. 10/23/2015 (4 DTE)"
10/19/2015,2:45:00 PM CDT,256,0.33,credit,"sell to open 1 x $200.5 put exp. 10/23/2015 (4 DTE)"
10/22/2015,2:45:00 PM CDT,256,0.03,debit,"buy to close 1 x $200.5 put exp. 10/23/2015 (1 DTE)"
10/22/2015,2:45:00 PM CDT,257,0.53,credit,"sell to open 1 x $201 put exp. 10/30/2015 (8 DTE)"
10/23/2015,2:45:00 PM CDT,257,0.18,debit,"buy to close 1 x $201 put exp. 10/30/2015 (7 DTE)"
10/23/2015,2:45:00 PM CDT,258,0.5,credit,"sell to open 1 x $204.5 put exp. 10/30/2015 (7 DTE)"
10/28/2015,2:45:00 PM CDT,258,0.08,debit,"buy to close 1 x $204.5 put exp. 10/30/2015 (2 DTE)"
10/28/2015,2:45:00 PM CDT,259,0.6,credit,"sell to open 1 x $204.5 put exp. 11/6/2015 (9 DTE)"
11/2/2015,2:45:00 PM CST,259,0.16,debit,"buy to close 1 x $204.5 put exp. 11/6/2015 (4 DTE)"
11/2/2015,2:45:00 PM CST,260,0.42,credit,"sell to open 1 x $207.5 put exp. 11/6/2015 (4 DTE)"
11/6/2015,2:45:00 PM CST,260,0.01,debit,"buy to close 1 x $207.5 put exp. 11/6/2015 (0 DTE)"
11/6/2015,2:45:00 PM CST,261,0.45,credit,"sell to open 1 x $207 put exp. 11/13/2015 (7 DTE)"
11/12/2015,2:45:00 PM CST,261,2.14,debit,"buy to close 1 x $207 put exp. 11/13/2015 (1 DTE)"
11/12/2015,2:45:00 PM CST,262,0.72,credit,"sell to open 1 x $200 put exp. 11/20/2015 (8 DTE)"
11/16/2015,2:45:00 PM CST,262,0.3,debit,"buy to close 1 x $200 put exp. 11/20/2015 (4 DTE)"
11/16/2015,2:45:00 PM CST,263,0.51,credit,"sell to open 1 x $202 put exp. 11/20/2015 (4 DTE)"
11/18/2015,2:45:00 PM CST,263,0.05,debit,"buy to close 1 x $202 put exp. 11/20/2015 (2 DTE)"
11/18/2015,2:45:00 PM CST,264,0.55,credit,"sell to open 1 x $205 put exp. 11/27/2015 (9 DTE)"
11/23/2015,2:45:00 PM CST,264,0.13,debit,"buy to close 1 x $205 put exp. 11/27/2015 (4 DTE)"
11/23/2015,2:45:00 PM CST,265,0.3,credit,"sell to open 1 x $207 put exp. 11/27/2015 (4 DTE)"
11/25/2015,2:45:00 PM CST,265,0.07,debit,"buy to close 1 x $207 put exp. 11/27/2015 (2 DTE)"
11/25/2015,2:45:00 PM CST,266,0.65,credit,"sell to open 1 x $205.5 put exp. 12/4/2015 (9 DTE)"
12/1/2015,2:45:00 PM CST,266,0.16,debit,"buy to close 1 x $205.5 put exp. 12/4/2015 (3 DTE)"
12/1/2015,2:45:00 PM CST,267,0.63,credit,"sell to open 1 x $206.5 put exp. 12/11/2015 (10 DTE)"
12/3/2015,2:45:00 PM CST,267,2.64,debit,"buy to close 1 x $206.5 put exp. 12/11/2015 (8 DTE)"
12/3/2015,2:45:00 PM CST,268,0.81,credit,"sell to open 1 x $200.5 put exp. 12/11/2015 (8 DTE)"
12/4/2015,2:45:00 PM CST,268,0.08,debit,"buy to close 1 x $200.5 put exp. 12/11/2015 (7 DTE)"
12/4/2015,2:45:00 PM CST,269,0.5,credit,"sell to open 1 x $206.5 put exp. 12/11/2015 (7 DTE)"
12/9/2015,2:45:00 PM CST,269,2.14,debit,"buy to close 1 x $206.5 put exp. 12/11/2015 (2 DTE)"
12/14/2015,2:45:00 PM CST,270,0.95,credit,"sell to open 1 x $197 put exp. 12/19/2015 (5 DTE)"
12/15/2015,2:45:00 PM CST,270,0.44,debit,"buy to close 1 x $197 put exp. 12/19/2015 (4 DTE)"
12/15/2015,2:45:00 PM CST,271,0.9,credit,"sell to open 1 x $197.5 put exp. 12/24/2015 (9 DTE)"
12/16/2015,2:45:00 PM CST,271,0.26,debit,"buy to close 1 x $197.5 put exp. 12/24/2015 (8 DTE)"
12/16/2015,2:45:00 PM CST,272,0.7,credit,"sell to open 1 x $202 put exp. 12/24/2015 (8 DTE)"
12/23/2015,2:45:00 PM CST,272,0.02,debit,"buy to close 1 x $202 put exp. 12/24/2015 (1 DTE)"
12/23/2015,2:45:00 PM CST,273,0.58,credit,"sell to open 1 x $203 put exp. 12/31/2015 (8 DTE)"
12/29/2015,2:45:00 PM CST,273,0.09,debit,"buy to close 1 x $203 put exp. 12/31/2015 (2 DTE)"
12/29/2015,2:45:00 PM CST,274,0.67,credit,"sell to open 1 x $203 put exp. 1/8/2016 (10 DTE)"
1/4/2016,2:45:00 PM CST,274,3.23,debit,"buy to close 1 x $203 put exp. 1/8/2016 (4 DTE)"
1/4/2016,2:45:00 PM CST,275,0.71,credit,"sell to open 1 x $196.5 put exp. 1/8/2016 (4 DTE)"
1/8/2016,2:45:00 PM CST,275,4.73,debit,"buy to close 1 x $196.5 put exp. 1/8/2016 (0 DTE)"
1/11/2016,2:45:00 PM CST,276,0.67,credit,"sell to open 1 x $188 put exp. 1/15/2016 (4 DTE)"
1/12/2016,2:45:00 PM CST,276,0.26,debit,"buy to close 1 x $188 put exp. 1/15/2016 (3 DTE)"
1/12/2016,2:45:00 PM CST,277,0.89,credit,"sell to open 1 x $188 put exp. 1/22/2016 (10 DTE)"
1/13/2016,2:45:00 PM CST,277,2.44,debit,"buy to close 1 x $188 put exp. 1/22/2016 (9 DTE)"
1/14/2016,2:45:00 PM CST,278,0.85,credit,"sell to open 1 x $185.5 put exp. 1/22/2016 (8 DTE)"
1/15/2016,2:45:00 PM CST,278,2.04,debit,"buy to close 1 x $185.5 put exp. 1/22/2016 (7 DTE)"
1/22/2016,2:45:00 PM CST,279,0.75,credit,"sell to open 1 x $185 put exp. 1/29/2016 (7 DTE)"
1/28/2016,2:45:00 PM CST,279,0.15,debit,"buy to close 1 x $185 put exp. 1/29/2016 (1 DTE)"
1/28/2016,2:45:00 PM CST,280,0.76,credit,"sell to open 1 x $183.5 put exp. 2/5/2016 (8 DTE)"
1/29/2016,2:45:00 PM CST,280,0.13,debit,"buy to close 1 x $183.5 put exp. 2/5/2016 (7 DTE)"
1/29/2016,2:45:00 PM CST,281,0.65,credit,"sell to open 1 x $189 put exp. 2/5/2016 (7 DTE)"
2/5/2016,3:00:00 PM CST,281,187.95,credit,"sell to close 100 shares"
2/16/2016,2:45:00 PM CST,282,0.89,credit,"sell to open 1 x $183.5 put exp. 2/26/2016 (10 DTE)"
2/17/2016,2:45:00 PM CST,282,0.35,debit,"buy to close 1 x $183.5 put exp. 2/26/2016 (9 DTE)"
2/17/2016,2:45:00 PM CST,283,0.78,credit,"sell to open 1 x $187.5 put exp. 2/26/2016 (9 DTE)"
2/22/2016,2:45:00 PM CST,283,0.11,debit,"buy to close 1 x $187.5 put exp. 2/26/2016 (4 DTE)"
2/22/2016,2:45:00 PM CST,284,0.43,credit,"sell to open 1 x $191.5 put exp. 2/26/2016 (4 DTE)"
2/25/2016,2:45:00 PM CST,284,0.05,debit,"buy to close 1 x $191.5 put exp. 2/26/2016 (1 DTE)"
2/25/2016,2:45:00 PM CST,285,0.7,credit,"sell to open 1 x $190.5 put exp. 3/4/2016 (8 DTE)"
3/1/2016,2:45:00 PM CST,285,0.07,debit,"buy to close 1 x $190.5 put exp. 3/4/2016 (3 DTE)"
3/1/2016,2:45:00 PM CST,286,0.78,credit,"sell to open 1 x $193 put exp. 3/11/2016 (10 DTE)"
3/3/2016,2:45:00 PM CST,286,0.28,debit,"buy to close 1 x $193 put exp. 3/11/2016 (8 DTE)"
3/3/2016,2:45:00 PM CST,287,0.57,credit,"sell to open 1 x $195.5 put exp. 3/11/2016 (8 DTE)"
3/7/2016,2:45:00 PM CST,287,0.24,debit,"buy to close 1 x $195.5 put exp. 3/11/2016 (4 DTE)"
3/7/2016,2:45:00 PM CST,288,0.43,credit,"sell to open 1 x $197 put exp. 3/11/2016 (4 DTE)"
3/10/2016,2:45:00 PM CST,288,0.17,debit,"buy to close 1 x $197 put exp. 3/11/2016 (1 DTE)"
3/10/2016,2:45:00 PM CST,289,0.7,credit,"sell to open 1 x $193.5 put exp. 3/18/2016 (8 DTE)"
3/11/2016,2:45:00 PM CST,289,0.17,debit,"buy to close 1 x $193.5 put exp. 3/18/2016 (7 DTE)"
3/11/2016,2:45:00 PM CST,290,0.58,credit,"sell to open 1 x $198 put exp. 3/18/2016 (7 DTE)"
3/16/2016,2:45:00 PM CDT,290,0.12,debit,"buy to close 1 x $198 put exp. 3/18/2016 (2 DTE)"
3/16/2016,2:45:00 PM CDT,291,0.53,credit,"sell to open 1 x $198.5 put exp. 3/24/2016 (8 DTE)"
3/17/2016,2:45:00 PM CDT,291,0.24,debit,"buy to close 1 x $198.5 put exp. 3/24/2016 (7 DTE)"
3/17/2016,2:45:00 PM CDT,292,0.98,credit,"sell to open 1 x $202.5 put exp. 3/24/2016 (7 DTE)"
3/21/2016,2:45:00 PM CDT,292,0.3,debit,"buy to close 1 x $202.5 put exp. 3/24/2016 (3 DTE)"
3/21/2016,2:45:00 PM CDT,293,0.53,credit,"sell to open 1 x $201 put exp. 3/31/2016 (10 DTE)"
3/29/2016,2:45:00 PM CDT,293,0.06,debit,"buy to close 1 x $201 put exp. 3/31/2016 (2 DTE)"
3/29/2016,2:45:00 PM CDT,294,0.53,credit,"sell to open 1 x $201.5 put exp. 4/8/2016 (10 DTE)"
4/1/2016,2:45:00 PM CDT,294,0.13,debit,"buy to close 1 x $201.5 put exp. 4/8/2016 (7 DTE)"
4/1/2016,2:45:00 PM CDT,295,0.41,credit,"sell to open 1 x $204.5 put exp. 4/8/2016 (7 DTE)"
4/11/2016,2:45:00 PM CDT,296,0.45,credit,"sell to open 1 x $201.5 put exp. 4/15/2016 (4 DTE)"
4/12/2016,2:45:00 PM CDT,296,0.13,debit,"buy to close 1 x $201.5 put exp. 4/15/2016 (3 DTE)"
4/12/2016,2:45:00 PM CDT,297,0.64,credit,"sell to open 1 x $202 put exp. 4/22/2016 (10 DTE)"
4/13/2016,2:45:00 PM CDT,297,0.25,debit,"buy to close 1 x $202 put exp. 4/22/2016 (9 DTE)"
4/13/2016,2:45:00 PM CDT,298,0.5,credit,"sell to open 1 x $204.5 put exp. 4/22/2016 (9 DTE)"
4/18/2016,2:45:00 PM CDT,298,0.11,debit,"buy to close 1 x $204.5 put exp. 4/22/2016 (4 DTE)"
4/18/2016,2:45:00 PM CDT,299,0.34,credit,"sell to open 1 x $207 put exp. 4/22/2016 (4 DTE)"
4/20/2016,2:45:00 PM CDT,299,0.1,debit,"buy to close 1 x $207 put exp. 4/22/2016 (2 DTE)"
4/20/2016,2:45:00 PM CDT,300,0.52,credit,"sell to open 1 x $206.5 put exp. 4/29/2016 (9 DTE)"
4/27/2016,2:45:00 PM CDT,300,0.15,debit,"buy to close 1 x $206.5 put exp. 4/29/2016 (2 DTE)"
4/27/2016,2:45:00 PM CDT,301,0.57,credit,"sell to open 1 x $206 put exp. 5/6/2016 (9 DTE)"
5/6/2016,3:00:00 PM CDT,301,205.72,credit,"sell to close 100 shares"
5/9/2016,2:45:00 PM CDT,302,0.35,credit,"sell to open 1 x $203 put exp. 5/13/2016 (4 DTE)"
5/10/2016,2:45:00 PM CDT,302,0.07,debit,"buy to close 1 x $203 put exp. 5/13/2016 (3 DTE)"
5/10/2016,2:45:00 PM CDT,303,0.54,credit,"sell to open 1 x $204.5 put exp. 5/20/2016 (10 DTE)"
5/20/2016,2:45:00 PM CDT,303,0.02,debit,"buy to close 1 x $204.5 put exp. 5/20/2016 (0 DTE)"
5/20/2016,2:45:00 PM CDT,304,0.4,credit,"sell to open 1 x $202 put exp. 5/27/2016 (7 DTE)"
5/24/2016,2:45:00 PM CDT,304,0.06,debit,"buy to close 1 x $202 put exp. 5/27/2016 (3 DTE)"
5/24/2016,2:45:00 PM CDT,305,0.54,credit,"sell to open 1 x $204.5 put exp. 6/3/2016 (10 DTE)"
5/26/2016,2:45:00 PM CDT,305,0.21,debit,"buy to close 1 x $204.5 put exp. 6/3/2016 (8 DTE)"
5/26/2016,2:45:00 PM CDT,306,0.41,credit,"sell to open 1 x $206.5 put exp. 6/3/2016 (8 DTE)"
5/31/2016,2:45:00 PM CDT,306,0.13,debit,"buy to close 1 x $206.5 put exp. 6/3/2016 (3 DTE)"
5/31/2016,2:45:00 PM CDT,307,0.56,credit,"sell to open 1 x $207 put exp. 6/10/2016 (10 DTE)"
6/3/2016,2:45:00 PM CDT,307,0.18,debit,"buy to close 1 x $207 put exp. 6/10/2016 (7 DTE)"
6/3/2016,2:45:00 PM CDT,308,0.3,credit,"sell to open 1 x $208 put exp. 6/10/2016 (7 DTE)"
6/7/2016,2:45:00 PM CDT,308,0.09,debit,"buy to close 1 x $208 put exp. 6/10/2016 (3 DTE)"
6/7/2016,2:45:00 PM CDT,309,0.66,credit,"sell to open 1 x $208 put exp. 6/17/2016 (10 DTE)"
6/17/2016,3:00:00 PM CDT,309,206.52,credit,"sell to close 100 shares"
6/20/2016,2:45:00 PM CDT,310,0.99,credit,"sell to open 1 x $201 put exp. 6/30/2016 (10 DTE)"
6/24/2016,2:45:00 PM CDT,310,1.75,debit,"buy to close 1 x $201 put exp. 6/30/2016 (6 DTE)"
6/27/2016,2:45:00 PM CDT,311,0.68,credit,"sell to open 1 x $195 put exp. 7/1/2016 (4 DTE)"
6/28/2016,2:45:00 PM CDT,311,0.12,debit,"buy to close 1 x $195 put exp. 7/1/2016 (3 DTE)"
6/28/2016,2:45:00 PM CDT,312,0.74,credit,"sell to open 1 x $197.5 put exp. 7/8/2016 (10 DTE)"
6/29/2016,2:45:00 PM CDT,312,0.26,debit,"buy to close 1 x $197.5 put exp. 7/8/2016 (9 DTE)"
6/29/2016,2:45:00 PM CDT,313,0.66,credit,"sell to open 1 x $202 put exp. 7/8/2016 (9 DTE)"
6/30/2016,2:45:00 PM CDT,313,0.26,debit,"buy to close 1 x $202 put exp. 7/8/2016 (8 DTE)"
6/30/2016,2:45:00 PM CDT,314,0.6,credit,"sell to open 1 x $205.5 put exp. 7/8/2016 (8 DTE)"
7/1/2016,2:45:00 PM CDT,314,0.21,debit,"buy to close 1 x $205.5 put exp. 7/8/2016 (7 DTE)"
7/1/2016,2:45:00 PM CDT,315,0.43,credit,"sell to open 1 x $207.5 put exp. 7/8/2016 (7 DTE)"
7/7/2016,2:45:00 PM CDT,315,0.19,debit,"buy to close 1 x $207.5 put exp. 7/8/2016 (1 DTE)"
7/7/2016,2:45:00 PM CDT,316,0.56,credit,"sell to open 1 x $206 put exp. 7/15/2016 (8 DTE)"
7/8/2016,2:45:00 PM CDT,316,0.12,debit,"buy to close 1 x $206 put exp. 7/15/2016 (7 DTE)"
7/8/2016,2:45:00 PM CDT,317,0.38,credit,"sell to open 1 x $210 put exp. 7/15/2016 (7 DTE)"
7/11/2016,2:45:00 PM CDT,317,0.17,debit,"buy to close 1 x $210 put exp. 7/15/2016 (4 DTE)"
7/11/2016,2:45:00 PM CDT,318,0.35,credit,"sell to open 1 x $211.5 put exp. 7/15/2016 (4 DTE)"
7/12/2016,2:45:00 PM CDT,318,0.15,debit,"buy to close 1 x $211.5 put exp. 7/15/2016 (3 DTE)"
7/12/2016,2:45:00 PM CDT,319,0.52,credit,"sell to open 1 x $211.5 put exp. 7/22/2016 (10 DTE)"
7/14/2016,2:45:00 PM CDT,319,0.19,debit,"buy to close 1 x $211.5 put exp. 7/22/2016 (8 DTE)"
7/14/2016,2:45:00 PM CDT,320,0.38,credit,"sell to open 1 x $213.5 put exp. 7/22/2016 (8 DTE)"
7/20/2016,2:45:00 PM CDT,320,0.06,debit,"buy to close 1 x $213.5 put exp. 7/22/2016 (2 DTE)"
7/20/2016,2:45:00 PM CDT,321,0.41,credit,"sell to open 1 x $214 put exp. 7/29/2016 (9 DTE)"
7/28/2016,2:45:00 PM CDT,321,0.11,debit,"buy to close 1 x $214 put exp. 7/29/2016 (1 DTE)"
7/28/2016,2:45:00 PM CDT,322,0.44,credit,"sell to open 1 x $213.5 put exp. 8/5/2016 (8 DTE)"
8/3/2016,2:45:00 PM CDT,322,0.12,debit,"buy to close 1 x $213.5 put exp. 8/5/2016 (2 DTE)"
8/3/2016,2:45:00 PM CDT,323,0.42,credit,"sell to open 1 x $212.5 put exp. 8/12/2016 (9 DTE)"
8/5/2016,2:45:00 PM CDT,323,0.09,debit,"buy to close 1 x $212.5 put exp. 8/12/2016 (7 DTE)"
8/5/2016,2:45:00 PM CDT,324,0.29,credit,"sell to open 1 x $216 put exp. 8/12/2016 (7 DTE)"
8/11/2016,2:45:00 PM CDT,324,0.04,debit,"buy to close 1 x $216 put exp. 8/12/2016 (1 DTE)"
8/11/2016,2:45:00 PM CDT,325,0.37,credit,"sell to open 1 x $216 put exp. 8/19/2016 (8 DTE)"
8/15/2016,2:45:00 PM CDT,325,0.16,debit,"buy to close 1 x $216 put exp. 8/19/2016 (4 DTE)"
8/15/2016,2:45:00 PM CDT,326,0.23,credit,"sell to open 1 x $217 put exp. 8/19/2016 (4 DTE)"
8/18/2016,2:45:00 PM CDT,326,0.08,debit,"buy to close 1 x $217 put exp. 8/19/2016 (1 DTE)"
8/18/2016,2:45:00 PM CDT,327,0.38,credit,"sell to open 1 x $216 put exp. 8/26/2016 (8 DTE)"
8/26/2016,2:45:00 PM CDT,327,0.02,debit,"buy to close 1 x $216 put exp. 8/26/2016 (0 DTE)"
8/26/2016,2:45:00 PM CDT,328,0.49,credit,"sell to open 1 x $214 put exp. 9/2/2016 (7 DTE)"
8/29/2016,2:45:00 PM CDT,328,0.18,debit,"buy to close 1 x $214 put exp. 9/2/2016 (4 DTE)"
8/29/2016,2:45:00 PM CDT,329,0.36,credit,"sell to open 1 x $216 put exp. 9/2/2016 (4 DTE)"
9/2/2016,2:45:00 PM CDT,329,0.01,debit,"buy to close 1 x $216 put exp. 9/2/2016 (0 DTE)"
9/2/2016,2:45:00 PM CDT,330,0.33,credit,"sell to open 1 x $216 put exp. 9/9/2016 (7 DTE)"
9/7/2016,2:45:00 PM CDT,330,0.09,debit,"buy to close 1 x $216 put exp. 9/9/2016 (2 DTE)"
9/7/2016,2:45:00 PM CDT,331,0.35,credit,"sell to open 1 x $216.5 put exp. 9/14/2016 (7 DTE)"
9/9/2016,2:45:00 PM CDT,331,3.08,debit,"buy to close 1 x $216.5 put exp. 9/14/2016 (5 DTE)"
9/9/2016,2:45:00 PM CDT,332,0.94,credit,"sell to open 1 x $209.5 put exp. 9/16/2016 (7 DTE)"
9/12/2016,2:45:00 PM CDT,332,0.17,debit,"buy to close 1 x $209.5 put exp. 9/16/2016 (4 DTE)"
9/12/2016,2:45:00 PM CDT,333,0.66,credit,"sell to open 1 x $211 put exp. 9/21/2016 (9 DTE)"
9/21/2016,2:45:00 PM CDT,333,0.01,debit,"buy to close 1 x $211 put exp. 9/21/2016 (0 DTE)"
9/21/2016,2:45:00 PM CDT,334,0.47,credit,"sell to open 1 x $212.5 put exp. 9/28/2016 (7 DTE)"
9/22/2016,2:45:00 PM CDT,334,0.14,debit,"buy to close 1 x $212.5 put exp. 9/28/2016 (6 DTE)"
9/22/2016,2:45:00 PM CDT,335,0.41,credit,"sell to open 1 x $214 put exp. 9/30/2016 (8 DTE)"
9/30/2016,2:45:00 PM CDT,335,0.01,debit,"buy to close 1 x $214 put exp. 9/30/2016 (0 DTE)"
9/30/2016,2:45:00 PM CDT,336,0.42,credit,"sell to open 1 x $213.5 put exp. 10/7/2016 (7 DTE)"
10/6/2016,2:45:00 PM CDT,336,0.13,debit,"buy to close 1 x $213.5 put exp. 10/7/2016 (1 DTE)"
10/6/2016,2:45:00 PM CDT,337,0.49,credit,"sell to open 1 x $212.5 put exp. 10/14/2016 (8 DTE)"
10/10/2016,2:45:00 PM CDT,337,0.17,debit,"buy to close 1 x $212.5 put exp. 10/14/2016 (4 DTE)"
10/10/2016,2:45:00 PM CDT,338,0.45,credit,"sell to open 1 x $213 put exp. 10/19/2016 (9 DTE)"
10/19/2016,2:45:00 PM CDT,338,0.01,debit,"buy to close 1 x $213 put exp. 10/19/2016 (0 DTE)"
10/19/2016,2:45:00 PM CDT,339,0.41,credit,"sell to open 1 x $211.5 put exp. 10/26/2016 (7 DTE)"
10/24/2016,2:45:00 PM CDT,339,0.07,debit,"buy to close 1 x $211.5 put exp. 10/26/2016 (2 DTE)"
10/24/2016,2:45:00 PM CDT,340,0.44,credit,"sell to open 1 x $211.5 put exp. 11/2/2016 (9 DTE)"
11/2/2016,3:00:00 PM CDT,340,209.74,credit,"sell to close 100 shares"
11/3/2016,2:45:00 PM CDT,341,1.15,credit,"sell to open 1 x $200.5 put exp. 11/11/2016 (8 DTE)"
11/7/2016,2:45:00 PM CST,341,0.44,debit,"buy to close 1 x $200.5 put exp. 11/11/2016 (4 DTE)"
11/7/2016,2:45:00 PM CST,342,1.15,credit,"sell to open 1 x $205 put exp. 11/16/2016 (9 DTE)"
11/9/2016,2:45:00 PM CST,342,0.2,debit,"buy to close 1 x $205 put exp. 11/16/2016 (7 DTE)"
11/9/2016,2:45:00 PM CST,343,0.68,credit,"sell to open 1 x $212.5 put exp. 11/16/2016 (7 DTE)"
11/11/2016,2:45:00 PM CST,343,0.31,debit,"buy to close 1 x $212.5 put exp. 11/16/2016 (5 DTE)"
11/11/2016,2:45:00 PM CST,344,0.5,credit,"sell to open 1 x $212.5 put exp. 11/18/2016 (7 DTE)"
11/15/2016,2:45:00 PM CST,344,0.08,debit,"buy to close 1 x $212.5 put exp. 11/18/2016 (3 DTE)"
11/15/2016,2:45:00 PM CST,345,0.39,credit,"sell to open 1 x $215 put exp. 11/23/2016 (8 DTE)"
11/17/2016,2:45:00 PM CST,345,0.11,debit,"buy to close 1 x $215 put exp. 11/23/2016 (6 DTE)"
11/17/2016,2:45:00 PM CST,346,0.25,credit,"sell to open 1 x $216 put exp. 11/25/2016 (8 DTE)"
11/21/2016,2:45:00 PM CST,346,0.07,debit,"buy to close 1 x $216 put exp. 11/25/2016 (4 DTE)"
11/21/2016,2:45:00 PM CST,347,0.4,credit,"sell to open 1 x $217.5 put exp. 11/30/2016 (9 DTE)"
11/25/2016,2:45:00 PM CST,347,0.09,debit,"buy to close 1 x $217.5 put exp. 11/30/2016 (5 DTE)"
11/25/2016,2:45:00 PM CST,348,0.33,credit,"sell to open 1 x $219 put exp. 12/2/2016 (7 DTE)"
12/2/2016,2:45:00 PM CST,348,0.02,debit,"buy to close 1 x $219 put exp. 12/2/2016 (0 DTE)"
12/2/2016,2:45:00 PM CST,349,0.44,credit,"sell to open 1 x $216 put exp. 12/9/2016 (7 DTE)"
12/5/2016,2:45:00 PM CST,349,0.08,debit,"buy to close 1 x $216 put exp. 12/9/2016 (4 DTE)"
12/5/2016,2:45:00 PM CST,350,0.44,credit,"sell to open 1 x $217.5 put exp. 12/14/2016 (9 DTE)"
12/7/2016,2:45:00 PM CST,350,0.12,debit,"buy to close 1 x $217.5 put exp. 12/14/2016 (7 DTE)"
12/7/2016,2:45:00 PM CST,351,0.37,credit,"sell to open 1 x $221.5 put exp. 12/14/2016 (7 DTE)"
12/9/2016,2:45:00 PM CST,351,0.1,debit,"buy to close 1 x $221.5 put exp. 12/14/2016 (5 DTE)"
12/9/2016,2:45:00 PM CST,352,0.69,credit,"sell to open 1 x $223.5 put exp. 12/16/2016 (7 DTE)"
12/13/2016,2:45:00 PM CST,352,0.26,debit,"buy to close 1 x $223.5 put exp. 12/16/2016 (3 DTE)"
12/13/2016,2:45:00 PM CST,353,0.46,credit,"sell to open 1 x $223.5 put exp. 12/21/2016 (8 DTE)"
12/19/2016,2:45:00 PM CST,353,0.12,debit,"buy to close 1 x $223.5 put exp. 12/21/2016 (2 DTE)"
12/19/2016,2:45:00 PM CST,354,0.37,credit,"sell to open 1 x $223 put exp. 12/28/2016 (9 DTE)"
12/23/2016,2:45:00 PM CST,354,0.09,debit,"buy to close 1 x $223 put exp. 12/28/2016 (5 DTE)"
12/23/2016,2:45:00 PM CST,355,0.25,credit,"sell to open 1 x $223 put exp. 12/30/2016 (7 DTE)"
12/27/2016,2:45:00 PM CST,355,0.1,debit,"buy to close 1 x $223 put exp. 12/30/2016 (3 DTE)"
12/27/2016,2:45:00 PM CST,356,0.36,credit,"sell to open 1 x $224 put exp. 1/4/2017 (8 DTE)"
1/4/2017,2:45:00 PM CST,356,0.01,debit,"buy to close 1 x $224 put exp. 1/4/2017 (0 DTE)"
1/4/2017,2:45:00 PM CST,357,0.34,credit,"sell to open 1 x $224 put exp. 1/11/2017 (7 DTE)"
1/6/2017,2:45:00 PM CST,357,0.1,debit,"buy to close 1 x $224 put exp. 1/11/2017 (5 DTE)"
1/6/2017,2:45:00 PM CST,358,0.38,credit,"sell to open 1 x $225.5 put exp. 1/13/2017 (7 DTE)"
1/12/2017,2:45:00 PM CST,358,0.12,debit,"buy to close 1 x $225.5 put exp. 1/13/2017 (1 DTE)"
1/12/2017,2:45:00 PM CST,359,0.35,credit,"sell to open 1 x $224 put exp. 1/20/2017 (8 DTE)"
1/18/2017,2:45:00 PM CST,359,0.16,debit,"buy to close 1 x $224 put exp. 1/20/2017 (2 DTE)"
1/18/2017,2:45:00 PM CST,360,0.26,credit,"sell to open 1 x $223 put exp. 1/25/2017 (7 DTE)"
1/23/2017,2:45:00 PM CST,360,0.06,debit,"buy to close 1 x $223 put exp. 1/25/2017 (2 DTE)"
1/23/2017,2:45:00 PM CST,361,0.42,credit,"sell to open 1 x $223 put exp. 2/1/2017 (9 DTE)"
1/24/2017,2:45:00 PM CST,361,0.19,debit,"buy to close 1 x $223 put exp. 2/1/2017 (8 DTE)"
1/24/2017,2:45:00 PM CST,362,0.35,credit,"sell to open 1 x $225 put exp. 2/1/2017 (8 DTE)"
1/25/2017,2:45:00 PM CST,362,0.14,debit,"buy to close 1 x $225 put exp. 2/1/2017 (7 DTE)"
1/25/2017,2:45:00 PM CST,363,0.27,credit,"sell to open 1 x $227 put exp. 2/1/2017 (7 DTE)"
2/1/2017,2:45:00 PM CST,363,0.02,debit,"buy to close 1 x $227 put exp. 2/1/2017 (0 DTE)"
2/1/2017,2:45:00 PM CST,364,0.39,credit,"sell to open 1 x $225 put exp. 2/8/2017 (7 DTE)"
2/3/2017,2:45:00 PM CST,364,0.08,debit,"buy to close 1 x $225 put exp. 2/8/2017 (5 DTE)"
2/3/2017,2:45:00 PM CST,365,0.31,credit,"sell to open 1 x $227.5 put exp. 2/10/2017 (7 DTE)"
2/8/2017,2:45:00 PM CST,365,0.12,debit,"buy to close 1 x $227.5 put exp. 2/10/2017 (2 DTE)"
2/8/2017,2:45:00 PM CST,366,0.29,credit,"sell to open 1 x $227 put exp. 2/15/2017 (7 DTE)"
2/9/2017,2:45:00 PM CST,366,0.13,debit,"buy to close 1 x $227 put exp. 2/15/2017 (6 DTE)"
2/9/2017,2:45:00 PM CST,367,0.3,credit,"sell to open 1 x $228 put exp. 2/17/2017 (8 DTE)"
2/13/2017,2:45:00 PM CST,367,0.1,debit,"buy to close 1 x $228 put exp. 2/17/2017 (4 DTE)"
2/13/2017,2:45:00 PM CST,368,0.35,credit,"sell to open 1 x $230.5 put exp. 2/22/2017 (9 DTE)"
2/15/2017,2:45:00 PM CST,368,0.15,debit,"buy to close 1 x $230.5 put exp. 2/22/2017 (7 DTE)"
2/15/2017,2:45:00 PM CST,369,0.28,credit,"sell to open 1 x $232.5 put exp. 2/22/2017 (7 DTE)"
2/17/2017,2:45:00 PM CST,369,0.12,debit,"buy to close 1 x $232.5 put exp. 2/22/2017 (5 DTE)"
2/17/2017,2:45:00 PM CST,370,0.26,credit,"sell to open 1 x $232.5 put exp. 2/24/2017 (7 DTE)"
2/21/2017,2:45:00 PM CST,370,0.07,debit,"buy to close 1 x $232.5 put exp. 2/24/2017 (3 DTE)"
2/21/2017,2:45:00 PM CST,371,0.39,credit,"sell to open 1 x $234 put exp. 3/1/2017 (8 DTE)"
2/27/2017,2:45:00 PM CST,371,0.11,debit,"buy to close 1 x $234 put exp. 3/1/2017 (2 DTE)"
2/27/2017,2:45:00 PM CST,372,0.43,credit,"sell to open 1 x $234 put exp. 3/8/2017 (9 DTE)"
3/1/2017,2:45:00 PM CST,372,0.1,debit,"buy to close 1 x $234 put exp. 3/8/2017 (7 DTE)"
3/1/2017,2:45:00 PM CST,373,0.26,credit,"sell to open 1 x $237 put exp. 3/8/2017 (7 DTE)"
3/8/2017,3:00:00 PM CST,373,236.56,credit,"sell to close 100 shares"
3/10/2017,2:45:00 PM CST,374,0.49,credit,"sell to open 1 x $234 put exp. 3/17/2017 (7 DTE)"
3/15/2017,2:45:00 PM CDT,374,0.09,debit,"buy to close 1 x $234 put exp. 3/17/2017 (2 DTE)"
3/15/2017,2:45:00 PM CDT,375,0.35,credit,"sell to open 1 x $235.5 put exp. 3/22/2017 (7 DTE)"
3/21/2017,2:45:00 PM CDT,375,1.74,debit,"buy to close 1 x $235.5 put exp. 3/22/2017 (1 DTE)"
3/21/2017,2:45:00 PM CDT,376,0.59,credit,"sell to open 1 x $230 put exp. 3/29/2017 (8 DTE)"
3/27/2017,2:45:00 PM CDT,376,0.07,debit,"buy to close 1 x $230 put exp. 3/29/2017 (2 DTE)"
3/27/2017,2:45:00 PM CDT,377,0.49,credit,"sell to open 1 x $230 put exp. 4/5/2017 (9 DTE)"
3/28/2017,2:45:00 PM CDT,377,0.17,debit,"buy to close 1 x $230 put exp. 4/5/2017 (8 DTE)"
3/28/2017,2:45:00 PM CDT,378,0.45,credit,"sell to open 1 x $233 put exp. 4/5/2017 (8 DTE)"
3/30/2017,2:45:00 PM CDT,378,0.18,debit,"buy to close 1 x $233 put exp. 4/5/2017 (6 DTE)"
3/30/2017,2:45:00 PM CDT,379,0.34,credit,"sell to open 1 x $233.5 put exp. 4/7/2017 (8 DTE)"
4/6/2017,2:45:00 PM CDT,379,0.12,debit,"buy to close 1 x $233.5 put exp. 4/7/2017 (1 DTE)"
4/6/2017,2:45:00 PM CDT,380,0.39,credit,"sell to open 1 x $232.5 put exp. 4/13/2017 (7 DTE)"
4/12/2017,2:45:00 PM CDT,380,0.14,debit,"buy to close 1 x $232.5 put exp. 4/13/2017 (1 DTE)"
4/12/2017,2:45:00 PM CDT,381,0.39,credit,"sell to open 1 x $231 put exp. 4/19/2017 (7 DTE)"
4/18/2017,2:45:00 PM CDT,381,0.04,debit,"buy to close 1 x $231 put exp. 4/19/2017 (1 DTE)"
4/18/2017,2:45:00 PM CDT,382,0.61,credit,"sell to open 1 x $229 put exp. 4/26/2017 (8 DTE)"
4/24/2017,2:45:00 PM CDT,382,0.03,debit,"buy to close 1 x $229 put exp. 4/26/2017 (2 DTE)"
4/24/2017,2:45:00 PM CDT,383,0.25,credit,"sell to open 1 x $233 put exp. 5/3/2017 (9 DTE)"
4/27/2017,2:45:00 PM CDT,383,0.09,debit,"buy to close 1 x $233 put exp. 5/3/2017 (6 DTE)"
4/27/2017,2:45:00 PM CDT,384,0.3,credit,"sell to open 1 x $236 put exp. 5/5/2017 (8 DTE)"
5/1/2017,2:45:00 PM CDT,384,0.11,debit,"buy to close 1 x $236 put exp. 5/5/2017 (4 DTE)"
5/1/2017,2:45:00 PM CDT,385,0.43,credit,"sell to open 1 x $236 put exp. 5/10/2017 (9 DTE)"
5/8/2017,2:45:00 PM CDT,385,0.06,debit,"buy to close 1 x $236 put exp. 5/10/2017 (2 DTE)"
5/8/2017,2:45:00 PM CDT,386,0.38,credit,"sell to open 1 x $237 put exp. 5/17/2017 (9 DTE)"
5/15/2017,2:45:00 PM CDT,386,0.07,debit,"buy to close 1 x $237 put exp. 5/17/2017 (2 DTE)"
5/15/2017,2:45:00 PM CDT,387,0.4,credit,"sell to open 1 x $238 put exp. 5/24/2017 (9 DTE)"
5/17/2017,2:45:00 PM CDT,387,2.51,debit,"buy to close 1 x $238 put exp. 5/24/2017 (7 DTE)"
5/17/2017,2:45:00 PM CDT,388,0.69,credit,"sell to open 1 x $231 put exp. 5/24/2017 (7 DTE)"
5/19/2017,2:45:00 PM CDT,388,0.14,debit,"buy to close 1 x $231 put exp. 5/24/2017 (5 DTE)"
5/19/2017,2:45:00 PM CDT,389,0.49,credit,"sell to open 1 x $234.5 put exp. 5/26/2017 (7 DTE)"
5/22/2017,2:45:00 PM CDT,389,0.09,debit,"buy to close 1 x $234.5 put exp. 5/26/2017 (4 DTE)"
5/22/2017,2:45:00 PM CDT,390,0.37,credit,"sell to open 1 x $237 put exp. 5/31/2017 (9 DTE)"
5/25/2017,2:45:00 PM CDT,390,0.08,debit,"buy to close 1 x $237 put exp. 5/31/2017 (6 DTE)"
5/25/2017,2:45:00 PM CDT,391,0.31,credit,"sell to open 1 x $239.5 put exp. 6/2/2017 (8 DTE)"
5/30/2017,2:45:00 PM CDT,391,0.13,debit,"buy to close 1 x $239.5 put exp. 6/2/2017 (3 DTE)"
5/30/2017,2:45:00 PM CDT,392,0.34,credit,"sell to open 1 x $239.5 put exp. 6/7/2017 (8 DTE)"
6/1/2017,2:45:00 PM CDT,392,0.12,debit,"buy to close 1 x $239.5 put exp. 6/7/2017 (6 DTE)"
6/1/2017,2:45:00 PM CDT,393,0.35,credit,"sell to open 1 x $240.5 put exp. 6/9/2017 (8 DTE)"
6/5/2017,2:45:00 PM CDT,393,0.13,debit,"buy to close 1 x $240.5 put exp. 6/9/2017 (4 DTE)"
6/5/2017,2:45:00 PM CDT,394,0.36,credit,"sell to open 1 x $241 put exp. 6/14/2017 (9 DTE)"
6/13/2017,2:45:00 PM CDT,394,0.04,debit,"buy to close 1 x $241 put exp. 6/14/2017 (1 DTE)"
6/13/2017,2:45:00 PM CDT,395,0.33,credit,"sell to open 1 x $240.5 put exp. 6/21/2017 (8 DTE)"
6/19/2017,2:45:00 PM CDT,395,0.04,debit,"buy to close 1 x $240.5 put exp. 6/21/2017 (2 DTE)"
6/19/2017,2:45:00 PM CDT,396,0.32,credit,"sell to open 1 x $242 put exp. 6/28/2017 (9 DTE)"
6/28/2017,2:45:00 PM CDT,396,0.01,debit,"buy to close 1 x $242 put exp. 6/28/2017 (0 DTE)"
6/28/2017,2:45:00 PM CDT,397,0.25,credit,"sell to open 1 x $241 put exp. 7/5/2017 (7 DTE)"
7/5/2017,2:45:00 PM CDT,397,0.01,debit,"buy to close 1 x $241 put exp. 7/5/2017 (0 DTE)"
7/5/2017,2:45:00 PM CDT,398,0.3,credit,"sell to open 1 x $240 put exp. 7/12/2017 (7 DTE)"
7/10/2017,2:45:00 PM CDT,398,0.07,debit,"buy to close 1 x $240 put exp. 7/12/2017 (2 DTE)"
7/10/2017,2:45:00 PM CDT,399,0.43,credit,"sell to open 1 x $240 put exp. 7/19/2017 (9 DTE)"
7/12/2017,2:45:00 PM CDT,399,0.14,debit,"buy to close 1 x $240 put exp. 7/19/2017 (7 DTE)"
7/12/2017,2:45:00 PM CDT,400,0.3,credit,"sell to open 1 x $242 put exp. 7/19/2017 (7 DTE)"
7/14/2017,2:45:00 PM CDT,400,0.08,debit,"buy to close 1 x $242 put exp. 7/19/2017 (5 DTE)"
7/14/2017,2:45:00 PM CDT,401,0.25,credit,"sell to open 1 x $243.5 put exp. 7/21/2017 (7 DTE)"
7/19/2017,2:45:00 PM CDT,401,0.05,debit,"buy to close 1 x $243.5 put exp. 7/21/2017 (2 DTE)"
7/19/2017,2:45:00 PM CDT,402,0.32,credit,"sell to open 1 x $245 put exp. 7/26/2017 (7 DTE)"
7/24/2017,2:45:00 PM CDT,402,0.08,debit,"buy to close 1 x $245 put exp. 7/26/2017 (2 DTE)"
7/24/2017,2:45:00 PM CDT,403,0.33,credit,"sell to open 1 x $245 put exp. 8/2/2017 (9 DTE)"
7/31/2017,2:45:00 PM CDT,403,0.1,debit,"buy to close 1 x $245 put exp. 8/2/2017 (2 DTE)"
7/31/2017,2:45:00 PM CDT,404,0.42,credit,"sell to open 1 x $245 put exp. 8/9/2017 (9 DTE)"
8/7/2017,2:45:00 PM CDT,404,0.08,debit,"buy to close 1 x $245 put exp. 8/9/2017 (2 DTE)"
8/7/2017,2:45:00 PM CDT,405,0.38,credit,"sell to open 1 x $245.5 put exp. 8/16/2017 (9 DTE)"
8/10/2017,2:45:00 PM CDT,405,2.37,debit,"buy to close 1 x $245.5 put exp. 8/16/2017 (6 DTE)"
8/10/2017,2:45:00 PM CDT,406,0.86,credit,"sell to open 1 x $238.5 put exp. 8/18/2017 (8 DTE)"
8/14/2017,2:45:00 PM CDT,406,0.1,debit,"buy to close 1 x $238.5 put exp. 8/18/2017 (4 DTE)"
8/14/2017,2:45:00 PM CDT,407,0.54,credit,"sell to open 1 x $243 put exp. 8/23/2017 (9 DTE)"
8/16/2017,2:45:00 PM CDT,407,0.25,debit,"buy to close 1 x $243 put exp. 8/23/2017 (7 DTE)"
8/16/2017,2:45:00 PM CDT,408,0.33,credit,"sell to open 1 x $244 put exp. 8/23/2017 (7 DTE)"
8/17/2017,2:45:00 PM CDT,408,1.66,debit,"buy to close 1 x $244 put exp. 8/23/2017 (6 DTE)"
8/17/2017,2:45:00 PM CDT,409,0.7,credit,"sell to open 1 x $239 put exp. 8/25/2017 (8 DTE)"
8/21/2017,2:45:00 PM CDT,409,0.22,debit,"buy to close 1 x $239 put exp. 8/25/2017 (4 DTE)"
8/21/2017,2:45:00 PM CDT,410,0.52,credit,"sell to open 1 x $239 put exp. 8/30/2017 (9 DTE)"
8/22/2017,2:45:00 PM CDT,410,0.13,debit,"buy to close 1 x $239 put exp. 8/30/2017 (8 DTE)"
8/22/2017,2:45:00 PM CDT,411,0.44,credit,"sell to open 1 x $243 put exp. 8/30/2017 (8 DTE)"
8/28/2017,2:45:00 PM CDT,411,0.19,debit,"buy to close 1 x $243 put exp. 8/30/2017 (2 DTE)"
8/28/2017,2:45:00 PM CDT,412,0.38,credit,"sell to open 1 x $241.5 put exp. 9/6/2017 (9 DTE)"
8/31/2017,2:45:00 PM CDT,412,0.09,debit,"buy to close 1 x $241.5 put exp. 9/6/2017 (6 DTE)"
8/31/2017,2:45:00 PM CDT,413,0.38,credit,"sell to open 1 x $245 put exp. 9/8/2017 (8 DTE)"
9/7/2017,2:45:00 PM CDT,413,0.08,debit,"buy to close 1 x $245 put exp. 9/8/2017 (1 DTE)"
9/7/2017,2:45:00 PM CDT,414,0.65,credit,"sell to open 1 x $244 put exp. 9/15/2017 (8 DTE)"
9/11/2017,2:45:00 PM CDT,414,0.13,debit,"buy to close 1 x $244 put exp. 9/15/2017 (4 DTE)"
9/11/2017,2:45:00 PM CDT,415,0.42,credit,"sell to open 1 x $245.5 put exp. 9/20/2017 (9 DTE)"
9/15/2017,2:45:00 PM CDT,415,0.09,debit,"buy to close 1 x $245.5 put exp. 9/20/2017 (5 DTE)"
9/15/2017,2:45:00 PM CDT,416,0.25,credit,"sell to open 1 x $247 put exp. 9/22/2017 (7 DTE)"
9/20/2017,2:45:00 PM CDT,416,0.09,debit,"buy to close 1 x $247 put exp. 9/22/2017 (2 DTE)"
9/20/2017,2:45:00 PM CDT,417,0.31,credit,"sell to open 1 x $247.5 put exp. 9/27/2017 (7 DTE)"
9/26/2017,2:45:00 PM CDT,417,0.07,debit,"buy to close 1 x $247.5 put exp. 9/27/2017 (1 DTE)"
9/26/2017,2:45:00 PM CDT,418,0.38,credit,"sell to open 1 x $246.5 put exp. 10/4/2017 (8 DTE)"
9/28/2017,2:45:00 PM CDT,418,0.16,debit,"buy to close 1 x $246.5 put exp. 10/4/2017 (6 DTE)"
9/28/2017,2:45:00 PM CDT,419,0.37,credit,"sell to open 1 x $248 put exp. 10/6/2017 (8 DTE)"
10/2/2017,2:45:00 PM CDT,419,0.11,debit,"buy to close 1 x $248 put exp. 10/6/2017 (4 DTE)"
10/2/2017,2:45:00 PM CDT,420,0.34,credit,"sell to open 1 x $250 put exp. 10/11/2017 (9 DTE)"
10/5/2017,2:45:00 PM CDT,420,0.09,debit,"buy to close 1 x $250 put exp. 10/11/2017 (6 DTE)"
10/5/2017,2:45:00 PM CDT,421,0.29,credit,"sell to open 1 x $252.5 put exp. 10/13/2017 (8 DTE)"
10/11/2017,2:45:00 PM CDT,421,0.07,debit,"buy to close 1 x $252.5 put exp. 10/13/2017 (2 DTE)"
10/11/2017,2:45:00 PM CDT,422,0.29,credit,"sell to open 1 x $253 put exp. 10/18/2017 (7 DTE)"
10/16/2017,2:45:00 PM CDT,422,0.09,debit,"buy to close 1 x $253 put exp. 10/18/2017 (2 DTE)"
10/16/2017,2:45:00 PM CDT,423,0.36,credit,"sell to open 1 x $253 put exp. 10/25/2017 (9 DTE)"
10/20/2017,2:45:00 PM CDT,423,0.1,debit,"buy to close 1 x $253 put exp. 10/25/2017 (5 DTE)"
10/20/2017,2:45:00 PM CDT,424,0.27,credit,"sell to open 1 x $254.5 put exp. 10/27/2017 (7 DTE)"
10/27/2017,2:45:00 PM CDT,424,0.01,debit,"buy to close 1 x $254.5 put exp. 10/27/2017 (0 DTE)"
10/27/2017,2:45:00 PM CDT,425,0.37,credit,"sell to open 1 x $255 put exp. 11/3/2017 (7 DTE)"
11/2/2017,2:45:00 PM CDT,425,0.06,debit,"buy to close 1 x $255 put exp. 11/3/2017 (1 DTE)"
11/2/2017,2:45:00 PM CDT,426,0.36,credit,"sell to open 1 x $255 put exp. 11/10/2017 (8 DTE)"
11/6/2017,2:45:00 PM CST,426,0.11,debit,"buy to close 1 x $255 put exp. 11/10/2017 (4 DTE)"
11/6/2017,2:45:00 PM CST,427,0.37,credit,"sell to open 1 x $256.5 put exp. 11/15/2017 (9 DTE)"
11/14/2017,2:45:00 PM CST,427,0.14,debit,"buy to close 1 x $256.5 put exp. 11/15/2017 (1 DTE)"
11/14/2017,2:45:00 PM CST,428,0.5,credit,"sell to open 1 x $254.5 put exp. 11/22/2017 (8 DTE)"
11/16/2017,2:45:00 PM CST,428,0.2,debit,"buy to close 1 x $254.5 put exp. 11/22/2017 (6 DTE)"
11/16/2017,2:45:00 PM CST,429,0.36,credit,"sell to open 1 x $256 put exp. 11/24/2017 (8 DTE)"
11/20/2017,2:45:00 PM CST,429,0.14,debit,"buy to close 1 x $256 put exp. 11/24/2017 (4 DTE)"
11/20/2017,2:45:00 PM CST,430,0.44,credit,"sell to open 1 x $256 put exp. 11/29/2017 (9 DTE)"
11/21/2017,2:45:00 PM CST,430,0.18,debit,"buy to close 1 x $256 put exp. 11/29/2017 (8 DTE)"
11/21/2017,2:45:00 PM CST,431,0.33,credit,"sell to open 1 x $258 put exp. 11/29/2017 (8 DTE)"
11/24/2017,2:45:00 PM CST,431,0.14,debit,"buy to close 1 x $258 put exp. 11/29/2017 (5 DTE)"
11/24/2017,2:45:00 PM CST,432,0.31,credit,"sell to open 1 x $258.5 put exp. 12/1/2017 (7 DTE)"
11/28/2017,2:45:00 PM CST,432,0.1,debit,"buy to close 1 x $258.5 put exp. 12/1/2017 (3 DTE)"
11/28/2017,2:45:00 PM CST,433,0.4,credit,"sell to open 1 x $260 put exp. 12/6/2017 (8 DTE)"
12/4/2017,2:45:00 PM CST,433,0.11,debit,"buy to close 1 x $260 put exp. 12/6/2017 (2 DTE)"
12/4/2017,2:45:00 PM CST,434,0.57,credit,"sell to open 1 x $260 put exp. 12/13/2017 (9 DTE)"
12/7/2017,2:45:00 PM CST,434,0.18,debit,"buy to close 1 x $260 put exp. 12/13/2017 (6 DTE)"
12/7/2017,2:45:00 PM CST,435,0.65,credit,"sell to open 1 x $261 put exp. 12/15/2017 (8 DTE)"
12/8/2017,2:45:00 PM CST,435,0.25,debit,"buy to close 1 x $261 put exp. 12/15/2017 (7 DTE)"
12/8/2017,2:45:00 PM CST,436,0.6,credit,"sell to open 1 x $263 put exp. 12/15/2017 (7 DTE)"
12/11/2017,2:45:00 PM CST,436,0.27,debit,"buy to close 1 x $263 put exp. 12/15/2017 (4 DTE)"
12/11/2017,2:45:00 PM CST,437,0.42,credit,"sell to open 1 x $262.5 put exp. 12/20/2017 (9 DTE)"
12/15/2017,2:45:00 PM CST,437,0.14,debit,"buy to close 1 x $262.5 put exp. 12/20/2017 (5 DTE)"
12/15/2017,2:45:00 PM CST,438,0.38,credit,"sell to open 1 x $264 put exp. 12/22/2017 (7 DTE)"
12/18/2017,2:45:00 PM CST,438,0.1,debit,"buy to close 1 x $264 put exp. 12/22/2017 (4 DTE)"
12/18/2017,2:45:00 PM CST,439,0.32,credit,"sell to open 1 x $265.5 put exp. 12/27/2017 (9 DTE)"
12/22/2017,2:45:00 PM CST,439,0.13,debit,"buy to close 1 x $265.5 put exp. 12/27/2017 (5 DTE)"
12/22/2017,2:45:00 PM CST,440,0.32,credit,"sell to open 1 x $266 put exp. 12/29/2017 (7 DTE)"
12/28/2017,2:45:00 PM CST,440,0.08,debit,"buy to close 1 x $266 put exp. 12/29/2017 (1 DTE)"
12/28/2017,2:45:00 PM CST,441,0.41,credit,"sell to open 1 x $265.5 put exp. 1/5/2018 (8 DTE)"
1/2/2018,2:45:00 PM CST,441,0.12,debit,"buy to close 1 x $265.5 put exp. 1/5/2018 (3 DTE)"
1/2/2018,2:45:00 PM CST,442,0.32,credit,"sell to open 1 x $266 put exp. 1/10/2018 (8 DTE)"
1/3/2018,2:45:00 PM CST,442,0.13,debit,"buy to close 1 x $266 put exp. 1/10/2018 (7 DTE)"
1/3/2018,2:45:00 PM CST,443,0.31,credit,"sell to open 1 x $268.5 put exp. 1/10/2018 (7 DTE)"
1/5/2018,2:45:00 PM CST,443,0.05,debit,"buy to close 1 x $268.5 put exp. 1/10/2018 (5 DTE)"
1/5/2018,2:45:00 PM CST,444,0.29,credit,"sell to open 1 x $271.5 put exp. 1/12/2018 (7 DTE)"
1/8/2018,2:45:00 PM CST,444,0.13,debit,"buy to close 1 x $271.5 put exp. 1/12/2018 (4 DTE)"
1/8/2018,2:45:00 PM CST,445,0.25,credit,"sell to open 1 x $271 put exp. 1/17/2018 (9 DTE)"
1/11/2018,2:45:00 PM CST,445,0.07,debit,"buy to close 1 x $271 put exp. 1/17/2018 (6 DTE)"
1/11/2018,2:45:00 PM CST,446,0.36,credit,"sell to open 1 x $273.5 put exp. 1/19/2018 (8 DTE)"
1/17/2018,2:45:00 PM CST,446,0.09,debit,"buy to close 1 x $273.5 put exp. 1/19/2018 (2 DTE)"
1/17/2018,2:45:00 PM CST,447,0.46,credit,"sell to open 1 x $276 put exp. 1/24/2018 (7 DTE)"
1/19/2018,2:45:00 PM CST,447,0.16,debit,"buy to close 1 x $276 put exp. 1/24/2018 (5 DTE)"
1/19/2018,2:45:00 PM CST,448,0.47,credit,"sell to open 1 x $277.5 put exp. 1/26/2018 (7 DTE)"
1/22/2018,2:45:00 PM CST,448,0.15,debit,"buy to close 1 x $277.5 put exp. 1/26/2018 (4 DTE)"
1/22/2018,2:45:00 PM CST,449,0.6,credit,"sell to open 1 x $279 put exp. 1/31/2018 (9 DTE)"
1/26/2018,2:45:00 PM CST,449,0.08,debit,"buy to close 1 x $279 put exp. 1/31/2018 (5 DTE)"
1/26/2018,2:45:00 PM CST,450,0.47,credit,"sell to open 1 x $283 put exp. 2/2/2018 (7 DTE)"
1/30/2018,2:45:00 PM CST,450,2.03,debit,"buy to close 1 x $283 put exp. 2/2/2018 (3 DTE)"
1/30/2018,2:45:00 PM CST,451,0.75,credit,"sell to open 1 x $277 put exp. 2/7/2018 (8 DTE)"
2/5/2018,2:45:00 PM CST,451,11.3,debit,"buy to close 1 x $277 put exp. 2/7/2018 (2 DTE)"
2/13/2018,2:45:00 PM CST,452,1.16,credit,"sell to open 1 x $259 put exp. 2/21/2018 (8 DTE)"
2/14/2018,2:45:00 PM CST,452,0.31,debit,"buy to close 1 x $259 put exp. 2/21/2018 (7 DTE)"
2/14/2018,2:45:00 PM CST,453,0.74,credit,"sell to open 1 x $264 put exp. 2/21/2018 (7 DTE)"
2/15/2018,2:45:00 PM CST,453,0.29,debit,"buy to close 1 x $264 put exp. 2/21/2018 (6 DTE)"
2/15/2018,2:45:00 PM CST,454,0.95,credit,"sell to open 1 x $267.5 put exp. 2/23/2018 (8 DTE)"
2/22/2018,2:45:00 PM CST,454,0.37,debit,"buy to close 1 x $267.5 put exp. 2/23/2018 (1 DTE)"
2/22/2018,2:45:00 PM CST,455,0.99,credit,"sell to open 1 x $264 put exp. 3/2/2018 (8 DTE)"
2/23/2018,2:45:00 PM CST,455,0.19,debit,"buy to close 1 x $264 put exp. 3/2/2018 (7 DTE)"
2/23/2018,2:45:00 PM CST,456,0.61,credit,"sell to open 1 x $270 put exp. 3/2/2018 (7 DTE)"
2/26/2018,2:45:00 PM CST,456,0.16,debit,"buy to close 1 x $270 put exp. 3/2/2018 (4 DTE)"
2/26/2018,2:45:00 PM CST,457,0.63,credit,"sell to open 1 x $273 put exp. 3/5/2018 (7 DTE)"
3/1/2018,2:45:00 PM CST,457,5.24,debit,"buy to close 1 x $273 put exp. 3/5/2018 (4 DTE)"
3/1/2018,2:45:00 PM CST,458,1.07,credit,"sell to open 1 x $260 put exp. 3/9/2018 (8 DTE)"
3/2/2018,2:45:00 PM CST,458,0.46,debit,"buy to close 1 x $260 put exp. 3/9/2018 (7 DTE)"
3/2/2018,2:45:00 PM CST,459,0.78,credit,"sell to open 1 x $263 put exp. 3/9/2018 (7 DTE)"
3/5/2018,2:45:00 PM CST,459,0.24,debit,"buy to close 1 x $263 put exp. 3/9/2018 (4 DTE)"
3/5/2018,2:45:00 PM CST,460,0.73,credit,"sell to open 1 x $267 put exp. 3/12/2018 (7 DTE)"
3/8/2018,2:45:00 PM CST,460,0.19,debit,"buy to close 1 x $267 put exp. 3/12/2018 (4 DTE)"
3/8/2018,2:45:00 PM CST,461,0.83,credit,"sell to open 1 x $267 put exp. 3/16/2018 (8 DTE)"
3/9/2018,2:45:00 PM CST,461,0.15,debit,"buy to close 1 x $267 put exp. 3/16/2018 (7 DTE)"
3/9/2018,2:45:00 PM CST,462,0.62,credit,"sell to open 1 x $274 put exp. 3/16/2018 (7 DTE)"
3/16/2018,2:45:00 PM CDT,462,0.02,debit,"buy to close 1 x $274 put exp. 3/16/2018 (0 DTE)"
3/16/2018,2:45:00 PM CDT,463,0.57,credit,"sell to open 1 x $270.5 put exp. 3/23/2018 (7 DTE)"
3/22/2018,2:45:00 PM CDT,463,6.6,debit,"buy to close 1 x $270.5 put exp. 3/23/2018 (1 DTE)"
3/22/2018,2:45:00 PM CDT,464,1.22,credit,"sell to open 1 x $256 put exp. 3/29/2018 (7 DTE)"
3/26/2018,2:45:00 PM CDT,464,0.24,debit,"buy to close 1 x $256 put exp. 3/29/2018 (3 DTE)"
3/26/2018,2:45:00 PM CDT,465,0.88,credit,"sell to open 1 x $260 put exp. 4/2/2018 (7 DTE)"
3/29/2018,2:45:00 PM CDT,465,0.32,debit,"buy to close 1 x $260 put exp. 4/2/2018 (4 DTE)"
3/29/2018,2:45:00 PM CDT,466,0.94,credit,"sell to open 1 x $257 put exp. 4/6/2018 (8 DTE)"
4/4/2018,2:45:00 PM CDT,466,0.28,debit,"buy to close 1 x $257 put exp. 4/6/2018 (2 DTE)"
4/4/2018,2:45:00 PM CDT,467,0.98,credit,"sell to open 1 x $257.5 put exp. 4/11/2018 (7 DTE)"
4/10/2018,2:45:00 PM CDT,467,0.08,debit,"buy to close 1 x $257.5 put exp. 4/11/2018 (1 DTE)"
4/10/2018,2:45:00 PM CDT,468,1.07,credit,"sell to open 1 x $258.5 put exp. 4/18/2018 (8 DTE)"
4/12/2018,2:45:00 PM CDT,468,0.38,debit,"buy to close 1 x $258.5 put exp. 4/18/2018 (6 DTE)"
4/12/2018,2:45:00 PM CDT,469,0.85,credit,"sell to open 1 x $260.5 put exp. 4/20/2018 (8 DTE)"
4/16/2018,2:45:00 PM CDT,469,0.28,debit,"buy to close 1 x $260.5 put exp. 4/20/2018 (4 DTE)"
4/16/2018,2:45:00 PM CDT,470,0.63,credit,"sell to open 1 x $263 put exp. 4/23/2018 (7 DTE)"
4/17/2018,2:45:00 PM CDT,470,0.25,debit,"buy to close 1 x $263 put exp. 4/23/2018 (6 DTE)"
4/17/2018,2:45:00 PM CDT,471,0.69,credit,"sell to open 1 x $266 put exp. 4/25/2018 (8 DTE)"
4/24/2018,2:45:00 PM CDT,471,4.31,debit,"buy to close 1 x $266 put exp. 4/25/2018 (1 DTE)"
4/24/2018,2:45:00 PM CDT,472,1.1,credit,"sell to open 1 x $256 put exp. 5/2/2018 (8 DTE)"
4/26/2018,2:45:00 PM CDT,472,0.19,debit,"buy to close 1 x $256 put exp. 5/2/2018 (6 DTE)"
4/26/2018,2:45:00 PM CDT,473,0.8,credit,"sell to open 1 x $261 put exp. 5/4/2018 (8 DTE)"
5/4/2018,2:45:00 PM CDT,473,0.01,debit,"buy to close 1 x $261 put exp. 5/4/2018 (0 DTE)"
5/4/2018,2:45:00 PM CDT,474,0.53,credit,"sell to open 1 x $261 put exp. 5/11/2018 (7 DTE)"
5/8/2018,2:45:00 PM CDT,474,0.17,debit,"buy to close 1 x $261 put exp. 5/11/2018 (3 DTE)"
5/8/2018,2:45:00 PM CDT,475,0.66,credit,"sell to open 1 x $262 put exp. 5/16/2018 (8 DTE)"
5/9/2018,2:45:00 PM CDT,475,0.21,debit,"buy to close 1 x $262 put exp. 5/16/2018 (7 DTE)"
5/9/2018,2:45:00 PM CDT,476,0.55,credit,"sell to open 1 x $265.5 put exp. 5/16/2018 (7 DTE)"
5/10/2018,2:45:00 PM CDT,476,0.18,debit,"buy to close 1 x $265.5 put exp. 5/16/2018 (6 DTE)"
5/10/2018,2:45:00 PM CDT,477,0.55,credit,"sell to open 1 x $268 put exp. 5/18/2018 (8 DTE)"
5/14/2018,2:45:00 PM CDT,477,0.25,debit,"buy to close 1 x $268 put exp. 5/18/2018 (4 DTE)"
5/14/2018,2:45:00 PM CDT,478,0.51,credit,"sell to open 1 x $269.5 put exp. 5/21/2018 (7 DTE)"
5/18/2018,2:45:00 PM CDT,478,0.15,debit,"buy to close 1 x $269.5 put exp. 5/21/2018 (3 DTE)"
5/18/2018,2:45:00 PM CDT,479,0.49,credit,"sell to open 1 x $268 put exp. 5/25/2018 (7 DTE)"
5/21/2018,2:45:00 PM CDT,479,0.19,debit,"buy to close 1 x $268 put exp. 5/25/2018 (4 DTE)"
5/21/2018,2:45:00 PM CDT,480,0.43,credit,"sell to open 1 x $269.5 put exp. 5/29/2018 (8 DTE)"
5/24/2018,2:45:00 PM CDT,480,0.16,debit,"buy to close 1 x $269.5 put exp. 5/29/2018 (5 DTE)"
5/24/2018,2:45:00 PM CDT,481,0.49,credit,"sell to open 1 x $269.5 put exp. 6/1/2018 (8 DTE)"
6/1/2018,2:45:00 PM CDT,481,0.01,debit,"buy to close 1 x $269.5 put exp. 6/1/2018 (0 DTE)"
6/1/2018,2:45:00 PM CDT,482,0.42,credit,"sell to open 1 x $269.5 put exp. 6/8/2018 (7 DTE)"
6/4/2018,2:45:00 PM CDT,482,0.15,debit,"buy to close 1 x $269.5 put exp. 6/8/2018 (4 DTE)"
6/4/2018,2:45:00 PM CDT,483,0.47,credit,"sell to open 1 x $272 put exp. 6/11/2018 (7 DTE)"
6/6/2018,2:45:00 PM CDT,483,0.13,debit,"buy to close 1 x $272 put exp. 6/11/2018 (5 DTE)"
6/6/2018,2:45:00 PM CDT,484,0.44,credit,"sell to open 1 x $273.5 put exp. 6/13/2018 (7 DTE)"
6/11/2018,2:45:00 PM CDT,484,0.11,debit,"buy to close 1 x $273.5 put exp. 6/13/2018 (2 DTE)"
6/11/2018,2:45:00 PM CDT,485,0.59,credit,"sell to open 1 x $274.5 put exp. 6/18/2018 (7 DTE)"
6/14/2018,2:45:00 PM CDT,485,0.17,debit,"buy to close 1 x $274.5 put exp. 6/18/2018 (4 DTE)"
6/14/2018,2:45:00 PM CDT,486,0.51,credit,"sell to open 1 x $274.5 put exp. 6/22/2018 (8 DTE)"
6/22/2018,2:45:00 PM CDT,486,0.02,debit,"buy to close 1 x $274.5 put exp. 6/22/2018 (0 DTE)"
6/22/2018,2:45:00 PM CDT,487,0.68,credit,"sell to open 1 x $272 put exp. 6/29/2018 (7 DTE)"
6/29/2018,2:45:00 PM CDT,487,0.23,debit,"buy to close 1 x $272 put exp. 6/29/2018 (0 DTE)"
6/29/2018,2:45:00 PM CDT,488,0.64,credit,"sell to open 1 x $267.5 put exp. 7/6/2018 (7 DTE)"
7/5/2018,2:45:00 PM CDT,488,0.05,debit,"buy to close 1 x $267.5 put exp. 7/6/2018 (1 DTE)"
7/5/2018,2:45:00 PM CDT,489,0.77,credit,"sell to open 1 x $268.5 put exp. 7/13/2018 (8 DTE)"
7/6/2018,2:45:00 PM CDT,489,0.23,debit,"buy to close 1 x $268.5 put exp. 7/13/2018 (7 DTE)"
7/6/2018,2:45:00 PM CDT,490,0.5,credit,"sell to open 1 x $271.5 put exp. 7/13/2018 (7 DTE)"
7/9/2018,2:45:00 PM CDT,490,0.12,debit,"buy to close 1 x $271.5 put exp. 7/13/2018 (4 DTE)"
7/9/2018,2:45:00 PM CDT,491,0.42,credit,"sell to open 1 x $274.5 put exp. 7/16/2018 (7 DTE)"
7/12/2018,2:45:00 PM CDT,491,0.11,debit,"buy to close 1 x $274.5 put exp. 7/16/2018 (4 DTE)"
7/12/2018,2:45:00 PM CDT,492,0.49,credit,"sell to open 1 x $275.5 put exp. 7/20/2018 (8 DTE)"
7/17/2018,2:45:00 PM CDT,492,0.08,debit,"buy to close 1 x $275.5 put exp. 7/20/2018 (3 DTE)"
7/17/2018,2:45:00 PM CDT,493,0.47,credit,"sell to open 1 x $278 put exp. 7/25/2018 (8 DTE)"
7/23/2018,2:45:00 PM CDT,493,0.18,debit,"buy to close 1 x $278 put exp. 7/25/2018 (2 DTE)"
7/23/2018,2:45:00 PM CDT,494,0.43,credit,"sell to open 1 x $277 put exp. 7/30/2018 (7 DTE)"
7/25/2018,2:45:00 PM CDT,494,0.09,debit,"buy to close 1 x $277 put exp. 7/30/2018 (5 DTE)"
7/25/2018,2:45:00 PM CDT,495,0.43,credit,"sell to open 1 x $280.5 put exp. 8/1/2018 (7 DTE)"
8/1/2018,2:45:00 PM CDT,495,0.06,debit,"buy to close 1 x $280.5 put exp. 8/1/2018 (0 DTE)"
8/1/2018,2:45:00 PM CDT,496,0.54,credit,"sell to open 1 x $277.5 put exp. 8/8/2018 (7 DTE)"
8/2/2018,2:45:00 PM CDT,496,0.22,debit,"buy to close 1 x $277.5 put exp. 8/8/2018 (6 DTE)"
8/2/2018,2:45:00 PM CDT,497,0.53,credit,"sell to open 1 x $279 put exp. 8/10/2018 (8 DTE)"
8/6/2018,2:45:00 PM CDT,497,0.1,debit,"buy to close 1 x $279 put exp. 8/10/2018 (4 DTE)"
8/6/2018,2:45:00 PM CDT,498,0.35,credit,"sell to open 1 x $282 put exp. 8/13/2018 (7 DTE)"
8/8/2018,2:45:00 PM CDT,498,0.11,debit,"buy to close 1 x $282 put exp. 8/13/2018 (5 DTE)"
8/8/2018,2:45:00 PM CDT,499,0.3,credit,"sell to open 1 x $283 put exp. 8/15/2018 (7 DTE)"
8/13/2018,2:45:00 PM CDT,499,1.31,debit,"buy to close 1 x $283 put exp. 8/15/2018 (2 DTE)"
8/13/2018,2:45:00 PM CDT,500,0.62,credit,"sell to open 1 x $278 put exp. 8/20/2018 (7 DTE)"
8/14/2018,2:45:00 PM CDT,500,0.24,debit,"buy to close 1 x $278 put exp. 8/20/2018 (6 DTE)"
8/14/2018,2:45:00 PM CDT,501,0.56,credit,"sell to open 1 x $280 put exp. 8/22/2018 (8 DTE)"
8/17/2018,2:45:00 PM CDT,501,0.19,debit,"buy to close 1 x $280 put exp. 8/22/2018 (5 DTE)"
8/17/2018,2:45:00 PM CDT,502,0.47,credit,"sell to open 1 x $281.5 put exp. 8/24/2018 (7 DTE)"
8/21/2018,2:45:00 PM CDT,502,0.14,debit,"buy to close 1 x $281.5 put exp. 8/24/2018 (3 DTE)"
8/21/2018,2:45:00 PM CDT,503,0.51,credit,"sell to open 1 x $283 put exp. 8/29/2018 (8 DTE)"
8/24/2018,2:45:00 PM CDT,503,0.18,debit,"buy to close 1 x $283 put exp. 8/29/2018 (5 DTE)"
8/24/2018,2:45:00 PM CDT,504,0.47,credit,"sell to open 1 x $284.5 put exp. 8/31/2018 (7 DTE)"
8/27/2018,2:45:00 PM CDT,504,0.13,debit,"buy to close 1 x $284.5 put exp. 8/31/2018 (4 DTE)"
8/27/2018,2:45:00 PM CDT,505,0.39,credit,"sell to open 1 x $286.5 put exp. 9/4/2018 (8 DTE)"
8/29/2018,2:45:00 PM CDT,505,0.13,debit,"buy to close 1 x $286.5 put exp. 9/4/2018 (6 DTE)"
8/29/2018,2:45:00 PM CDT,506,0.37,credit,"sell to open 1 x $289 put exp. 9/5/2018 (7 DTE)"
9/5/2018,2:45:00 PM CDT,506,0.15,debit,"buy to close 1 x $289 put exp. 9/5/2018 (0 DTE)"
9/5/2018,2:45:00 PM CDT,507,0.52,credit,"sell to open 1 x $285.5 put exp. 9/12/2018 (7 DTE)"
9/11/2018,2:45:00 PM CDT,507,0.06,debit,"buy to close 1 x $285.5 put exp. 9/12/2018 (1 DTE)"
9/11/2018,2:45:00 PM CDT,508,0.59,credit,"sell to open 1 x $286 put exp. 9/19/2018 (8 DTE)"
9/13/2018,2:45:00 PM CDT,508,0.22,debit,"buy to close 1 x $286 put exp. 9/19/2018 (6 DTE)"
9/13/2018,2:45:00 PM CDT,509,0.65,credit,"sell to open 1 x $287 put exp. 9/21/2018 (8 DTE)"
9/18/2018,2:45:00 PM CDT,509,0.28,debit,"buy to close 1 x $287 put exp. 9/21/2018 (3 DTE)"
9/18/2018,2:45:00 PM CDT,510,0.56,credit,"sell to open 1 x $286 put exp. 9/26/2018 (8 DTE)"
9/20/2018,2:45:00 PM CDT,510,0.21,debit,"buy to close 1 x $286 put exp. 9/26/2018 (6 DTE)"
9/20/2018,2:45:00 PM CDT,511,0.58,credit,"sell to open 1 x $289 put exp. 9/28/2018 (8 DTE)"
9/28/2018,2:45:00 PM CDT,511,0.04,debit,"buy to close 1 x $289 put exp. 9/28/2018 (0 DTE)"
9/28/2018,2:45:00 PM CDT,512,0.54,credit,"sell to open 1 x $287 put exp. 10/5/2018 (7 DTE)"
10/2/2018,2:45:00 PM CDT,512,0.16,debit,"buy to close 1 x $287 put exp. 10/5/2018 (3 DTE)"
10/2/2018,2:45:00 PM CDT,513,0.51,credit,"sell to open 1 x $288 put exp. 10/10/2018 (8 DTE)"
10/10/2018,2:45:00 PM CDT,513,8.83,debit,"buy to close 1 x $288 put exp. 10/10/2018 (0 DTE)"
10/10/2018,2:45:00 PM CDT,514,1.02,credit,"sell to open 1 x $270 put exp. 10/17/2018 (7 DTE)"
10/15/2018,2:45:00 PM CDT,514,0.44,debit,"buy to close 1 x $270 put exp. 10/17/2018 (2 DTE)"
10/15/2018,2:45:00 PM CDT,515,1.05,credit,"sell to open 1 x $269 put exp. 10/22/2018 (7 DTE)"
10/16/2018,2:45:00 PM CDT,515,0.27,debit,"buy to close 1 x $269 put exp. 10/22/2018 (6 DTE)"
10/16/2018,2:45:00 PM CDT,516,0.9,credit,"sell to open 1 x $274 put exp. 10/24/2018 (8 DTE)"
10/24/2018,2:45:00 PM CDT,516,5.37,debit,"buy to close 1 x $274 put exp. 10/24/2018 (0 DTE)"
10/25/2018,2:45:00 PM CDT,517,1.39,credit,"sell to open 1 x $262 put exp. 11/2/2018 (8 DTE)"
10/31/2018,2:45:00 PM CDT,517,0.23,debit,"buy to close 1 x $262 put exp. 11/2/2018 (2 DTE)"
10/31/2018,2:45:00 PM CDT,518,1.23,credit,"sell to open 1 x $264 put exp. 11/7/2018 (7 DTE)"
11/5/2018,2:45:00 PM CST,518,0.37,debit,"buy to close 1 x $264 put exp. 11/7/2018 (2 DTE)"
11/5/2018,2:45:00 PM CST,519,1.12,credit,"sell to open 1 x $266 put exp. 11/12/2018 (7 DTE)"
11/7/2018,2:45:00 PM CST,519,0.08,debit,"buy to close 1 x $266 put exp. 11/12/2018 (5 DTE)"
11/7/2018,2:45:00 PM CST,520,0.71,credit,"sell to open 1 x $275 put exp. 11/14/2018 (7 DTE)"
11/12/2018,2:45:00 PM CST,520,2.89,debit,"buy to close 1 x $275 put exp. 11/14/2018 (2 DTE)"
11/12/2018,2:45:00 PM CST,521,1.01,credit,"sell to open 1 x $266 put exp. 11/19/2018 (7 DTE)"
11/15/2018,2:45:00 PM CST,521,0.45,debit,"buy to close 1 x $266 put exp. 11/19/2018 (4 DTE)"
11/15/2018,2:45:00 PM CST,522,0.88,credit,"sell to open 1 x $265 put exp. 11/23/2018 (8 DTE)"
11/16/2018,2:45:00 PM CST,522,0.34,debit,"buy to close 1 x $265 put exp. 11/23/2018 (7 DTE)"
11/16/2018,2:45:00 PM CST,523,0.75,credit,"sell to open 1 x $269 put exp. 11/23/2018 (7 DTE)"
11/20/2018,2:45:00 PM CST,523,4.73,debit,"buy to close 1 x $269 put exp. 11/23/2018 (3 DTE)"
11/20/2018,2:45:00 PM CST,524,1.06,credit,"sell to open 1 x $257 put exp. 11/28/2018 (8 DTE)"
11/21/2018,2:45:00 PM CST,524,0.45,debit,"buy to close 1 x $257 put exp. 11/28/2018 (7 DTE)"
11/21/2018,2:45:00 PM CST,525,0.82,credit,"sell to open 1 x $260 put exp. 11/28/2018 (7 DTE)"
11/26/2018,2:45:00 PM CST,525,0.12,debit,"buy to close 1 x $260 put exp. 11/28/2018 (2 DTE)"
11/26/2018,2:45:00 PM CST,526,0.94,credit,"sell to open 1 x $262 put exp. 12/3/2018 (7 DTE)"
11/28/2018,2:45:00 PM CST,526,0.21,debit,"buy to close 1 x $262 put exp. 12/3/2018 (5 DTE)"
11/28/2018,2:45:00 PM CST,527,0.96,credit,"sell to open 1 x $267 put exp. 12/5/2018 (7 DTE)"
12/3/2018,2:45:00 PM CST,527,0.03,debit,"buy to close 1 x $267 put exp. 12/5/2018 (2 DTE)"
12/3/2018,2:45:00 PM CST,528,0.71,credit,"sell to open 1 x $274 put exp. 12/10/2018 (7 DTE)"
12/4/2018,2:45:00 PM CST,528,4.68,debit,"buy to close 1 x $274 put exp. 12/10/2018 (6 DTE)"
12/4/2018,2:45:00 PM CST,529,1.3,credit,"sell to open 1 x $263 put exp. 12/12/2018 (8 DTE)"
12/12/2018,2:45:00 PM CST,529,0.01,debit,"buy to close 1 x $263 put exp. 12/12/2018 (0 DTE)"
12/12/2018,2:45:00 PM CST,530,1.07,credit,"sell to open 1 x $260 put exp. 12/19/2018 (7 DTE)"
12/17/2018,2:45:00 PM CST,530,6.81,debit,"buy to close 1 x $260 put exp. 12/19/2018 (2 DTE)"
12/17/2018,2:45:00 PM CST,531,1.19,credit,"sell to open 1 x $244 put exp. 12/24/2018 (7 DTE)"
12/18/2018,2:45:00 PM CST,531,0.72,debit,"buy to close 1 x $244 put exp. 12/24/2018 (6 DTE)"
1/2/2019,2:45:00 PM CST,532,0.96,credit,"sell to open 1 x $242 put exp. 1/9/2019 (7 DTE)"
1/3/2019,2:45:00 PM CST,532,2.07,debit,"buy to close 1 x $242 put exp. 1/9/2019 (6 DTE)"
1/4/2019,2:45:00 PM CST,533,0.98,credit,"sell to open 1 x $246 put exp. 1/11/2019 (7 DTE)"
1/7/2019,2:45:00 PM CST,533,0.35,debit,"buy to close 1 x $246 put exp. 1/11/2019 (4 DTE)"
1/7/2019,2:45:00 PM CST,534,0.89,credit,"sell to open 1 x $249 put exp. 1/14/2019 (7 DTE)"
1/9/2019,2:45:00 PM CST,534,0.23,debit,"buy to close 1 x $249 put exp. 1/14/2019 (5 DTE)"
1/9/2019,2:45:00 PM CST,535,0.84,credit,"sell to open 1 x $252 put exp. 1/16/2019 (7 DTE)"
1/11/2019,2:45:00 PM CST,535,0.22,debit,"buy to close 1 x $252 put exp. 1/16/2019 (5 DTE)"
1/11/2019,2:45:00 PM CST,536,0.65,credit,"sell to open 1 x $253.5 put exp. 1/18/2019 (7 DTE)"
1/15/2019,2:45:00 PM CST,536,0.19,debit,"buy to close 1 x $253.5 put exp. 1/18/2019 (3 DTE)"
1/15/2019,2:45:00 PM CST,537,0.56,credit,"sell to open 1 x $255.5 put exp. 1/22/2019 (7 DTE)"
1/17/2019,2:45:00 PM CST,537,0.12,debit,"buy to close 1 x $255.5 put exp. 1/22/2019 (5 DTE)"
1/17/2019,2:45:00 PM CST,538,0.69,credit,"sell to open 1 x $257.5 put exp. 1/25/2019 (8 DTE)"
1/18/2019,2:45:00 PM CST,538,0.21,debit,"buy to close 1 x $257.5 put exp. 1/25/2019 (7 DTE)"
1/18/2019,2:45:00 PM CST,539,0.54,credit,"sell to open 1 x $261.5 put exp. 1/25/2019 (7 DTE)"
1/25/2019,2:45:00 PM CST,539,0.01,debit,"buy to close 1 x $261.5 put exp. 1/25/2019 (0 DTE)"
1/25/2019,2:45:00 PM CST,540,0.74,credit,"sell to open 1 x $261 put exp. 2/1/2019 (7 DTE)"
1/30/2019,2:45:00 PM CST,540,0.17,debit,"buy to close 1 x $261 put exp. 2/1/2019 (2 DTE)"
1/30/2019,2:45:00 PM CST,541,0.75,credit,"sell to open 1 x $262 put exp. 2/6/2019 (7 DTE)"
1/31/2019,2:45:00 PM CST,541,0.28,debit,"buy to close 1 x $262 put exp. 2/6/2019 (6 DTE)"
1/31/2019,2:45:00 PM CST,542,0.67,credit,"sell to open 1 x $264 put exp. 2/8/2019 (8 DTE)"
2/4/2019,2:45:00 PM CST,542,0.11,debit,"buy to close 1 x $264 put exp. 2/8/2019 (4 DTE)"
2/4/2019,2:45:00 PM CST,543,0.56,credit,"sell to open 1 x $268 put exp. 2/11/2019 (7 DTE)"
2/6/2019,2:45:00 PM CST,543,0.23,debit,"buy to close 1 x $268 put exp. 2/11/2019 (5 DTE)"
2/6/2019,2:45:00 PM CST,544,0.51,credit,"sell to open 1 x $268.5 put exp. 2/13/2019 (7 DTE)"
2/12/2019,2:45:00 PM CST,544,0.03,debit,"buy to close 1 x $268.5 put exp. 2/13/2019 (1 DTE)"
2/12/2019,2:45:00 PM CST,545,0.55,credit,"sell to open 1 x $270 put exp. 2/19/2019 (7 DTE)"
2/14/2019,2:45:00 PM CST,545,0.23,debit,"buy to close 1 x $270 put exp. 2/19/2019 (5 DTE)"
2/14/2019,2:45:00 PM CST,546,0.69,credit,"sell to open 1 x $270.5 put exp. 2/22/2019 (8 DTE)"
2/15/2019,2:45:00 PM CST,546,0.22,debit,"buy to close 1 x $270.5 put exp. 2/22/2019 (7 DTE)"
2/15/2019,2:45:00 PM CST,547,0.5,credit,"sell to open 1 x $273.5 put exp. 2/22/2019 (7 DTE)"
2/19/2019,2:45:00 PM CST,547,0.16,debit,"buy to close 1 x $273.5 put exp. 2/22/2019 (3 DTE)"
2/19/2019,2:45:00 PM CST,548,0.54,credit,"sell to open 1 x $273.5 put exp. 2/27/2019 (8 DTE)"
2/22/2019,2:45:00 PM CST,548,0.18,debit,"buy to close 1 x $273.5 put exp. 2/27/2019 (5 DTE)"
2/22/2019,2:45:00 PM CST,549,0.54,credit,"sell to open 1 x $275 put exp. 3/1/2019 (7 DTE)"
2/26/2019,2:45:00 PM CST,549,0.25,debit,"buy to close 1 x $275 put exp. 3/1/2019 (3 DTE)"
2/26/2019,2:45:00 PM CST,550,0.63,credit,"sell to open 1 x $275 put exp. 3/6/2019 (8 DTE)"
3/1/2019,2:45:00 PM CST,550,0.13,debit,"buy to close 1 x $275 put exp. 3/6/2019 (5 DTE)"
3/1/2019,2:45:00 PM CST,551,0.46,credit,"sell to open 1 x $277 put exp. 3/8/2019 (7 DTE)"
3/7/2019,2:45:00 PM CST,551,2.23,debit,"buy to close 1 x $277 put exp. 3/8/2019 (1 DTE)"
3/7/2019,2:45:00 PM CST,552,0.91,credit,"sell to open 1 x $268 put exp. 3/15/2019 (8 DTE)"
3/11/2019,2:45:00 PM CDT,552,0.12,debit,"buy to close 1 x $268 put exp. 3/15/2019 (4 DTE)"
3/11/2019,2:45:00 PM CDT,553,0.61,credit,"sell to open 1 x $273.5 put exp. 3/18/2019 (7 DTE)"
3/13/2019,2:45:00 PM CDT,553,0.12,debit,"buy to close 1 x $273.5 put exp. 3/18/2019 (5 DTE)"
3/13/2019,2:45:00 PM CDT,554,0.57,credit,"sell to open 1 x $276.5 put exp. 3/20/2019 (7 DTE)"
3/15/2019,2:45:00 PM CDT,554,0.18,debit,"buy to close 1 x $276.5 put exp. 3/20/2019 (5 DTE)"
3/15/2019,2:45:00 PM CDT,555,0.49,credit,"sell to open 1 x $277.5 put exp. 3/22/2019 (7 DTE)"
3/20/2019,2:45:00 PM CDT,555,0.15,debit,"buy to close 1 x $277.5 put exp. 3/22/2019 (2 DTE)"
3/20/2019,2:45:00 PM CDT,556,0.57,credit,"sell to open 1 x $278 put exp. 3/27/2019 (7 DTE)"
3/21/2019,2:45:00 PM CDT,556,0.23,debit,"buy to close 1 x $278 put exp. 3/27/2019 (6 DTE)"
3/21/2019,2:45:00 PM CDT,557,0.66,credit,"sell to open 1 x $280 put exp. 3/29/2019 (8 DTE)"
3/29/2019,2:45:00 PM CDT,557,0.01,debit,"buy to close 1 x $280 put exp. 3/29/2019 (0 DTE)"
3/29/2019,2:45:00 PM CDT,558,0.69,credit,"sell to open 1 x $279 put exp. 4/5/2019 (7 DTE)"
4/1/2019,2:45:00 PM CDT,558,0.14,debit,"buy to close 1 x $279 put exp. 4/5/2019 (4 DTE)"
4/1/2019,2:45:00 PM CDT,559,0.49,credit,"sell to open 1 x $282 put exp. 4/8/2019 (7 DTE)"
4/4/2019,2:45:00 PM CDT,559,0.11,debit,"buy to close 1 x $282 put exp. 4/8/2019 (4 DTE)"
4/4/2019,2:45:00 PM CDT,560,0.55,credit,"sell to open 1 x $283 put exp. 4/12/2019 (8 DTE)"
4/5/2019,2:45:00 PM CDT,560,0.24,debit,"buy to close 1 x $283 put exp. 4/12/2019 (7 DTE)"
4/5/2019,2:45:00 PM CDT,561,0.43,credit,"sell to open 1 x $285 put exp. 4/12/2019 (7 DTE)"
4/10/2019,2:45:00 PM CDT,561,0.12,debit,"buy to close 1 x $285 put exp. 4/12/2019 (2 DTE)"
4/10/2019,2:45:00 PM CDT,562,0.48,credit,"sell to open 1 x $285 put exp. 4/17/2019 (7 DTE)"
4/12/2019,2:45:00 PM CDT,562,0.12,debit,"buy to close 1 x $285 put exp. 4/17/2019 (5 DTE)"
4/12/2019,2:45:00 PM CDT,563,0.36,credit,"sell to open 1 x $287 put exp. 4/18/2019 (6 DTE)"
4/17/2019,2:45:00 PM CDT,563,0.1,debit,"buy to close 1 x $287 put exp. 4/18/2019 (1 DTE)"
4/17/2019,2:45:00 PM CDT,564,0.44,credit,"sell to open 1 x $286.5 put exp. 4/24/2019 (7 DTE)"
4/22/2019,2:45:00 PM CDT,564,0.09,debit,"buy to close 1 x $286.5 put exp. 4/24/2019 (2 DTE)"
4/22/2019,2:45:00 PM CDT,565,0.45,credit,"sell to open 1 x $287 put exp. 4/29/2019 (7 DTE)"
4/23/2019,2:45:00 PM CDT,565,0.19,debit,"buy to close 1 x $287 put exp. 4/29/2019 (6 DTE)"
4/23/2019,2:45:00 PM CDT,566,0.54,credit,"sell to open 1 x $288.5 put exp. 5/1/2019 (8 DTE)"
4/29/2019,2:45:00 PM CDT,566,0.09,debit,"buy to close 1 x $288.5 put exp. 5/1/2019 (2 DTE)"
4/29/2019,2:45:00 PM CDT,567,0.51,credit,"sell to open 1 x $290 put exp. 5/6/2019 (7 DTE)"
5/3/2019,2:45:00 PM CDT,567,0.07,debit,"buy to close 1 x $290 put exp. 5/6/2019 (3 DTE)"
5/3/2019,2:45:00 PM CDT,568,0.49,credit,"sell to open 1 x $290 put exp. 5/10/2019 (7 DTE)"
5/7/2019,2:45:00 PM CDT,568,4.22,debit,"buy to close 1 x $290 put exp. 5/10/2019 (3 DTE)"
5/7/2019,2:45:00 PM CDT,569,1.35,credit,"sell to open 1 x $278 put exp. 5/15/2019 (8 DTE)"
5/10/2019,2:45:00 PM CDT,569,0.3,debit,"buy to close 1 x $278 put exp. 5/15/2019 (5 DTE)"
5/10/2019,2:45:00 PM CDT,570,0.98,credit,"sell to open 1 x $281.5 put exp. 5/17/2019 (7 DTE)"
5/15/2019,2:45:00 PM CDT,570,0.44,debit,"buy to close 1 x $281.5 put exp. 5/17/2019 (2 DTE)"
5/15/2019,2:45:00 PM CDT,571,0.85,credit,"sell to open 1 x $280 put exp. 5/22/2019 (7 DTE)"
5/20/2019,2:45:00 PM CDT,571,0.4,debit,"buy to close 1 x $280 put exp. 5/22/2019 (2 DTE)"
5/20/2019,2:45:00 PM CDT,572,0.78,credit,"sell to open 1 x $278 put exp. 5/28/2019 (8 DTE)"
5/21/2019,2:45:00 PM CDT,572,0.21,debit,"buy to close 1 x $278 put exp. 5/28/2019 (7 DTE)"
5/21/2019,2:45:00 PM CDT,573,0.62,credit,"sell to open 1 x $282 put exp. 5/28/2019 (7 DTE)"
5/28/2019,3:00:00 PM CDT,573,280.15,credit,"sell to close 100 shares"
5/29/2019,2:45:00 PM CDT,574,0.89,credit,"sell to open 1 x $273 put exp. 6/5/2019 (7 DTE)"
6/4/2019,2:45:00 PM CDT,574,0.04,debit,"buy to close 1 x $273 put exp. 6/5/2019 (1 DTE)"
6/4/2019,2:45:00 PM CDT,575,0.87,credit,"sell to open 1 x $274 put exp. 6/12/2019 (8 DTE)"
6/5/2019,2:45:00 PM CDT,575,0.31,debit,"buy to close 1 x $274 put exp. 6/12/2019 (7 DTE)"
6/5/2019,2:45:00 PM CDT,576,0.65,credit,"sell to open 1 x $277 put exp. 6/12/2019 (7 DTE)"
6/6/2019,2:45:00 PM CDT,576,0.26,debit,"buy to close 1 x $277 put exp. 6/12/2019 (6 DTE)"
6/6/2019,2:45:00 PM CDT,577,0.82,credit,"sell to open 1 x $280 put exp. 6/14/2019 (8 DTE)"
6/7/2019,2:45:00 PM CDT,577,0.39,debit,"buy to close 1 x $280 put exp. 6/14/2019 (7 DTE)"
6/7/2019,2:45:00 PM CDT,578,0.68,credit,"sell to open 1 x $282.5 put exp. 6/14/2019 (7 DTE)"
6/10/2019,2:45:00 PM CDT,578,0.26,debit,"buy to close 1 x $282.5 put exp. 6/14/2019 (4 DTE)"
6/10/2019,2:45:00 PM CDT,579,0.61,credit,"sell to open 1 x $284 put exp. 6/17/2019 (7 DTE)"
6/13/2019,2:45:00 PM CDT,579,0.14,debit,"buy to close 1 x $284 put exp. 6/17/2019 (4 DTE)"
6/13/2019,2:45:00 PM CDT,580,0.95,credit,"sell to open 1 x $283 put exp. 6/21/2019 (8 DTE)"
6/17/2019,2:45:00 PM CDT,580,0.45,debit,"buy to close 1 x $283 put exp. 6/21/2019 (4 DTE)"
6/17/2019,2:45:00 PM CDT,581,0.68,credit,"sell to open 1 x $283.5 put exp. 6/24/2019 (7 DTE)"
6/19/2019,2:45:00 PM CDT,581,0.1,debit,"buy to close 1 x $283.5 put exp. 6/24/2019 (5 DTE)"
6/19/2019,2:45:00 PM CDT,582,0.72,credit,"sell to open 1 x $288.5 put exp. 6/26/2019 (7 DTE)"
6/20/2019,2:45:00 PM CDT,582,0.3,debit,"buy to close 1 x $288.5 put exp. 6/26/2019 (6 DTE)"
6/20/2019,2:45:00 PM CDT,583,0.74,credit,"sell to open 1 x $290 put exp. 6/28/2019 (8 DTE)"
6/27/2019,2:45:00 PM CDT,583,0.25,debit,"buy to close 1 x $290 put exp. 6/28/2019 (1 DTE)"
6/27/2019,2:45:00 PM CDT,584,0.94,credit,"sell to open 1 x $286 put exp. 7/5/2019 (8 DTE)"
7/1/2019,2:45:00 PM CDT,584,0.08,debit,"buy to close 1 x $286 put exp. 7/5/2019 (4 DTE)"
7/1/2019,2:45:00 PM CDT,585,0.42,credit,"sell to open 1 x $291 put exp. 7/8/2019 (7 DTE)"
7/2/2019,2:45:00 PM CDT,585,0.18,debit,"buy to close 1 x $291 put exp. 7/8/2019 (6 DTE)"
7/2/2019,2:45:00 PM CDT,586,0.53,credit,"sell to open 1 x $292.5 put exp. 7/10/2019 (8 DTE)"
7/3/2019,2:45:00 PM CDT,586,0.23,debit,"buy to close 1 x $292.5 put exp. 7/10/2019 (7 DTE)"
7/3/2019,2:45:00 PM CDT,587,0.44,credit,"sell to open 1 x $295 put exp. 7/10/2019 (7 DTE)"
7/10/2019,2:45:00 PM CDT,587,0.01,debit,"buy to close 1 x $295 put exp. 7/10/2019 (0 DTE)"
7/10/2019,2:45:00 PM CDT,588,0.51,credit,"sell to open 1 x $295.5 put exp. 7/17/2019 (7 DTE)"
7/12/2019,2:45:00 PM CDT,588,0.13,debit,"buy to close 1 x $295.5 put exp. 7/17/2019 (5 DTE)"
7/12/2019,2:45:00 PM CDT,589,0.42,credit,"sell to open 1 x $297 put exp. 7/19/2019 (7 DTE)"
7/19/2019,2:45:00 PM CDT,589,0.03,debit,"buy to close 1 x $297 put exp. 7/19/2019 (0 DTE)"
7/19/2019,2:45:00 PM CDT,590,0.6,credit,"sell to open 1 x $293.5 put exp. 7/26/2019 (7 DTE)"
7/23/2019,2:45:00 PM CDT,590,0.08,debit,"buy to close 1 x $293.5 put exp. 7/26/2019 (3 DTE)"
7/23/2019,2:45:00 PM CDT,591,0.66,credit,"sell to open 1 x $295 put exp. 7/31/2019 (8 DTE)"
7/26/2019,2:45:00 PM CDT,591,0.16,debit,"buy to close 1 x $295 put exp. 7/31/2019 (5 DTE)"
7/26/2019,2:45:00 PM CDT,592,0.57,credit,"sell to open 1 x $297.5 put exp. 8/2/2019 (7 DTE)"
8/1/2019,2:45:00 PM CDT,592,2.45,debit,"buy to close 1 x $297.5 put exp. 8/2/2019 (1 DTE)"
8/1/2019,2:45:00 PM CDT,593,1.1,credit,"sell to open 1 x $288 put exp. 8/9/2019 (8 DTE)"
8/5/2019,2:45:00 PM CDT,593,5.39,debit,"buy to close 1 x $288 put exp. 8/9/2019 (4 DTE)"
8/5/2019,2:45:00 PM CDT,594,1.37,credit,"sell to open 1 x $275 put exp. 8/12/2019 (7 DTE)"
8/6/2019,2:45:00 PM CDT,594,0.47,debit,"buy to close 1 x $275 put exp. 8/12/2019 (6 DTE)"
8/6/2019,2:45:00 PM CDT,595,1.27,credit,"sell to open 1 x $279 put exp. 8/14/2019 (8 DTE)"
8/8/2019,2:45:00 PM CDT,595,0.18,debit,"buy to close 1 x $279 put exp. 8/14/2019 (6 DTE)"
8/8/2019,2:45:00 PM CDT,596,0.99,credit,"sell to open 1 x $287 put exp. 8/16/2019 (8 DTE)"
8/16/2019,2:45:00 PM CDT,596,0.03,debit,"buy to close 1 x $287 put exp. 8/16/2019 (0 DTE)"
8/16/2019,2:45:00 PM CDT,597,0.95,credit,"sell to open 1 x $282 put exp. 8/23/2019 (7 DTE)"
8/19/2019,2:45:00 PM CDT,597,0.24,debit,"buy to close 1 x $282 put exp. 8/23/2019 (4 DTE)"
8/19/2019,2:45:00 PM CDT,598,0.86,credit,"sell to open 1 x $287 put exp. 8/26/2019 (7 DTE)"
8/22/2019,2:45:00 PM CDT,598,0.39,debit,"buy to close 1 x $287 put exp. 8/26/2019 (4 DTE)"
8/22/2019,2:45:00 PM CDT,599,0.96,credit,"sell to open 1 x $286 put exp. 8/30/2019 (8 DTE)"
8/23/2019,2:45:00 PM CDT,599,3.93,debit,"buy to close 1 x $286 put exp. 8/30/2019 (7 DTE)"
8/23/2019,2:45:00 PM CDT,600,1.16,credit,"sell to open 1 x $277 put exp. 8/30/2019 (7 DTE)"
8/26/2019,2:45:00 PM CDT,600,0.45,debit,"buy to close 1 x $277 put exp. 8/30/2019 (4 DTE)"
8/26/2019,2:45:00 PM CDT,601,0.98,credit,"sell to open 1 x $279 put exp. 9/3/2019 (8 DTE)"
8/28/2019,2:45:00 PM CDT,601,0.39,debit,"buy to close 1 x $279 put exp. 9/3/2019 (6 DTE)"
8/28/2019,2:45:00 PM CDT,602,0.94,credit,"sell to open 1 x $282 put exp. 9/4/2019 (7 DTE)"
8/29/2019,2:45:00 PM CDT,602,0.31,debit,"buy to close 1 x $282 put exp. 9/4/2019 (6 DTE)"
8/29/2019,2:45:00 PM CDT,603,0.99,credit,"sell to open 1 x $286 put exp. 9/6/2019 (8 DTE)"
9/4/2019,2:45:00 PM CDT,603,0.1,debit,"buy to close 1 x $286 put exp. 9/6/2019 (2 DTE)"
9/4/2019,2:45:00 PM CDT,604,0.77,credit,"sell to open 1 x $288.5 put exp. 9/11/2019 (7 DTE)"
9/5/2019,2:45:00 PM CDT,604,0.22,debit,"buy to close 1 x $288.5 put exp. 9/11/2019 (6 DTE)"
9/5/2019,2:45:00 PM CDT,605,0.76,credit,"sell to open 1 x $292.5 put exp. 9/13/2019 (8 DTE)"
9/9/2019,2:45:00 PM CDT,605,0.28,debit,"buy to close 1 x $292.5 put exp. 9/13/2019 (4 DTE)"
9/9/2019,2:45:00 PM CDT,606,0.53,credit,"sell to open 1 x $293.5 put exp. 9/16/2019 (7 DTE)"
9/11/2019,2:45:00 PM CDT,606,0.19,debit,"buy to close 1 x $293.5 put exp. 9/16/2019 (5 DTE)"
9/11/2019,2:45:00 PM CDT,607,0.66,credit,"sell to open 1 x $295 put exp. 9/18/2019 (7 DTE)"
9/13/2019,2:45:00 PM CDT,607,0.3,debit,"buy to close 1 x $295 put exp. 9/18/2019 (5 DTE)"
9/13/2019,2:45:00 PM CDT,608,0.86,credit,"sell to open 1 x $296.5 put exp. 9/20/2019 (7 DTE)"
9/19/2019,2:45:00 PM CDT,608,0.18,debit,"buy to close 1 x $296.5 put exp. 9/20/2019 (1 DTE)"
9/19/2019,2:45:00 PM CDT,609,1.11,credit,"sell to open 1 x $297.5 put exp. 9/27/2019 (8 DTE)"
9/27/2019,3:00:00 PM CDT,609,295.4,credit,"sell to close 100 shares"
9/30/2019,2:45:00 PM CDT,610,0.72,credit,"sell to open 1 x $292 put exp. 10/7/2019 (7 DTE)"
10/2/2019,2:45:00 PM CDT,610,4.44,debit,"buy to close 1 x $292 put exp. 10/7/2019 (5 DTE)"
10/2/2019,2:45:00 PM CDT,611,1.01,credit,"sell to open 1 x $281 put exp. 10/9/2019 (7 DTE)"
10/4/2019,2:45:00 PM CDT,611,0.07,debit,"buy to close 1 x $281 put exp. 10/9/2019 (5 DTE)"
10/4/2019,2:45:00 PM CDT,612,0.86,credit,"sell to open 1 x $288 put exp. 10/11/2019 (7 DTE)"
10/10/2019,2:45:00 PM CDT,612,0.36,debit,"buy to close 1 x $288 put exp. 10/11/2019 (1 DTE)"
10/10/2019,2:45:00 PM CDT,613,1.09,credit,"sell to open 1 x $286 put exp. 10/18/2019 (8 DTE)"
10/11/2019,2:45:00 PM CDT,613,0.35,debit,"buy to close 1 x $286 put exp. 10/18/2019 (7 DTE)"
10/11/2019,2:45:00 PM CDT,614,0.84,credit,"sell to open 1 x $291 put exp. 10/18/2019 (7 DTE)"
10/15/2019,2:45:00 PM CDT,614,0.14,debit,"buy to close 1 x $291 put exp. 10/18/2019 (3 DTE)"
10/15/2019,2:45:00 PM CDT,615,0.75,credit,"sell to open 1 x $295 put exp. 10/23/2019 (8 DTE)"
10/21/2019,2:45:00 PM CDT,615,0.08,debit,"buy to close 1 x $295 put exp. 10/23/2019 (2 DTE)"
10/21/2019,2:45:00 PM CDT,616,0.51,credit,"sell to open 1 x $296 put exp. 10/28/2019 (7 DTE)"
10/24/2019,2:45:00 PM CDT,616,0.13,debit,"buy to close 1 x $296 put exp. 10/28/2019 (4 DTE)"
10/24/2019,2:45:00 PM CDT,617,0.7,credit,"sell to open 1 x $296 put exp. 11/1/2019 (8 DTE)"
10/28/2019,2:45:00 PM CDT,617,0.16,debit,"buy to close 1 x $296 put exp. 11/1/2019 (4 DTE)"
10/28/2019,2:45:00 PM CDT,618,0.61,credit,"sell to open 1 x $300 put exp. 11/4/2019 (7 DTE)"
11/1/2019,2:45:00 PM CDT,618,0.03,debit,"buy to close 1 x $300 put exp. 11/4/2019 (3 DTE)"
11/1/2019,2:45:00 PM CDT,619,0.48,credit,"sell to open 1 x $302.5 put exp. 11/8/2019 (7 DTE)"
11/4/2019,2:45:00 PM CST,619,0.2,debit,"buy to close 1 x $302.5 put exp. 11/8/2019 (4 DTE)"
11/4/2019,2:45:00 PM CST,620,0.48,credit,"sell to open 1 x $304 put exp. 11/11/2019 (7 DTE)"
11/7/2019,2:45:00 PM CST,620,0.14,debit,"buy to close 1 x $304 put exp. 11/11/2019 (4 DTE)"
11/7/2019,2:45:00 PM CST,621,0.6,credit,"sell to open 1 x $304 put exp. 11/15/2019 (8 DTE)"
11/11/2019,2:45:00 PM CST,621,0.26,debit,"buy to close 1 x $304 put exp. 11/15/2019 (4 DTE)"
11/11/2019,2:45:00 PM CST,622,0.53,credit,"sell to open 1 x $305 put exp. 11/18/2019 (7 DTE)"
11/14/2019,2:45:00 PM CST,622,0.18,debit,"buy to close 1 x $305 put exp. 11/18/2019 (4 DTE)"
11/14/2019,2:45:00 PM CST,623,0.67,credit,"sell to open 1 x $305 put exp. 11/22/2019 (8 DTE)"
11/15/2019,2:45:00 PM CST,623,0.28,debit,"buy to close 1 x $305 put exp. 11/22/2019 (7 DTE)"
11/15/2019,2:45:00 PM CST,624,0.49,credit,"sell to open 1 x $307.5 put exp. 11/22/2019 (7 DTE)"
11/19/2019,2:45:00 PM CST,624,0.18,debit,"buy to close 1 x $307.5 put exp. 11/22/2019 (3 DTE)"
11/19/2019,2:45:00 PM CST,625,0.59,credit,"sell to open 1 x $308.5 put exp. 11/27/2019 (8 DTE)"
11/25/2019,2:45:00 PM CST,625,0.08,debit,"buy to close 1 x $308.5 put exp. 11/27/2019 (2 DTE)"
11/25/2019,2:45:00 PM CST,626,0.4,credit,"sell to open 1 x $310 put exp. 12/2/2019 (7 DTE)"
11/27/2019,2:45:00 PM CST,626,0.09,debit,"buy to close 1 x $310 put exp. 12/2/2019 (5 DTE)"
11/27/2019,2:45:00 PM CST,627,0.42,credit,"sell to open 1 x $312 put exp. 12/4/2019 (7 DTE)"
12/3/2019,2:45:00 PM CST,627,2.9,debit,"buy to close 1 x $312 put exp. 12/4/2019 (1 DTE)"
12/3/2019,2:45:00 PM CST,628,0.88,credit,"sell to open 1 x $302 put exp. 12/11/2019 (8 DTE)"
12/4/2019,2:45:00 PM CST,628,0.34,debit,"buy to close 1 x $302 put exp. 12/11/2019 (7 DTE)"
12/4/2019,2:45:00 PM CST,629,0.77,credit,"sell to open 1 x $306.5 put exp. 12/11/2019 (7 DTE)"
12/6/2019,2:45:00 PM CST,629,0.13,debit,"buy to close 1 x $306.5 put exp. 12/11/2019 (5 DTE)"
12/6/2019,2:45:00 PM CST,630,0.68,credit,"sell to open 1 x $311 put exp. 12/13/2019 (7 DTE)"
12/12/2019,2:45:00 PM CST,630,0.09,debit,"buy to close 1 x $311 put exp. 12/13/2019 (1 DTE)"
12/12/2019,2:45:00 PM CST,631,1.15,credit,"sell to open 1 x $312 put exp. 12/20/2019 (8 DTE)"
12/16/2019,2:45:00 PM CST,631,0.26,debit,"buy to close 1 x $312 put exp. 12/20/2019 (4 DTE)"
12/16/2019,2:45:00 PM CST,632,0.82,credit,"sell to open 1 x $316 put exp. 12/23/2019 (7 DTE)"
12/19/2019,2:45:00 PM CST,632,0.15,debit,"buy to close 1 x $316 put exp. 12/23/2019 (4 DTE)"
12/19/2019,2:45:00 PM CST,633,1.11,credit,"sell to open 1 x $319 put exp. 12/27/2019 (8 DTE)"
12/20/2019,2:45:00 PM CST,633,0.49,debit,"buy to close 1 x $319 put exp. 12/27/2019 (7 DTE)"
12/20/2019,2:45:00 PM CST,634,0.41,credit,"sell to open 1 x $318.5 put exp. 12/27/2019 (7 DTE)"
12/24/2019,2:45:00 PM CST,634,0.14,debit,"buy to close 1 x $318.5 put exp. 12/27/2019 (3 DTE)"
12/24/2019,2:45:00 PM CST,635,0.43,credit,"sell to open 1 x $318 put exp. 12/31/2019 (7 DTE)"
12/26/2019,2:45:00 PM CST,635,0.17,debit,"buy to close 1 x $318 put exp. 12/31/2019 (5 DTE)"
12/26/2019,2:45:00 PM CST,636,0.48,credit,"sell to open 1 x $319 put exp. 1/3/2020 (8 DTE)"
1/2/2020,2:45:00 PM CST,636,0.04,debit,"buy to close 1 x $319 put exp. 1/3/2020 (1 DTE)"
1/2/2020,2:45:00 PM CST,637,0.62,credit,"sell to open 1 x $320 put exp. 1/10/2020 (8 DTE)"
1/8/2020,2:45:00 PM CST,637,0.14,debit,"buy to close 1 x $320 put exp. 1/10/2020 (2 DTE)"
1/8/2020,2:45:00 PM CST,638,0.61,credit,"sell to open 1 x $321.5 put exp. 1/15/2020 (7 DTE)"
1/13/2020,2:45:00 PM CST,638,0.07,debit,"buy to close 1 x $321.5 put exp. 1/15/2020 (2 DTE)"
1/13/2020,2:45:00 PM CST,639,0.57,credit,"sell to open 1 x $324 put exp. 1/21/2020 (8 DTE)"
1/16/2020,2:45:00 PM CST,639,0.09,debit,"buy to close 1 x $324 put exp. 1/21/2020 (5 DTE)"
1/16/2020,2:45:00 PM CST,640,0.56,credit,"sell to open 1 x $327 put exp. 1/24/2020 (8 DTE)"
1/21/2020,2:45:00 PM CST,640,0.25,debit,"buy to close 1 x $327 put exp. 1/24/2020 (3 DTE)"
1/21/2020,2:45:00 PM CST,641,0.67,credit,"sell to open 1 x $327 put exp. 1/29/2020 (8 DTE)"
1/27/2020,2:45:00 PM CST,641,3.61,debit,"buy to close 1 x $327 put exp. 1/29/2020 (2 DTE)"
1/27/2020,2:45:00 PM CST,642,1.16,credit,"sell to open 1 x $317 put exp. 2/3/2020 (7 DTE)"
1/28/2020,2:45:00 PM CST,642,0.46,debit,"buy to close 1 x $317 put exp. 2/3/2020 (6 DTE)"
1/28/2020,2:45:00 PM CST,643,1.11,credit,"sell to open 1 x $319 put exp. 2/5/2020 (8 DTE)"
2/4/2020,2:45:00 PM CST,643,0.03,debit,"buy to close 1 x $319 put exp. 2/5/2020 (1 DTE)"
2/4/2020,2:45:00 PM CST,644,1.04,credit,"sell to open 1 x $323 put exp. 2/12/2020 (8 DTE)"
2/5/2020,2:45:00 PM CST,644,0.36,debit,"buy to close 1 x $323 put exp. 2/12/2020 (7 DTE)"
2/5/2020,2:45:00 PM CST,645,0.73,credit,"sell to open 1 x $327 put exp. 2/12/2020 (7 DTE)"
2/10/2020,2:45:00 PM CST,645,0.11,debit,"buy to close 1 x $327 put exp. 2/12/2020 (2 DTE)"
2/10/2020,2:45:00 PM CST,646,0.83,credit,"sell to open 1 x $329 put exp. 2/18/2020 (8 DTE)"
2/12/2020,2:45:00 PM CST,646,0.14,debit,"buy to close 1 x $329 put exp. 2/18/2020 (6 DTE)"
2/12/2020,2:45:00 PM CST,647,0.53,credit,"sell to open 1 x $333 put exp. 2/19/2020 (7 DTE)"
2/18/2020,2:45:00 PM CST,647,0.14,debit,"buy to close 1 x $333 put exp. 2/19/2020 (1 DTE)"
2/18/2020,2:45:00 PM CST,648,0.72,credit,"sell to open 1 x $331 put exp. 2/26/2020 (8 DTE)"
2/24/2020,2:45:00 PM CST,648,7.57,debit,"buy to close 1 x $331 put exp. 2/26/2020 (2 DTE)"
6/5/2020,2:45:00 PM CDT,649,1.07,credit,"sell to open 1 x $310 put exp. 6/12/2020 (7 DTE)"
6/8/2020,2:45:00 PM CDT,649,0.47,debit,"buy to close 1 x $310 put exp. 6/12/2020 (4 DTE)"
7/20/2020,2:45:00 PM CDT,650,1.09,credit,"sell to open 1 x $317 put exp. 7/27/2020 (7 DTE)"
7/22/2020,2:45:00 PM CDT,650,0.41,debit,"buy to close 1 x $317 put exp. 7/27/2020 (5 DTE)"
7/22/2020,2:45:00 PM CDT,651,1.22,credit,"sell to open 1 x $319 put exp. 7/29/2020 (7 DTE)"
7/23/2020,2:45:00 PM CDT,651,2.04,debit,"buy to close 1 x $319 put exp. 7/29/2020 (6 DTE)"
7/27/2020,2:45:00 PM CDT,652,1.12,credit,"sell to open 1 x $315 put exp. 8/3/2020 (7 DTE)"
7/28/2020,2:45:00 PM CDT,652,1.19,debit,"buy to close 1 x $315 put exp. 8/3/2020 (6 DTE)"
7/29/2020,2:45:00 PM CDT,653,1.11,credit,"sell to open 1 x $317 put exp. 8/5/2020 (7 DTE)"
8/3/2020,2:45:00 PM CDT,653,0.09,debit,"buy to close 1 x $317 put exp. 8/5/2020 (2 DTE)"
8/3/2020,2:45:00 PM CDT,654,1.05,credit,"sell to open 1 x $322 put exp. 8/10/2020 (7 DTE)"
8/5/2020,2:45:00 PM CDT,654,0.3,debit,"buy to close 1 x $322 put exp. 8/10/2020 (5 DTE)"
8/5/2020,2:45:00 PM CDT,655,1.02,credit,"sell to open 1 x $325 put exp. 8/12/2020 (7 DTE)"
8/7/2020,2:45:00 PM CDT,655,0.4,debit,"buy to close 1 x $325 put exp. 8/12/2020 (5 DTE)"
8/7/2020,2:45:00 PM CDT,656,1.08,credit,"sell to open 1 x $328 put exp. 8/14/2020 (7 DTE)"
8/12/2020,2:45:00 PM CDT,656,0.15,debit,"buy to close 1 x $328 put exp. 8/14/2020 (2 DTE)"
8/12/2020,2:45:00 PM CDT,657,1.06,credit,"sell to open 1 x $331 put exp. 8/19/2020 (7 DTE)"
8/17/2020,2:45:00 PM CDT,657,0.15,debit,"buy to close 1 x $331 put exp. 8/19/2020 (2 DTE)"
8/17/2020,2:45:00 PM CDT,658,0.84,credit,"sell to open 1 x $332 put exp. 8/24/2020 (7 DTE)"
8/20/2020,2:45:00 PM CDT,658,0.31,debit,"buy to close 1 x $332 put exp. 8/24/2020 (4 DTE)"
8/20/2020,2:45:00 PM CDT,659,1.11,credit,"sell to open 1 x $331 put exp. 8/28/2020 (8 DTE)"
8/24/2020,2:45:00 PM CDT,659,0.27,debit,"buy to close 1 x $331 put exp. 8/28/2020 (4 DTE)"
8/24/2020,2:45:00 PM CDT,660,0.93,credit,"sell to open 1 x $336 put exp. 8/31/2020 (7 DTE)"
8/26/2020,2:45:00 PM CDT,660,0.38,debit,"buy to close 1 x $336 put exp. 8/31/2020 (5 DTE)"
8/26/2020,2:45:00 PM CDT,661,0.95,credit,"sell to open 1 x $339 put exp. 9/2/2020 (7 DTE)"
8/28/2020,2:45:00 PM CDT,661,0.2,debit,"buy to close 1 x $339 put exp. 9/2/2020 (5 DTE)"
8/28/2020,2:45:00 PM CDT,662,0.8,credit,"sell to open 1 x $343 put exp. 9/4/2020 (7 DTE)"
8/31/2020,2:45:00 PM CDT,662,0.66,debit,"buy to close 1 x $343 put exp. 9/4/2020 (4 DTE)"
11/6/2020,2:45:00 PM CST,663,1.33,credit,"sell to open 1 x $341 put exp. 11/13/2020 (7 DTE)"
11/9/2020,2:45:00 PM CST,663,0.39,debit,"buy to close 1 x $341 put exp. 11/13/2020 (4 DTE)"
11/10/2020,2:45:00 PM CST,664,1.68,credit,"sell to open 1 x $344 put exp. 11/18/2020 (8 DTE)"
11/12/2020,2:45:00 PM CST,664,1.63,debit,"buy to close 1 x $344 put exp. 11/18/2020 (6 DTE)"
11/13/2020,2:45:00 PM CST,665,1.26,credit,"sell to open 1 x $349 put exp. 11/20/2020 (7 DTE)"
11/16/2020,2:45:00 PM CST,665,0.39,debit,"buy to close 1 x $349 put exp. 11/20/2020 (4 DTE)"
11/16/2020,2:45:00 PM CST,666,1.24,credit,"sell to open 1 x $354 put exp. 11/23/2020 (7 DTE)"
11/23/2020,2:45:00 PM CST,666,0.01,debit,"buy to close 1 x $354 put exp. 11/23/2020 (0 DTE)"
11/23/2020,2:45:00 PM CST,667,1.06,credit,"sell to open 1 x $351 put exp. 11/30/2020 (7 DTE)"
11/24/2020,2:45:00 PM CST,667,0.27,debit,"buy to close 1 x $351 put exp. 11/30/2020 (6 DTE)"
11/24/2020,2:45:00 PM CST,668,1.21,credit,"sell to open 1 x $356 put exp. 12/2/2020 (8 DTE)"
11/30/2020,2:45:00 PM CST,668,0.54,debit,"buy to close 1 x $356 put exp. 12/2/2020 (2 DTE)"
11/30/2020,2:45:00 PM CST,669,1.15,credit,"sell to open 1 x $354 put exp. 12/7/2020 (7 DTE)"
12/1/2020,2:45:00 PM CST,669,0.47,debit,"buy to close 1 x $354 put exp. 12/7/2020 (6 DTE)"
12/1/2020,2:45:00 PM CST,670,1.17,credit,"sell to open 1 x $357 put exp. 12/9/2020 (8 DTE)"
12/4/2020,2:45:00 PM CST,670,0.21,debit,"buy to close 1 x $357 put exp. 12/9/2020 (5 DTE)"
12/4/2020,2:45:00 PM CST,671,0.95,credit,"sell to open 1 x $362 put exp. 12/11/2020 (7 DTE)"
12/8/2020,2:45:00 PM CST,671,0.29,debit,"buy to close 1 x $362 put exp. 12/11/2020 (3 DTE)"
12/8/2020,2:45:00 PM CST,672,1.05,credit,"sell to open 1 x $362 put exp. 12/16/2020 (8 DTE)"
12/15/2020,2:45:00 PM CST,672,0.24,debit,"buy to close 1 x $362 put exp. 12/16/2020 (1 DTE)"
12/15/2020,2:45:00 PM CST,673,1.62,credit,"sell to open 1 x $360 put exp. 12/23/2020 (8 DTE)"
12/17/2020,2:45:00 PM CST,673,0.68,debit,"buy to close 1 x $360 put exp. 12/23/2020 (6 DTE)"
12/17/2020,2:45:00 PM CST,674,1.52,credit,"sell to open 1 x $366 put exp. 12/24/2020 (7 DTE)"
12/21/2020,2:45:00 PM CST,674,2.19,debit,"buy to close 1 x $366 put exp. 12/24/2020 (3 DTE)"
12/22/2020,2:45:00 PM CST,675,1.25,credit,"sell to open 1 x $358 put exp. 12/30/2020 (8 DTE)"
12/23/2020,2:45:00 PM CST,675,0.54,debit,"buy to close 1 x $358 put exp. 12/30/2020 (7 DTE)"
12/23/2020,2:45:00 PM CST,676,0.88,credit,"sell to open 1 x $362 put exp. 12/30/2020 (7 DTE)"
12/28/2020,2:45:00 PM CST,676,0.1,debit,"buy to close 1 x $362 put exp. 12/30/2020 (2 DTE)"
12/28/2020,2:45:00 PM CST,677,0.87,credit,"sell to open 1 x $366 put exp. 1/4/2021 (7 DTE)"
12/31/2020,2:45:00 PM CST,677,0.35,debit,"buy to close 1 x $366 put exp. 1/4/2021 (4 DTE)"
12/31/2020,2:45:00 PM CST,678,1.42,credit,"sell to open 1 x $364 put exp. 1/8/2021 (8 DTE)"
1/4/2021,2:45:00 PM CST,678,2.48,debit,"buy to close 1 x $364 put exp. 1/8/2021 (4 DTE)"
1/7/2021,2:45:00 PM CST,679,1.27,credit,"sell to open 1 x $371 put exp. 1/15/2021 (8 DTE)"
1/13/2021,2:45:00 PM CST,679,0.23,debit,"buy to close 1 x $371 put exp. 1/15/2021 (2 DTE)"
1/13/2021,2:45:00 PM CST,680,1.11,credit,"sell to open 1 x $373 put exp. 1/20/2021 (7 DTE)"
1/19/2021,2:45:00 PM CST,680,0.23,debit,"buy to close 1 x $373 put exp. 1/20/2021 (1 DTE)"
1/19/2021,2:45:00 PM CST,681,1.44,credit,"sell to open 1 x $369 put exp. 1/27/2021 (8 DTE)"
1/20/2021,2:45:00 PM CST,681,0.48,debit,"buy to close 1 x $369 put exp. 1/27/2021 (7 DTE)"
1/20/2021,2:45:00 PM CST,682,1.12,credit,"sell to open 1 x $377 put exp. 1/27/2021 (7 DTE)"
1/25/2021,2:45:00 PM CST,682,0.5,debit,"buy to close 1 x $377 put exp. 1/27/2021 (2 DTE)"
1/25/2021,2:45:00 PM CST,683,1.31,credit,"sell to open 1 x $376 put exp. 2/1/2021 (7 DTE)"
1/27/2021,2:45:00 PM CST,683,6.72,debit,"buy to close 1 x $376 put exp. 2/1/2021 (5 DTE)"
2/3/2021,2:45:00 PM CST,684,1.26,credit,"sell to open 1 x $374 put exp. 2/10/2021 (7 DTE)"
2/4/2021,2:45:00 PM CST,684,0.57,debit,"buy to close 1 x $374 put exp. 2/10/2021 (6 DTE)"
2/4/2021,2:45:00 PM CST,685,1.29,credit,"sell to open 1 x $377 put exp. 2/12/2021 (8 DTE)"
2/8/2021,2:45:00 PM CST,685,0.25,debit,"buy to close 1 x $377 put exp. 2/12/2021 (4 DTE)"
2/8/2021,2:45:00 PM CST,686,1.05,credit,"sell to open 1 x $383 put exp. 2/16/2021 (8 DTE)"
2/12/2021,2:45:00 PM CST,686,0.11,debit,"buy to close 1 x $383 put exp. 2/16/2021 (4 DTE)"
2/12/2021,2:45:00 PM CST,687,0.81,credit,"sell to open 1 x $385 put exp. 2/19/2021 (7 DTE)"
2/17/2021,2:45:00 PM CST,687,0.31,debit,"buy to close 1 x $385 put exp. 2/19/2021 (2 DTE)"
2/17/2021,2:45:00 PM CST,688,0.93,credit,"sell to open 1 x $383 put exp. 2/24/2021 (7 DTE)"
2/23/2021,2:45:00 PM CST,688,0.32,debit,"buy to close 1 x $383 put exp. 2/24/2021 (1 DTE)"
2/23/2021,2:45:00 PM CST,689,1.53,credit,"sell to open 1 x $379 put exp. 3/3/2021 (8 DTE)"
2/25/2021,2:45:00 PM CST,689,4.01,debit,"buy to close 1 x $379 put exp. 3/3/2021 (6 DTE)"
3/1/2021,2:45:00 PM CST,690,1.5,credit,"sell to open 1 x $380 put exp. 3/8/2021 (7 DTE)"
3/3/2021,2:45:00 PM CST,690,2.6,debit,"buy to close 1 x $380 put exp. 3/8/2021 (5 DTE)"
3/5/2021,2:45:00 PM CST,691,1.53,credit,"sell to open 1 x $373 put exp. 3/12/2021 (7 DTE)"
3/8/2021,2:45:00 PM CST,691,1.29,debit,"buy to close 1 x $373 put exp. 3/12/2021 (4 DTE)"
3/9/2021,2:45:00 PM CST,692,1.64,credit,"sell to open 1 x $376 put exp. 3/17/2021 (8 DTE)"
3/11/2021,2:45:00 PM CST,692,0.4,debit,"buy to close 1 x $376 put exp. 3/17/2021 (6 DTE)"
3/11/2021,2:45:00 PM CST,693,1.52,credit,"sell to open 1 x $383 put exp. 3/19/2021 (8 DTE)"
3/15/2021,2:45:00 PM CDT,693,0.46,debit,"buy to close 1 x $383 put exp. 3/19/2021 (4 DTE)"
3/15/2021,2:45:00 PM CDT,694,1.24,credit,"sell to open 1 x $388 put exp. 3/22/2021 (7 DTE)"
3/22/2021,2:45:00 PM CDT,694,0.01,debit,"buy to close 1 x $388 put exp. 3/22/2021 (0 DTE)"
3/22/2021,2:45:00 PM CDT,695,1.07,credit,"sell to open 1 x $386 put exp. 3/29/2021 (7 DTE)"
3/26/2021,2:45:00 PM CDT,695,0.22,debit,"buy to close 1 x $386 put exp. 3/29/2021 (3 DTE)"
3/26/2021,2:45:00 PM CDT,696,0.91,credit,"sell to open 1 x $386 put exp. 4/1/2021 (6 DTE)"
3/30/2021,2:45:00 PM CDT,696,0.27,debit,"buy to close 1 x $386 put exp. 4/1/2021 (2 DTE)"
3/30/2021,2:45:00 PM CDT,697,1.17,credit,"sell to open 1 x $386 put exp. 4/7/2021 (8 DTE)"
4/1/2021,2:45:00 PM CDT,697,0.15,debit,"buy to close 1 x $386 put exp. 4/7/2021 (6 DTE)"
4/1/2021,2:45:00 PM CDT,698,0.89,credit,"sell to open 1 x $393 put exp. 4/9/2021 (8 DTE)"
4/5/2021,2:45:00 PM CDT,698,0.2,debit,"buy to close 1 x $393 put exp. 4/9/2021 (4 DTE)"
4/5/2021,2:45:00 PM CDT,699,0.92,credit,"sell to open 1 x $400 put exp. 4/12/2021 (7 DTE)"
4/8/2021,2:45:00 PM CDT,699,0.18,debit,"buy to close 1 x $400 put exp. 4/12/2021 (4 DTE)"
4/8/2021,2:45:00 PM CDT,700,0.87,credit,"sell to open 1 x $400 put exp. 4/16/2021 (8 DTE)"
4/12/2021,2:45:00 PM CDT,700,0.18,debit,"buy to close 1 x $400 put exp. 4/16/2021 (4 DTE)"
4/12/2021,2:45:00 PM CDT,701,0.75,credit,"sell to open 1 x $405 put exp. 4/19/2021 (7 DTE)"
4/15/2021,2:45:00 PM CDT,701,0.12,debit,"buy to close 1 x $405 put exp. 4/19/2021 (4 DTE)"
4/15/2021,2:45:00 PM CDT,702,0.88,credit,"sell to open 1 x $408 put exp. 4/23/2021 (8 DTE)"
4/21/2021,2:45:00 PM CDT,702,0.14,debit,"buy to close 1 x $408 put exp. 4/23/2021 (2 DTE)"
4/21/2021,2:45:00 PM CDT,703,0.88,credit,"sell to open 1 x $409 put exp. 4/28/2021 (7 DTE)"
4/23/2021,2:45:00 PM CDT,703,0.31,debit,"buy to close 1 x $409 put exp. 4/28/2021 (5 DTE)"
4/23/2021,2:45:00 PM CDT,704,0.94,credit,"sell to open 1 x $411 put exp. 4/30/2021 (7 DTE)"
4/27/2021,2:45:00 PM CDT,704,0.41,debit,"buy to close 1 x $411 put exp. 4/30/2021 (3 DTE)"
4/27/2021,2:45:00 PM CDT,705,1.1,credit,"sell to open 1 x $411 put exp. 5/5/2021 (8 DTE)"
4/29/2021,2:45:00 PM CDT,705,0.45,debit,"buy to close 1 x $411 put exp. 5/5/2021 (6 DTE)"
4/29/2021,2:45:00 PM CDT,706,0.96,credit,"sell to open 1 x $412.5 put exp. 5/7/2021 (8 DTE)"
5/6/2021,2:45:00 PM CDT,706,0.18,debit,"buy to close 1 x $412.5 put exp. 5/7/2021 (1 DTE)"
5/6/2021,2:45:00 PM CDT,707,1.31,credit,"sell to open 1 x $409 put exp. 5/14/2021 (8 DTE)"
5/7/2021,2:45:00 PM CDT,707,0.39,debit,"buy to close 1 x $409 put exp. 5/14/2021 (7 DTE)"
5/7/2021,2:45:00 PM CDT,708,0.81,credit,"sell to open 1 x $415 put exp. 5/14/2021 (7 DTE)"
5/11/2021,2:45:00 PM CDT,708,3.48,debit,"buy to close 1 x $415 put exp. 5/14/2021 (3 DTE)"
5/11/2021,2:45:00 PM CDT,709,1.67,credit,"sell to open 1 x $403 put exp. 5/19/2021 (8 DTE)"
5/12/2021,2:45:00 PM CDT,709,4.06,debit,"buy to close 1 x $403 put exp. 5/19/2021 (7 DTE)"
5/13/2021,2:45:00 PM CDT,710,1.85,credit,"sell to open 1 x $401 put exp. 5/21/2021 (8 DTE)"
5/14/2021,2:45:00 PM CDT,710,0.75,debit,"buy to close 1 x $401 put exp. 5/21/2021 (7 DTE)"
5/14/2021,2:45:00 PM CDT,711,1.26,credit,"sell to open 1 x $407 put exp. 5/21/2021 (7 DTE)"
5/20/2021,2:45:00 PM CDT,711,0.1,debit,"buy to close 1 x $407 put exp. 5/21/2021 (1 DTE)"
5/20/2021,2:45:00 PM CDT,712,1.54,credit,"sell to open 1 x $406 put exp. 5/28/2021 (8 DTE)"
5/24/2021,2:45:00 PM CDT,712,0.27,debit,"buy to close 1 x $406 put exp. 5/28/2021 (4 DTE)"
5/24/2021,2:45:00 PM CDT,713,1.01,credit,"sell to open 1 x $413 put exp. 6/1/2021 (8 DTE)"
5/27/2021,2:45:00 PM CDT,713,0.31,debit,"buy to close 1 x $413 put exp. 6/1/2021 (5 DTE)"
5/27/2021,2:45:00 PM CDT,714,0.9,credit,"sell to open 1 x $412.5 put exp. 6/4/2021 (8 DTE)"
6/1/2021,2:45:00 PM CDT,714,0.36,debit,"buy to close 1 x $412.5 put exp. 6/4/2021 (3 DTE)"
6/1/2021,2:45:00 PM CDT,715,0.95,credit,"sell to open 1 x $412 put exp. 6/9/2021 (8 DTE)"
6/4/2021,2:45:00 PM CDT,715,0.14,debit,"buy to close 1 x $412 put exp. 6/9/2021 (5 DTE)"
6/4/2021,2:45:00 PM CDT,716,0.61,credit,"sell to open 1 x $416 put exp. 6/11/2021 (7 DTE)"
6/10/2021,2:45:00 PM CDT,716,0.06,debit,"buy to close 1 x $416 put exp. 6/11/2021 (1 DTE)"
6/10/2021,2:45:00 PM CDT,717,1.05,credit,"sell to open 1 x $415 put exp. 6/18/2021 (8 DTE)"
6/17/2021,2:45:00 PM CDT,717,0.24,debit,"buy to close 1 x $415 put exp. 6/18/2021 (1 DTE)"
6/17/2021,2:45:00 PM CDT,718,1.51,credit,"sell to open 1 x $416 put exp. 6/25/2021 (8 DTE)"
6/22/2021,2:45:00 PM CDT,718,0.34,debit,"buy to close 1 x $416 put exp. 6/25/2021 (3 DTE)"
6/22/2021,2:45:00 PM CDT,719,0.76,credit,"sell to open 1 x $414 put exp. 6/30/2021 (8 DTE)"
6/24/2021,2:45:00 PM CDT,719,0.26,debit,"buy to close 1 x $414 put exp. 6/30/2021 (6 DTE)"
6/24/2021,2:45:00 PM CDT,720,0.78,credit,"sell to open 1 x $417.5 put exp. 7/2/2021 (8 DTE)"
6/28/2021,2:45:00 PM CDT,720,0.24,debit,"buy to close 1 x $417.5 put exp. 7/2/2021 (4 DTE)"
6/28/2021,2:45:00 PM CDT,721,0.64,credit,"sell to open 1 x $421 put exp. 7/6/2021 (8 DTE)"
6/30/2021,2:45:00 PM CDT,721,0.27,debit,"buy to close 1 x $421 put exp. 7/6/2021 (6 DTE)"
6/30/2021,2:45:00 PM CDT,722,0.68,credit,"sell to open 1 x $424 put exp. 7/7/2021 (7 DTE)"
7/2/2021,2:45:00 PM CDT,722,0.11,debit,"buy to close 1 x $424 put exp. 7/7/2021 (5 DTE)"
7/2/2021,2:45:00 PM CDT,723,0.61,credit,"sell to open 1 x $429 put exp. 7/9/2021 (7 DTE)"
7/7/2021,2:45:00 PM CDT,723,0.22,debit,"buy to close 1 x $429 put exp. 7/9/2021 (2 DTE)"
7/7/2021,2:45:00 PM CDT,724,0.72,credit,"sell to open 1 x $427 put exp. 7/14/2021 (7 DTE)"
7/12/2021,2:45:00 PM CDT,724,0.12,debit,"buy to close 1 x $427 put exp. 7/14/2021 (2 DTE)"
7/12/2021,2:45:00 PM CDT,725,0.91,credit,"sell to open 1 x $431 put exp. 7/19/2021 (7 DTE)"
7/19/2021,2:45:00 PM CDT,725,8.19,debit,"buy to close 1 x $431 put exp. 7/19/2021 (0 DTE)"
7/19/2021,2:45:00 PM CDT,726,1.78,credit,"sell to open 1 x $412 put exp. 7/26/2021 (7 DTE)"
7/20/2021,2:45:00 PM CDT,726,0.23,debit,"buy to close 1 x $412 put exp. 7/26/2021 (6 DTE)"
7/20/2021,2:45:00 PM CDT,727,1.38,credit,"sell to open 1 x $422 put exp. 7/28/2021 (8 DTE)"
7/21/2021,2:45:00 PM CDT,727,0.57,debit,"buy to close 1 x $422 put exp. 7/28/2021 (7 DTE)"
7/21/2021,2:45:00 PM CDT,728,0.94,credit,"sell to open 1 x $426 put exp. 7/28/2021 (7 DTE)"
7/23/2021,2:45:00 PM CDT,728,0.14,debit,"buy to close 1 x $426 put exp. 7/28/2021 (5 DTE)"
7/23/2021,2:45:00 PM CDT,729,0.89,credit,"sell to open 1 x $434 put exp. 7/30/2021 (7 DTE)"
7/28/2021,2:45:00 PM CDT,729,0.39,debit,"buy to close 1 x $434 put exp. 7/30/2021 (2 DTE)"
7/28/2021,2:45:00 PM CDT,730,0.82,credit,"sell to open 1 x $432 put exp. 8/4/2021 (7 DTE)"
8/3/2021,2:45:00 PM CDT,730,0.04,debit,"buy to close 1 x $432 put exp. 8/4/2021 (1 DTE)"
8/3/2021,2:45:00 PM CDT,731,0.97,credit,"sell to open 1 x $433 put exp. 8/11/2021 (8 DTE)"
8/6/2021,2:45:00 PM CDT,731,0.2,debit,"buy to close 1 x $433 put exp. 8/11/2021 (5 DTE)"
8/6/2021,2:45:00 PM CDT,732,0.71,credit,"sell to open 1 x $436 put exp. 8/13/2021 (7 DTE)"
8/11/2021,2:45:00 PM CDT,732,0.13,debit,"buy to close 1 x $436 put exp. 8/13/2021 (2 DTE)"
8/11/2021,2:45:00 PM CDT,733,0.68,credit,"sell to open 1 x $438 put exp. 8/18/2021 (7 DTE)"
8/13/2021,2:45:00 PM CDT,733,0.26,debit,"buy to close 1 x $438 put exp. 8/18/2021 (5 DTE)"
8/13/2021,2:45:00 PM CDT,734,0.72,credit,"sell to open 1 x $441 put exp. 8/20/2021 (7 DTE)"
8/20/2021,2:45:00 PM CDT,734,0.02,debit,"buy to close 1 x $441 put exp. 8/20/2021 (0 DTE)"
8/20/2021,2:45:00 PM CDT,735,1.2,credit,"sell to open 1 x $437 put exp. 8/27/2021 (7 DTE)"
8/23/2021,2:45:00 PM CDT,735,0.3,debit,"buy to close 1 x $437 put exp. 8/27/2021 (4 DTE)"
8/23/2021,2:45:00 PM CDT,736,0.8,credit,"sell to open 1 x $441 put exp. 8/30/2021 (7 DTE)"
8/25/2021,2:45:00 PM CDT,736,0.3,debit,"buy to close 1 x $441 put exp. 8/30/2021 (5 DTE)"
8/25/2021,2:45:00 PM CDT,737,0.83,credit,"sell to open 1 x $444 put exp. 9/1/2021 (7 DTE)"
8/30/2021,2:45:00 PM CDT,737,0.11,debit,"buy to close 1 x $444 put exp. 9/1/2021 (2 DTE)"
8/30/2021,2:45:00 PM CDT,738,0.6,credit,"sell to open 1 x $446 put exp. 9/7/2021 (8 DTE)"
9/3/2021,2:45:00 PM CDT,738,0.11,debit,"buy to close 1 x $446 put exp. 9/7/2021 (4 DTE)"
9/3/2021,2:45:00 PM CDT,739,0.63,credit,"sell to open 1 x $448 put exp. 9/10/2021 (7 DTE)"
9/10/2021,3:00:00 PM CDT,739,445.44,credit,"sell to close 100 shares"
9/13/2021,2:45:00 PM CDT,740,1.58,credit,"sell to open 1 x $436 put exp. 9/20/2021 (7 DTE)"
9/15/2021,2:45:00 PM CDT,740,0.39,debit,"buy to close 1 x $436 put exp. 9/20/2021 (5 DTE)"
9/15/2021,2:45:00 PM CDT,741,1.68,credit,"sell to open 1 x $443 put exp. 9/22/2021 (7 DTE)"
9/20/2021,2:45:00 PM CDT,741,10.97,debit,"buy to close 1 x $443 put exp. 9/22/2021 (2 DTE)"
9/21/2021,2:45:00 PM CDT,742,1.93,credit,"sell to open 1 x $422 put exp. 9/29/2021 (8 DTE)"
9/22/2021,2:45:00 PM CDT,742,0.77,debit,"buy to close 1 x $422 put exp. 9/29/2021 (7 DTE)"
9/22/2021,2:45:00 PM CDT,743,1.5,credit,"sell to open 1 x $429 put exp. 9/29/2021 (7 DTE)"
9/23/2021,2:45:00 PM CDT,743,0.48,debit,"buy to close 1 x $429 put exp. 9/29/2021 (6 DTE)"
9/23/2021,2:45:00 PM CDT,744,1.07,credit,"sell to open 1 x $434 put exp. 9/30/2021 (7 DTE)"
9/27/2021,2:45:00 PM CDT,744,0.36,debit,"buy to close 1 x $434 put exp. 9/30/2021 (3 DTE)"
9/27/2021,2:45:00 PM CDT,745,0.84,credit,"sell to open 1 x $434 put exp. 10/4/2021 (7 DTE)"
9/28/2021,2:45:00 PM CDT,745,4.15,debit,"buy to close 1 x $434 put exp. 10/4/2021 (6 DTE)"
9/28/2021,2:45:00 PM CDT,746,2.03,credit,"sell to open 1 x $422 put exp. 10/6/2021 (8 DTE)"
10/1/2021,2:45:00 PM CDT,746,0.57,debit,"buy to close 1 x $422 put exp. 10/6/2021 (5 DTE)"
10/1/2021,2:45:00 PM CDT,747,1.4,credit,"sell to open 1 x $424 put exp. 10/8/2021 (7 DTE)"
10/5/2021,2:45:00 PM CDT,747,0.66,debit,"buy to close 1 x $424 put exp. 10/8/2021 (3 DTE)"
10/5/2021,2:45:00 PM CDT,748,1.62,credit,"sell to open 1 x $423 put exp. 10/13/2021 (8 DTE)"
10/7/2021,2:45:00 PM CDT,748,0.54,debit,"buy to close 1 x $423 put exp. 10/13/2021 (6 DTE)"
10/7/2021,2:45:00 PM CDT,749,1.54,credit,"sell to open 1 x $428 put exp. 10/15/2021 (8 DTE)"
10/13/2021,2:45:00 PM CDT,749,0.57,debit,"buy to close 1 x $428 put exp. 10/15/2021 (2 DTE)"
10/13/2021,2:45:00 PM CDT,750,1.31,credit,"sell to open 1 x $426 put exp. 10/20/2021 (7 DTE)"
10/14/2021,2:45:00 PM CDT,750,0.34,debit,"buy to close 1 x $426 put exp. 10/20/2021 (6 DTE)"
10/14/2021,2:45:00 PM CDT,751,1.33,credit,"sell to open 1 x $434 put exp. 10/22/2021 (8 DTE)"
10/15/2021,2:45:00 PM CDT,751,0.51,debit,"buy to close 1 x $434 put exp. 10/22/2021 (7 DTE)"
10/15/2021,2:45:00 PM CDT,752,0.85,credit,"sell to open 1 x $438 put exp. 10/22/2021 (7 DTE)"
10/18/2021,2:45:00 PM CDT,752,0.4,debit,"buy to close 1 x $438 put exp. 10/22/2021 (4 DTE)"
10/18/2021,2:45:00 PM CDT,753,0.8,credit,"sell to open 1 x $440 put exp. 10/25/2021 (7 DTE)"
10/19/2021,2:45:00 PM CDT,753,0.36,debit,"buy to close 1 x $440 put exp. 10/25/2021 (6 DTE)"
10/19/2021,2:45:00 PM CDT,754,0.99,credit,"sell to open 1 x $443 put exp. 10/27/2021 (8 DTE)"
10/21/2021,2:45:00 PM CDT,754,0.33,debit,"buy to close 1 x $443 put exp. 10/27/2021 (6 DTE)"
10/21/2021,2:45:00 PM CDT,755,0.86,credit,"sell to open 1 x $446 put exp. 10/29/2021 (8 DTE)"
10/25/2021,2:45:00 PM CDT,755,0.3,debit,"buy to close 1 x $446 put exp. 10/29/2021 (4 DTE)"
10/25/2021,2:45:00 PM CDT,756,0.85,credit,"sell to open 1 x $450 put exp. 11/1/2021 (7 DTE)"
10/28/2021,2:45:00 PM CDT,756,0.28,debit,"buy to close 1 x $450 put exp. 11/1/2021 (4 DTE)"
10/28/2021,2:45:00 PM CDT,757,1.16,credit,"sell to open 1 x $449 put exp. 11/5/2021 (8 DTE)"
11/1/2021,2:45:00 PM CDT,757,0.4,debit,"buy to close 1 x $449 put exp. 11/5/2021 (4 DTE)"
11/1/2021,2:45:00 PM CDT,758,1.09,credit,"sell to open 1 x $453 put exp. 11/8/2021 (7 DTE)"
11/3/2021,2:45:00 PM CDT,758,0.21,debit,"buy to close 1 x $453 put exp. 11/8/2021 (5 DTE)"
11/3/2021,2:45:00 PM CDT,759,0.9,credit,"sell to open 1 x $458 put exp. 11/10/2021 (7 DTE)"
11/5/2021,2:45:00 PM CDT,759,0.28,debit,"buy to close 1 x $458 put exp. 11/10/2021 (5 DTE)"
11/5/2021,2:45:00 PM CDT,760,0.91,credit,"sell to open 1 x $462 put exp. 11/12/2021 (7 DTE)"
11/12/2021,2:45:00 PM CST,760,0.01,debit,"buy to close 1 x $462 put exp. 11/12/2021 (0 DTE)"
11/12/2021,2:45:00 PM CST,761,0.98,credit,"sell to open 1 x $461 put exp. 11/19/2021 (7 DTE)"
11/16/2021,2:45:00 PM CST,761,0.25,debit,"buy to close 1 x $461 put exp. 11/19/2021 (3 DTE)"
11/16/2021,2:45:00 PM CST,762,0.99,credit,"sell to open 1 x $463 put exp. 11/24/2021 (8 DTE)"
11/22/2021,2:45:00 PM CST,762,0.26,debit,"buy to close 1 x $463 put exp. 11/24/2021 (2 DTE)"
11/22/2021,2:45:00 PM CST,763,0.73,credit,"sell to open 1 x $463 put exp. 11/29/2021 (7 DTE)"
11/26/2021,2:45:00 PM CST,763,4.01,debit,"buy to close 1 x $463 put exp. 11/29/2021 (3 DTE)"
11/29/2021,2:45:00 PM CST,764,1.45,credit,"sell to open 1 x $455 put exp. 12/6/2021 (7 DTE)"
11/30/2021,2:45:00 PM CST,764,4.04,debit,"buy to close 1 x $455 put exp. 12/6/2021 (6 DTE)"
12/7/2021,2:45:00 PM CST,765,1.84,credit,"sell to open 1 x $455 put exp. 12/15/2021 (8 DTE)"
12/8/2021,2:45:00 PM CST,765,0.71,debit,"buy to close 1 x $455 put exp. 12/15/2021 (7 DTE)"
12/8/2021,2:45:00 PM CST,766,1.2,credit,"sell to open 1 x $460 put exp. 12/15/2021 (7 DTE)"
12/13/2021,2:45:00 PM CST,766,0.54,debit,"buy to close 1 x $460 put exp. 12/15/2021 (2 DTE)"
12/13/2021,2:45:00 PM CST,767,1.56,credit,"sell to open 1 x $459 put exp. 12/20/2021 (7 DTE)"
12/20/2021,3:00:00 PM CST,767,454.98,credit,"sell to close 100 shares"
12/21/2021,2:45:00 PM CST,768,1.54,credit,"sell to open 1 x $451 put exp. 12/29/2021 (8 DTE)"
12/22/2021,2:45:00 PM CST,768,0.24,debit,"buy to close 1 x $451 put exp. 12/29/2021 (7 DTE)"
12/22/2021,2:45:00 PM CST,769,1.12,credit,"sell to open 1 x $460 put exp. 12/29/2021 (7 DTE)"
12/23/2021,2:45:00 PM CST,769,0.25,debit,"buy to close 1 x $460 put exp. 12/29/2021 (6 DTE)"
12/23/2021,2:45:00 PM CST,770,1.04,credit,"sell to open 1 x $464 put exp. 12/31/2021 (8 DTE)"
12/27/2021,2:45:00 PM CST,770,0.26,debit,"buy to close 1 x $464 put exp. 12/31/2021 (4 DTE)"
12/27/2021,2:45:00 PM CST,771,0.84,credit,"sell to open 1 x $469 put exp. 1/3/2022 (7 DTE)"
12/29/2021,2:45:00 PM CST,771,0.24,debit,"buy to close 1 x $469 put exp. 1/3/2022 (5 DTE)"
12/29/2021,2:45:00 PM CST,772,0.71,credit,"sell to open 1 x $471 put exp. 1/5/2022 (7 DTE)"
1/3/2022,2:45:00 PM CST,772,0.3,debit,"buy to close 1 x $471 put exp. 1/5/2022 (2 DTE)"
1/3/2022,2:45:00 PM CST,773,0.78,credit,"sell to open 1 x $470 put exp. 1/10/2022 (7 DTE)"
1/6/2022,2:45:00 PM CST,773,3.58,debit,"buy to close 1 x $470 put exp. 1/10/2022 (4 DTE)"
1/6/2022,2:45:00 PM CST,774,1.6,credit,"sell to open 1 x $457 put exp. 1/14/2022 (8 DTE)"
1/11/2022,2:45:00 PM CST,774,0.49,debit,"buy to close 1 x $457 put exp. 1/14/2022 (3 DTE)"
1/11/2022,2:45:00 PM CST,775,1.23,credit,"sell to open 1 x $460 put exp. 1/18/2022 (7 DTE)"
1/12/2022,2:45:00 PM CST,775,0.51,debit,"buy to close 1 x $460 put exp. 1/18/2022 (6 DTE)"
1/12/2022,2:45:00 PM CST,776,1.24,credit,"sell to open 1 x $464 put exp. 1/19/2022 (7 DTE)"
1/18/2022,2:45:00 PM CST,776,8.27,debit,"buy to close 1 x $464 put exp. 1/19/2022 (1 DTE)"
1/18/2022,2:45:00 PM CST,777,2.02,credit,"sell to open 1 x $442 put exp. 1/26/2022 (8 DTE)"
1/20/2022,2:45:00 PM CST,777,2.72,debit,"buy to close 1 x $442 put exp. 1/26/2022 (6 DTE)"
1/31/2022,2:45:00 PM CST,778,1.79,credit,"sell to open 1 x $435 put exp. 2/7/2022 (7 DTE)"
2/1/2022,2:45:00 PM CST,778,0.6,debit,"buy to close 1 x $435 put exp. 2/7/2022 (6 DTE)"
2/1/2022,2:45:00 PM CST,779,1.69,credit,"sell to open 1 x $440 put exp. 2/9/2022 (8 DTE)"
2/2/2022,2:45:00 PM CST,779,0.76,debit,"buy to close 1 x $440 put exp. 2/9/2022 (7 DTE)"
2/2/2022,2:45:00 PM CST,780,1.64,credit,"sell to open 1 x $448 put exp. 2/9/2022 (7 DTE)"
2/9/2022,2:45:00 PM CST,780,0.01,debit,"buy to close 1 x $448 put exp. 2/9/2022 (0 DTE)"
2/9/2022,2:45:00 PM CST,781,1.35,credit,"sell to open 1 x $446 put exp. 2/16/2022 (7 DTE)"
2/11/2022,2:45:00 PM CST,781,8.3,debit,"buy to close 1 x $446 put exp. 2/16/2022 (5 DTE)"
2/16/2022,2:45:00 PM CST,782,1.66,credit,"sell to open 1 x $437 put exp. 2/23/2022 (7 DTE)"
2/17/2022,2:45:00 PM CST,782,4.72,debit,"buy to close 1 x $437 put exp. 2/23/2022 (6 DTE)"
3/18/2022,2:45:00 PM CDT,783,1.73,credit,"sell to open 1 x $433 put exp. 3/25/2022 (7 DTE)"
3/22/2022,2:45:00 PM CDT,783,0.38,debit,"buy to close 1 x $433 put exp. 3/25/2022 (3 DTE)"
3/22/2022,2:45:00 PM CDT,784,1.85,credit,"sell to open 1 x $438 put exp. 3/30/2022 (8 DTE)"
3/25/2022,2:45:00 PM CDT,784,0.41,debit,"buy to close 1 x $438 put exp. 3/30/2022 (5 DTE)"
3/25/2022,2:45:00 PM CDT,785,1.38,credit,"sell to open 1 x $441 put exp. 4/1/2022 (7 DTE)"
3/28/2022,2:45:00 PM CDT,785,0.43,debit,"buy to close 1 x $441 put exp. 4/1/2022 (4 DTE)"
3/28/2022,2:45:00 PM CDT,786,1.29,credit,"sell to open 1 x $446 put exp. 4/4/2022 (7 DTE)"
3/29/2022,2:45:00 PM CDT,786,0.39,debit,"buy to close 1 x $446 put exp. 4/4/2022 (6 DTE)"
3/29/2022,2:45:00 PM CDT,787,1.39,credit,"sell to open 1 x $452 put exp. 4/6/2022 (8 DTE)"
4/6/2022,3:00:00 PM CDT,787,446.52,credit,"sell to close 100 shares"
4/7/2022,2:45:00 PM CDT,788,1.67,credit,"sell to open 1 x $441 put exp. 4/14/2022 (7 DTE)"
4/13/2022,2:45:00 PM CDT,788,0.8,debit,"buy to close 1 x $441 put exp. 4/14/2022 (1 DTE)"
4/13/2022,2:45:00 PM CDT,789,1.21,credit,"sell to open 1 x $435 put exp. 4/20/2022 (7 DTE)"
4/19/2022,2:45:00 PM CDT,789,0.08,debit,"buy to close 1 x $435 put exp. 4/20/2022 (1 DTE)"
4/19/2022,2:45:00 PM CDT,790,1.56,credit,"sell to open 1 x $434 put exp. 4/27/2022 (8 DTE)"
4/22/2022,2:45:00 PM CDT,790,7.53,debit,"buy to close 1 x $434 put exp. 4/27/2022 (5 DTE)"
6/2/2022,2:45:00 PM CDT,791,1.78,credit,"sell to open 1 x $404 put exp. 6/10/2022 (8 DTE)"
6/6/2022,2:45:00 PM CDT,791,1.89,debit,"buy to close 1 x $404 put exp. 6/10/2022 (4 DTE)"
6/7/2022,2:45:00 PM CDT,792,1.79,credit,"sell to open 1 x $403 put exp. 6/15/2022 (8 DTE)"
6/9/2022,2:45:00 PM CDT,792,5.53,debit,"buy to close 1 x $403 put exp. 6/15/2022 (6 DTE)"
7/8/2022,2:45:00 PM CDT,793,1.5,credit,"sell to open 1 x $379 put exp. 7/15/2022 (7 DTE)"
7/11/2022,2:45:00 PM CDT,793,2.49,debit,"buy to close 1 x $379 put exp. 7/15/2022 (4 DTE)"
7/15/2022,2:45:00 PM CDT,794,1.42,credit,"sell to open 1 x $375 put exp. 7/22/2022 (7 DTE)"
7/18/2022,2:45:00 PM CDT,794,1.79,debit,"buy to close 1 x $375 put exp. 7/22/2022 (4 DTE)"
7/19/2022,2:45:00 PM CDT,795,1.91,credit,"sell to open 1 x $380 put exp. 7/27/2022 (8 DTE)"
7/21/2022,2:45:00 PM CDT,795,0.51,debit,"buy to close 1 x $380 put exp. 7/27/2022 (6 DTE)"
7/21/2022,2:45:00 PM CDT,796,1.83,credit,"sell to open 1 x $386 put exp. 7/29/2022 (8 DTE)"
7/27/2022,2:45:00 PM CDT,796,0.34,debit,"buy to close 1 x $386 put exp. 7/29/2022 (2 DTE)"
7/27/2022,2:45:00 PM CDT,797,1.57,credit,"sell to open 1 x $392 put exp. 8/3/2022 (7 DTE)"
7/28/2022,2:45:00 PM CDT,797,0.61,debit,"buy to close 1 x $392 put exp. 8/3/2022 (6 DTE)"
7/28/2022,2:45:00 PM CDT,798,1.46,credit,"sell to open 1 x $395 put exp. 8/5/2022 (8 DTE)"
7/29/2022,2:45:00 PM CDT,798,0.37,debit,"buy to close 1 x $395 put exp. 8/5/2022 (7 DTE)"
7/29/2022,2:45:00 PM CDT,799,1.26,credit,"sell to open 1 x $404 put exp. 8/5/2022 (7 DTE)"
8/3/2022,2:45:00 PM CDT,799,0.34,debit,"buy to close 1 x $404 put exp. 8/5/2022 (2 DTE)"
8/3/2022,2:45:00 PM CDT,800,1.3,credit,"sell to open 1 x $405 put exp. 8/10/2022 (7 DTE)"
8/9/2022,2:45:00 PM CDT,800,0.61,debit,"buy to close 1 x $405 put exp. 8/10/2022 (1 DTE)"
8/9/2022,2:45:00 PM CDT,801,1.57,credit,"sell to open 1 x $401 put exp. 8/17/2022 (8 DTE)"
8/10/2022,2:45:00 PM CDT,801,0.27,debit,"buy to close 1 x $401 put exp. 8/17/2022 (7 DTE)"
8/10/2022,2:45:00 PM CDT,802,1.21,credit,"sell to open 1 x $412 put exp. 8/17/2022 (7 DTE)"
8/12/2022,2:45:00 PM CDT,802,0.17,debit,"buy to close 1 x $412 put exp. 8/17/2022 (5 DTE)"
8/12/2022,2:45:00 PM CDT,803,1.01,credit,"sell to open 1 x $418 put exp. 8/19/2022 (7 DTE)"
8/15/2022,2:45:00 PM CDT,803,0.45,debit,"buy to close 1 x $418 put exp. 8/19/2022 (4 DTE)"
8/15/2022,2:45:00 PM CDT,804,1.08,credit,"sell to open 1 x $421 put exp. 8/22/2022 (7 DTE)"
8/18/2022,2:45:00 PM CDT,804,0.49,debit,"buy to close 1 x $421 put exp. 8/22/2022 (4 DTE)"
8/18/2022,2:45:00 PM CDT,805,1.34,credit,"sell to open 1 x $419 put exp. 8/26/2022 (8 DTE)"
8/22/2022,2:45:00 PM CDT,805,7.76,debit,"buy to close 1 x $419 put exp. 8/26/2022 (4 DTE)"
8/22/2022,2:45:00 PM CDT,806,1.36,credit,"sell to open 1 x $402 put exp. 8/29/2022 (7 DTE)"
8/24/2022,2:45:00 PM CDT,806,0.51,debit,"buy to close 1 x $402 put exp. 8/29/2022 (5 DTE)"
8/24/2022,2:45:00 PM CDT,807,1.34,credit,"sell to open 1 x $404 put exp. 8/31/2022 (7 DTE)"
8/26/2022,2:45:00 PM CDT,807,3.33,debit,"buy to close 1 x $404 put exp. 8/31/2022 (5 DTE)"
9/7/2022,2:45:00 PM CDT,808,1.62,credit,"sell to open 1 x $387 put exp. 9/14/2022 (7 DTE)"
9/9/2022,2:45:00 PM CDT,808,0.22,debit,"buy to close 1 x $387 put exp. 9/14/2022 (5 DTE)"
9/9/2022,2:45:00 PM CDT,809,1.74,credit,"sell to open 1 x $397 put exp. 9/16/2022 (7 DTE)"
9/13/2022,2:45:00 PM CDT,809,8.08,debit,"buy to close 1 x $397 put exp. 9/16/2022 (3 DTE)"
11/4/2022,2:45:00 PM CDT,810,1.65,credit,"sell to open 1 x $364 put exp. 11/11/2022 (7 DTE)"
11/7/2022,2:45:00 PM CST,810,0.67,debit,"buy to close 1 x $364 put exp. 11/11/2022 (4 DTE)"
11/7/2022,2:45:00 PM CST,811,1.75,credit,"sell to open 1 x $369 put exp. 11/14/2022 (7 DTE)"
11/8/2022,2:45:00 PM CST,811,1.19,debit,"buy to close 1 x $369 put exp. 11/14/2022 (6 DTE)"
11/10/2022,2:45:00 PM CST,812,1.66,credit,"sell to open 1 x $382 put exp. 11/18/2022 (8 DTE)"
11/11/2022,2:45:00 PM CST,812,0.64,debit,"buy to close 1 x $382 put exp. 11/18/2022 (7 DTE)"
11/11/2022,2:45:00 PM CST,813,1.49,credit,"sell to open 1 x $389 put exp. 11/18/2022 (7 DTE)"
11/18/2022,2:45:00 PM CST,813,0.01,debit,"buy to close 1 x $389 put exp. 11/18/2022 (0 DTE)"
11/18/2022,2:45:00 PM CST,814,1.07,credit,"sell to open 1 x $389 put exp. 11/25/2022 (7 DTE)"
11/22/2022,2:45:00 PM CST,814,0.13,debit,"buy to close 1 x $389 put exp. 11/25/2022 (3 DTE)"
11/22/2022,2:45:00 PM CST,815,0.76,credit,"sell to open 1 x $392 put exp. 11/29/2022 (7 DTE)"
11/23/2022,2:45:00 PM CST,815,0.25,debit,"buy to close 1 x $392 put exp. 11/29/2022 (6 DTE)"
11/23/2022,2:45:00 PM CST,816,0.79,credit,"sell to open 1 x $394 put exp. 11/30/2022 (7 DTE)"
11/30/2022,2:45:00 PM CST,816,0.01,debit,"buy to close 1 x $394 put exp. 11/30/2022 (0 DTE)"
11/30/2022,2:45:00 PM CST,817,1.37,credit,"sell to open 1 x $398 put exp. 12/7/2022 (7 DTE)"
12/1/2022,2:45:00 PM CST,817,0.65,debit,"buy to close 1 x $398 put exp. 12/7/2022 (6 DTE)"
12/1/2022,2:45:00 PM CST,818,1.12,credit,"sell to open 1 x $400 put exp. 12/8/2022 (7 DTE)"
12/6/2022,2:45:00 PM CST,818,6.54,debit,"buy to close 1 x $400 put exp. 12/8/2022 (2 DTE)"
12/6/2022,2:45:00 PM CST,819,1.72,credit,"sell to open 1 x $383 put exp. 12/13/2022 (7 DTE)"
12/12/2022,2:45:00 PM CST,819,0.5,debit,"buy to close 1 x $383 put exp. 12/13/2022 (1 DTE)"
12/13/2022,2:45:00 PM CST,820,1.92,credit,"sell to open 1 x $391 put exp. 12/20/2022 (7 DTE)"
12/19/2022,2:45:00 PM CST,820,11.64,debit,"buy to close 1 x $391 put exp. 12/20/2022 (1 DTE)"
12/19/2022,2:45:00 PM CST,821,1.15,credit,"sell to open 1 x $371 put exp. 12/27/2022 (8 DTE)"
12/21/2022,2:45:00 PM CST,821,0.13,debit,"buy to close 1 x $371 put exp. 12/27/2022 (6 DTE)"
12/21/2022,2:45:00 PM CST,822,0.87,credit,"sell to open 1 x $379 put exp. 12/28/2022 (7 DTE)"
12/28/2022,3:00:00 PM CST,822,376.66,credit,"sell to close 100 shares"
12/29/2022,2:45:00 PM CST,823,0.98,credit,"sell to open 1 x $376 put exp. 1/5/2023 (7 DTE)"
1/4/2023,2:45:00 PM CST,823,0.23,debit,"buy to close 1 x $376 put exp. 1/5/2023 (1 DTE)"
1/4/2023,2:45:00 PM CST,824,1.21,credit,"sell to open 1 x $373 put exp. 1/11/2023 (7 DTE)"
1/6/2023,2:45:00 PM CST,824,0.11,debit,"buy to close 1 x $373 put exp. 1/11/2023 (5 DTE)"
1/6/2023,2:45:00 PM CST,825,1.51,credit,"sell to open 1 x $379 put exp. 1/13/2023 (7 DTE)"
1/11/2023,2:45:00 PM CST,825,0.38,debit,"buy to close 1 x $379 put exp. 1/13/2023 (2 DTE)"
1/11/2023,2:45:00 PM CST,826,1.57,credit,"sell to open 1 x $384 put exp. 1/18/2023 (7 DTE)"
1/12/2023,2:45:00 PM CST,826,0.32,debit,"buy to close 1 x $384 put exp. 1/18/2023 (6 DTE)"
1/12/2023,2:45:00 PM CST,827,1.09,credit,"sell to open 1 x $389 put exp. 1/19/2023 (7 DTE)"
1/13/2023,2:45:00 PM CST,827,0.41,debit,"buy to close 1 x $389 put exp. 1/19/2023 (6 DTE)"
1/13/2023,2:45:00 PM CST,828,0.95,credit,"sell to open 1 x $392 put exp. 1/20/2023 (7 DTE)"
1/20/2023,2:45:00 PM CST,828,0.02,debit,"buy to close 1 x $392 put exp. 1/20/2023 (0 DTE)"
1/20/2023,2:45:00 PM CST,829,1.11,credit,"sell to open 1 x $388 put exp. 1/27/2023 (7 DTE)"
1/23/2023,2:45:00 PM CST,829,0.36,debit,"buy to close 1 x $388 put exp. 1/27/2023 (4 DTE)"
1/23/2023,2:45:00 PM CST,830,1.14,credit,"sell to open 1 x $393 put exp. 1/30/2023 (7 DTE)"
1/26/2023,2:45:00 PM CST,830,0.17,debit,"buy to close 1 x $393 put exp. 1/30/2023 (4 DTE)"
1/26/2023,2:45:00 PM CST,831,1.29,credit,"sell to open 1 x $394 put exp. 2/2/2023 (7 DTE)"
1/27/2023,2:45:00 PM CST,831,0.56,debit,"buy to close 1 x $394 put exp. 2/2/2023 (6 DTE)"
1/27/2023,2:45:00 PM CST,832,1.38,credit,"sell to open 1 x $397 put exp. 2/3/2023 (7 DTE)"
2/1/2023,2:45:00 PM CST,832,0.18,debit,"buy to close 1 x $397 put exp. 2/3/2023 (2 DTE)"
2/1/2023,2:45:00 PM CST,833,1.28,credit,"sell to open 1 x $404 put exp. 2/8/2023 (7 DTE)"
2/7/2023,2:45:00 PM CST,833,0.05,debit,"buy to close 1 x $404 put exp. 2/8/2023 (1 DTE)"
2/7/2023,2:45:00 PM CST,834,1.4,credit,"sell to open 1 x $406 put exp. 2/14/2023 (7 DTE)"
2/14/2023,2:45:00 PM CST,834,0.01,debit,"buy to close 1 x $406 put exp. 2/14/2023 (0 DTE)"
2/14/2023,2:45:00 PM CST,835,0.94,credit,"sell to open 1 x $405 put exp. 2/21/2023 (7 DTE)"
2/21/2023,2:45:00 PM CST,835,5.08,debit,"buy to close 1 x $405 put exp. 2/21/2023 (0 DTE)"
2/21/2023,2:45:00 PM CST,836,1.45,credit,"sell to open 1 x $391 put exp. 2/28/2023 (7 DTE)"
2/23/2023,2:45:00 PM CST,836,0.45,debit,"buy to close 1 x $391 put exp. 2/28/2023 (5 DTE)"
2/23/2023,2:45:00 PM CST,837,1.14,credit,"sell to open 1 x $393 put exp. 3/2/2023 (7 DTE)"
3/2/2023,2:45:00 PM CST,837,0.03,debit,"buy to close 1 x $393 put exp. 3/2/2023 (0 DTE)"
3/2/2023,2:45:00 PM CST,838,1.07,credit,"sell to open 1 x $390 put exp. 3/9/2023 (7 DTE)"
3/3/2023,2:45:00 PM CST,838,0.26,debit,"buy to close 1 x $390 put exp. 3/9/2023 (6 DTE)"
3/3/2023,2:45:00 PM CST,839,1.21,credit,"sell to open 1 x $396 put exp. 3/10/2023 (7 DTE)"
3/9/2023,2:45:00 PM CST,839,5.36,debit,"buy to close 1 x $396 put exp. 3/10/2023 (1 DTE)"
3/9/2023,2:45:00 PM CST,840,1.7,credit,"sell to open 1 x $380 put exp. 3/16/2023 (7 DTE)"
3/13/2023,2:45:00 PM CDT,840,2.4,debit,"buy to close 1 x $380 put exp. 3/16/2023 (3 DTE)"
3/14/2023,2:45:00 PM CDT,841,1.75,credit,"sell to open 1 x $379 put exp. 3/21/2023 (7 DTE)"
3/15/2023,2:45:00 PM CDT,841,2.23,debit,"buy to close 1 x $379 put exp. 3/21/2023 (6 DTE)"
3/16/2023,2:45:00 PM CDT,842,1.99,credit,"sell to open 1 x $384 put exp. 3/23/2023 (7 DTE)"
3/17/2023,2:45:00 PM CDT,842,3.34,debit,"buy to close 1 x $384 put exp. 3/23/2023 (6 DTE)"
3/20/2023,2:45:00 PM CDT,843,1.67,credit,"sell to open 1 x $381 put exp. 3/27/2023 (7 DTE)"
3/21/2023,2:45:00 PM CDT,843,0.54,debit,"buy to close 1 x $381 put exp. 3/27/2023 (6 DTE)"
3/21/2023,2:45:00 PM CDT,844,1.53,credit,"sell to open 1 x $388 put exp. 3/28/2023 (7 DTE)"
3/27/2023,2:45:00 PM CDT,844,0.07,debit,"buy to close 1 x $388 put exp. 3/28/2023 (1 DTE)"
3/27/2023,2:45:00 PM CDT,845,1.19,credit,"sell to open 1 x $388 put exp. 4/3/2023 (7 DTE)"
3/29/2023,2:45:00 PM CDT,845,0.26,debit,"buy to close 1 x $388 put exp. 4/3/2023 (5 DTE)"
3/29/2023,2:45:00 PM CDT,846,1.13,credit,"sell to open 1 x $393 put exp. 4/5/2023 (7 DTE)"
3/31/2023,2:45:00 PM CDT,846,0.15,debit,"buy to close 1 x $393 put exp. 4/5/2023 (5 DTE)"
3/31/2023,2:45:00 PM CDT,847,0.86,credit,"sell to open 1 x $401 put exp. 4/6/2023 (6 DTE)"
4/3/2023,2:45:00 PM CDT,847,0.19,debit,"buy to close 1 x $401 put exp. 4/6/2023 (3 DTE)"
4/3/2023,2:45:00 PM CDT,848,0.9,credit,"sell to open 1 x $404 put exp. 4/10/2023 (7 DTE)"
4/10/2023,2:45:00 PM CDT,848,0.02,debit,"buy to close 1 x $404 put exp. 4/10/2023 (0 DTE)"
4/10/2023,2:45:00 PM CDT,849,1.17,credit,"sell to open 1 x $402 put exp. 4/17/2023 (7 DTE)"
4/13/2023,2:45:00 PM CDT,849,0.12,debit,"buy to close 1 x $402 put exp. 4/17/2023 (4 DTE)"
4/13/2023,2:45:00 PM CDT,850,0.8,credit,"sell to open 1 x $406 put exp. 4/20/2023 (7 DTE)"
4/17/2023,2:45:00 PM CDT,850,0.27,debit,"buy to close 1 x $406 put exp. 4/20/2023 (3 DTE)"
4/17/2023,2:45:00 PM CDT,851,0.59,credit,"sell to open 1 x $406 put exp. 4/24/2023 (7 DTE)"
4/21/2023,2:45:00 PM CDT,851,0.14,debit,"buy to close 1 x $406 put exp. 4/24/2023 (3 DTE)"
4/21/2023,2:45:00 PM CDT,852,0.95,credit,"sell to open 1 x $405 put exp. 4/28/2023 (7 DTE)"
4/27/2023,2:45:00 PM CDT,852,0.17,debit,"buy to close 1 x $405 put exp. 4/28/2023 (1 DTE)"
4/27/2023,2:45:00 PM CDT,853,1.13,credit,"sell to open 1 x $404 put exp. 5/4/2023 (7 DTE)"
4/28/2023,2:45:00 PM CDT,853,0.46,debit,"buy to close 1 x $404 put exp. 5/4/2023 (6 DTE)"
4/28/2023,2:45:00 PM CDT,854,1.05,credit,"sell to open 1 x $407 put exp. 5/5/2023 (7 DTE)"
5/5/2023,2:45:00 PM CDT,854,0.01,debit,"buy to close 1 x $407 put exp. 5/5/2023 (0 DTE)"
5/5/2023,2:45:00 PM CDT,855,1,credit,"sell to open 1 x $405 put exp. 5/12/2023 (7 DTE)"
5/10/2023,2:45:00 PM CDT,855,0.17,debit,"buy to close 1 x $405 put exp. 5/12/2023 (2 DTE)"
5/10/2023,2:45:00 PM CDT,856,0.92,credit,"sell to open 1 x $407 put exp. 5/17/2023 (7 DTE)"
5/15/2023,2:45:00 PM CDT,856,0.29,debit,"buy to close 1 x $407 put exp. 5/17/2023 (2 DTE)"
5/15/2023,2:45:00 PM CDT,857,0.83,credit,"sell to open 1 x $406 put exp. 5/22/2023 (7 DTE)"
5/17/2023,2:45:00 PM CDT,857,0.33,debit,"buy to close 1 x $406 put exp. 5/22/2023 (5 DTE)"
5/17/2023,2:45:00 PM CDT,858,0.99,credit,"sell to open 1 x $409 put exp. 5/24/2023 (7 DTE)"
5/18/2023,2:45:00 PM CDT,858,0.39,debit,"buy to close 1 x $409 put exp. 5/24/2023 (6 DTE)"
5/18/2023,2:45:00 PM CDT,859,0.96,credit,"sell to open 1 x $413 put exp. 5/25/2023 (7 DTE)"
5/25/2023,2:45:00 PM CDT,859,0.03,debit,"buy to close 1 x $413 put exp. 5/25/2023 (0 DTE)"
5/25/2023,2:45:00 PM CDT,860,1.04,credit,"sell to open 1 x $407 put exp. 6/1/2023 (7 DTE)"
5/26/2023,2:45:00 PM CDT,860,0.49,debit,"buy to close 1 x $407 put exp. 6/1/2023 (6 DTE)"
5/26/2023,2:45:00 PM CDT,861,1.05,credit,"sell to open 1 x $411 put exp. 6/2/2023 (7 DTE)"
5/30/2023,2:45:00 PM CDT,861,0.35,debit,"buy to close 1 x $411 put exp. 6/2/2023 (3 DTE)"
5/30/2023,2:45:00 PM CDT,862,0.99,credit,"sell to open 1 x $413 put exp. 6/6/2023 (7 DTE)"
6/1/2023,2:45:00 PM CDT,862,0.29,debit,"buy to close 1 x $413 put exp. 6/6/2023 (5 DTE)"
6/1/2023,2:45:00 PM CDT,863,0.78,credit,"sell to open 1 x $415 put exp. 6/8/2023 (7 DTE)"
6/2/2023,2:45:00 PM CDT,863,0.13,debit,"buy to close 1 x $415 put exp. 6/8/2023 (6 DTE)"
6/2/2023,2:45:00 PM CDT,864,0.75,credit,"sell to open 1 x $423 put exp. 6/9/2023 (7 DTE)"
6/8/2023,2:45:00 PM CDT,864,0.08,debit,"buy to close 1 x $423 put exp. 6/9/2023 (1 DTE)"
6/8/2023,2:45:00 PM CDT,865,0.76,credit,"sell to open 1 x $422 put exp. 6/15/2023 (7 DTE)"
6/12/2023,2:45:00 PM CDT,865,0.3,debit,"buy to close 1 x $422 put exp. 6/15/2023 (3 DTE)"
6/12/2023,2:45:00 PM CDT,866,1.22,credit,"sell to open 1 x $426 put exp. 6/20/2023 (8 DTE)"
6/13/2023,2:45:00 PM CDT,866,0.58,debit,"buy to close 1 x $426 put exp. 6/20/2023 (7 DTE)"
6/13/2023,2:45:00 PM CDT,867,1.16,credit,"sell to open 1 x $430 put exp. 6/20/2023 (7 DTE)"
6/15/2023,2:45:00 PM CDT,867,0.17,debit,"buy to close 1 x $430 put exp. 6/20/2023 (5 DTE)"
6/15/2023,2:45:00 PM CDT,868,1.4,credit,"sell to open 1 x $438 put exp. 6/22/2023 (7 DTE)"
6/22/2023,3:00:00 PM CDT,868,436.51,credit,"sell to close 100 shares"
6/23/2023,2:45:00 PM CDT,869,0.59,credit,"sell to open 1 x $428 put exp. 6/30/2023 (7 DTE)"
6/27/2023,2:45:00 PM CDT,869,0.19,debit,"buy to close 1 x $428 put exp. 6/30/2023 (3 DTE)"
6/27/2023,2:45:00 PM CDT,870,0.7,credit,"sell to open 1 x $431 put exp. 7/5/2023 (8 DTE)"
6/29/2023,2:45:00 PM CDT,870,0.33,debit,"buy to close 1 x $431 put exp. 7/5/2023 (6 DTE)"
6/29/2023,2:45:00 PM CDT,871,0.62,credit,"sell to open 1 x $432 put exp. 7/6/2023 (7 DTE)"
6/30/2023,2:45:00 PM CDT,871,0.11,debit,"buy to close 1 x $432 put exp. 7/6/2023 (6 DTE)"
6/30/2023,2:45:00 PM CDT,872,0.61,credit,"sell to open 1 x $439 put exp. 7/7/2023 (7 DTE)"
7/7/2023,2:45:00 PM CDT,872,0.09,debit,"buy to close 1 x $439 put exp. 7/7/2023 (0 DTE)"
7/7/2023,2:45:00 PM CDT,873,0.63,credit,"sell to open 1 x $433 put exp. 7/14/2023 (7 DTE)"
7/11/2023,2:45:00 PM CDT,873,0.28,debit,"buy to close 1 x $433 put exp. 7/14/2023 (3 DTE)"
7/11/2023,2:45:00 PM CDT,874,0.91,credit,"sell to open 1 x $436 put exp. 7/18/2023 (7 DTE)"
7/12/2023,2:45:00 PM CDT,874,0.18,debit,"buy to close 1 x $436 put exp. 7/18/2023 (6 DTE)"
7/12/2023,2:45:00 PM CDT,875,0.52,credit,"sell to open 1 x $440 put exp. 7/19/2023 (7 DTE)"
7/13/2023,2:45:00 PM CDT,875,0.22,debit,"buy to close 1 x $440 put exp. 7/19/2023 (6 DTE)"
7/13/2023,2:45:00 PM CDT,876,0.74,credit,"sell to open 1 x $445 put exp. 7/20/2023 (7 DTE)"
7/17/2023,2:45:00 PM CDT,876,0.23,debit,"buy to close 1 x $445 put exp. 7/20/2023 (3 DTE)"
7/17/2023,2:45:00 PM CDT,877,0.62,credit,"sell to open 1 x $446 put exp. 7/24/2023 (7 DTE)"
7/18/2023,2:45:00 PM CDT,877,0.25,debit,"buy to close 1 x $446 put exp. 7/24/2023 (6 DTE)"
7/18/2023,2:45:00 PM CDT,878,0.54,credit,"sell to open 1 x $448 put exp. 7/25/2023 (7 DTE)"
7/24/2023,2:45:00 PM CDT,878,0.09,debit,"buy to close 1 x $448 put exp. 7/25/2023 (1 DTE)"
7/24/2023,2:45:00 PM CDT,879,0.89,credit,"sell to open 1 x $448 put exp. 7/31/2023 (7 DTE)"
7/26/2023,2:45:00 PM CDT,879,0.26,debit,"buy to close 1 x $448 put exp. 7/31/2023 (5 DTE)"
7/26/2023,2:45:00 PM CDT,880,0.61,credit,"sell to open 1 x $449 put exp. 8/2/2023 (7 DTE)"
7/28/2023,2:45:00 PM CDT,880,0.19,debit,"buy to close 1 x $449 put exp. 8/2/2023 (5 DTE)"
7/28/2023,2:45:00 PM CDT,881,0.69,credit,"sell to open 1 x $451 put exp. 8/4/2023 (7 DTE)"
8/3/2023,2:45:00 PM CDT,881,2.77,debit,"buy to close 1 x $451 put exp. 8/4/2023 (1 DTE)"
8/3/2023,2:45:00 PM CDT,882,0.9,credit,"sell to open 1 x $441 put exp. 8/10/2023 (7 DTE)"
8/7/2023,2:45:00 PM CDT,882,0.31,debit,"buy to close 1 x $441 put exp. 8/10/2023 (3 DTE)"
8/7/2023,2:45:00 PM CDT,883,0.93,credit,"sell to open 1 x $443 put exp. 8/14/2023 (7 DTE)"
8/14/2023,2:45:00 PM CDT,883,0.01,debit,"buy to close 1 x $443 put exp. 8/14/2023 (0 DTE)"
8/14/2023,2:45:00 PM CDT,884,1.08,credit,"sell to open 1 x $442 put exp. 8/21/2023 (7 DTE)"
8/17/2023,2:45:00 PM CDT,884,6.24,debit,"buy to close 1 x $442 put exp. 8/21/2023 (4 DTE)"
8/17/2023,2:45:00 PM CDT,885,1.03,credit,"sell to open 1 x $427 put exp. 8/24/2023 (7 DTE)"
8/21/2023,2:45:00 PM CDT,885,0.16,debit,"buy to close 1 x $427 put exp. 8/24/2023 (3 DTE)"
8/21/2023,2:45:00 PM CDT,886,1.02,credit,"sell to open 1 x $432 put exp. 8/28/2023 (7 DTE)"
8/23/2023,2:45:00 PM CDT,886,0.3,debit,"buy to close 1 x $432 put exp. 8/28/2023 (5 DTE)"
8/23/2023,2:45:00 PM CDT,887,1.25,credit,"sell to open 1 x $437 put exp. 8/30/2023 (7 DTE)"
8/28/2023,2:45:00 PM CDT,887,0.29,debit,"buy to close 1 x $437 put exp. 8/30/2023 (2 DTE)"
8/28/2023,2:45:00 PM CDT,888,0.88,credit,"sell to open 1 x $436 put exp. 9/5/2023 (8 DTE)"
8/29/2023,2:45:00 PM CDT,888,0.24,debit,"buy to close 1 x $436 put exp. 9/5/2023 (7 DTE)"
8/29/2023,2:45:00 PM CDT,889,0.76,credit,"sell to open 1 x $443 put exp. 9/5/2023 (7 DTE)"
8/30/2023,2:45:00 PM CDT,889,0.35,debit,"buy to close 1 x $443 put exp. 9/5/2023 (6 DTE)"
8/30/2023,2:45:00 PM CDT,890,0.57,credit,"sell to open 1 x $444 put exp. 9/6/2023 (7 DTE)"
9/1/2023,2:45:00 PM CDT,890,0.14,debit,"buy to close 1 x $444 put exp. 9/6/2023 (5 DTE)"
9/1/2023,2:45:00 PM CDT,891,0.61,credit,"sell to open 1 x $446 put exp. 9/8/2023 (7 DTE)"
9/8/2023,3:00:00 PM CDT,891,445.52,credit,"sell to close 100 shares"
9/11/2023,2:45:00 PM CDT,892,0.92,credit,"sell to open 1 x $442 put exp. 9/18/2023 (7 DTE)"
9/14/2023,2:45:00 PM CDT,892,0.18,debit,"buy to close 1 x $442 put exp. 9/18/2023 (4 DTE)"
9/14/2023,2:45:00 PM CDT,893,1.32,credit,"sell to open 1 x $446 put exp. 9/21/2023 (7 DTE)"
9/20/2023,2:45:00 PM CDT,893,6.82,debit,"buy to close 1 x $446 put exp. 9/21/2023 (1 DTE)"
9/20/2023,2:45:00 PM CDT,894,0.95,credit,"sell to open 1 x $433 put exp. 9/27/2023 (7 DTE)"
9/26/2023,2:45:00 PM CDT,894,7.3,debit,"buy to close 1 x $433 put exp. 9/27/2023 (1 DTE)"
9/26/2023,2:45:00 PM CDT,895,1.4,credit,"sell to open 1 x $417 put exp. 10/3/2023 (7 DTE)"
9/28/2023,2:45:00 PM CDT,895,0.47,debit,"buy to close 1 x $417 put exp. 10/3/2023 (5 DTE)"
9/28/2023,2:45:00 PM CDT,896,1.18,credit,"sell to open 1 x $420 put exp. 10/5/2023 (7 DTE)"
10/4/2023,2:45:00 PM CDT,896,0.28,debit,"buy to close 1 x $420 put exp. 10/5/2023 (1 DTE)"
10/4/2023,2:45:00 PM CDT,897,1.18,credit,"sell to open 1 x $417 put exp. 10/11/2023 (7 DTE)"
10/6/2023,2:45:00 PM CDT,897,0.17,debit,"buy to close 1 x $417 put exp. 10/11/2023 (5 DTE)"
10/6/2023,2:45:00 PM CDT,898,1.17,credit,"sell to open 1 x $423 put exp. 10/13/2023 (7 DTE)"
10/10/2023,2:45:00 PM CDT,898,0.34,debit,"buy to close 1 x $423 put exp. 10/13/2023 (3 DTE)"
10/10/2023,2:45:00 PM CDT,899,1.1,credit,"sell to open 1 x $427 put exp. 10/17/2023 (7 DTE)"
10/16/2023,2:45:00 PM CDT,899,0.08,debit,"buy to close 1 x $427 put exp. 10/17/2023 (1 DTE)"
10/16/2023,2:45:00 PM CDT,900,0.98,credit,"sell to open 1 x $428 put exp. 10/23/2023 (7 DTE)"
10/19/2023,2:45:00 PM CDT,900,4.11,debit,"buy to close 1 x $428 put exp. 10/23/2023 (4 DTE)"
10/19/2023,2:45:00 PM CDT,901,1.52,credit,"sell to open 1 x $416 put exp. 10/26/2023 (7 DTE)"
10/24/2023,2:45:00 PM CDT,901,0.33,debit,"buy to close 1 x $416 put exp. 10/26/2023 (2 DTE)"
10/24/2023,2:45:00 PM CDT,902,1.27,credit,"sell to open 1 x $416 put exp. 10/31/2023 (7 DTE)"
10/26/2023,2:45:00 PM CDT,902,5.33,debit,"buy to close 1 x $416 put exp. 10/31/2023 (5 DTE)"
10/26/2023,2:45:00 PM CDT,903,1.44,credit,"sell to open 1 x $403 put exp. 11/2/2023 (7 DTE)"
10/30/2023,2:45:00 PM CDT,903,0.29,debit,"buy to close 1 x $403 put exp. 11/2/2023 (3 DTE)"
10/30/2023,2:45:00 PM CDT,904,1.27,credit,"sell to open 1 x $407 put exp. 11/6/2023 (7 DTE)"
11/1/2023,2:45:00 PM CDT,904,0.16,debit,"buy to close 1 x $407 put exp. 11/6/2023 (5 DTE)"
11/1/2023,2:45:00 PM CDT,905,1.07,credit,"sell to open 1 x $415 put exp. 11/8/2023 (7 DTE)"
11/2/2023,2:45:00 PM CDT,905,0.22,debit,"buy to close 1 x $415 put exp. 11/8/2023 (6 DTE)"
11/2/2023,2:45:00 PM CDT,906,1.09,credit,"sell to open 1 x $424 put exp. 11/9/2023 (7 DTE)"
11/3/2023,2:45:00 PM CDT,906,0.32,debit,"buy to close 1 x $424 put exp. 11/9/2023 (6 DTE)"
11/3/2023,2:45:00 PM CDT,907,0.75,credit,"sell to open 1 x $427.5 put exp. 11/10/2023 (7 DTE)"
11/7/2023,2:45:00 PM CST,907,0.17,debit,"buy to close 1 x $427.5 put exp. 11/10/2023 (3 DTE)"
11/7/2023,2:45:00 PM CST,908,0.86,credit,"sell to open 1 x $431 put exp. 11/14/2023 (7 DTE)"
11/10/2023,2:45:00 PM CST,908,0.14,debit,"buy to close 1 x $431 put exp. 11/14/2023 (4 DTE)"
11/10/2023,2:45:00 PM CST,909,0.84,credit,"sell to open 1 x $434 put exp. 11/17/2023 (7 DTE)"
11/14/2023,2:45:00 PM CST,909,0.11,debit,"buy to close 1 x $434 put exp. 11/17/2023 (3 DTE)"
11/14/2023,2:45:00 PM CST,910,0.93,credit,"sell to open 1 x $444 put exp. 11/21/2023 (7 DTE)"
11/17/2023,2:45:00 PM CST,910,0.17,debit,"buy to close 1 x $444 put exp. 11/21/2023 (4 DTE)"
11/17/2023,2:45:00 PM CST,911,0.52,credit,"sell to open 1 x $445 put exp. 11/24/2023 (7 DTE)"
11/20/2023,2:45:00 PM CST,911,0.12,debit,"buy to close 1 x $445 put exp. 11/24/2023 (4 DTE)"
11/20/2023,2:45:00 PM CST,912,0.56,credit,"sell to open 1 x $450 put exp. 11/27/2023 (7 DTE)"
11/22/2023,2:45:00 PM CST,912,0.22,debit,"buy to close 1 x $450 put exp. 11/27/2023 (5 DTE)"
11/22/2023,2:45:00 PM CST,913,0.63,credit,"sell to open 1 x $451 put exp. 11/29/2023 (7 DTE)"
11/27/2023,2:45:00 PM CST,913,0.21,debit,"buy to close 1 x $451 put exp. 11/29/2023 (2 DTE)"
11/27/2023,2:45:00 PM CST,914,0.55,credit,"sell to open 1 x $450 put exp. 12/4/2023 (7 DTE)"
12/1/2023,2:45:00 PM CST,914,0.03,debit,"buy to close 1 x $450 put exp. 12/4/2023 (3 DTE)"
12/1/2023,2:45:00 PM CST,915,0.72,credit,"sell to open 1 x $453 put exp. 12/8/2023 (7 DTE)"
12/7/2023,2:45:00 PM CST,915,0.18,debit,"buy to close 1 x $453 put exp. 12/8/2023 (1 DTE)"
12/7/2023,2:45:00 PM CST,916,0.96,credit,"sell to open 1 x $451 put exp. 12/14/2023 (7 DTE)"
12/8/2023,2:45:00 PM CST,916,0.39,debit,"buy to close 1 x $451 put exp. 12/14/2023 (6 DTE)"
12/8/2023,2:45:00 PM CST,917,1.01,credit,"sell to open 1 x $453 put exp. 12/15/2023 (7 DTE)"
12/12/2023,2:45:00 PM CST,917,0.19,debit,"buy to close 1 x $453 put exp. 12/15/2023 (3 DTE)"
12/12/2023,2:45:00 PM CST,918,0.96,credit,"sell to open 1 x $458 put exp. 12/19/2023 (7 DTE)"
12/13/2023,2:45:00 PM CST,918,0.24,debit,"buy to close 1 x $458 put exp. 12/19/2023 (6 DTE)"
12/13/2023,2:45:00 PM CST,919,1.31,credit,"sell to open 1 x $465 put exp. 12/20/2023 (7 DTE)"
12/15/2023,2:45:00 PM CST,919,0.49,debit,"buy to close 1 x $465 put exp. 12/20/2023 (5 DTE)"
12/15/2023,2:45:00 PM CST,920,0.64,credit,"sell to open 1 x $464 put exp. 12/22/2023 (7 DTE)"
12/18/2023,2:45:00 PM CST,920,0.2,debit,"buy to close 1 x $464 put exp. 12/22/2023 (4 DTE)"
12/18/2023,2:45:00 PM CST,921,0.46,credit,"sell to open 1 x $466 put exp. 12/26/2023 (8 DTE)"
12/19/2023,2:45:00 PM CST,921,0.19,debit,"buy to close 1 x $466 put exp. 12/26/2023 (7 DTE)"
12/19/2023,2:45:00 PM CST,922,0.41,credit,"sell to open 1 x $469 put exp. 12/26/2023 (7 DTE)"
12/20/2023,2:45:00 PM CST,922,1.69,debit,"buy to close 1 x $469 put exp. 12/26/2023 (6 DTE)"
12/20/2023,2:45:00 PM CST,923,0.8,credit,"sell to open 1 x $465 put exp. 12/27/2023 (7 DTE)"
12/21/2023,2:45:00 PM CST,923,0.36,debit,"buy to close 1 x $465 put exp. 12/27/2023 (6 DTE)"
12/21/2023,2:45:00 PM CST,924,0.64,credit,"sell to open 1 x $466 put exp. 12/28/2023 (7 DTE)"
12/26/2023,2:45:00 PM CST,924,0.07,debit,"buy to close 1 x $466 put exp. 12/28/2023 (2 DTE)"
12/26/2023,2:45:00 PM CST,925,0.69,credit,"sell to open 1 x $471 put exp. 1/2/2024 (7 DTE)"
12/28/2023,2:45:00 PM CST,925,0.18,debit,"buy to close 1 x $471 put exp. 1/2/2024 (5 DTE)"
12/28/2023,2:45:00 PM CST,926,0.48,credit,"sell to open 1 x $471 put exp. 1/4/2024 (7 DTE)"
1/3/2024,2:45:00 PM CST,926,2.24,debit,"buy to close 1 x $471 put exp. 1/4/2024 (1 DTE)"
1/3/2024,2:45:00 PM CST,927,0.74,credit,"sell to open 1 x $463 put exp. 1/10/2024 (7 DTE)"
1/8/2024,2:45:00 PM CST,927,0.06,debit,"buy to close 1 x $463 put exp. 1/10/2024 (2 DTE)"
1/8/2024,2:45:00 PM CST,928,0.88,credit,"sell to open 1 x $468 put exp. 1/16/2024 (8 DTE)"
1/10/2024,2:45:00 PM CST,928,0.31,debit,"buy to close 1 x $468 put exp. 1/16/2024 (6 DTE)"
1/10/2024,2:45:00 PM CST,929,0.64,credit,"sell to open 1 x $470 put exp. 1/17/2024 (7 DTE)"
1/12/2024,2:45:00 PM CST,929,0.23,debit,"buy to close 1 x $470 put exp. 1/17/2024 (5 DTE)"
1/12/2024,2:45:00 PM CST,930,0.8,credit,"sell to open 1 x $472 put exp. 1/19/2024 (7 DTE)"
1/18/2024,2:45:00 PM CST,930,0.25,debit,"buy to close 1 x $472 put exp. 1/19/2024 (1 DTE)"
1/18/2024,2:45:00 PM CST,931,0.81,credit,"sell to open 1 x $470 put exp. 1/25/2024 (7 DTE)"
1/19/2024,2:45:00 PM CST,931,0.18,debit,"buy to close 1 x $470 put exp. 1/25/2024 (6 DTE)"
1/19/2024,2:45:00 PM CST,932,0.62,credit,"sell to open 1 x $475 put exp. 1/26/2024 (7 DTE)"
1/22/2024,2:45:00 PM CST,932,0.26,debit,"buy to close 1 x $475 put exp. 1/26/2024 (4 DTE)"
1/22/2024,2:45:00 PM CST,933,0.7,credit,"sell to open 1 x $478 put exp. 1/29/2024 (7 DTE)"
1/24/2024,2:45:00 PM CST,933,0.2,debit,"buy to close 1 x $478 put exp. 1/29/2024 (5 DTE)"
1/24/2024,2:45:00 PM CST,934,0.83,credit,"sell to open 1 x $480 put exp. 1/31/2024 (7 DTE)"
1/29/2024,2:45:00 PM CST,934,0.11,debit,"buy to close 1 x $480 put exp. 1/31/2024 (2 DTE)"
1/29/2024,2:45:00 PM CST,935,0.88,credit,"sell to open 1 x $483 put exp. 2/5/2024 (7 DTE)"
2/2/2024,2:45:00 PM CST,935,0.05,debit,"buy to close 1 x $483 put exp. 2/5/2024 (3 DTE)"
2/2/2024,2:45:00 PM CST,936,0.64,credit,"sell to open 1 x $487 put exp. 2/9/2024 (7 DTE)"
2/7/2024,2:45:00 PM CST,936,0.06,debit,"buy to close 1 x $487 put exp. 2/9/2024 (2 DTE)"
2/7/2024,2:45:00 PM CST,937,0.78,credit,"sell to open 1 x $492 put exp. 2/14/2024 (7 DTE)"
2/9/2024,2:45:00 PM CST,937,0.28,debit,"buy to close 1 x $492 put exp. 2/14/2024 (5 DTE)"
2/9/2024,2:45:00 PM CST,938,0.88,credit,"sell to open 1 x $495 put exp. 2/16/2024 (7 DTE)"
2/13/2024,2:45:00 PM CST,938,3.56,debit,"buy to close 1 x $495 put exp. 2/16/2024 (3 DTE)"
2/13/2024,2:45:00 PM CST,939,1.05,credit,"sell to open 1 x $486 put exp. 2/20/2024 (7 DTE)"
2/14/2024,2:45:00 PM CST,939,0.19,debit,"buy to close 1 x $486 put exp. 2/20/2024 (6 DTE)"
2/14/2024,2:45:00 PM CST,940,0.98,credit,"sell to open 1 x $493 put exp. 2/21/2024 (7 DTE)"
2/15/2024,2:45:00 PM CST,940,0.44,debit,"buy to close 1 x $493 put exp. 2/21/2024 (6 DTE)"
2/15/2024,2:45:00 PM CST,941,0.87,credit,"sell to open 1 x $495 put exp. 2/22/2024 (7 DTE)"
2/22/2024,2:45:00 PM CST,941,0.01,debit,"buy to close 1 x $495 put exp. 2/22/2024 (0 DTE)"
2/22/2024,2:45:00 PM CST,942,0.92,credit,"sell to open 1 x $501 put exp. 2/29/2024 (7 DTE)"
2/27/2024,2:45:00 PM CST,942,0.3,debit,"buy to close 1 x $501 put exp. 2/29/2024 (2 DTE)"
2/27/2024,2:45:00 PM CST,943,0.7,credit,"sell to open 1 x $500 put exp. 3/5/2024 (7 DTE)"
2/29/2024,2:45:00 PM CST,943,0.25,debit,"buy to close 1 x $500 put exp. 3/5/2024 (5 DTE)"
2/29/2024,2:45:00 PM CST,944,0.8,credit,"sell to open 1 x $502 put exp. 3/7/2024 (7 DTE)"
3/1/2024,2:45:00 PM CST,944,0.25,debit,"buy to close 1 x $502 put exp. 3/7/2024 (6 DTE)"
3/1/2024,2:45:00 PM CST,945,0.94,credit,"sell to open 1 x $507 put exp. 3/8/2024 (7 DTE)"
3/7/2024,2:45:00 PM CST,945,0.1,debit,"buy to close 1 x $507 put exp. 3/8/2024 (1 DTE)"
3/7/2024,2:45:00 PM CST,946,1.05,credit,"sell to open 1 x $507 put exp. 3/14/2024 (7 DTE)"
3/12/2024,2:45:00 PM CDT,946,0.16,debit,"buy to close 1 x $507 put exp. 3/14/2024 (2 DTE)"
3/12/2024,2:45:00 PM CDT,947,1.23,credit,"sell to open 1 x $510 put exp. 3/19/2024 (7 DTE)"
3/18/2024,2:45:00 PM CDT,947,0.41,debit,"buy to close 1 x $510 put exp. 3/19/2024 (1 DTE)"
3/18/2024,2:45:00 PM CDT,948,1.26,credit,"sell to open 1 x $507 put exp. 3/25/2024 (7 DTE)"
3/20/2024,2:45:00 PM CDT,948,0.2,debit,"buy to close 1 x $507 put exp. 3/25/2024 (5 DTE)"
3/20/2024,2:45:00 PM CDT,949,1.03,credit,"sell to open 1 x $514 put exp. 3/27/2024 (7 DTE)"
3/21/2024,2:45:00 PM CDT,949,0.38,debit,"buy to close 1 x $514 put exp. 3/27/2024 (6 DTE)"
3/21/2024,2:45:00 PM CDT,950,0.89,credit,"sell to open 1 x $517 put exp. 3/28/2024 (7 DTE)"
3/27/2024,2:45:00 PM CDT,950,0.1,debit,"buy to close 1 x $517 put exp. 3/28/2024 (1 DTE)"
3/27/2024,2:45:00 PM CDT,951,0.6,credit,"sell to open 1 x $517 put exp. 4/3/2024 (7 DTE)"
4/1/2024,2:45:00 PM CDT,951,0.25,debit,"buy to close 1 x $517 put exp. 4/3/2024 (2 DTE)"
4/1/2024,2:45:00 PM CDT,952,0.85,credit,"sell to open 1 x $516 put exp. 4/8/2024 (7 DTE)"
4/4/2024,2:45:00 PM CDT,952,4.37,debit,"buy to close 1 x $516 put exp. 4/8/2024 (4 DTE)"
4/4/2024,2:45:00 PM CDT,953,1.7,credit,"sell to open 1 x $505 put exp. 4/11/2024 (7 DTE)"
4/5/2024,2:45:00 PM CDT,953,0.64,debit,"buy to close 1 x $505 put exp. 4/11/2024 (6 DTE)"
4/5/2024,2:45:00 PM CDT,954,1.51,credit,"sell to open 1 x $510 put exp. 4/12/2024 (7 DTE)"
4/11/2024,2:45:00 PM CDT,954,0.12,debit,"buy to close 1 x $510 put exp. 4/12/2024 (1 DTE)"
4/11/2024,2:45:00 PM CDT,955,1.19,credit,"sell to open 1 x $511 put exp. 4/18/2024 (7 DTE)"
4/15/2024,2:45:00 PM CDT,955,7.51,debit,"buy to close 1 x $511 put exp. 4/18/2024 (3 DTE)"
4/15/2024,2:45:00 PM CDT,956,1.51,credit,"sell to open 1 x $494 put exp. 4/22/2024 (7 DTE)"
4/22/2024,2:45:00 PM CDT,956,0.01,debit,"buy to close 1 x $494 put exp. 4/22/2024 (0 DTE)"
4/22/2024,2:45:00 PM CDT,957,1.1,credit,"sell to open 1 x $491 put exp. 4/29/2024 (7 DTE)"
4/23/2024,2:45:00 PM CDT,957,0.32,debit,"buy to close 1 x $491 put exp. 4/29/2024 (6 DTE)"
4/23/2024,2:45:00 PM CDT,958,1.08,credit,"sell to open 1 x $497 put exp. 4/30/2024 (7 DTE)"
4/26/2024,2:45:00 PM CDT,958,0.11,debit,"buy to close 1 x $497 put exp. 4/30/2024 (4 DTE)"
4/26/2024,2:45:00 PM CDT,959,1.16,credit,"sell to open 1 x $500 put exp. 5/3/2024 (7 DTE)"
5/3/2024,2:45:00 PM CDT,959,0.01,debit,"buy to close 1 x $500 put exp. 5/3/2024 (0 DTE)"
5/3/2024,2:45:00 PM CDT,960,0.89,credit,"sell to open 1 x $505 put exp. 5/10/2024 (7 DTE)"
5/6/2024,2:45:00 PM CDT,960,0.23,debit,"buy to close 1 x $505 put exp. 5/10/2024 (4 DTE)"
5/6/2024,2:45:00 PM CDT,961,0.78,credit,"sell to open 1 x $509 put exp. 5/13/2024 (7 DTE)"
5/8/2024,2:45:00 PM CDT,961,0.2,debit,"buy to close 1 x $509 put exp. 5/13/2024 (5 DTE)"
5/8/2024,2:45:00 PM CDT,962,1.12,credit,"sell to open 1 x $511 put exp. 5/15/2024 (7 DTE)"
5/10/2024,2:45:00 PM CDT,962,0.29,debit,"buy to close 1 x $511 put exp. 5/15/2024 (5 DTE)"
5/10/2024,2:45:00 PM CDT,963,0.91,credit,"sell to open 1 x $514 put exp. 5/17/2024 (7 DTE)"
5/14/2024,2:45:00 PM CDT,963,0.38,debit,"buy to close 1 x $514 put exp. 5/17/2024 (3 DTE)"
5/14/2024,2:45:00 PM CDT,964,0.88,credit,"sell to open 1 x $516 put exp. 5/21/2024 (7 DTE)"
5/15/2024,2:45:00 PM CDT,964,0.14,debit,"buy to close 1 x $516 put exp. 5/21/2024 (6 DTE)"
5/15/2024,2:45:00 PM CDT,965,0.96,credit,"sell to open 1 x $524 put exp. 5/22/2024 (7 DTE)"
5/20/2024,2:45:00 PM CDT,965,0.35,debit,"buy to close 1 x $524 put exp. 5/22/2024 (2 DTE)"
5/20/2024,2:45:00 PM CDT,966,0.9,credit,"sell to open 1 x $524 put exp. 5/28/2024 (8 DTE)"
5/24/2024,2:45:00 PM CDT,966,0.11,debit,"buy to close 1 x $524 put exp. 5/28/2024 (4 DTE)"
5/24/2024,2:45:00 PM CDT,967,0.63,credit,"sell to open 1 x $524 put exp. 5/31/2024 (7 DTE)"
6/3/2024,2:45:00 PM CDT,968,0.95,credit,"sell to open 1 x $519 put exp. 6/10/2024 (7 DTE)"
6/5/2024,2:45:00 PM CDT,968,0.1,debit,"buy to close 1 x $519 put exp. 6/10/2024 (5 DTE)"
6/5/2024,2:45:00 PM CDT,969,1.19,credit,"sell to open 1 x $525 put exp. 6/12/2024 (7 DTE)"
6/7/2024,2:45:00 PM CDT,969,0.47,debit,"buy to close 1 x $525 put exp. 6/12/2024 (5 DTE)"
6/7/2024,2:45:00 PM CDT,970,1.19,credit,"sell to open 1 x $527 put exp. 6/14/2024 (7 DTE)"
6/11/2024,2:45:00 PM CDT,970,0.52,debit,"buy to close 1 x $527 put exp. 6/14/2024 (3 DTE)"
6/11/2024,2:45:00 PM CDT,971,1.15,credit,"sell to open 1 x $529 put exp. 6/18/2024 (7 DTE)"
6/12/2024,2:45:00 PM CDT,971,0.24,debit,"buy to close 1 x $529 put exp. 6/18/2024 (6 DTE)"
6/12/2024,2:45:00 PM CDT,972,0.98,credit,"sell to open 1 x $535 put exp. 6/20/2024 (8 DTE)"
6/13/2024,2:45:00 PM CDT,972,0.4,debit,"buy to close 1 x $535 put exp. 6/20/2024 (7 DTE)"
6/13/2024,2:45:00 PM CDT,973,0.59,credit,"sell to open 1 x $537 put exp. 6/20/2024 (7 DTE)"
6/17/2024,2:45:00 PM CDT,973,0.14,debit,"buy to close 1 x $537 put exp. 6/20/2024 (3 DTE)"
6/17/2024,2:45:00 PM CDT,974,1.12,credit,"sell to open 1 x $542 put exp. 6/24/2024 (7 DTE)"
6/21/2024,2:45:00 PM CDT,974,0.4,debit,"buy to close 1 x $542 put exp. 6/24/2024 (3 DTE)"
6/21/2024,2:45:00 PM CDT,975,0.83,credit,"sell to open 1 x $538 put exp. 6/28/2024 (7 DTE)"
6/26/2024,2:45:00 PM CDT,975,0.19,debit,"buy to close 1 x $538 put exp. 6/28/2024 (2 DTE)"
6/26/2024,2:45:00 PM CDT,976,0.77,credit,"sell to open 1 x $539 put exp. 7/3/2024 (7 DTE)"
7/1/2024,2:45:00 PM CDT,976,0.15,debit,"buy to close 1 x $539 put exp. 7/3/2024 (2 DTE)"
7/1/2024,2:45:00 PM CDT,977,0.76,credit,"sell to open 1 x $540 put exp. 7/8/2024 (7 DTE)"
7/2/2024,2:45:00 PM CDT,977,0.24,debit,"buy to close 1 x $540 put exp. 7/8/2024 (6 DTE)"
7/2/2024,2:45:00 PM CDT,978,0.72,credit,"sell to open 1 x $543 put exp. 7/9/2024 (7 DTE)"
7/5/2024,2:45:00 PM CDT,978,0.07,debit,"buy to close 1 x $543 put exp. 7/9/2024 (4 DTE)"
7/5/2024,2:45:00 PM CDT,979,0.92,credit,"sell to open 1 x $549 put exp. 7/12/2024 (7 DTE)"
7/9/2024,2:45:00 PM CDT,979,0.43,debit,"buy to close 1 x $549 put exp. 7/12/2024 (3 DTE)"
7/9/2024,2:45:00 PM CDT,980,0.72,credit,"sell to open 1 x $549 put exp. 7/16/2024 (7 DTE)"
7/10/2024,2:45:00 PM CDT,980,0.31,debit,"buy to close 1 x $549 put exp. 7/16/2024 (6 DTE)"
7/10/2024,2:45:00 PM CDT,981,0.93,credit,"sell to open 1 x $554 put exp. 7/17/2024 (7 DTE)"
7/12/2024,2:45:00 PM CDT,981,0.44,debit,"buy to close 1 x $554 put exp. 7/17/2024 (5 DTE)"
7/12/2024,2:45:00 PM CDT,982,0.65,credit,"sell to open 1 x $553 put exp. 7/19/2024 (7 DTE)"
7/16/2024,2:45:00 PM CDT,982,0.18,debit,"buy to close 1 x $553 put exp. 7/19/2024 (3 DTE)"
7/16/2024,2:45:00 PM CDT,983,0.78,credit,"sell to open 1 x $557 put exp. 7/23/2024 (7 DTE)"
7/18/2024,2:45:00 PM CDT,983,5.3,debit,"buy to close 1 x $557 put exp. 7/23/2024 (5 DTE)"
7/18/2024,2:45:00 PM CDT,984,1.01,credit,"sell to open 1 x $543 put exp. 7/25/2024 (7 DTE)"
7/22/2024,2:45:00 PM CDT,984,0.18,debit,"buy to close 1 x $543 put exp. 7/25/2024 (3 DTE)"
7/22/2024,2:45:00 PM CDT,985,1.1,credit,"sell to open 1 x $548 put exp. 7/29/2024 (7 DTE)"
7/24/2024,2:45:00 PM CDT,985,6.91,debit,"buy to close 1 x $548 put exp. 7/29/2024 (5 DTE)"
7/24/2024,2:45:00 PM CDT,986,1.41,credit,"sell to open 1 x $531 put exp. 7/31/2024 (7 DTE)"
7/26/2024,2:45:00 PM CDT,986,0.57,debit,"buy to close 1 x $531 put exp. 7/31/2024 (5 DTE)"
7/26/2024,2:45:00 PM CDT,987,1.68,credit,"sell to open 1 x $534 put exp. 8/2/2024 (7 DTE)"
7/31/2024,2:45:00 PM CDT,987,0.15,debit,"buy to close 1 x $534 put exp. 8/2/2024 (2 DTE)"
7/31/2024,2:45:00 PM CDT,988,1.49,credit,"sell to open 1 x $542 put exp. 8/7/2024 (7 DTE)"
8/2/2024,2:45:00 PM CDT,988,11.61,debit,"buy to close 1 x $542 put exp. 8/7/2024 (5 DTE)"
8/2/2024,2:45:00 PM CDT,989,1.77,credit,"sell to open 1 x $517 put exp. 8/9/2024 (7 DTE)"
8/5/2024,2:45:00 PM CDT,989,8.78,debit,"buy to close 1 x $517 put exp. 8/9/2024 (4 DTE)"
8/8/2024,2:45:00 PM CDT,990,2.13,credit,"sell to open 1 x $515 put exp. 8/15/2024 (7 DTE)"
8/9/2024,2:45:00 PM CDT,990,0.86,debit,"buy to close 1 x $515 put exp. 8/15/2024 (6 DTE)"
8/9/2024,2:45:00 PM CDT,991,1.79,credit,"sell to open 1 x $520 put exp. 8/16/2024 (7 DTE)"
8/13/2024,2:45:00 PM CDT,991,0.32,debit,"buy to close 1 x $520 put exp. 8/16/2024 (3 DTE)"
8/13/2024,2:45:00 PM CDT,992,1.66,credit,"sell to open 1 x $530 put exp. 8/20/2024 (7 DTE)"
8/14/2024,2:45:00 PM CDT,992,0.59,debit,"buy to close 1 x $530 put exp. 8/20/2024 (6 DTE)"
8/14/2024,2:45:00 PM CDT,993,1.26,credit,"sell to open 1 x $534 put exp. 8/21/2024 (7 DTE)"
8/15/2024,2:45:00 PM CDT,993,0.25,debit,"buy to close 1 x $534 put exp. 8/21/2024 (6 DTE)"
8/15/2024,2:45:00 PM CDT,994,1.16,credit,"sell to open 1 x $545 put exp. 8/22/2024 (7 DTE)"
8/19/2024,2:45:00 PM CDT,994,0.14,debit,"buy to close 1 x $545 put exp. 8/22/2024 (3 DTE)"
8/19/2024,2:45:00 PM CDT,995,1.12,credit,"sell to open 1 x $551 put exp. 8/26/2024 (7 DTE)"
8/23/2024,2:45:00 PM CDT,995,0.06,debit,"buy to close 1 x $551 put exp. 8/26/2024 (3 DTE)"
8/23/2024,2:45:00 PM CDT,996,1.21,credit,"sell to open 1 x $553 put exp. 8/30/2024 (7 DTE)"
8/27/2024,2:45:00 PM CDT,996,0.57,debit,"buy to close 1 x $553 put exp. 8/30/2024 (3 DTE)"
8/27/2024,2:45:00 PM CDT,997,1.15,credit,"sell to open 1 x $555 put exp. 9/3/2024 (7 DTE)"
8/30/2024,2:45:00 PM CDT,997,0.16,debit,"buy to close 1 x $555 put exp. 9/3/2024 (4 DTE)"
8/30/2024,2:45:00 PM CDT,998,1.09,credit,"sell to open 1 x $554 put exp. 9/6/2024 (7 DTE)"
9/3/2024,2:45:00 PM CDT,998,5.97,debit,"buy to close 1 x $554 put exp. 9/6/2024 (3 DTE)"
9/3/2024,2:45:00 PM CDT,999,1.77,credit,"sell to open 1 x $540 put exp. 9/10/2024 (7 DTE)"
9/9/2024,2:45:00 PM CDT,999,0.43,debit,"buy to close 1 x $540 put exp. 9/10/2024 (1 DTE)"
9/9/2024,2:45:00 PM CDT,1000,1.54,credit,"sell to open 1 x $534 put exp. 9/16/2024 (7 DTE)"
9/11/2024,2:45:00 PM CDT,1000,0.24,debit,"buy to close 1 x $534 put exp. 9/16/2024 (5 DTE)"
9/11/2024,2:45:00 PM CDT,1001,1.73,credit,"sell to open 1 x $542 put exp. 9/18/2024 (7 DTE)"
9/12/2024,2:45:00 PM CDT,1001,0.54,debit,"buy to close 1 x $542 put exp. 9/18/2024 (6 DTE)"
9/12/2024,2:45:00 PM CDT,1002,1.5,credit,"sell to open 1 x $549 put exp. 9/19/2024 (7 DTE)"
9/16/2024,2:45:00 PM CDT,1002,0.54,debit,"buy to close 1 x $549 put exp. 9/19/2024 (3 DTE)"
9/16/2024,2:45:00 PM CDT,1003,1.65,credit,"sell to open 1 x $552 put exp. 9/23/2024 (7 DTE)"
9/19/2024,2:45:00 PM CDT,1003,0.17,debit,"buy to close 1 x $552 put exp. 9/23/2024 (4 DTE)"
9/19/2024,2:45:00 PM CDT,1004,1.55,credit,"sell to open 1 x $563 put exp. 9/26/2024 (7 DTE)"
9/23/2024,2:45:00 PM CDT,1004,0.61,debit,"buy to close 1 x $563 put exp. 9/26/2024 (3 DTE)"
9/23/2024,2:45:00 PM CDT,1005,1.1,credit,"sell to open 1 x $562 put exp. 9/30/2024 (7 DTE)"
9/26/2024,2:45:00 PM CDT,1005,0.29,debit,"buy to close 1 x $562 put exp. 9/30/2024 (4 DTE)"
9/26/2024,2:45:00 PM CDT,1006,1.17,credit,"sell to open 1 x $565 put exp. 10/3/2024 (7 DTE)"
10/3/2024,2:45:00 PM CDT,1006,0.08,debit,"buy to close 1 x $565 put exp. 10/3/2024 (0 DTE)"
10/3/2024,2:45:00 PM CDT,1007,1.64,credit,"sell to open 1 x $553 put exp. 10/10/2024 (7 DTE)"
10/4/2024,2:45:00 PM CDT,1007,0.46,debit,"buy to close 1 x $553 put exp. 10/10/2024 (6 DTE)"
10/4/2024,2:45:00 PM CDT,1008,1.5,credit,"sell to open 1 x $562 put exp. 10/11/2024 (7 DTE)"
10/8/2024,2:45:00 PM CDT,1008,0.71,debit,"buy to close 1 x $562 put exp. 10/11/2024 (3 DTE)"
10/8/2024,2:45:00 PM CDT,1009,1.55,credit,"sell to open 1 x $563 put exp. 10/15/2024 (7 DTE)"
10/10/2024,2:45:00 PM CDT,1009,0.48,debit,"buy to close 1 x $563 put exp. 10/15/2024 (5 DTE)"
10/10/2024,2:45:00 PM CDT,1010,1.3,credit,"sell to open 1 x $566 put exp. 10/17/2024 (7 DTE)"
10/11/2024,2:45:00 PM CDT,1010,0.48,debit,"buy to close 1 x $566 put exp. 10/17/2024 (6 DTE)"
10/11/2024,2:45:00 PM CDT,1011,1.04,credit,"sell to open 1 x $570 put exp. 10/18/2024 (7 DTE)"
10/14/2024,2:45:00 PM CDT,1011,0.39,debit,"buy to close 1 x $570 put exp. 10/18/2024 (4 DTE)"
10/14/2024,2:45:00 PM CDT,1012,1.11,credit,"sell to open 1 x $576 put exp. 10/21/2024 (7 DTE)"
10/17/2024,2:45:00 PM CDT,1012,0.49,debit,"buy to close 1 x $576 put exp. 10/21/2024 (4 DTE)"
10/17/2024,2:45:00 PM CDT,1013,0.81,credit,"sell to open 1 x $573 put exp. 10/24/2024 (7 DTE)"
10/18/2024,2:45:00 PM CDT,1013,0.38,debit,"buy to close 1 x $573 put exp. 10/24/2024 (6 DTE)"
10/18/2024,2:45:00 PM CDT,1014,0.98,credit,"sell to open 1 x $577 put exp. 10/25/2024 (7 DTE)"
10/25/2024,2:45:00 PM CDT,1014,0.04,debit,"buy to close 1 x $577 put exp. 10/25/2024 (0 DTE)"
10/25/2024,2:45:00 PM CDT,1015,1.46,credit,"sell to open 1 x $568 put exp. 11/1/2024 (7 DTE)"
10/28/2024,2:45:00 PM CDT,1015,0.7,debit,"buy to close 1 x $568 put exp. 11/1/2024 (4 DTE)"
10/28/2024,2:45:00 PM CDT,1016,1.5,credit,"sell to open 1 x $572 put exp. 11/4/2024 (7 DTE)"
11/4/2024,3:00:00 PM CST,1016,569.81,credit,"sell to close 100 shares"
11/5/2024,2:45:00 PM CST,1017,2.45,credit,"sell to open 1 x $560 put exp. 11/12/2024 (7 DTE)"
11/6/2024,2:45:00 PM CST,1017,0.19,debit,"buy to close 1 x $560 put exp. 11/12/2024 (6 DTE)"
11/6/2024,2:45:00 PM CST,1018,1.5,credit,"sell to open 1 x $582 put exp. 11/13/2024 (7 DTE)"
11/7/2024,2:45:00 PM CST,1018,0.49,debit,"buy to close 1 x $582 put exp. 11/13/2024 (6 DTE)"
11/7/2024,2:45:00 PM CST,1019,1.22,credit,"sell to open 1 x $588 put exp. 11/14/2024 (7 DTE)"
11/11/2024,2:45:00 PM CST,1019,0.38,debit,"buy to close 1 x $588 put exp. 11/14/2024 (3 DTE)"
11/11/2024,2:45:00 PM CST,1020,0.91,credit,"sell to open 1 x $589 put exp. 11/18/2024 (7 DTE)"
11/13/2024,2:45:00 PM CST,1020,0.34,debit,"buy to close 1 x $589 put exp. 11/18/2024 (5 DTE)"
11/13/2024,2:45:00 PM CST,1021,1.14,credit,"sell to open 1 x $591 put exp. 11/20/2024 (7 DTE)"
11/15/2024,2:45:00 PM CST,1021,6.99,debit,"buy to close 1 x $591 put exp. 11/20/2024 (5 DTE)"
11/15/2024,2:45:00 PM CST,1022,1.39,credit,"sell to open 1 x $575 put exp. 11/22/2024 (7 DTE)"
11/18/2024,2:45:00 PM CST,1022,0.51,debit,"buy to close 1 x $575 put exp. 11/22/2024 (4 DTE)"
11/18/2024,2:45:00 PM CST,1023,1.27,credit,"sell to open 1 x $579 put exp. 11/25/2024 (7 DTE)"
11/21/2024,2:45:00 PM CST,1023,0.24,debit,"buy to close 1 x $579 put exp. 11/25/2024 (4 DTE)"
11/21/2024,2:45:00 PM CST,1024,1.46,credit,"sell to open 1 x $586 put exp. 11/29/2024 (8 DTE)"
11/22/2024,2:45:00 PM CST,1024,0.7,debit,"buy to close 1 x $586 put exp. 11/29/2024 (7 DTE)"
11/22/2024,2:45:00 PM CST,1025,0.94,credit,"sell to open 1 x $588 put exp. 11/29/2024 (7 DTE)"
11/25/2024,2:45:00 PM CST,1025,0.3,debit,"buy to close 1 x $588 put exp. 11/29/2024 (4 DTE)"
11/25/2024,2:45:00 PM CST,1026,0.86,credit,"sell to open 1 x $591 put exp. 12/2/2024 (7 DTE)"
11/26/2024,2:45:00 PM CST,1026,0.3,debit,"buy to close 1 x $591 put exp. 12/2/2024 (6 DTE)"
11/26/2024,2:45:00 PM CST,1027,0.74,credit,"sell to open 1 x $594 put exp. 12/3/2024 (7 DTE)"
11/29/2024,2:45:00 PM CST,1027,0.17,debit,"buy to close 1 x $594 put exp. 12/3/2024 (4 DTE)"
11/29/2024,2:45:00 PM CST,1028,1.08,credit,"sell to open 1 x $596 put exp. 12/6/2024 (7 DTE)"
12/3/2024,2:45:00 PM CST,1028,0.42,debit,"buy to close 1 x $596 put exp. 12/6/2024 (3 DTE)"
12/3/2024,2:45:00 PM CST,1029,0.92,credit,"sell to open 1 x $597 put exp. 12/10/2024 (7 DTE)"
12/4/2024,2:45:00 PM CST,1029,0.38,debit,"buy to close 1 x $597 put exp. 12/10/2024 (6 DTE)"
12/4/2024,2:45:00 PM CST,1030,0.89,credit,"sell to open 1 x $600 put exp. 12/11/2024 (7 DTE)"
12/6/2024,2:45:00 PM CST,1030,0.28,debit,"buy to close 1 x $600 put exp. 12/11/2024 (5 DTE)"
12/6/2024,2:45:00 PM CST,1031,0.75,credit,"sell to open 1 x $601 put exp. 12/13/2024 (7 DTE)"
12/11/2024,2:45:00 PM CST,1031,0.17,debit,"buy to close 1 x $601 put exp. 12/13/2024 (2 DTE)"
12/11/2024,2:45:00 PM CST,1032,0.8,credit,"sell to open 1 x $600 put exp. 12/18/2024 (7 DTE)"
12/18/2024,2:45:00 PM CST,1032,12.74,debit,"buy to close 1 x $600 put exp. 12/18/2024 (0 DTE)"
12/19/2024,2:45:00 PM CST,1033,2,credit,"sell to open 1 x $574 put exp. 12/26/2024 (7 DTE)"
12/20/2024,2:45:00 PM CST,1033,0.48,debit,"buy to close 1 x $574 put exp. 12/26/2024 (6 DTE)"
12/20/2024,2:45:00 PM CST,1034,1.47,credit,"sell to open 1 x $581 put exp. 12/27/2024 (7 DTE)"
12/23/2024,2:45:00 PM CST,1034,0.52,debit,"buy to close 1 x $581 put exp. 12/27/2024 (4 DTE)"
12/23/2024,2:45:00 PM CST,1035,1.28,credit,"sell to open 1 x $585 put exp. 12/30/2024 (7 DTE)"
12/24/2024,2:45:00 PM CST,1035,0.3,debit,"buy to close 1 x $585 put exp. 12/30/2024 (6 DTE)"
12/24/2024,2:45:00 PM CST,1036,1.01,credit,"sell to open 1 x $592 put exp. 12/31/2024 (7 DTE)"
12/31/2024,2:45:00 PM CST,1036,6.06,debit,"buy to close 1 x $592 put exp. 12/31/2024 (0 DTE)"
12/31/2024,2:45:00 PM CST,1037,1.32,credit,"sell to open 1 x $577 put exp. 1/7/2025 (7 DTE)"
1/3/2025,2:45:00 PM CST,1037,0.12,debit,"buy to close 1 x $577 put exp. 1/7/2025 (4 DTE)"
1/3/2025,2:45:00 PM CST,1038,1.36,credit,"sell to open 1 x $583 put exp. 1/10/2025 (7 DTE)"
1/6/2025,2:45:00 PM CST,1038,0.62,debit,"buy to close 1 x $583 put exp. 1/10/2025 (4 DTE)"
1/6/2025,2:45:00 PM CST,1039,1.31,credit,"sell to open 1 x $586 put exp. 1/13/2025 (7 DTE)"
1/10/2025,2:45:00 PM CST,1039,6.17,debit,"buy to close 1 x $586 put exp. 1/13/2025 (3 DTE)"
1/10/2025,2:45:00 PM CST,1040,1.67,credit,"sell to open 1 x $568 put exp. 1/17/2025 (7 DTE)"
1/15/2025,2:45:00 PM CST,1040,0.06,debit,"buy to close 1 x $568 put exp. 1/17/2025 (2 DTE)"
1/15/2025,2:45:00 PM CST,1041,1.16,credit,"sell to open 1 x $585 put exp. 1/22/2025 (7 DTE)"
1/17/2025,2:45:00 PM CST,1041,0.33,debit,"buy to close 1 x $585 put exp. 1/22/2025 (5 DTE)"
1/17/2025,2:45:00 PM CST,1042,1.3,credit,"sell to open 1 x $589 put exp. 1/24/2025 (7 DTE)"
1/21/2025,2:45:00 PM CST,1042,0.22,debit,"buy to close 1 x $589 put exp. 1/24/2025 (3 DTE)"
1/21/2025,2:45:00 PM CST,1043,1.13,credit,"sell to open 1 x $595 put exp. 1/28/2025 (7 DTE)"
1/22/2025,2:45:00 PM CST,1043,0.4,debit,"buy to close 1 x $595 put exp. 1/28/2025 (6 DTE)"
1/22/2025,2:45:00 PM CST,1044,1.2,credit,"sell to open 1 x $599 put exp. 1/29/2025 (7 DTE)"
1/24/2025,2:45:00 PM CST,1044,0.57,debit,"buy to close 1 x $599 put exp. 1/29/2025 (5 DTE)"
1/24/2025,2:45:00 PM CST,1045,1.14,credit,"sell to open 1 x $598 put exp. 1/31/2025 (7 DTE)"
1/31/2025,2:45:00 PM CST,1045,0.06,debit,"buy to close 1 x $598 put exp. 1/31/2025 (0 DTE)"
1/31/2025,2:45:00 PM CST,1046,1.81,credit,"sell to open 1 x $591 put exp. 2/7/2025 (7 DTE)"
2/5/2025,2:45:00 PM CST,1046,0.31,debit,"buy to close 1 x $591 put exp. 2/7/2025 (2 DTE)"
2/5/2025,2:45:00 PM CST,1047,1.5,credit,"sell to open 1 x $593 put exp. 2/12/2025 (7 DTE)"
2/10/2025,2:45:00 PM CST,1047,0.27,debit,"buy to close 1 x $593 put exp. 2/12/2025 (2 DTE)"
2/10/2025,2:45:00 PM CST,1048,1.36,credit,"sell to open 1 x $596 put exp. 2/18/2025 (8 DTE)"
2/13/2025,2:45:00 PM CST,1048,0.3,debit,"buy to close 1 x $596 put exp. 2/18/2025 (5 DTE)"
2/13/2025,2:45:00 PM CST,1049,1.16,credit,"sell to open 1 x $601 put exp. 2/20/2025 (7 DTE)"
2/18/2025,2:45:00 PM CST,1049,0.27,debit,"buy to close 1 x $601 put exp. 2/20/2025 (2 DTE)"
2/18/2025,2:45:00 PM CST,1050,1.22,credit,"sell to open 1 x $603 put exp. 2/25/2025 (7 DTE)"
2/25/2025,2:45:00 PM CST,1050,8.87,debit,"buy to close 1 x $603 put exp. 2/25/2025 (0 DTE)"
2/25/2025,2:45:00 PM CST,1051,1.84,credit,"sell to open 1 x $582 put exp. 3/4/2025 (7 DTE)"
3/4/2025,3:00:00 PM CST,1051,576.86,credit,"sell to close 100 shares"
3/5/2025,2:45:00 PM CST,1052,2.3,credit,"sell to open 1 x $568 put exp. 3/12/2025 (7 DTE)"
3/10/2025,2:45:00 PM CDT,1052,10.85,debit,"buy to close 1 x $568 put exp. 3/12/2025 (2 DTE)"
3/12/2025,2:45:00 PM CDT,1053,2.28,credit,"sell to open 1 x $543 put exp. 3/19/2025 (7 DTE)"
3/14/2025,2:45:00 PM CDT,1053,0.71,debit,"buy to close 1 x $543 put exp. 3/19/2025 (5 DTE)"
3/14/2025,2:45:00 PM CDT,1054,2.24,credit,"sell to open 1 x $547 put exp. 3/21/2025 (7 DTE)"
3/17/2025,2:45:00 PM CDT,1054,0.65,debit,"buy to close 1 x $547 put exp. 3/21/2025 (4 DTE)"
3/17/2025,2:45:00 PM CDT,1055,2.17,credit,"sell to open 1 x $556 put exp. 3/24/2025 (7 DTE)"
3/20/2025,2:45:00 PM CDT,1055,1.05,debit,"buy to close 1 x $556 put exp. 3/24/2025 (4 DTE)"
3/20/2025,2:45:00 PM CDT,1056,2.1,credit,"sell to open 1 x $554 put exp. 3/27/2025 (7 DTE)"
3/24/2025,2:45:00 PM CDT,1056,0.14,debit,"buy to close 1 x $554 put exp. 3/27/2025 (3 DTE)"
3/24/2025,2:45:00 PM CDT,1057,1.6,credit,"sell to open 1 x $563 put exp. 3/31/2025 (7 DTE)"
3/28/2025,2:45:00 PM CDT,1057,8.34,debit,"buy to close 1 x $563 put exp. 3/31/2025 (3 DTE)"
3/28/2025,2:45:00 PM CDT,1058,2.14,credit,"sell to open 1 x $541 put exp. 4/4/2025 (7 DTE)"
4/1/2025,2:45:00 PM CDT,1058,0.93,debit,"buy to close 1 x $541 put exp. 4/4/2025 (3 DTE)"
4/1/2025,2:45:00 PM CDT,1059,2.25,credit,"sell to open 1 x $545 put exp. 4/8/2025 (7 DTE)"
4/3/2025,2:45:00 PM CDT,1059,10.05,debit,"buy to close 1 x $545 put exp. 4/8/2025 (5 DTE)"
4/30/2025,2:45:00 PM CDT,1060,2.46,credit,"sell to open 1 x $536 put exp. 5/7/2025 (7 DTE)"
5/1/2025,2:45:00 PM CDT,1060,0.75,debit,"buy to close 1 x $536 put exp. 5/7/2025 (6 DTE)"
5/1/2025,2:45:00 PM CDT,1061,2.4,credit,"sell to open 1 x $547 put exp. 5/8/2025 (7 DTE)"
5/2/2025,2:45:00 PM CDT,1061,0.92,debit,"buy to close 1 x $547 put exp. 5/8/2025 (6 DTE)"
5/2/2025,2:45:00 PM CDT,1062,2.01,credit,"sell to open 1 x $553 put exp. 5/9/2025 (7 DTE)"
5/8/2025,2:45:00 PM CDT,1062,0.16,debit,"buy to close 1 x $553 put exp. 5/9/2025 (1 DTE)"
5/8/2025,2:45:00 PM CDT,1063,2.03,credit,"sell to open 1 x $553 put exp. 5/15/2025 (7 DTE)"
5/12/2025,2:45:00 PM CDT,1063,0.1,debit,"buy to close 1 x $553 put exp. 5/15/2025 (3 DTE)"
5/12/2025,2:45:00 PM CDT,1064,1.64,credit,"sell to open 1 x $570 put exp. 5/19/2025 (7 DTE)"
5/13/2025,2:45:00 PM CDT,1064,0.53,debit,"buy to close 1 x $570 put exp. 5/19/2025 (6 DTE)"
5/13/2025,2:45:00 PM CDT,1065,1.55,credit,"sell to open 1 x $578 put exp. 5/20/2025 (7 DTE)"
5/16/2025,2:45:00 PM CDT,1065,0.17,debit,"buy to close 1 x $578 put exp. 5/20/2025 (4 DTE)"
5/16/2025,2:45:00 PM CDT,1066,1.52,credit,"sell to open 1 x $584 put exp. 5/23/2025 (7 DTE)"
5/23/2025,3:00:00 PM CDT,1066,579.11,credit,"sell to close 100 shares"
5/27/2025,2:45:00 PM CDT,1067,1.6,credit,"sell to open 1 x $579 put exp. 6/3/2025 (7 DTE)"
5/30/2025,2:45:00 PM CDT,1067,0.66,debit,"buy to close 1 x $579 put exp. 6/3/2025 (4 DTE)"
5/30/2025,2:45:00 PM CDT,1068,1.69,credit,"sell to open 1 x $578 put exp. 6/6/2025 (7 DTE)"
6/3/2025,2:45:00 PM CDT,1068,0.27,debit,"buy to close 1 x $578 put exp. 6/6/2025 (3 DTE)"
6/3/2025,2:45:00 PM CDT,1069,1.45,credit,"sell to open 1 x $585 put exp. 6/10/2025 (7 DTE)"
6/6/2025,2:45:00 PM CDT,1069,0.24,debit,"buy to close 1 x $585 put exp. 6/10/2025 (4 DTE)"
6/6/2025,2:45:00 PM CDT,1070,1.44,credit,"sell to open 1 x $590 put exp. 6/13/2025 (7 DTE)"
6/10/2025,2:45:00 PM CDT,1070,0.58,debit,"buy to close 1 x $590 put exp. 6/13/2025 (3 DTE)"
6/10/2025,2:45:00 PM CDT,1071,1.44,credit,"sell to open 1 x $593 put exp. 6/17/2025 (7 DTE)"
6/16/2025,2:45:00 PM CDT,1071,0.22,debit,"buy to close 1 x $593 put exp. 6/17/2025 (1 DTE)"
6/16/2025,2:45:00 PM CDT,1072,1.73,credit,"sell to open 1 x $591 put exp. 6/23/2025 (7 DTE)"
6/23/2025,2:45:00 PM CDT,1072,0.02,debit,"buy to close 1 x $591 put exp. 6/23/2025 (0 DTE)"
6/23/2025,2:45:00 PM CDT,1073,1.68,credit,"sell to open 1 x $588 put exp. 6/30/2025 (7 DTE)"
6/24/2025,2:45:00 PM CDT,1073,0.51,debit,"buy to close 1 x $588 put exp. 6/30/2025 (6 DTE)"
6/24/2025,2:45:00 PM CDT,1074,1.55,credit,"sell to open 1 x $598 put exp. 7/1/2025 (7 DTE)"
6/26/2025,2:45:00 PM CDT,1074,0.35,debit,"buy to close 1 x $598 put exp. 7/1/2025 (5 DTE)"
6/26/2025,2:45:00 PM CDT,1075,1.33,credit,"sell to open 1 x $603 put exp. 7/3/2025 (7 DTE)"
6/30/2025,2:45:00 PM CDT,1075,0.21,debit,"buy to close 1 x $603 put exp. 7/3/2025 (3 DTE)"
6/30/2025,2:45:00 PM CDT,1076,1.26,credit,"sell to open 1 x $610 put exp. 7/7/2025 (7 DTE)"
7/2/2025,2:45:00 PM CDT,1076,0.49,debit,"buy to close 1 x $610 put exp. 7/7/2025 (5 DTE)"
7/2/2025,2:45:00 PM CDT,1077,1.26,credit,"sell to open 1 x $611 put exp. 7/9/2025 (7 DTE)"
7/3/2025,2:45:00 PM CDT,1077,0.47,debit,"buy to close 1 x $611 put exp. 7/9/2025 (6 DTE)"
7/8/2025,2:45:00 PM CDT,1078,1.42,credit,"sell to open 1 x $612 put exp. 7/15/2025 (7 DTE)"
7/9/2025,2:45:00 PM CDT,1078,0.55,debit,"buy to close 1 x $612 put exp. 7/15/2025 (6 DTE)"
7/9/2025,2:45:00 PM CDT,1079,1.11,credit,"sell to open 1 x $615 put exp. 7/16/2025 (7 DTE)"
7/14/2025,2:45:00 PM CDT,1079,0.37,debit,"buy to close 1 x $615 put exp. 7/16/2025 (2 DTE)"
7/14/2025,2:45:00 PM CDT,1080,1.26,credit,"sell to open 1 x $615 put exp. 7/21/2025 (7 DTE)"
7/17/2025,2:45:00 PM CDT,1080,0.26,debit,"buy to close 1 x $615 put exp. 7/21/2025 (4 DTE)"
7/17/2025,2:45:00 PM CDT,1081,1.25,credit,"sell to open 1 x $619 put exp. 7/24/2025 (7 DTE)"
7/21/2025,2:45:00 PM CDT,1081,0.48,debit,"buy to close 1 x $619 put exp. 7/24/2025 (3 DTE)"
7/21/2025,2:45:00 PM CDT,1082,1.08,credit,"sell to open 1 x $620 put exp. 7/28/2025 (7 DTE)"
7/23/2025,2:45:00 PM CDT,1082,0.28,debit,"buy to close 1 x $620 put exp. 7/28/2025 (5 DTE)"
7/23/2025,2:45:00 PM CDT,1083,1.35,credit,"sell to open 1 x $625 put exp. 7/30/2025 (7 DTE)"
7/25/2025,2:45:00 PM CDT,1083,0.43,debit,"buy to close 1 x $625 put exp. 7/30/2025 (5 DTE)"
7/25/2025,2:45:00 PM CDT,1084,1.48,credit,"sell to open 1 x $628 put exp. 8/1/2025 (7 DTE)"
8/1/2025,2:45:00 PM CDT,1084,6.05,debit,"buy to close 1 x $628 put exp. 8/1/2025 (0 DTE)"
8/1/2025,2:45:00 PM CDT,1085,1.99,credit,"sell to open 1 x $607 put exp. 8/8/2025 (7 DTE)"
8/4/2025,2:45:00 PM CDT,1085,0.32,debit,"buy to close 1 x $607 put exp. 8/8/2025 (4 DTE)"
8/4/2025,2:45:00 PM CDT,1086,1.48,credit,"sell to open 1 x $620 put exp. 8/11/2025 (7 DTE)"
8/6/2025,2:45:00 PM CDT,1086,0.52,debit,"buy to close 1 x $620 put exp. 8/11/2025 (5 DTE)"
8/6/2025,2:45:00 PM CDT,1087,1.54,credit,"sell to open 1 x $623 put exp. 8/13/2025 (7 DTE)"
8/8/2025,2:45:00 PM CDT,1087,0.51,debit,"buy to close 1 x $623 put exp. 8/13/2025 (5 DTE)"
8/8/2025,2:45:00 PM CDT,1088,1.45,credit,"sell to open 1 x $627 put exp. 8/15/2025 (7 DTE)"
8/12/2025,2:45:00 PM CDT,1088,0.33,debit,"buy to close 1 x $627 put exp. 8/15/2025 (3 DTE)"
8/12/2025,2:45:00 PM CDT,1089,1.22,credit,"sell to open 1 x $634 put exp. 8/19/2025 (7 DTE)"
8/14/2025,2:45:00 PM CDT,1089,0.49,debit,"buy to close 1 x $634 put exp. 8/19/2025 (5 DTE)"
8/14/2025,2:45:00 PM CDT,1090,1.16,credit,"sell to open 1 x $637 put exp. 8/21/2025 (7 DTE)"
8/21/2025,3:00:00 PM CDT,1090,635.55,credit,"sell to close 100 shares"
8/22/2025,2:45:00 PM CDT,1091,1.46,credit,"sell to open 1 x $637 put exp. 8/29/2025 (7 DTE)"
8/27/2025,2:45:00 PM CDT,1091,0.57,debit,"buy to close 1 x $637 put exp. 8/29/2025 (2 DTE)"
8/27/2025,2:45:00 PM CDT,1092,1.34,credit,"sell to open 1 x $639 put exp. 9/3/2025 (7 DTE)"
8/28/2025,2:45:00 PM CDT,1092,0.42,debit,"buy to close 1 x $639 put exp. 9/3/2025 (6 DTE)"
8/28/2025,2:45:00 PM CDT,1093,1.06,credit,"sell to open 1 x $643 put exp. 9/4/2025 (7 DTE)"
9/2/2025,2:45:00 PM CDT,1093,4.49,debit,"buy to close 1 x $643 put exp. 9/4/2025 (2 DTE)"
9/2/2025,2:45:00 PM CDT,1094,2.04,credit,"sell to open 1 x $630 put exp. 9/9/2025 (7 DTE)"
9/3/2025,2:45:00 PM CDT,1094,0.93,debit,"buy to close 1 x $630 put exp. 9/9/2025 (6 DTE)"
9/3/2025,2:45:00 PM CDT,1095,1.18,credit,"sell to open 1 x $630 put exp. 9/10/2025 (7 DTE)"
9/4/2025,2:45:00 PM CDT,1095,0.39,debit,"buy to close 1 x $630 put exp. 9/10/2025 (6 DTE)"
9/4/2025,2:45:00 PM CDT,1096,1.49,credit,"sell to open 1 x $639 put exp. 9/11/2025 (7 DTE)"
9/8/2025,2:45:00 PM CDT,1096,0.65,debit,"buy to close 1 x $639 put exp. 9/11/2025 (3 DTE)"
9/8/2025,2:45:00 PM CDT,1097,1.29,credit,"sell to open 1 x $640 put exp. 9/15/2025 (7 DTE)"
9/10/2025,2:45:00 PM CDT,1097,0.61,debit,"buy to close 1 x $640 put exp. 9/15/2025 (5 DTE)"
9/10/2025,2:45:00 PM CDT,1098,1.47,credit,"sell to open 1 x $642 put exp. 9/17/2025 (7 DTE)"
9/11/2025,2:45:00 PM CDT,1098,0.53,debit,"buy to close 1 x $642 put exp. 9/17/2025 (6 DTE)"
9/11/2025,2:45:00 PM CDT,1099,1.3,credit,"sell to open 1 x $649 put exp. 9/18/2025 (7 DTE)"
9/17/2025,2:45:00 PM CDT,1099,0.39,debit,"buy to close 1 x $649 put exp. 9/18/2025 (1 DTE)"
9/17/2025,2:45:00 PM CDT,1100,1.77,credit,"sell to open 1 x $648 put exp. 9/24/2025 (7 DTE)"
9/18/2025,2:45:00 PM CDT,1100,0.8,debit,"buy to close 1 x $648 put exp. 9/24/2025 (6 DTE)"
9/18/2025,2:45:00 PM CDT,1101,1.64,credit,"sell to open 1 x $653 put exp. 9/25/2025 (7 DTE)"
9/22/2025,2:45:00 PM CDT,1101,0.37,debit,"buy to close 1 x $653 put exp. 9/25/2025 (3 DTE)"
9/22/2025,2:45:00 PM CDT,1102,1.23,credit,"sell to open 1 x $658 put exp. 9/29/2025 (7 DTE)"
9/29/2025,2:45:00 PM CDT,1102,0.01,debit,"buy to close 1 x $658 put exp. 9/29/2025 (0 DTE)"
9/29/2025,2:45:00 PM CDT,1103,1.21,credit,"sell to open 1 x $654 put exp. 10/6/2025 (7 DTE)"
10/1/2025,2:45:00 PM CDT,1103,0.45,debit,"buy to close 1 x $654 put exp. 10/6/2025 (5 DTE)"
10/1/2025,2:45:00 PM CDT,1104,1.34,credit,"sell to open 1 x $660 put exp. 10/8/2025 (7 DTE)"
10/7/2025,2:45:00 PM CDT,1104,0.17,debit,"buy to close 1 x $660 put exp. 10/8/2025 (1 DTE)"
10/7/2025,2:45:00 PM CDT,1105,1.31,credit,"sell to open 1 x $658 put exp. 10/14/2025 (7 DTE)"
10/8/2025,2:45:00 PM CDT,1105,0.62,debit,"buy to close 1 x $658 put exp. 10/14/2025 (6 DTE)"
10/8/2025,2:45:00 PM CDT,1106,1.36,credit,"sell to open 1 x $664 put exp. 10/15/2025 (7 DTE)"
10/10/2025,2:45:00 PM CDT,1106,9.86,debit,"buy to close 1 x $664 put exp. 10/15/2025 (5 DTE)"
10/10/2025,2:45:00 PM CDT,1107,2.69,credit,"sell to open 1 x $640 put exp. 10/17/2025 (7 DTE)"
10/13/2025,2:45:00 PM CDT,1107,0.57,debit,"buy to close 1 x $640 put exp. 10/17/2025 (4 DTE)"
10/13/2025,2:45:00 PM CDT,1108,1.89,credit,"sell to open 1 x $652 put exp. 10/20/2025 (7 DTE)"
10/17/2025,2:45:00 PM CDT,1108,0.49,debit,"buy to close 1 x $652 put exp. 10/20/2025 (3 DTE)"
10/20/2025,2:45:00 PM CDT,1109,1.72,credit,"sell to open 1 x $661 put exp. 10/27/2025 (7 DTE)"
10/23/2025,2:45:00 PM CDT,1109,0.72,debit,"buy to close 1 x $661 put exp. 10/27/2025 (4 DTE)"
10/23/2025,2:45:00 PM CDT,1110,1.92,credit,"sell to open 1 x $660 put exp. 10/30/2025 (7 DTE)"
10/24/2025,2:45:00 PM CDT,1110,0.91,debit,"buy to close 1 x $660 put exp. 10/30/2025 (6 DTE)"
10/24/2025,2:45:00 PM CDT,1111,1.93,credit,"sell to open 1 x $667 put exp. 10/31/2025 (7 DTE)"
10/27/2025,2:45:00 PM CDT,1111,0.69,debit,"buy to close 1 x $667 put exp. 10/31/2025 (4 DTE)"
10/27/2025,2:45:00 PM CDT,1112,1.6,credit,"sell to open 1 x $674 put exp. 11/3/2025 (7 DTE)"
10/31/2025,2:45:00 PM CDT,1112,0.32,debit,"buy to close 1 x $674 put exp. 11/3/2025 (3 DTE)"
10/31/2025,2:45:00 PM CDT,1113,1.62,credit,"sell to open 1 x $672.5 put exp. 11/7/2025 (7 DTE)"
11/7/2025,3:00:00 PM CST,1113,670.97,credit,"sell to close 100 shares"
11/10/2025,2:45:00 PM CST,1114,1.65,credit,"sell to open 1 x $671 put exp. 11/17/2025 (7 DTE)"
11/12/2025,2:45:00 PM CST,1114,0.68,debit,"buy to close 1 x $671 put exp. 11/17/2025 (5 DTE)"
11/12/2025,2:45:00 PM CST,1115,1.63,credit,"sell to open 1 x $672 put exp. 11/19/2025 (7 DTE)"
11/17/2025,2:45:00 PM CST,1115,9.04,debit,"buy to close 1 x $672 put exp. 11/19/2025 (2 DTE)"
11/17/2025,2:45:00 PM CST,1116,3.03,credit,"sell to open 1 x $650 put exp. 11/24/2025 (7 DTE)"
11/21/2025,2:45:00 PM CST,1116,0.85,debit,"buy to close 1 x $650 put exp. 11/24/2025 (3 DTE)"
11/24/2025,2:45:00 PM CST,1117,1.9,credit,"sell to open 1 x $658 put exp. 12/1/2025 (7 DTE)"
11/25/2025,2:45:00 PM CST,1117,0.52,debit,"buy to close 1 x $658 put exp. 12/1/2025 (6 DTE)"
11/25/2025,2:45:00 PM CST,1118,1.52,credit,"sell to open 1 x $666 put exp. 12/2/2025 (7 DTE)"
11/26/2025,2:45:00 PM CST,1118,0.44,debit,"buy to close 1 x $666 put exp. 12/2/2025 (6 DTE)"
11/26/2025,2:45:00 PM CST,1119,1.34,credit,"sell to open 1 x $673 put exp. 12/3/2025 (7 DTE)"
12/1/2025,2:45:00 PM CST,1119,0.64,debit,"buy to close 1 x $673 put exp. 12/3/2025 (2 DTE)"
12/1/2025,2:45:00 PM CST,1120,1.47,credit,"sell to open 1 x $670 put exp. 12/8/2025 (7 DTE)"
12/3/2025,2:45:00 PM CST,1120,0.33,debit,"buy to close 1 x $670 put exp. 12/8/2025 (5 DTE)"
12/3/2025,2:45:00 PM CST,1121,1.42,credit,"sell to open 1 x $674 put exp. 12/10/2025 (7 DTE)"
12/5/2025,2:45:00 PM CST,1121,0.58,debit,"buy to close 1 x $674 put exp. 12/10/2025 (5 DTE)"
12/5/2025,2:45:00 PM CST,1122,1.45,credit,"sell to open 1 x $675 put exp. 12/12/2025 (7 DTE)"
12/10/2025,2:45:00 PM CST,1122,0.29,debit,"buy to close 1 x $675 put exp. 12/12/2025 (2 DTE)"
12/10/2025,2:45:00 PM CST,1123,1.6,credit,"sell to open 1 x $678 put exp. 12/17/2025 (7 DTE)"
12/17/2025,3:00:00 PM CST,1123,671.4,credit,"sell to close 100 shares"
12/18/2025,2:45:00 PM CST,1124,1.86,credit,"sell to open 1 x $668 put exp. 12/26/2025 (8 DTE)"
12/19/2025,2:45:00 PM CST,1124,0.62,debit,"buy to close 1 x $668 put exp. 12/26/2025 (7 DTE)"
12/19/2025,2:45:00 PM CST,1125,1.05,credit,"sell to open 1 x $672 put exp. 12/26/2025 (7 DTE)"
12/22/2025,2:45:00 PM CST,1125,0.2,debit,"buy to close 1 x $672 put exp. 12/26/2025 (4 DTE)"
12/22/2025,2:45:00 PM CST,1126,0.96,credit,"sell to open 1 x $679 put exp. 12/29/2025 (7 DTE)"
12/23/2025,2:45:00 PM CST,1126,0.41,debit,"buy to close 1 x $679 put exp. 12/29/2025 (6 DTE)"
12/23/2025,2:45:00 PM CST,1127,0.97,credit,"sell to open 1 x $682 put exp. 12/30/2025 (7 DTE)"
12/24/2025,2:45:00 PM CST,1127,0.44,debit,"buy to close 1 x $682 put exp. 12/30/2025 (6 DTE)"
12/24/2025,2:45:00 PM CST,1128,1.02,credit,"sell to open 1 x $684 put exp. 12/31/2025 (7 DTE)"
12/30/2025,2:45:00 PM CST,1128,0.39,debit,"buy to close 1 x $684 put exp. 12/31/2025 (1 DTE)"
12/30/2025,2:45:00 PM CST,1129,0.77,credit,"sell to open 1 x $679 put exp. 1/6/2026 (7 DTE)"
1/5/2026,2:45:00 PM CST,1129,0.09,debit,"buy to close 1 x $679 put exp. 1/6/2026 (1 DTE)"
1/5/2026,2:45:00 PM CST,1130,1.34,credit,"sell to open 1 x $680 put exp. 1/12/2026 (7 DTE)"
1/6/2026,2:45:00 PM CST,1130,0.6,debit,"buy to close 1 x $680 put exp. 1/12/2026 (6 DTE)"
1/6/2026,2:45:00 PM CST,1131,1.28,credit,"sell to open 1 x $683 put exp. 1/13/2026 (7 DTE)"
1/9/2026,2:45:00 PM CST,1131,0.23,debit,"buy to close 1 x $683 put exp. 1/13/2026 (4 DTE)"
1/9/2026,2:45:00 PM CST,1132,1.3,credit,"sell to open 1 x $686 put exp. 1/16/2026 (7 DTE)"
1/15/2026,2:45:00 PM CST,1132,0.4,debit,"buy to close 1 x $686 put exp. 1/16/2026 (1 DTE)"
1/15/2026,2:45:00 PM CST,1133,1.4,credit,"sell to open 1 x $683 put exp. 1/22/2026 (7 DTE)"
1/20/2026,2:45:00 PM CST,1133,7.28,debit,"buy to close 1 x $683 put exp. 1/22/2026 (2 DTE)"
1/20/2026,2:45:00 PM CST,1134,2.34,credit,"sell to open 1 x $663 put exp. 1/27/2026 (7 DTE)"
1/21/2026,2:45:00 PM CST,1134,0.43,debit,"buy to close 1 x $663 put exp. 1/27/2026 (6 DTE)"
1/21/2026,2:45:00 PM CST,1135,1.81,credit,"sell to open 1 x $674 put exp. 1/28/2026 (7 DTE)"
1/22/2026,2:45:00 PM CST,1135,0.78,debit,"buy to close 1 x $674 put exp. 1/28/2026 (6 DTE)"
1/22/2026,2:45:00 PM CST,1136,1.56,credit,"sell to open 1 x $677 put exp. 1/29/2026 (7 DTE)"
1/26/2026,2:45:00 PM CST,1136,0.45,debit,"buy to close 1 x $677 put exp. 1/29/2026 (3 DTE)"
1/26/2026,2:45:00 PM CST,1137,1.5,credit,"sell to open 1 x $682 put exp. 2/2/2026 (7 DTE)"
1/30/2026,2:45:00 PM CST,1137,0.6,debit,"buy to close 1 x $682 put exp. 2/2/2026 (3 DTE)"
1/30/2026,2:45:00 PM CST,1138,1.97,credit,"sell to open 1 x $678 put exp. 2/6/2026 (7 DTE)"
2/2/2026,2:45:00 PM CST,1138,0.62,debit,"buy to close 1 x $678 put exp. 2/6/2026 (4 DTE)"
2/2/2026,2:45:00 PM CST,1139,1.51,credit,"sell to open 1 x $684 put exp. 2/9/2026 (7 DTE)"
2/5/2026,2:45:00 PM CST,1139,9.08,debit,"buy to close 1 x $684 put exp. 2/9/2026 (4 DTE)"
2/5/2026,2:45:00 PM CST,1140,2.77,credit,"sell to open 1 x $660 put exp. 2/12/2026 (7 DTE)"
2/6/2026,2:45:00 PM CST,1140,0.29,debit,"buy to close 1 x $660 put exp. 2/12/2026 (6 DTE)"
2/6/2026,2:45:00 PM CST,1141,1.91,credit,"sell to open 1 x $678 put exp. 2/13/2026 (7 DTE)"
2/9/2026,2:45:00 PM CST,1141,0.79,debit,"buy to close 1 x $678 put exp. 2/13/2026 (4 DTE)"
2/9/2026,2:45:00 PM CST,1142,1.79,credit,"sell to open 1 x $683 put exp. 2/17/2026 (8 DTE)"
2/17/2026,2:45:00 PM CST,1142,0.52,debit,"buy to close 1 x $683 put exp. 2/17/2026 (0 DTE)"
2/17/2026,2:45:00 PM CST,1143,2.24,credit,"sell to open 1 x $668 put exp. 2/24/2026 (7 DTE)"
2/20/2026,2:45:00 PM CST,1143,0.41,debit,"buy to close 1 x $668 put exp. 2/24/2026 (4 DTE)"
2/20/2026,2:45:00 PM CST,1144,2.14,credit,"sell to open 1 x $674 put exp. 2/27/2026 (7 DTE)"
2/25/2026,2:45:00 PM CST,1144,0.38,debit,"buy to close 1 x $674 put exp. 2/27/2026 (2 DTE)"
2/25/2026,2:45:00 PM CST,1145,1.94,credit,"sell to open 1 x $680 put exp. 3/4/2026 (7 DTE)"
3/3/2026,2:45:00 PM CST,1145,2.93,debit,"buy to close 1 x $680 put exp. 3/4/2026 (1 DTE)"
3/4/2026,2:45:00 PM CST,1146,2.48,credit,"sell to open 1 x $671 put exp. 3/11/2026 (7 DTE)"
3/9/2026,2:45:00 PM CDT,1146,2.87,debit,"buy to close 1 x $671 put exp. 3/11/2026 (2 DTE)"
3/10/2026,2:45:00 PM CDT,1147,3.1,credit,"sell to open 1 x $659 put exp. 3/17/2026 (7 DTE)"
3/11/2026,2:45:00 PM CDT,1147,2.5,debit,"buy to close 1 x $659 put exp. 3/17/2026 (6 DTE)"
3/17/2026,2:45:00 PM CDT,1148,2.67,credit,"sell to open 1 x $654 put exp. 3/24/2026 (7 DTE)"
3/19/2026,2:45:00 PM CDT,1148,4.49,debit,"buy to close 1 x $654 put exp. 3/24/2026 (5 DTE)"
4/1/2026,2:45:00 PM CDT,1149,2.68,credit,"sell to open 1 x $639 put exp. 4/8/2026 (7 DTE)"
4/2/2026,2:45:00 PM CDT,1149,2.41,debit,"buy to close 1 x $639 put exp. 4/8/2026 (6 DTE)"
4/6/2026,2:45:00 PM CDT,1150,2.69,credit,"sell to open 1 x $641 put exp. 4/13/2026 (7 DTE)"
4/8/2026,2:45:00 PM CDT,1150,0.38,debit,"buy to close 1 x $641 put exp. 4/13/2026 (5 DTE)"
4/8/2026,2:45:00 PM CDT,1151,2.34,credit,"sell to open 1 x $660 put exp. 4/15/2026 (7 DTE)"
4/9/2026,2:45:00 PM CDT,1151,0.83,debit,"buy to close 1 x $660 put exp. 4/15/2026 (6 DTE)"
4/9/2026,2:45:00 PM CDT,1152,1.89,credit,"sell to open 1 x $667 put exp. 4/16/2026 (7 DTE)"
4/13/2026,2:45:00 PM CDT,1152,0.63,debit,"buy to close 1 x $667 put exp. 4/16/2026 (3 DTE)"
4/13/2026,2:45:00 PM CDT,1153,2.01,credit,"sell to open 1 x $671 put exp. 4/20/2026 (7 DTE)"
4/14/2026,2:45:00 PM CDT,1153,0.75,debit,"buy to close 1 x $671 put exp. 4/20/2026 (6 DTE)"
4/14/2026,2:45:00 PM CDT,1154,1.96,credit,"sell to open 1 x $681 put exp. 4/21/2026 (7 DTE)"
4/16/2026,2:45:00 PM CDT,1154,0.49,debit,"buy to close 1 x $681 put exp. 4/21/2026 (5 DTE)"
4/16/2026,2:45:00 PM CDT,1155,1.83,credit,"sell to open 1 x $690 put exp. 4/23/2026 (7 DTE)"
4/17/2026,2:45:00 PM CDT,1155,0.64,debit,"buy to close 1 x $690 put exp. 4/23/2026 (6 DTE)"
4/17/2026,2:45:00 PM CDT,1156,1.68,credit,"sell to open 1 x $698 put exp. 4/24/2026 (7 DTE)"
4/22/2026,2:45:00 PM CDT,1156,0.49,debit,"buy to close 1 x $698 put exp. 4/24/2026 (2 DTE)"
4/22/2026,2:45:00 PM CDT,1157,2.09,credit,"sell to open 1 x $697 put exp. 4/29/2026 (7 DTE)"
4/24/2026,2:45:00 PM CDT,1157,0.96,debit,"buy to close 1 x $697 put exp. 4/29/2026 (5 DTE)"
4/24/2026,2:45:00 PM CDT,1158,2.1,credit,"sell to open 1 x $699 put exp. 5/1/2026 (7 DTE)"
4/30/2026,2:45:00 PM CDT,1158,0.05,debit,"buy to close 1 x $699 put exp. 5/1/2026 (1 DTE)"
4/30/2026,2:45:00 PM CDT,1159,1.69,credit,"sell to open 1 x $708 put exp. 5/7/2026 (7 DTE)"
5/5/2026,2:45:00 PM CDT,1159,0.22,debit,"buy to close 1 x $708 put exp. 5/7/2026 (2 DTE)"
5/5/2026,2:45:00 PM CDT,1160,1.56,credit,"sell to open 1 x $712 put exp. 5/12/2026 (7 DTE)"
5/6/2026,2:45:00 PM CDT,1160,0.6,debit,"buy to close 1 x $712 put exp. 5/12/2026 (6 DTE)"
5/6/2026,2:45:00 PM CDT,1161,1.72,credit,"sell to open 1 x $722 put exp. 5/13/2026 (7 DTE)"
5/8/2026,2:45:00 PM CDT,1161,0.58,debit,"buy to close 1 x $722 put exp. 5/13/2026 (5 DTE)"
5/8/2026,2:45:00 PM CDT,1162,1.68,credit,"sell to open 1 x $726 put exp. 5/15/2026 (7 DTE)"
5/13/2026,2:45:00 PM CDT,1162,0.27,debit,"buy to close 1 x $726 put exp. 5/15/2026 (2 DTE)"
5/13/2026,2:45:00 PM CDT,1163,1.71,credit,"sell to open 1 x $731 put exp. 5/20/2026 (7 DTE)"
5/20/2026,2:45:00 PM CDT,1163,0.02,debit,"buy to close 1 x $731 put exp. 5/20/2026 (0 DTE)"
5/20/2026,2:45:00 PM CDT,1164,1.8,credit,"sell to open 1 x $729 put exp. 5/27/2026 (7 DTE)"
5/22/2026,2:45:00 PM CDT,1164,0.59,debit,"buy to close 1 x $729 put exp. 5/27/2026 (5 DTE)"
5/22/2026,2:45:00 PM CDT,1165,1.67,credit,"sell to open 1 x $733 put exp. 5/29/2026 (7 DTE)"
5/26/2026,2:45:00 PM CDT,1165,0.44,debit,"buy to close 1 x $733 put exp. 5/29/2026 (3 DTE)"
5/26/2026,2:45:00 PM CDT,1166,1.74,credit,"sell to open 1 x $740 put exp. 6/2/2026 (7 DTE)"
5/28/2026,2:45:00 PM CDT,1166,0.44,debit,"buy to close 1 x $740 put exp. 6/2/2026 (5 DTE)"
5/28/2026,2:45:00 PM CDT,1167,1.42,credit,"sell to open 1 x $745 put exp. 6/4/2026 (7 DTE)"
6/1/2026,2:45:00 PM CDT,1167,0.48,debit,"buy to close 1 x $745 put exp. 6/4/2026 (3 DTE)"
6/1/2026,2:45:00 PM CDT,1168,1.6,credit,"sell to open 1 x $749 put exp. 6/8/2026 (7 DTE)"
6/4/2026,2:45:00 PM CDT,1168,0.57,debit,"buy to close 1 x $749 put exp. 6/8/2026 (4 DTE)"
6/4/2026,2:45:00 PM CDT,1169,1.31,credit,"sell to open 1 x $747 put exp. 6/11/2026 (7 DTE)"
6/5/2026,2:45:00 PM CDT,1169,11.16,debit,"buy to close 1 x $747 put exp. 6/11/2026 (6 DTE)"
6/5/2026,2:45:00 PM CDT,1170,2.59,credit,"sell to open 1 x $721 put exp. 6/12/2026 (7 DTE)"
6/8/2026,2:45:00 PM CDT,1170,1.16,debit,"buy to close 1 x $721 put exp. 6/12/2026 (4 DTE)"
6/8/2026,2:45:00 PM CDT,1171,2.16,credit,"sell to open 1 x $725 put exp. 6/15/2026 (7 DTE)"
6/12/2026,2:45:00 PM CDT,1171,0.43,debit,"buy to close 1 x $725 put exp. 6/15/2026 (3 DTE)"
6/12/2026,2:45:00 PM CDT,1172,2.29,credit,"sell to open 1 x $726 put exp. 6/18/2026 (6 DTE)"
6/15/2026,2:45:00 PM CDT,1172,0.41,debit,"buy to close 1 x $726 put exp. 6/18/2026 (3 DTE)"
6/15/2026,2:45:00 PM CDT,1173,1.9,credit,"sell to open 1 x $742 put exp. 6/22/2026 (7 DTE)"
6/22/2026,2:45:00 PM CDT,1173,0.09,debit,"buy to close 1 x $742 put exp. 6/22/2026 (0 DTE)"
6/22/2026,2:45:00 PM CDT,1174,2.08,credit,"sell to open 1 x $730 put exp. 6/29/2026 (7 DTE)"
6/29/2026,2:45:00 PM CDT,1174,0.02,debit,"buy to close 1 x $730 put exp. 6/29/2026 (0 DTE)"
6/29/2026,2:45:00 PM CDT,1175,1.68,credit,"sell to open 1 x $729 put exp. 7/6/2026 (7 DTE)"
6/30/2026,2:45:00 PM CDT,1175,0.55,debit,"buy to close 1 x $729 put exp. 7/6/2026 (6 DTE)"
6/30/2026,2:45:00 PM CDT,1176,1.45,credit,"sell to open 1 x $736 put exp. 7/7/2026 (7 DTE)"
7/6/2026,2:45:00 PM CDT,1176,0.05,debit,"buy to close 1 x $736 put exp. 7/7/2026 (1 DTE)"
7/6/2026,2:45:00 PM CDT,1177,1.28,credit,"sell to open 1 x $743 put exp. 7/13/2026 (7 DTE)"
7/10/2026,2:45:00 PM CDT,1177,0.12,debit,"buy to close 1 x $743 put exp. 7/13/2026 (3 DTE)"
7/10/2026,2:45:00 PM CDT,1178,1.25,credit,"sell to open 1 x $745 put exp. 7/17/2026 (7 DTE)"
7/15/2026,2:45:00 PM CDT,1178,0.48,debit,"buy to close 1 x $745 put exp. 7/17/2026 (2 DTE)"
7/15/2026,2:45:00 PM CDT,1179,1.37,credit,"sell to open 1 x $744 put exp. 7/22/2026 (7 DTE)"
7/22/2026,2:45:00 PM CDT,1179,0.08,debit,"buy to close 1 x $744 put exp. 7/22/2026 (0 DTE)"
7/22/2026,2:45:00 PM CDT,1180,1.83,credit,"sell to open 1 x $736 put exp. 7/29/2026 (7 DTE)"
7/29/2026,3:00:00 PM CDT,1180,729.46,credit,"sell to close 100 shares"
