Date,Total profit/loss,Net liquidity,Drawdown,ROI
1/2/2013,-1.14,14978.86,0,-0.01
1/3/2013,0.86,14980.86,0,0.01
1/4/2013,14.59,14994.59,0,0.1
1/5/2013,14.59,14994.59,0,0.1
1/6/2013,14.59,14994.59,0,0.1
1/7/2013,21.59,15001.59,0,0.14
1/8/2013,23.59,15003.59,0,0.16
1/9/2013,33.32,15013.32,0,0.22
1/10/2013,52.32,15032.32,0,0.35
1/11/2013,54.05,15034.05,0,0.36
1/12/2013,54.05,15034.05,0,0.36
1/13/2013,54.05,15034.05,0,0.36
1/14/2013,56.05,15036.05,0,0.37
1/15/2013,64.05,15044.05,0,0.43
1/16/2013,67.05,15047.05,0,0.45
1/17/2013,72.78,15052.78,0,0.49
1/18/2013,90.78,15070.78,0,0.61
1/19/2013,90.78,15070.78,0,0.61
1/20/2013,90.78,15070.78,0,0.61
1/21/2013,90.78,15070.78,0,0.61
1/22/2013,99.51,15079.51,0,0.66
1/23/2013,105.51,15085.51,0,0.7
1/24/2013,109.51,15089.51,0,0.73
1/25/2013,115.51,15095.51,0,0.77
1/26/2013,115.51,15095.51,0,0.77
1/27/2013,115.51,15095.51,0,0.77
1/28/2013,119.24,15099.24,0,0.8
1/29/2013,127.24,15107.24,0,0.85
1/30/2013,123.24,15103.24,0.03,0.82
1/31/2013,129.24,15109.24,0,0.86
2/1/2013,137.98,15117.98,0,0.92
2/2/2013,137.98,15117.98,0,0.92
2/3/2013,137.98,15117.98,0,0.92
2/4/2013,104.98,15084.98,0.22,0.7
2/5/2013,142.98,15122.98,0,0.95
2/6/2013,149.71,15129.71,0,1
2/7/2013,151.71,15131.71,0,1.01
2/8/2013,171.71,15151.71,0,1.15
2/9/2013,171.71,15151.71,0,1.15
2/10/2013,171.71,15151.71,0,1.15
2/11/2013,173.44,15153.44,0,1.16
2/12/2013,183.44,15163.44,0,1.22
2/13/2013,188.17,15168.17,0,1.26
2/14/2013,197.17,15177.17,0,1.32
2/15/2013,202.17,15182.17,0,1.35
2/16/2013,202.17,15182.17,0,1.35
2/17/2013,202.17,15182.17,0,1.35
2/18/2013,202.17,15182.17,0,1.35
2/19/2013,213.9,15193.9,0,1.43
2/20/2013,133.9,15113.9,0.53,0.89
2/21/2013,105.9,15085.9,0.71,0.71
2/22/2013,174.9,15154.9,0.26,1.17
2/23/2013,174.9,15154.9,0.26,1.17
2/24/2013,174.9,15154.9,0.26,1.17
2/25/2013,8.63,14988.63,1.35,0.06
2/26/2013,38.36,15018.36,1.16,0.26
2/27/2013,75.09,15055.09,0.91,0.5
2/28/2013,69.09,15049.09,0.95,0.46
3/1/2013,90.09,15070.09,0.81,0.6
3/2/2013,90.09,15070.09,0.81,0.6
3/3/2013,90.09,15070.09,0.81,0.6
3/4/2013,108.82,15088.82,0.69,0.73
3/5/2013,126.55,15106.55,0.57,0.84
3/6/2013,135.55,15115.55,0.52,0.9
3/7/2013,148.55,15128.55,0.43,0.99
3/8/2013,157.29,15137.29,0.37,1.05
3/9/2013,157.29,15137.29,0.37,1.05
3/10/2013,157.29,15137.29,0.37,1.05
3/11/2013,173.29,15153.29,0.27,1.16
3/12/2013,171.29,15151.29,0.28,1.14
3/13/2013,180.02,15160.02,0.22,1.2
3/14/2013,195.02,15175.02,0.12,1.3
3/15/2013,197.75,15177.75,0.11,1.32
3/16/2013,197.75,15177.75,0.11,1.32
3/17/2013,197.75,15177.75,0.11,1.32
3/18/2013,179.75,15159.75,0.22,1.2
3/19/2013,166.75,15146.75,0.31,1.11
3/20/2013,193.75,15173.75,0.13,1.29
3/21/2013,180.75,15160.75,0.22,1.21
3/22/2013,219.48,15199.48,0,1.47
3/23/2013,219.48,15199.48,0,1.47
3/24/2013,219.48,15199.48,0,1.47
3/25/2013,233.48,15213.48,0,1.56
3/26/2013,254.21,15234.21,0,1.7
3/27/2013,255.21,15235.21,0,1.7
3/28/2013,271.21,15251.21,0,1.81
3/29/2013,271.21,15251.21,0,1.81
3/30/2013,271.21,15251.21,0,1.81
3/31/2013,271.21,15251.21,0,1.81
4/1/2013,270.94,15250.94,0,1.81
4/2/2013,284.67,15264.67,0,1.9
4/3/2013,237.67,15217.67,0.31,1.59
4/4/2013,264.67,15244.67,0.13,1.77
4/5/2013,252.67,15232.67,0.21,1.69
4/6/2013,252.67,15232.67,0.21,1.69
4/7/2013,252.67,15232.67,0.21,1.69
4/8/2013,299.67,15279.67,0,2
4/9/2013,308.4,15288.4,0,2.06
4/10/2013,335.13,15315.13,0,2.24
4/11/2013,346.13,15326.13,0,2.31
4/12/2013,343.13,15323.13,0.02,2.29
4/13/2013,343.13,15323.13,0.02,2.29
4/14/2013,343.13,15323.13,0.02,2.29
4/15/2013,171.86,15151.86,1.14,1.15
4/16/2013,214.6,15194.6,0.86,1.43
4/17/2013,140.6,15120.6,1.34,0.94
4/18/2013,104.6,15084.6,1.58,0.7
4/19/2013,185.6,15165.6,1.05,1.24
4/20/2013,185.6,15165.6,1.05,1.24
4/21/2013,185.6,15165.6,1.05,1.24
4/22/2013,226.6,15206.6,0.78,1.51
4/23/2013,250.33,15230.33,0.63,1.67
4/24/2013,253.33,15233.33,0.61,1.69
4/25/2013,264.33,15244.33,0.53,1.76
4/26/2013,264.33,15244.33,0.53,1.76
4/27/2013,264.33,15244.33,0.53,1.76
4/28/2013,264.33,15244.33,0.53,1.76
4/29/2013,272.06,15252.06,0.48,1.82
4/30/2013,285.06,15265.06,0.4,1.9
5/1/2013,258.06,15238.06,0.57,1.72
5/2/2013,293.79,15273.79,0.34,1.96
5/3/2013,320.52,15300.52,0.17,2.14
5/4/2013,320.52,15300.52,0.17,2.14
5/5/2013,320.52,15300.52,0.17,2.14
5/6/2013,334.52,15314.52,0.08,2.23
5/7/2013,339.25,15319.25,0.04,2.26
5/8/2013,355.25,15335.25,0,2.37
5/9/2013,350.25,15330.25,0.03,2.34
5/10/2013,359.98,15339.98,0,2.4
5/11/2013,359.98,15339.98,0,2.4
5/12/2013,359.98,15339.98,0,2.4
5/13/2013,364.98,15344.98,0,2.44
5/14/2013,381.71,15361.71,0,2.55
5/15/2013,392.71,15372.71,0,2.62
5/16/2013,391.71,15371.71,0.01,2.61
5/17/2013,407.44,15387.44,0,2.72
5/18/2013,407.44,15387.44,0,2.72
5/19/2013,407.44,15387.44,0,2.72
5/20/2013,416.44,15396.44,0,2.78
5/21/2013,422.44,15402.44,0,2.82
5/22/2013,414.44,15394.44,0.05,2.77
5/23/2013,421.44,15401.44,0.01,2.81
5/24/2013,441.17,15421.17,0,2.95
5/25/2013,441.17,15421.17,0,2.95
5/26/2013,441.17,15421.17,0,2.95
5/27/2013,441.17,15421.17,0,2.95
5/28/2013,451.17,15431.17,0,3.01
5/29/2013,454.17,15434.17,0,3.03
5/30/2013,467.91,15447.91,0,3.12
5/31/2013,405.91,15385.91,0.4,2.71
6/1/2013,405.91,15385.91,0.4,2.71
6/2/2013,405.91,15385.91,0.4,2.71
6/3/2013,446.91,15426.91,0.14,2.98
6/4/2013,444.91,15424.91,0.15,2.97
6/5/2013,345.91,15325.91,0.79,2.31
6/6/2013,445.91,15425.91,0.14,2.98
6/7/2013,506.64,15486.64,0,3.38
6/8/2013,506.64,15486.64,0,3.38
6/9/2013,506.64,15486.64,0,3.38
6/10/2013,521.64,15501.64,0,3.48
6/11/2013,496.64,15476.64,0.16,3.32
6/12/2013,451.64,15431.64,0.45,3.01
6/13/2013,534.37,15514.37,0,3.57
6/14/2013,502.37,15482.37,0.21,3.35
6/15/2013,502.37,15482.37,0.21,3.35
6/16/2013,502.37,15482.37,0.21,3.35
6/17/2013,557.37,15537.37,0,3.72
6/18/2013,574.1,15554.1,0,3.83
6/19/2013,516.1,15496.1,0.37,3.45
6/20/2013,280.83,15260.83,1.89,1.87
6/21/2013,310.83,15290.83,1.69,2.07
6/22/2013,310.83,15290.83,1.69,2.07
6/23/2013,310.83,15290.83,1.69,2.07
6/24/2013,286.83,15266.83,1.85,1.91
6/25/2013,347.56,15327.56,1.46,2.32
6/26/2013,378.29,15358.29,1.26,2.53
6/27/2013,404.29,15384.29,1.09,2.7
6/28/2013,402.29,15382.29,1.1,2.69
6/29/2013,402.29,15382.29,1.1,2.69
6/30/2013,402.29,15382.29,1.1,2.69
7/1/2013,419.02,15399.02,1,2.8
7/2/2013,431.02,15411.02,0.92,2.88
7/3/2013,436.75,15416.75,0.88,2.92
7/4/2013,436.75,15416.75,0.88,2.92
7/5/2013,478.48,15458.48,0.61,3.19
7/6/2013,478.48,15458.48,0.61,3.19
7/7/2013,478.48,15458.48,0.61,3.19
7/8/2013,496.48,15476.48,0.5,3.31
7/9/2013,504.22,15484.22,0.45,3.37
7/10/2013,513.22,15493.22,0.39,3.43
7/11/2013,537.95,15517.95,0.23,3.59
7/12/2013,549.95,15529.95,0.16,3.67
7/13/2013,549.95,15529.95,0.16,3.67
7/14/2013,549.95,15529.95,0.16,3.67
7/15/2013,559.68,15539.68,0.09,3.74
7/16/2013,553.68,15533.68,0.13,3.7
7/17/2013,576.41,15556.41,0,3.85
7/18/2013,589.41,15569.41,0,3.93
7/19/2013,600.14,15580.14,0,4.01
7/20/2013,600.14,15580.14,0,4.01
7/21/2013,600.14,15580.14,0,4.01
7/22/2013,613.14,15593.14,0,4.09
7/23/2013,615.14,15595.14,0,4.11
7/24/2013,614.14,15594.14,0.01,4.1
7/25/2013,620.87,15600.87,0,4.14
7/26/2013,634.87,15614.87,0,4.24
7/27/2013,634.87,15614.87,0,4.24
7/28/2013,634.87,15614.87,0,4.24
7/29/2013,634.87,15614.87,0,4.24
7/30/2013,640.87,15620.87,0,4.28
7/31/2013,645.6,15625.6,0,4.31
8/1/2013,672.33,15652.33,0,4.49
8/2/2013,692.06,15672.06,0,4.62
8/3/2013,692.06,15672.06,0,4.62
8/4/2013,692.06,15672.06,0,4.62
8/5/2013,701.06,15681.06,0,4.68
8/6/2013,685.06,15665.06,0.1,4.57
8/7/2013,676.06,15656.06,0.16,4.51
8/8/2013,707.06,15687.06,0,4.72
8/9/2013,718.79,15698.79,0,4.8
8/10/2013,718.79,15698.79,0,4.8
8/11/2013,718.79,15698.79,0,4.8
8/12/2013,735.79,15715.79,0,4.91
8/13/2013,745.53,15725.53,0,4.98
8/14/2013,726.53,15706.53,0.12,4.85
8/15/2013,612.53,15592.53,0.85,4.09
8/16/2013,605.53,15585.53,0.89,4.04
8/17/2013,605.53,15585.53,0.89,4.04
8/18/2013,605.53,15585.53,0.89,4.04
8/19/2013,569.26,15549.26,1.12,3.8
8/20/2013,587.99,15567.99,1,3.93
8/21/2013,562.99,15542.99,1.16,3.76
8/22/2013,612.99,15592.99,0.84,4.09
8/23/2013,623.72,15603.72,0.77,4.16
8/24/2013,623.72,15603.72,0.77,4.16
8/25/2013,623.72,15603.72,0.77,4.16
8/26/2013,613.72,15593.72,0.84,4.1
8/27/2013,496.45,15476.45,1.58,3.31
8/28/2013,507.45,15487.45,1.51,3.39
8/29/2013,517.45,15497.45,1.45,3.45
8/30/2013,517.45,15497.45,1.45,3.45
8/31/2013,517.45,15497.45,1.45,3.45
9/1/2013,517.45,15497.45,1.45,3.45
9/2/2013,517.45,15497.45,1.45,3.45
9/3/2013,532.18,15512.18,1.36,3.55
9/4/2013,558.91,15538.91,1.19,3.73
9/5/2013,564.91,15544.91,1.15,3.77
9/6/2013,574.91,15554.91,1.08,3.84
9/7/2013,574.91,15554.91,1.08,3.84
9/8/2013,574.91,15554.91,1.08,3.84
9/9/2013,594.64,15574.64,0.96,3.97
9/10/2013,617.37,15597.37,0.81,4.12
9/11/2013,639.37,15619.37,0.68,4.27
9/12/2013,636.37,15616.37,0.69,4.25
9/13/2013,645.1,15625.1,0.64,4.31
9/14/2013,645.1,15625.1,0.64,4.31
9/15/2013,645.1,15625.1,0.64,4.31
9/16/2013,664.1,15644.1,0.52,4.43
9/17/2013,667.84,15647.84,0.49,4.46
9/18/2013,696.57,15676.57,0.31,4.65
9/19/2013,711.57,15691.57,0.22,4.75
9/20/2013,694.57,15674.57,0.32,4.64
9/21/2013,694.57,15674.57,0.32,4.64
9/22/2013,694.57,15674.57,0.32,4.64
9/23/2013,682.57,15662.57,0.4,4.56
9/24/2013,692.57,15672.57,0.34,4.62
9/25/2013,682.57,15662.57,0.4,4.56
9/26/2013,721.3,15701.3,0.15,4.82
9/27/2013,704.3,15684.3,0.26,4.7
9/28/2013,704.3,15684.3,0.26,4.7
9/29/2013,704.3,15684.3,0.26,4.7
9/30/2013,699.3,15679.3,0.29,4.67
10/1/2013,744.03,15724.03,0.01,4.97
10/2/2013,733.03,15713.03,0.08,4.89
10/3/2013,693.03,15673.03,0.33,4.63
10/4/2013,749.03,15729.03,0,5
10/5/2013,749.03,15729.03,0,5
10/6/2013,749.03,15729.03,0,5
10/7/2013,718.03,15698.03,0.2,4.79
10/8/2013,655.03,15635.03,0.6,4.37
10/9/2013,678.03,15658.03,0.45,4.53
10/10/2013,788.76,15768.76,0,5.27
10/11/2013,811.76,15791.76,0,5.42
10/12/2013,811.76,15791.76,0,5.42
10/13/2013,811.76,15791.76,0,5.42
10/14/2013,816.49,15796.49,0,5.45
10/15/2013,773.49,15753.49,0.27,5.16
10/16/2013,844.22,15824.22,0,5.64
10/17/2013,876.95,15856.95,0,5.85
10/18/2013,894.95,15874.95,0,5.97
10/19/2013,894.95,15874.95,0,5.97
10/20/2013,894.95,15874.95,0,5.97
10/21/2013,900.68,15880.68,0,6.01
10/22/2013,915.41,15895.41,0,6.11
10/23/2013,909.41,15889.41,0.04,6.07
10/24/2013,924.41,15904.41,0,6.17
10/25/2013,937.15,15917.15,0,6.26
10/26/2013,937.15,15917.15,0,6.26
10/27/2013,937.15,15917.15,0,6.26
10/28/2013,950.15,15930.15,0,6.34
10/29/2013,954.88,15934.88,0,6.37
10/30/2013,947.88,15927.88,0.04,6.33
10/31/2013,947.88,15927.88,0.04,6.33
11/1/2013,955.88,15935.88,0,6.38
11/2/2013,955.88,15935.88,0,6.38
11/3/2013,955.88,15935.88,0,6.38
11/4/2013,979.61,15959.61,0,6.54
11/5/2013,970.61,15950.61,0.06,6.48
11/6/2013,994.34,15974.34,0,6.64
11/7/2013,940.34,15920.34,0.34,6.28
11/8/2013,1003.34,15983.34,0,6.7
11/9/2013,1003.34,15983.34,0,6.7
11/10/2013,1003.34,15983.34,0,6.7
11/11/2013,1011.34,15991.34,0,6.75
11/12/2013,1013.07,15993.07,0,6.76
11/13/2013,1035.07,16015.07,0,6.91
11/14/2013,1045.8,16025.8,0,6.98
11/15/2013,1061.8,16041.8,0,7.09
11/16/2013,1061.8,16041.8,0,7.09
11/17/2013,1061.8,16041.8,0,7.09
11/18/2013,1062.53,16042.53,0,7.09
11/19/2013,1061.53,16041.53,0.01,7.09
11/20/2013,1061.53,16041.53,0.01,7.09
11/21/2013,1083.26,16063.26,0,7.23
11/22/2013,1099.26,16079.26,0,7.34
11/23/2013,1099.26,16079.26,0,7.34
11/24/2013,1099.26,16079.26,0,7.34
11/25/2013,1105.99,16085.99,0,7.38
11/26/2013,1113.99,16093.99,0,7.44
11/27/2013,1119.72,16099.72,0,7.47
11/28/2013,1119.72,16099.72,0,7.47
11/29/2013,1117.72,16097.72,0.01,7.46
11/30/2013,1117.72,16097.72,0.01,7.46
12/1/2013,1117.72,16097.72,0.01,7.46
12/2/2013,1124.72,16104.72,0,7.51
12/3/2013,1111.72,16091.72,0.08,7.42
12/4/2013,1120.72,16100.72,0.02,7.48
12/5/2013,1102.72,16082.72,0.14,7.36
12/6/2013,1157.46,16137.46,0,7.73
12/7/2013,1157.46,16137.46,0,7.73
12/8/2013,1157.46,16137.46,0,7.73
12/9/2013,1175.46,16155.46,0,7.85
12/10/2013,1174.46,16154.46,0.01,7.84
12/11/2013,1120.46,16100.46,0.34,7.48
12/12/2013,1119.46,16099.46,0.35,7.47
12/13/2013,1146.46,16126.46,0.18,7.65
12/14/2013,1146.46,16126.46,0.18,7.65
12/15/2013,1146.46,16126.46,0.18,7.65
12/16/2013,1144.31,16124.31,0.19,7.64
12/17/2013,1142.31,16122.31,0.21,7.63
12/18/2013,1184.04,16164.04,0,7.9
12/19/2013,1193.04,16173.04,0,7.96
12/20/2013,1210.78,16190.78,0,8.08
12/21/2013,1210.78,16190.78,0,8.08
12/22/2013,1210.78,16190.78,0,8.08
12/23/2013,1229.51,16209.51,0,8.21
12/24/2013,1241.51,16221.51,0,8.29
12/25/2013,1241.51,16221.51,0,8.29
12/26/2013,1249.24,16229.24,0,8.34
12/27/2013,1257.24,16237.24,0,8.39
12/28/2013,1257.24,16237.24,0,8.39
12/29/2013,1257.24,16237.24,0,8.39
12/30/2013,1261.24,16241.24,0,8.42
12/31/2013,1269.97,16249.97,0,8.48
1/1/2014,1269.97,16249.97,0,8.48
1/2/2014,1241.97,16221.97,0.17,8.29
1/3/2014,1264.97,16244.97,0.03,8.44
1/4/2014,1264.97,16244.97,0.03,8.44
1/5/2014,1264.97,16244.97,0.03,8.44
1/6/2014,1262.97,16242.97,0.04,8.43
1/7/2014,1293.97,16273.97,0,8.64
1/8/2014,1301.7,16281.7,0,8.69
1/9/2014,1305.7,16285.7,0,8.72
1/10/2014,1322.43,16302.43,0,8.83
1/11/2014,1322.43,16302.43,0,8.83
1/12/2014,1322.43,16302.43,0,8.83
1/13/2014,1250.43,16230.43,0.44,8.35
1/14/2014,1328.43,16308.43,0,8.87
1/15/2014,1345.16,16325.16,0,8.98
1/16/2014,1341.16,16321.16,0.02,8.95
1/17/2014,1345.16,16325.16,0,8.98
1/18/2014,1345.16,16325.16,0,8.98
1/19/2014,1345.16,16325.16,0,8.98
1/20/2014,1345.16,16325.16,0,8.98
1/21/2014,1365.16,16345.16,0,9.11
1/22/2014,1372.89,16352.89,0,9.16
1/23/2014,1342.89,16322.89,0.18,8.96
1/24/2014,1108.62,16088.619999999999,1.62,7.4
1/25/2014,1108.62,16088.619999999999,1.62,7.4
1/26/2014,1108.62,16088.619999999999,1.62,7.4
1/27/2014,1140.62,16120.619999999999,1.42,7.61
1/28/2014,1163.35,16143.35,1.28,7.77
1/29/2014,1120.35,16100.35,1.54,7.48
1/30/2014,1158.35,16138.35,1.31,7.73
1/31/2014,1149.35,16129.35,1.37,7.67
2/1/2014,1149.35,16129.35,1.37,7.67
2/2/2014,1149.35,16129.35,1.37,7.67
2/3/2014,993.35,15973.35,2.32,6.63
2/4/2014,1089.35,16069.35,1.73,7.27
2/5/2014,1092.35,16072.35,1.72,7.29
2/6/2014,1194.35,16174.35,1.09,7.97
2/7/2014,1221.09,16201.09,0.93,8.15
2/8/2014,1221.09,16201.09,0.93,8.15
2/9/2014,1221.09,16201.09,0.93,8.15
2/10/2014,1243.09,16223.09,0.79,8.3
2/11/2014,1258.82,16238.82,0.7,8.4
2/12/2014,1269.82,16249.82,0.63,8.48
2/13/2014,1280.82,16260.82,0.56,8.55
2/14/2014,1292.55,16272.55,0.49,8.63
2/15/2014,1292.55,16272.55,0.49,8.63
2/16/2014,1292.55,16272.55,0.49,8.63
2/17/2014,1292.55,16272.55,0.49,8.63
2/18/2014,1304.55,16284.55,0.42,8.71
2/19/2014,1291.55,16271.55,0.5,8.62
2/20/2014,1312.28,16292.28,0.37,8.76
2/21/2014,1318.28,16298.28,0.33,8.8
2/22/2014,1318.28,16298.28,0.33,8.8
2/23/2014,1318.28,16298.28,0.33,8.8
2/24/2014,1335.01,16315.01,0.23,8.91
2/25/2014,1347.01,16327.01,0.16,8.99
2/26/2014,1345.01,16325.01,0.17,8.98
2/27/2014,1362.74,16342.74,0.06,9.1
2/28/2014,1369.74,16349.74,0.02,9.14
3/1/2014,1369.74,16349.74,0.02,9.14
3/2/2014,1369.74,16349.74,0.02,9.14
3/3/2014,1337.74,16317.74,0.21,8.93
3/4/2014,1391.47,16371.47,0,9.29
3/5/2014,1403.47,16383.47,0,9.37
3/6/2014,1409.47,16389.47,0,9.41
3/7/2014,1415.47,16395.47,0,9.45
3/8/2014,1415.47,16395.47,0,9.45
3/9/2014,1415.47,16395.47,0,9.45
3/10/2014,1425.2,16405.2,0,9.51
3/11/2014,1402.2,16382.2,0.14,9.36
3/12/2014,1426.2,16406.2,0,9.52
3/13/2014,1345.2,16325.2,0.49,8.98
3/14/2014,1328.93,16308.93,0.59,8.87
3/15/2014,1328.93,16308.93,0.59,8.87
3/16/2014,1328.93,16308.93,0.59,8.87
3/17/2014,1387.66,16367.66,0.23,9.26
3/18/2014,1418.4,16398.4,0.05,9.47
3/19/2014,1403.4,16383.4,0.14,9.37
3/20/2014,1436.4,16416.4,0,9.59
3/21/2014,1429.4,16409.4,0.04,9.54
3/22/2014,1429.4,16409.4,0.04,9.54
3/23/2014,1429.4,16409.4,0.04,9.54
3/24/2014,1432.4,16412.4,0.02,9.56
3/25/2014,1457.13,16437.13,0,9.73
3/26/2014,1418.13,16398.13,0.24,9.47
3/27/2014,1426.13,16406.13,0.19,9.52
3/28/2014,1471.13,16451.13,0,9.82
3/29/2014,1471.13,16451.13,0,9.82
3/30/2014,1471.13,16451.13,0,9.82
3/31/2014,1492.86,16472.86,0,9.97
4/1/2014,1516.59,16496.59,0,10.12
4/2/2014,1530.59,16510.59,0,10.22
4/3/2014,1534.59,16514.59,0,10.24
4/4/2014,1495.59,16475.59,0.24,9.98
4/5/2014,1495.59,16475.59,0.24,9.98
4/6/2014,1495.59,16475.59,0.24,9.98
4/7/2014,1408.59,16388.59,0.76,9.4
4/8/2014,1467.59,16447.59,0.41,9.8
4/9/2014,1546.32,16526.32,0,10.32
4/10/2014,1397.05,16377.05,0.9,9.33
4/11/2014,1365.05,16345.05,1.1,9.11
4/12/2014,1365.05,16345.05,1.1,9.11
4/13/2014,1365.05,16345.05,1.1,9.11
4/14/2014,1427.78,16407.78,0.72,9.53
4/15/2014,1451.51,16431.51,0.57,9.69
4/16/2014,1480.51,16460.51,0.4,9.88
4/17/2014,1494.24,16474.24,0.32,9.97
4/18/2014,1494.24,16474.24,0.32,9.97
4/19/2014,1494.24,16474.24,0.32,9.97
4/20/2014,1494.24,16474.24,0.32,9.97
4/21/2014,1514.97,16494.97,0.19,10.11
4/22/2014,1530.71,16510.71,0.09,10.22
4/23/2014,1530.71,16510.71,0.09,10.22
4/24/2014,1533.71,16513.71,0.08,10.24
4/25/2014,1507.71,16487.71,0.23,10.06
4/26/2014,1507.71,16487.71,0.23,10.06
4/27/2014,1507.71,16487.71,0.23,10.06
4/28/2014,1536.71,16516.71,0.06,10.26
4/29/2014,1555.44,16535.44,0,10.38
4/30/2014,1574.44,16554.44,0,10.51
5/1/2014,1579.44,16559.44,0,10.54
5/2/2014,1587.17,16567.17,0,10.6
5/3/2014,1587.17,16567.17,0,10.6
5/4/2014,1587.17,16567.17,0,10.6
5/5/2014,1597.17,16577.17,0,10.66
5/6/2014,1581.17,16561.17,0.1,10.56
5/7/2014,1605.9,16585.9,0,10.72
5/8/2014,1610.9,16590.9,0,10.75
5/9/2014,1627.9,16607.9,0,10.87
5/10/2014,1627.9,16607.9,0,10.87
5/11/2014,1627.9,16607.9,0,10.87
5/12/2014,1649.63,16629.63,0,11.01
5/13/2014,1661.63,16641.63,0,11.09
5/14/2014,1649.63,16629.63,0.07,11.01
5/15/2014,1579.63,16559.63,0.49,10.54
5/16/2014,1677.36,16657.36,0,11.2
5/17/2014,1677.36,16657.36,0,11.2
5/18/2014,1677.36,16657.36,0,11.2
5/19/2014,1696.09,16676.09,0,11.32
5/20/2014,1663.09,16643.09,0.2,11.1
5/21/2014,1712.82,16692.82,0,11.43
5/22/2014,1726.82,16706.82,0,11.53
5/23/2014,1736.55,16716.55,0,11.59
5/24/2014,1736.55,16716.55,0,11.59
5/25/2014,1736.55,16716.55,0,11.59
5/26/2014,1736.55,16716.55,0,11.59
5/27/2014,1751.28,16731.28,0,11.69
5/28/2014,1758.28,16738.28,0,11.74
5/29/2014,1771.28,16751.28,0,11.82
5/30/2014,1778.02,16758.02,0,11.87
5/31/2014,1778.02,16758.02,0,11.87
6/1/2014,1778.02,16758.02,0,11.87
6/2/2014,1785.02,16765.02,0,11.92
6/3/2014,1785.02,16765.02,0,11.92
6/4/2014,1791.02,16771.02,0,11.96
6/5/2014,1801.75,16781.75,0,12.03
6/6/2014,1827.48,16807.48,0,12.2
6/7/2014,1827.48,16807.48,0,12.2
6/8/2014,1827.48,16807.48,0,12.2
6/9/2014,1836.48,16816.48,0,12.26
6/10/2014,1840.21,16820.21,0,12.28
6/11/2014,1826.21,16806.21,0.08,12.19
6/12/2014,1787.21,16767.21,0.32,11.93
6/13/2014,1813.21,16793.21,0.16,12.1
6/14/2014,1813.21,16793.21,0.16,12.1
6/15/2014,1813.21,16793.21,0.16,12.1
6/16/2014,1823.21,16803.21,0.1,12.17
6/17/2014,1837.21,16817.21,0.02,12.26
6/18/2014,1868.94,16848.94,0,12.48
6/19/2014,1878.94,16858.94,0,12.54
6/20/2014,1886.94,16866.94,0,12.6
6/21/2014,1886.94,16866.94,0,12.6
6/22/2014,1886.94,16866.94,0,12.6
6/23/2014,1892.67,16872.67,0,12.63
6/24/2014,1861.67,16841.67,0.18,12.43
6/25/2014,1894.67,16874.67,0,12.65
6/26/2014,1901.67,16881.67,0,12.69
6/27/2014,1914.4,16894.4,0,12.78
6/28/2014,1914.4,16894.4,0,12.78
6/29/2014,1914.4,16894.4,0,12.78
6/30/2014,1928.4,16908.4,0,12.87
7/1/2014,1937.13,16917.13,0,12.93
7/2/2014,1948.13,16928.13,0,13
7/3/2014,1959.86,16939.86,0,13.08
7/4/2014,1959.86,16939.86,0,13.08
7/5/2014,1959.86,16939.86,0,13.08
7/6/2014,1959.86,16939.86,0,13.08
7/7/2014,1953.86,16933.86,0.04,13.04
7/8/2014,1919.86,16899.86,0.24,12.82
7/9/2014,1960.86,16940.86,0,13.09
7/10/2014,1933.86,16913.86,0.16,12.91
7/11/2014,1986.59,16966.59,0,13.26
7/12/2014,1986.59,16966.59,0,13.26
7/13/2014,1986.59,16966.59,0,13.26
7/14/2014,2005.33,16985.33,0,13.39
7/15/2014,2006.33,16986.33,0,13.39
7/16/2014,2020.06,17000.06,0,13.49
7/17/2014,1929.06,16909.06,0.54,12.88
7/18/2014,2018.06,16998.06,0.01,13.47
7/19/2014,2018.06,16998.06,0.01,13.47
7/20/2014,2018.06,16998.06,0.01,13.47
7/21/2014,2020.06,17000.06,0,13.49
7/22/2014,2043.79,17023.79,0,13.64
7/23/2014,2061.79,17041.79,0,13.76
7/24/2014,2066.79,17046.79,0,13.8
7/25/2014,2053.79,17033.79,0.08,13.71
7/26/2014,2053.79,17033.79,0.08,13.71
7/27/2014,2053.79,17033.79,0.08,13.71
7/28/2014,2068.79,17048.79,0,13.81
7/29/2014,2051.79,17031.79,0.1,13.7
7/30/2014,2070.79,17050.79,0,13.82
7/31/2014,1907.79,16887.79,0.96,12.74
8/1/2014,1828.52,16808.52,1.42,12.21
8/2/2014,1828.52,16808.52,1.42,12.21
8/3/2014,1828.52,16808.52,1.42,12.21
8/4/2014,1873.25,16853.25,1.16,12.51
8/5/2014,1827.25,16807.25,1.43,12.2
8/6/2014,1857.25,16837.25,1.25,12.4
8/7/2014,1852.25,16832.25,1.28,12.36
8/8/2014,1910.98,16890.98,0.94,12.76
8/9/2014,1910.98,16890.98,0.94,12.76
8/10/2014,1910.98,16890.98,0.94,12.76
8/11/2014,1942.71,16922.71,0.75,12.97
8/12/2014,1951.71,16931.71,0.7,13.03
8/13/2014,1972.44,16952.44,0.58,13.17
8/14/2014,1991.44,16971.44,0.47,13.29
8/15/2014,1984.44,16964.44,0.51,13.25
8/16/2014,1984.44,16964.44,0.51,13.25
8/17/2014,1984.44,16964.44,0.51,13.25
8/18/2014,2014.17,16994.17,0.33,13.45
8/19/2014,2033.9,17013.9,0.22,13.58
8/20/2014,2047.9,17027.9,0.13,13.67
8/21/2014,2057.9,17037.9,0.08,13.74
8/22/2014,2063.64,17043.64,0.04,13.78
8/23/2014,2063.64,17043.64,0.04,13.78
8/24/2014,2063.64,17043.64,0.04,13.78
8/25/2014,2075.37,17055.37,0,13.85
8/26/2014,2087.37,17067.37,0,13.93
8/27/2014,2088.1,17068.1,0,13.94
8/28/2014,2089.1,17069.1,0,13.95
8/29/2014,2099.1,17079.1,0,14.01
8/30/2014,2099.1,17079.1,0,14.01
8/31/2014,2099.1,17079.1,0,14.01
9/1/2014,2099.1,17079.1,0,14.01
9/2/2014,2104.83,17084.83,0,14.05
9/3/2014,2103.83,17083.83,0.01,14.04
9/4/2014,2100.83,17080.83,0.02,14.02
9/5/2014,2120.56,17100.56,0,14.16
9/6/2014,2120.56,17100.56,0,14.16
9/7/2014,2120.56,17100.56,0,14.16
9/8/2014,2119.56,17099.56,0.01,14.15
9/9/2014,2097.56,17077.56,0.13,14
9/10/2014,2128.56,17108.56,0,14.21
9/11/2014,2141.29,17121.29,0,14.29
9/12/2014,2115.29,17095.29,0.15,14.12
9/13/2014,2115.29,17095.29,0.15,14.12
9/14/2014,2115.29,17095.29,0.15,14.12
9/15/2014,2115.29,17095.29,0.15,14.12
9/16/2014,2164.29,17144.29,0,14.45
9/17/2014,2176.02,17156.02,0,14.53
9/18/2014,2198.02,17178.02,0,14.67
9/19/2014,2205.75,17185.75,0,14.72
9/20/2014,2205.75,17185.75,0,14.72
9/21/2014,2205.75,17185.75,0,14.72
9/22/2014,2163.75,17143.75,0.24,14.44
9/23/2014,2101.48,17081.48,0.61,14.03
9/24/2014,2132.21,17112.21,0.43,14.23
9/25/2014,2043.21,17023.21,0.95,13.64
9/26/2014,2114.21,17094.21,0.53,14.11
9/27/2014,2114.21,17094.21,0.53,14.11
9/28/2014,2114.21,17094.21,0.53,14.11
9/29/2014,2132.21,17112.21,0.43,14.23
9/30/2014,2159.95,17139.95,0.27,14.42
10/1/2014,2123.95,17103.95,0.48,14.18
10/2/2014,2139.95,17119.95,0.38,14.29
10/3/2014,2197.68,17177.68,0.05,14.67
10/4/2014,2197.68,17177.68,0.05,14.67
10/5/2014,2197.68,17177.68,0.05,14.67
10/6/2014,2204.68,17184.68,0.01,14.72
10/7/2014,2135.68,17115.68,0.41,14.26
10/8/2014,2226.41,17206.41,0,14.86
10/9/2014,2076.41,17056.41,0.87,13.86
10/10/2014,1925.14,16905.14,1.75,12.85
10/11/2014,1925.14,16905.14,1.75,12.85
10/12/2014,1925.14,16905.14,1.75,12.85
10/13/2014,1858.14,16838.14,2.14,12.4
10/14/2014,1962.14,16942.14,1.54,13.1
10/15/2014,1880.01,16860.01,2.01,12.55
10/16/2014,1880.01,16860.01,2.01,12.55
10/17/2014,1878.87,16858.87,2.02,12.54
10/18/2014,1878.87,16858.87,2.02,12.54
10/19/2014,1878.87,16858.87,2.02,12.54
10/20/2014,1936.6,16916.6,1.68,12.93
10/21/2014,1979.33,16959.33,1.44,13.21
10/22/2014,1955.33,16935.33,1.58,13.05
10/23/2014,2009.33,16989.33,1.26,13.41
10/24/2014,2030.06,17010.06,1.14,13.55
10/25/2014,2030.06,17010.06,1.14,13.55
10/26/2014,2030.06,17010.06,1.14,13.55
10/27/2014,2049.06,17029.06,1.03,13.68
10/28/2014,2068.79,17048.79,0.92,13.81
10/29/2014,2067.79,17047.79,0.92,13.8
10/30/2014,2094.79,17074.79,0.76,13.98
10/31/2014,2115.52,17095.52,0.64,14.12
11/1/2014,2115.52,17095.52,0.64,14.12
11/2/2014,2115.52,17095.52,0.64,14.12
11/3/2014,2126.52,17106.52,0.58,14.2
11/4/2014,2124.52,17104.52,0.59,14.18
11/5/2014,2151.26,17131.260000000002,0.44,14.36
11/6/2014,2174.26,17154.260000000002,0.3,14.51
11/7/2014,2188.99,17168.989999999998,0.22,14.61
11/8/2014,2188.99,17168.989999999998,0.22,14.61
11/9/2014,2188.99,17168.989999999998,0.22,14.61
11/10/2014,2204.72,17184.72,0.13,14.72
11/11/2014,2214.72,17194.72,0.07,14.78
11/12/2014,2219.72,17199.72,0.04,14.82
11/13/2014,2222.45,17202.45,0.02,14.84
11/14/2014,2234.45,17214.45,0,14.92
11/15/2014,2234.45,17214.45,0,14.92
11/16/2014,2234.45,17214.45,0,14.92
11/17/2014,2244.45,17224.45,0,14.98
11/18/2014,2254.18,17234.18,0,15.05
11/19/2014,2253.18,17233.18,0.01,15.04
11/20/2014,2267.18,17247.18,0,15.13
11/21/2014,2280.91,17260.91,0,15.23
11/22/2014,2280.91,17260.91,0,15.23
11/23/2014,2280.91,17260.91,0,15.23
11/24/2014,2295.64,17275.64,0,15.32
11/25/2014,2301.64,17281.64,0,15.36
11/26/2014,2308.37,17288.37,0,15.41
11/27/2014,2308.37,17288.37,0,15.41
11/28/2014,2292.37,17272.37,0.09,15.3
11/29/2014,2292.37,17272.37,0.09,15.3
11/30/2014,2292.37,17272.37,0.09,15.3
12/1/2014,2270.37,17250.37,0.22,15.16
12/2/2014,2315.37,17295.37,0,15.46
12/3/2014,2334.1,17314.1,0,15.58
12/4/2014,2338.1,17318.1,0,15.61
12/5/2014,2356.1,17336.1,0,15.73
12/6/2014,2356.1,17336.1,0,15.73
12/7/2014,2356.1,17336.1,0,15.73
12/8/2014,2327.1,17307.1,0.17,15.53
12/9/2014,2337.1,17317.1,0.11,15.6
12/10/2014,2150.83,17130.83,1.18,14.36
12/11/2014,2161.83,17141.83,1.12,14.43
12/12/2014,2107.83,17087.83,1.43,14.07
12/13/2014,2107.83,17087.83,1.43,14.07
12/14/2014,2107.83,17087.83,1.43,14.07
12/15/2014,2149.83,17129.83,1.19,14.35
12/16/2014,2108.83,17088.83,1.43,14.08
12/17/2014,2217.57,17197.57,0.8,14.8
12/18/2014,2274.3,17254.3,0.47,15.18
12/19/2014,2327.03,17307.03,0.17,15.53
12/20/2014,2327.03,17307.03,0.17,15.53
12/21/2014,2327.03,17307.03,0.17,15.53
12/22/2014,2352.76,17332.760000000002,0.02,15.71
12/23/2014,2366.76,17346.760000000002,0,15.8
12/24/2014,2369.76,17349.760000000002,0,15.82
12/25/2014,2369.76,17349.760000000002,0,15.82
12/26/2014,2374.49,17354.489999999998,0,15.85
12/27/2014,2374.49,17354.489999999998,0,15.85
12/28/2014,2374.49,17354.489999999998,0,15.85
12/29/2014,2395.49,17375.489999999998,0,15.99
12/30/2014,2389.49,17369.489999999998,0.03,15.95
12/31/2014,2315.49,17295.489999999998,0.46,15.46
1/1/2015,2315.49,17295.489999999998,0.46,15.46
1/2/2015,2355.49,17335.489999999998,0.23,15.72
1/3/2015,2355.49,17335.489999999998,0.23,15.72
1/4/2015,2355.49,17335.489999999998,0.23,15.72
1/5/2015,2353.35,17333.35,0.24,15.71
1/6/2015,2319.35,17299.35,0.44,15.48
1/7/2015,2386.08,17366.08,0.05,15.93
1/8/2015,2436.81,17416.81,0,16.27
1/9/2015,2426.81,17406.81,0.06,16.2
1/10/2015,2426.81,17406.81,0.06,16.2
1/11/2015,2426.81,17406.81,0.06,16.2
1/12/2015,2387.81,17367.81,0.28,15.94
1/13/2015,2353.81,17333.81,0.48,15.71
1/14/2015,2322.81,17302.81,0.65,15.51
1/15/2015,2226.54,17206.54,1.21,14.86
1/16/2015,2279.27,17259.27,0.9,15.22
1/17/2015,2279.27,17259.27,0.9,15.22
1/18/2015,2279.27,17259.27,0.9,15.22
1/19/2015,2279.27,17259.27,0.9,15.22
1/20/2015,2321,17301,0.66,15.49
1/21/2015,2354,17334,0.48,15.71
1/22/2015,2395.73,17375.73,0.24,15.99
1/23/2015,2384.73,17364.73,0.3,15.92
1/24/2015,2384.73,17364.73,0.3,15.92
1/25/2015,2384.73,17364.73,0.3,15.92
1/26/2015,2428.46,17408.46,0.05,16.21
1/27/2015,2347.46,17327.46,0.51,15.67
1/28/2015,2157.2,17137.2,1.61,14.4
1/29/2015,2198.93,17178.93,1.37,14.68
1/30/2015,2121.93,17101.93,1.81,14.17
1/31/2015,2121.93,17101.93,1.81,14.17
2/1/2015,2121.93,17101.93,1.81,14.17
2/2/2015,2237.93,17217.93,1.14,14.94
2/3/2015,2266.66,17246.66,0.98,15.13
2/4/2015,2254.66,17234.66,1.05,15.05
2/5/2015,2299.66,17279.66,0.79,15.35
2/6/2015,2297.66,17277.66,0.8,15.34
2/7/2015,2297.66,17277.66,0.8,15.34
2/8/2015,2297.66,17277.66,0.8,15.34
2/9/2015,2305.39,17285.39,0.75,15.39
2/10/2015,2339.12,17319.12,0.56,15.61
2/11/2015,2346.12,17326.12,0.52,15.66
2/12/2015,2390.85,17370.85,0.26,15.96
2/13/2015,2408.85,17388.85,0.16,16.08
2/14/2015,2408.85,17388.85,0.16,16.08
2/15/2015,2408.85,17388.85,0.16,16.08
2/16/2015,2408.85,17388.85,0.16,16.08
2/17/2015,2417.58,17397.58,0.11,16.14
2/18/2015,2432.58,17412.58,0.02,16.24
2/19/2015,2439.58,17419.58,0,16.29
2/20/2015,2454.31,17434.31,0,16.38
2/21/2015,2454.31,17434.31,0,16.38
2/22/2015,2454.31,17434.31,0,16.38
2/23/2015,2464.31,17444.31,0,16.45
2/24/2015,2484.04,17464.04,0,16.58
2/25/2015,2484.04,17464.04,0,16.58
2/26/2015,2486.04,17466.04,0,16.6
2/27/2015,2485.04,17465.04,0.01,16.59
2/28/2015,2485.04,17465.04,0.01,16.59
3/1/2015,2485.04,17465.04,0.01,16.59
3/2/2015,2512.77,17492.77,0,16.77
3/3/2015,2496.77,17476.77,0.09,16.67
3/4/2015,2470.77,17450.77,0.24,16.49
3/5/2015,2504.77,17484.77,0.05,16.72
3/6/2015,2279.51,17259.510000000002,1.33,15.22
3/7/2015,2279.51,17259.510000000002,1.33,15.22
3/8/2015,2279.51,17259.510000000002,1.33,15.22
3/9/2015,2315.24,17295.239999999998,1.13,15.46
3/10/2015,2183.97,17163.97,1.88,14.58
3/11/2015,2190.97,17170.97,1.84,14.63
3/12/2015,2239.7,17219.7,1.56,14.95
3/13/2015,2213.7,17193.7,1.71,14.78
3/14/2015,2213.7,17193.7,1.71,14.78
3/15/2015,2213.7,17193.7,1.71,14.78
3/16/2015,2275.7,17255.7,1.36,15.19
3/17/2015,2276.43,17256.43,1.35,15.2
3/18/2015,2341.16,17321.16,0.98,15.63
3/19/2015,2331.16,17311.16,1.04,15.56
3/20/2015,2399.89,17379.89,0.65,16.02
3/21/2015,2399.89,17379.89,0.65,16.02
3/22/2015,2399.89,17379.89,0.65,16.02
3/23/2015,2397.89,17377.89,0.66,16.01
3/24/2015,2386.89,17366.89,0.72,15.93
3/25/2015,2239.62,17219.62,1.56,14.95
3/26/2015,2231.62,17211.62,1.61,14.9
3/27/2015,2262.62,17242.62,1.43,15.1
3/28/2015,2262.62,17242.62,1.43,15.1
3/29/2015,2262.62,17242.62,1.43,15.1
3/30/2015,2295.35,17275.35,1.24,15.32
3/31/2015,2264.35,17244.35,1.42,15.12
4/1/2015,2248.35,17228.35,1.51,15.01
4/2/2015,2297.35,17277.35,1.23,15.34
4/3/2015,2297.35,17277.35,1.23,15.34
4/4/2015,2297.35,17277.35,1.23,15.34
4/5/2015,2297.35,17277.35,1.23,15.34
4/6/2015,2334.08,17314.08,1.02,15.58
4/7/2015,2341.08,17321.08,0.98,15.63
4/8/2015,2361.82,17341.82,0.86,15.77
4/9/2015,2388.82,17368.82,0.71,15.95
4/10/2015,2406.55,17386.55,0.61,16.07
4/11/2015,2406.55,17386.55,0.61,16.07
4/12/2015,2406.55,17386.55,0.61,16.07
4/13/2015,2390.55,17370.55,0.7,15.96
4/14/2015,2404.55,17384.55,0.62,16.05
4/15/2015,2434.28,17414.28,0.45,16.25
4/16/2015,2438.28,17418.28,0.43,16.28
4/17/2015,2354.28,17334.28,0.91,15.72
4/18/2015,2354.28,17334.28,0.91,15.72
4/19/2015,2354.28,17334.28,0.91,15.72
4/20/2015,2446.28,17426.28,0.38,16.33
4/21/2015,2452.28,17432.28,0.35,16.37
4/22/2015,2468.01,17448.010000000002,0.26,16.48
4/23/2015,2482.01,17462.010000000002,0.18,16.57
4/24/2015,2498.74,17478.739999999998,0.08,16.68
4/25/2015,2498.74,17478.739999999998,0.08,16.68
4/26/2015,2498.74,17478.739999999998,0.08,16.68
4/27/2015,2482.74,17462.739999999998,0.17,16.57
4/28/2015,2505.74,17485.739999999998,0.04,16.73
4/29/2015,2503.74,17483.739999999998,0.05,16.71
4/30/2015,2428.74,17408.739999999998,0.48,16.21
5/1/2015,2537.47,17517.47,0,16.94
5/2/2015,2537.47,17517.47,0,16.94
5/3/2015,2537.47,17517.47,0,16.94
5/4/2015,2560.2,17540.2,0,17.09
5/5/2015,2468.2,17448.2,0.52,16.48
5/6/2015,2407.93,17387.93,0.87,16.07
5/7/2015,2431.93,17411.93,0.73,16.23
5/8/2015,2470.66,17450.66,0.51,16.49
5/9/2015,2470.66,17450.66,0.51,16.49
5/10/2015,2470.66,17450.66,0.51,16.49
5/11/2015,2452.66,17432.66,0.61,16.37
5/12/2015,2451.66,17431.66,0.62,16.37
5/13/2015,2472.66,17452.66,0.5,16.51
5/14/2015,2507.39,17487.39,0.3,16.74
5/15/2015,2521.39,17501.39,0.22,16.83
5/16/2015,2521.39,17501.39,0.22,16.83
5/17/2015,2521.39,17501.39,0.22,16.83
5/18/2015,2538.13,17518.13,0.13,16.94
5/19/2015,2541.13,17521.13,0.11,16.96
5/20/2015,2550.13,17530.13,0.06,17.02
5/21/2015,2562.86,17542.86,0,17.11
5/22/2015,2565.86,17545.86,0,17.13
5/23/2015,2565.86,17545.86,0,17.13
5/24/2015,2565.86,17545.86,0,17.13
5/25/2015,2565.86,17545.86,0,17.13
5/26/2015,2496.86,17476.86,0.39,16.67
5/27/2015,2585.59,17565.59,0,17.26
5/28/2015,2581.59,17561.59,0.02,17.23
5/29/2015,2558.59,17538.59,0.15,17.08
5/30/2015,2558.59,17538.59,0.15,17.08
5/31/2015,2558.59,17538.59,0.15,17.08
6/1/2015,2577.59,17557.59,0.05,17.21
6/2/2015,2584.59,17564.59,0.01,17.25
6/3/2015,2611.59,17591.59,0,17.43
6/4/2015,2572.59,17552.59,0.22,17.17
6/5/2015,2632.32,17612.32,0,17.57
6/6/2015,2632.32,17612.32,0,17.57
6/7/2015,2632.32,17612.32,0,17.57
6/8/2015,2626.32,17606.32,0.03,17.53
6/9/2015,2642.32,17622.32,0,17.64
6/10/2015,2670.05,17650.05,0,17.82
6/11/2015,2690.05,17670.05,0,17.96
6/12/2015,2655.05,17635.05,0.2,17.72
6/13/2015,2655.05,17635.05,0.2,17.72
6/14/2015,2655.05,17635.05,0.2,17.72
6/15/2015,2632.05,17612.05,0.33,17.57
6/16/2015,2680.05,17660.05,0.06,17.89
6/17/2015,2717.78,17697.78,0,18.14
6/18/2015,2751.51,17731.510000000002,0,18.37
6/19/2015,2733.51,17713.510000000002,0.1,18.25
6/20/2015,2733.51,17713.510000000002,0.1,18.25
6/21/2015,2733.51,17713.510000000002,0.1,18.25
6/22/2015,2800.51,17780.510000000002,0,18.69
6/23/2015,2813.24,17793.239999999998,0,18.78
6/24/2015,2775.24,17755.239999999998,0.21,18.53
6/25/2015,2749.24,17729.239999999998,0.36,18.35
6/26/2015,2749.24,17729.239999999998,0.36,18.35
6/27/2015,2749.24,17729.239999999998,0.36,18.35
6/28/2015,2749.24,17729.239999999998,0.36,18.35
6/29/2015,2513.97,17493.97,1.68,16.78
6/30/2015,2546.97,17526.97,1.5,17
7/1/2015,2581.7,17561.7,1.3,17.23
7/2/2015,2583.7,17563.7,1.29,17.25
7/3/2015,2583.7,17563.7,1.29,17.25
7/4/2015,2583.7,17563.7,1.29,17.25
7/5/2015,2583.7,17563.7,1.29,17.25
7/6/2015,2619.7,17599.7,1.09,17.49
7/7/2015,2637.44,17617.44,0.99,17.61
7/8/2015,2529.44,17509.44,1.59,16.89
7/9/2015,2556.44,17536.44,1.44,17.07
7/10/2015,2652.44,17632.44,0.9,17.71
7/11/2015,2652.44,17632.44,0.9,17.71
7/12/2015,2652.44,17632.44,0.9,17.71
7/13/2015,2695.17,17675.17,0.66,17.99
7/14/2015,2718.9,17698.9,0.53,18.15
7/15/2015,2711.9,17691.9,0.57,18.1
7/16/2015,2747.63,17727.63,0.37,18.34
7/17/2015,2762.63,17742.63,0.28,18.44
7/18/2015,2762.63,17742.63,0.28,18.44
7/19/2015,2762.63,17742.63,0.28,18.44
7/20/2015,2770.63,17750.63,0.24,18.5
7/21/2015,2768.63,17748.63,0.25,18.48
7/22/2015,2768.63,17748.63,0.25,18.48
7/23/2015,2755.63,17735.63,0.32,18.4
7/24/2015,2628.63,17608.63,1.04,17.55
7/25/2015,2628.63,17608.63,1.04,17.55
7/26/2015,2628.63,17608.63,1.04,17.55
7/27/2015,2627.49,17607.489999999998,1.04,17.54
7/28/2015,2667.22,17647.22,0.82,17.81
7/29/2015,2699.22,17679.22,0.64,18.02
7/30/2015,2705.95,17685.95,0.6,18.06
7/31/2015,2707.95,17687.95,0.59,18.08
8/1/2015,2707.95,17687.95,0.59,18.08
8/2/2015,2707.95,17687.95,0.59,18.08
8/3/2015,2704.95,17684.95,0.61,18.06
8/4/2015,2702.95,17682.95,0.62,18.04
8/5/2015,2727.95,17707.95,0.48,18.21
8/6/2015,2708.95,17688.95,0.59,18.08
8/7/2015,2740.68,17720.68,0.41,18.3
8/8/2015,2740.68,17720.68,0.41,18.3
8/9/2015,2740.68,17720.68,0.41,18.3
8/10/2015,2782.41,17762.41,0.17,18.57
8/11/2015,2730.41,17710.41,0.47,18.23
8/12/2015,2748.41,17728.41,0.36,18.35
8/13/2015,2775.41,17755.41,0.21,18.53
8/14/2015,2810.14,17790.14,0.02,18.76
8/15/2015,2810.14,17790.14,0.02,18.76
8/16/2015,2810.14,17790.14,0.02,18.76
8/17/2015,2838.87,17818.87,0,18.95
8/18/2015,2836.87,17816.87,0.01,18.94
8/19/2015,2769.87,17749.87,0.39,18.49
8/20/2015,2488.6,17468.6,1.97,16.61
8/21/2015,2184.48,17164.48,3.67,14.58
8/22/2015,2184.48,17164.48,3.67,14.58
8/23/2015,2184.48,17164.48,3.67,14.58
8/24/2015,2184.48,17164.48,3.67,14.58
8/25/2015,2184.48,17164.48,3.67,14.58
8/26/2015,2184.48,17164.48,3.67,14.58
8/27/2015,2184.48,17164.48,3.67,14.58
8/28/2015,2184.48,17164.48,3.67,14.58
8/29/2015,2184.48,17164.48,3.67,14.58
8/30/2015,2184.48,17164.48,3.67,14.58
8/31/2015,2184.48,17164.48,3.67,14.58
9/1/2015,2184.48,17164.48,3.67,14.58
9/2/2015,2184.48,17164.48,3.67,14.58
9/3/2015,2184.48,17164.48,3.67,14.58
9/4/2015,2184.48,17164.48,3.67,14.58
9/5/2015,2184.48,17164.48,3.67,14.58
9/6/2015,2184.48,17164.48,3.67,14.58
9/7/2015,2184.48,17164.48,3.67,14.58
9/8/2015,2182.33,17162.33,3.68,14.57
9/9/2015,2104.21,17084.21,4.12,14.05
9/10/2015,2103.07,17083.07,4.13,14.04
9/11/2015,2146.07,17126.07,3.89,14.33
9/12/2015,2146.07,17126.07,3.89,14.33
9/13/2015,2146.07,17126.07,3.89,14.33
9/14/2015,2154.07,17134.07,3.84,14.38
9/15/2015,2198.8,17178.8,3.59,14.68
9/16/2015,2229.8,17209.8,3.42,14.89
9/17/2015,2248.8,17228.8,3.31,15.01
9/18/2015,2210.8,17190.8,3.52,14.76
9/19/2015,2210.8,17190.8,3.52,14.76
9/20/2015,2210.8,17190.8,3.52,14.76
9/21/2015,2271.53,17251.53,3.18,15.16
9/22/2015,2157.53,17137.53,3.82,14.4
9/23/2015,2230.53,17210.53,3.41,14.89
9/24/2015,2205.53,17185.53,3.55,14.72
9/25/2015,2240.53,17220.53,3.36,14.96
9/26/2015,2240.53,17220.53,3.36,14.96
9/27/2015,2240.53,17220.53,3.36,14.96
9/28/2015,2022.4,17002.4,4.58,13.5
9/29/2015,2022.4,17002.4,4.58,13.5
9/30/2015,2021.26,17001.26,4.59,13.49
10/1/2015,2020.26,17000.26,4.59,13.49
10/2/2015,2102.99,17082.989999999998,4.13,14.04
10/3/2015,2102.99,17082.989999999998,4.13,14.04
10/4/2015,2102.99,17082.989999999998,4.13,14.04
10/5/2015,2149.72,17129.72,3.87,14.35
10/6/2015,2163.72,17143.72,3.79,14.44
10/7/2015,2190.45,17170.45,3.64,14.62
10/8/2015,2226.45,17206.45,3.44,14.86
10/9/2015,2236.18,17216.18,3.38,14.93
10/10/2015,2236.18,17216.18,3.38,14.93
10/11/2015,2236.18,17216.18,3.38,14.93
10/12/2015,2260.18,17240.18,3.25,15.09
10/13/2015,2246.18,17226.18,3.33,14.99
10/14/2015,2241.18,17221.18,3.35,14.96
10/15/2015,2280.91,17260.91,3.13,15.23
10/16/2015,2303.91,17283.91,3,15.38
10/17/2015,2303.91,17283.91,3,15.38
10/18/2015,2303.91,17283.91,3,15.38
10/19/2015,2313.64,17293.64,2.95,15.44
10/20/2015,2305.64,17285.64,2.99,15.39
10/21/2015,2288.64,17268.64,3.09,15.28
10/22/2015,2342.38,17322.38,2.79,15.64
10/23/2015,2376.11,17356.11,2.6,15.86
10/24/2015,2376.11,17356.11,2.6,15.86
10/25/2015,2376.11,17356.11,2.6,15.86
10/26/2015,2379.11,17359.11,2.58,15.88
10/27/2015,2369.11,17349.11,2.64,15.82
10/28/2015,2416.84,17396.84,2.37,16.13
10/29/2015,2425.84,17405.84,2.32,16.19
10/30/2015,2431.84,17411.84,2.28,16.23
10/31/2015,2431.84,17411.84,2.28,16.23
11/1/2015,2431.84,17411.84,2.28,16.23
11/2/2015,2459.57,17439.57,2.13,16.42
11/3/2015,2479.57,17459.57,2.02,16.55
11/4/2015,2465.57,17445.57,2.09,16.46
11/5/2015,2480.57,17460.57,2.01,16.56
11/6/2015,2499.3,17479.3,1.91,16.68
11/7/2015,2499.3,17479.3,1.91,16.68
11/8/2015,2499.3,17479.3,1.91,16.68
11/9/2015,2449.3,17429.3,2.19,16.35
11/10/2015,2487.3,17467.3,1.97,16.6
11/11/2015,2505.3,17485.3,1.87,16.72
11/12/2015,2330.03,17310.03,2.86,15.55
11/13/2015,2275.03,17255.03,3.16,15.19
11/14/2015,2275.03,17255.03,3.16,15.19
11/15/2015,2275.03,17255.03,3.16,15.19
11/16/2015,2369.76,17349.760000000002,2.63,15.82
11/17/2015,2380.76,17360.760000000002,2.57,15.89
11/18/2015,2415.49,17395.489999999998,2.38,16.12
11/19/2015,2418.49,17398.489999999998,2.36,16.14
11/20/2015,2444.49,17424.489999999998,2.21,16.32
11/21/2015,2444.49,17424.489999999998,2.21,16.32
11/22/2015,2444.49,17424.489999999998,2.21,16.32
11/23/2015,2455.22,17435.22,2.15,16.39
11/24/2015,2464.22,17444.22,2.1,16.45
11/25/2015,2476.95,17456.95,2.03,16.54
11/26/2015,2476.95,17456.95,2.03,16.54
11/27/2015,2492.95,17472.95,1.94,16.64
11/28/2015,2492.95,17472.95,1.94,16.64
11/29/2015,2492.95,17472.95,1.94,16.64
11/30/2015,2487.95,17467.95,1.97,16.61
12/1/2015,2524.69,17504.69,1.76,16.85
12/2/2015,2459.69,17439.69,2.13,16.42
12/3/2015,2323.42,17303.42,2.89,15.51
12/4/2015,2394.15,17374.15,2.5,15.98
12/5/2015,2394.15,17374.15,2.5,15.98
12/6/2015,2394.15,17374.15,2.5,15.98
12/7/2015,2395.15,17375.15,2.49,15.99
12/8/2015,2342.15,17322.15,2.79,15.64
12/9/2015,2231.02,17211.02,3.41,14.89
12/10/2015,2231.02,17211.02,3.41,14.89
12/11/2015,2231.02,17211.02,3.41,14.89
12/12/2015,2231.02,17211.02,3.41,14.89
12/13/2015,2231.02,17211.02,3.41,14.89
12/14/2015,2229.88,17209.88,3.42,14.89
12/15/2015,2278.61,17258.61,3.14,15.21
12/16/2015,2341.34,17321.34,2.79,15.63
12/17/2015,2291.34,17271.34,3.07,15.3
12/18/2015,2154.34,17134.34,3.84,14.38
12/19/2015,2154.34,17134.34,3.84,14.38
12/20/2015,2154.34,17134.34,3.84,14.38
12/21/2015,2251.34,17231.34,3.3,15.03
12/22/2015,2368.34,17348.34,2.64,15.81
12/23/2015,2408.07,17388.07,2.42,16.08
12/24/2015,2408.07,17388.07,2.42,16.08
12/25/2015,2408.07,17388.07,2.42,16.08
12/26/2015,2408.07,17388.07,2.42,16.08
12/27/2015,2408.07,17388.07,2.42,16.08
12/28/2015,2420.07,17400.07,2.35,16.16
12/29/2015,2455.8,17435.8,2.15,16.39
12/30/2015,2434.8,17414.8,2.27,16.25
12/31/2015,2391.8,17371.8,2.51,15.97
1/1/2016,2391.8,17371.8,2.51,15.97
1/2/2016,2391.8,17371.8,2.51,15.97
1/3/2016,2391.8,17371.8,2.51,15.97
1/4/2016,2198.53,17178.53,3.59,14.68
1/5/2016,2236.53,17216.53,3.38,14.93
1/6/2016,2196.53,17176.53,3.6,14.66
1/7/2016,2039.53,17019.53,4.49,13.62
1/8/2016,1797.41,16777.41,5.84,12
1/9/2016,1797.41,16777.41,5.84,12
1/10/2016,1797.41,16777.41,5.84,12
1/11/2016,1796.26,16776.26,5.85,11.99
1/12/2016,1835,16815,5.63,12.25
1/13/2016,1680.87,16660.87,6.5,11.22
1/14/2016,1679.73,16659.73,6.51,11.21
1/15/2016,1560.6,16540.6,7.17,10.42
1/16/2016,1560.6,16540.6,7.17,10.42
1/17/2016,1560.6,16540.6,7.17,10.42
1/18/2016,1560.6,16540.6,7.17,10.42
1/19/2016,1560.6,16540.6,7.17,10.42
1/20/2016,1560.6,16540.6,7.17,10.42
1/21/2016,1560.6,16540.6,7.17,10.42
1/22/2016,1559.46,16539.46,7.18,10.41
1/23/2016,1559.46,16539.46,7.18,10.41
1/24/2016,1559.46,16539.46,7.18,10.41
1/25/2016,1512.46,16492.46,7.44,10.1
1/26/2016,1585.46,16565.46,7.03,10.58
1/27/2016,1568.46,16548.46,7.13,10.47
1/28/2016,1618.19,16598.19,6.85,10.8
1/29/2016,1679.92,16659.92,6.5,11.21
1/30/2016,1679.92,16659.92,6.5,11.21
1/31/2016,1679.92,16659.92,6.5,11.21
2/1/2016,1707.92,16687.92,6.35,11.4
2/2/2016,1618.92,16598.92,6.85,10.81
2/3/2016,1665.92,16645.92,6.58,11.12
2/4/2016,1702.92,16682.92,6.37,11.37
2/5/2016,1634.92,16614.92,6.76,10.91
2/6/2016,1634.92,16614.92,6.76,10.91
2/7/2016,1634.92,16614.92,6.76,10.91
2/8/2016,1634.92,16614.92,6.76,10.91
2/9/2016,1634.92,16614.92,6.76,10.91
2/10/2016,1634.92,16614.92,6.76,10.91
2/11/2016,1634.92,16614.92,6.76,10.91
2/12/2016,1634.92,16614.92,6.76,10.91
2/13/2016,1634.92,16614.92,6.76,10.91
2/14/2016,1634.92,16614.92,6.76,10.91
2/15/2016,1634.92,16614.92,6.76,10.91
2/16/2016,1633.78,16613.78,6.76,10.91
2/17/2016,1685.51,16665.51,6.47,11.25
2/18/2016,1687.51,16667.51,6.46,11.27
2/19/2016,1712.51,16692.51,6.32,11.43
2/20/2016,1712.51,16692.51,6.32,11.43
2/21/2016,1712.51,16692.51,6.32,11.43
2/22/2016,1751.24,16731.24,6.1,11.69
2/23/2016,1697.24,16677.24,6.41,11.33
2/24/2016,1734.24,16714.24,6.2,11.58
2/25/2016,1788.97,16768.97,5.89,11.94
2/26/2016,1800.97,16780.97,5.82,12.02
2/27/2016,1800.97,16780.97,5.82,12.02
2/28/2016,1800.97,16780.97,5.82,12.02
2/29/2016,1796.97,16776.97,5.85,12
3/1/2016,1850.7,16830.7,5.55,12.35
3/2/2016,1888.7,16868.7,5.33,12.61
3/3/2016,1899.43,16879.43,5.27,12.68
3/4/2016,1920.43,16900.43,5.15,12.82
3/5/2016,1920.43,16900.43,5.15,12.82
3/6/2016,1920.43,16900.43,5.15,12.82
3/7/2016,1930.16,16910.16,5.1,12.88
3/8/2016,1879.16,16859.16,5.39,12.54
3/9/2016,1923.16,16903.16,5.14,12.84
3/10/2016,1954.89,16934.89,4.96,13.05
3/11/2016,2006.63,16986.63,4.67,13.4
3/12/2016,2006.63,16986.63,4.67,13.4
3/13/2016,2006.63,16986.63,4.67,13.4
3/14/2016,2020.63,17000.63,4.59,13.49
3/15/2016,2015.63,16995.63,4.62,13.46
3/16/2016,2051.36,17031.36,4.42,13.69
3/17/2016,2079.09,17059.09,4.26,13.88
3/18/2016,2126.09,17106.09,4,14.19
3/19/2016,2126.09,17106.09,4,14.19
3/20/2016,2126.09,17106.09,4,14.19
3/21/2016,2146.82,17126.82,3.88,14.33
3/22/2016,2149.82,17129.82,3.87,14.35
3/23/2016,2136.82,17116.82,3.94,14.26
3/24/2016,2148.82,17128.82,3.87,14.34
3/25/2016,2148.82,17128.82,3.87,14.34
3/26/2016,2148.82,17128.82,3.87,14.34
3/27/2016,2148.82,17128.82,3.87,14.34
3/28/2016,2168.82,17148.82,3.76,14.48
3/29/2016,2191.55,17171.55,3.63,14.63
3/30/2016,2214.55,17194.55,3.5,14.78
3/31/2016,2213.55,17193.55,3.51,14.78
4/1/2016,2230.28,17210.28,3.42,14.89
4/2/2016,2230.28,17210.28,3.42,14.89
4/3/2016,2230.28,17210.28,3.42,14.89
4/4/2016,2222.28,17202.28,3.46,14.83
4/5/2016,2143.28,17123.28,3.9,14.31
4/6/2016,2253.28,17233.28,3.29,15.04
4/7/2016,2167.28,17147.28,3.77,14.47
4/8/2016,2272.28,17252.28,3.18,15.17
4/9/2016,2272.28,17252.28,3.18,15.17
4/10/2016,2272.28,17252.28,3.18,15.17
4/11/2016,2270.14,17250.14,3.19,15.15
4/12/2016,2300.87,17280.87,3.02,15.36
4/13/2016,2338.6,17318.6,2.81,15.61
4/14/2016,2349.6,17329.6,2.75,15.68
4/15/2016,2351.6,17331.6,2.73,15.7
4/16/2016,2351.6,17331.6,2.73,15.7
4/17/2016,2351.6,17331.6,2.73,15.7
4/18/2016,2376.33,17356.33,2.6,15.86
4/19/2016,2389.33,17369.33,2.52,15.95
4/20/2016,2400.06,17380.06,2.46,16.02
4/21/2016,2382.06,17362.06,2.56,15.9
4/22/2016,2404.06,17384.06,2.44,16.05
4/23/2016,2404.06,17384.06,2.44,16.05
4/24/2016,2404.06,17384.06,2.44,16.05
4/25/2016,2393.06,17373.06,2.5,15.98
4/26/2016,2413.06,17393.06,2.39,16.11
4/27/2016,2434.79,17414.79,2.27,16.25
4/28/2016,2366.79,17346.79,2.65,15.8
4/29/2016,2351.79,17331.79,2.73,15.7
4/30/2016,2351.79,17331.79,2.73,15.7
5/1/2016,2351.79,17331.79,2.73,15.7
5/2/2016,2436.79,17416.79,2.26,16.27
5/3/2016,2380.79,17360.79,2.57,15.89
5/4/2016,2336.79,17316.79,2.82,15.6
5/5/2016,2336.79,17316.79,2.82,15.6
5/6/2016,2459.79,17439.79,2.13,16.42
5/7/2016,2459.79,17439.79,2.13,16.42
5/8/2016,2459.79,17439.79,2.13,16.42
5/9/2016,2457.65,17437.65,2.14,16.41
5/10/2016,2484.38,17464.38,1.99,16.58
5/11/2016,2445.38,17425.38,2.21,16.32
5/12/2016,2453.38,17433.38,2.16,16.38
5/13/2016,2399.38,17379.38,2.47,16.02
5/14/2016,2399.38,17379.38,2.47,16.02
5/15/2016,2399.38,17379.38,2.47,16.02
5/16/2016,2491.38,17471.38,1.95,16.63
5/17/2016,2483.38,17463.38,2,16.58
5/18/2016,2442.38,17422.38,2.23,16.3
5/19/2016,2466.38,17446.38,2.09,16.46
5/20/2016,2535.11,17515.11,1.7,16.92
5/21/2016,2535.11,17515.11,1.7,16.92
5/22/2016,2535.11,17515.11,1.7,16.92
5/23/2016,2547.11,17527.11,1.64,17
5/24/2016,2567.84,17547.84,1.52,17.14
5/25/2016,2593.84,17573.84,1.38,17.32
5/26/2016,2599.57,17579.57,1.34,17.35
5/27/2016,2622.58,17602.58,1.21,17.51
5/28/2016,2622.58,17602.58,1.21,17.51
5/29/2016,2622.58,17602.58,1.21,17.51
5/30/2016,2622.58,17602.58,1.21,17.51
5/31/2016,2626.31,17606.31,1.19,17.53
6/1/2016,2631.31,17611.31,1.16,17.57
6/2/2016,2652.31,17632.31,1.05,17.71
6/3/2016,2663.04,17643.04,0.99,17.78
6/4/2016,2663.04,17643.04,0.99,17.78
6/5/2016,2663.04,17643.04,0.99,17.78
6/6/2016,2680.04,17660.04,0.89,17.89
6/7/2016,2682.77,17662.77,0.88,17.91
6/8/2016,2709.77,17689.77,0.72,18.09
6/9/2016,2709.77,17689.77,0.72,18.09
6/10/2016,2642.77,17622.77,1.1,17.64
6/11/2016,2642.77,17622.77,1.1,17.64
6/12/2016,2642.77,17622.77,1.1,17.64
6/13/2016,2573.77,17553.77,1.49,17.18
6/14/2016,2574.77,17554.77,1.48,17.19
6/15/2016,2571.77,17551.77,1.5,17.17
6/16/2016,2641.77,17621.77,1.11,17.64
6/17/2016,2596.77,17576.77,1.36,17.33
6/18/2016,2596.77,17576.77,1.36,17.33
6/19/2016,2596.77,17576.77,1.36,17.33
6/20/2016,2594.63,17574.63,1.37,17.32
6/21/2016,2610.63,17590.63,1.28,17.43
6/22/2016,2571.63,17551.63,1.5,17.17
6/23/2016,2642.63,17622.63,1.1,17.64
6/24/2016,2519.5,17499.5,1.79,16.82
6/25/2016,2519.5,17499.5,1.79,16.82
6/26/2016,2519.5,17499.5,1.79,16.82
6/27/2016,2517.36,17497.36,1.8,16.8
6/28/2016,2572.09,17552.09,1.5,17.17
6/29/2016,2618.82,17598.82,1.23,17.48
6/30/2016,2657.55,17637.55,1.02,17.74
7/1/2016,2695.28,17675.28,0.81,17.99
7/2/2016,2695.28,17675.28,0.81,17.99
7/3/2016,2695.28,17675.28,0.81,17.99
7/4/2016,2695.28,17675.28,0.81,17.99
7/5/2016,2665.28,17645.28,0.97,17.79
7/6/2016,2714.28,17694.28,0.7,18.12
7/7/2016,2718.01,17698.010000000002,0.68,18.14
7/8/2016,2760.74,17740.739999999998,0.44,18.43
7/9/2016,2760.74,17740.739999999998,0.44,18.43
7/10/2016,2760.74,17740.739999999998,0.44,18.43
7/11/2016,2780.47,17760.47,0.33,18.56
7/12/2016,2799.21,17779.21,0.22,18.69
7/13/2016,2814.21,17794.21,0.14,18.79
7/14/2016,2830.94,17810.94,0.04,18.9
7/15/2016,2837.94,17817.94,0.01,18.94
7/16/2016,2837.94,17817.94,0.01,18.94
7/17/2016,2837.94,17817.94,0.01,18.94
7/18/2016,2849.94,17829.94,0,19.02
7/19/2016,2849.94,17829.94,0,19.02
7/20/2016,2862.67,17842.67,0,19.11
7/21/2016,2840.67,17820.67,0.12,18.96
7/22/2016,2874.67,17854.67,0,19.19
7/23/2016,2874.67,17854.67,0,19.19
7/24/2016,2874.67,17854.67,0,19.19
7/25/2016,2864.67,17844.67,0.06,19.12
7/26/2016,2872.67,17852.67,0.01,19.18
7/27/2016,2883.67,17863.67,0,19.25
7/28/2016,2891.4,17871.4,0,19.3
7/29/2016,2914.4,17894.4,0,19.46
7/30/2016,2914.4,17894.4,0,19.46
7/31/2016,2914.4,17894.4,0,19.46
8/1/2016,2913.4,17893.4,0.01,19.45
8/2/2016,2901.4,17881.4,0.07,19.37
8/3/2016,2921.13,17901.13,0,19.5
8/4/2016,2933.13,17913.13,0,19.58
8/5/2016,2952.86,17932.86,0,19.71
8/6/2016,2952.86,17932.86,0,19.71
8/7/2016,2952.86,17932.86,0,19.71
8/8/2016,2956.86,17936.86,0,19.74
8/9/2016,2962.86,17942.86,0,19.78
8/10/2016,2962.86,17942.86,0,19.78
8/11/2016,2976.59,17956.59,0,19.87
8/12/2016,2982.59,17962.59,0,19.91
8/13/2016,2982.59,17962.59,0,19.91
8/14/2016,2982.59,17962.59,0,19.91
8/15/2016,2996.32,17976.32,0,20
8/16/2016,2982.32,17962.32,0.08,19.91
8/17/2016,2995.32,17975.32,0.01,20
8/18/2016,3011.05,17991.05,0,20.1
8/19/2016,3017.05,17997.05,0,20.14
8/20/2016,3017.05,17997.05,0,20.14
8/21/2016,3017.05,17997.05,0,20.14
8/22/2016,3020.05,18000.05,0,20.16
8/23/2016,3027.05,18007.05,0,20.21
8/24/2016,3012.05,17992.05,0.08,20.11
8/25/2016,3018.05,17998.05,0.05,20.15
8/26/2016,3044.78,18024.78,0,20.33
8/27/2016,3044.78,18024.78,0,20.33
8/28/2016,3044.78,18024.78,0,20.33
8/29/2016,3074.52,18054.52,0,20.52
8/30/2016,3080.52,18060.52,0,20.56
8/31/2016,3071.52,18051.52,0.05,20.5
9/1/2016,3074.52,18054.52,0.03,20.52
9/2/2016,3108.25,18088.25,0,20.75
9/3/2016,3108.25,18088.25,0,20.75
9/4/2016,3108.25,18088.25,0,20.75
9/5/2016,3108.25,18088.25,0,20.75
9/6/2016,3125.25,18105.25,0,20.86
9/7/2016,3130.98,18110.98,0,20.9
9/8/2016,3130.98,18110.98,0,20.9
9/9/2016,2857.71,17837.71,1.51,19.08
9/10/2016,2857.71,17837.71,1.51,19.08
9/11/2016,2857.71,17837.71,1.51,19.08
9/12/2016,2933.44,17913.44,1.09,19.58
9/13/2016,2808.44,17788.44,1.78,18.75
9/14/2016,2837.44,17817.44,1.62,18.94
9/15/2016,2934.44,17914.44,1.09,19.59
9/16/2016,2943.44,17923.44,1.04,19.65
9/17/2016,2943.44,17923.44,1.04,19.65
9/18/2016,2943.44,17923.44,1.04,19.65
9/19/2016,2959.44,17939.44,0.95,19.76
9/20/2016,2964.44,17944.44,0.92,19.79
9/21/2016,2997.17,17977.17,0.74,20.01
9/22/2016,3027.9,18007.9,0.57,20.21
9/23/2016,3006.9,17986.9,0.69,20.07
9/24/2016,3006.9,17986.9,0.69,20.07
9/25/2016,3006.9,17986.9,0.69,20.07
9/26/2016,2926.9,17906.9,1.13,19.54
9/27/2016,3014.9,17994.9,0.64,20.13
9/28/2016,3050.9,18030.9,0.44,20.37
9/29/2016,3024.9,18004.9,0.59,20.19
9/30/2016,3066.63,18046.63,0.36,20.47
10/1/2016,3066.63,18046.63,0.36,20.47
10/2/2016,3066.63,18046.63,0.36,20.47
10/3/2016,3062.63,18042.63,0.38,20.44
10/4/2016,3043.63,18023.63,0.48,20.32
10/5/2016,3084.63,18064.63,0.26,20.59
10/6/2016,3094.36,18074.36,0.2,20.66
10/7/2016,3093.36,18073.36,0.21,20.65
10/8/2016,3093.36,18073.36,0.21,20.65
10/9/2016,3093.36,18073.36,0.21,20.65
10/10/2016,3125.09,18105.09,0.03,20.86
10/11/2016,3027.09,18007.09,0.57,20.21
10/12/2016,3061.09,18041.09,0.39,20.43
10/13/2016,3040.09,18020.09,0.5,20.29
10/14/2016,3080.09,18060.09,0.28,20.56
10/15/2016,3080.09,18060.09,0.28,20.56
10/16/2016,3080.09,18060.09,0.28,20.56
10/17/2016,3062.09,18042.09,0.38,20.44
10/18/2016,3145.09,18125.09,0,21
10/19/2016,3167.83,18147.83,0,21.15
10/20/2016,3173.83,18153.83,0,21.19
10/21/2016,3184.83,18164.83,0,21.26
10/22/2016,3184.83,18164.83,0,21.26
10/23/2016,3184.83,18164.83,0,21.26
10/24/2016,3200.56,18180.56,0,21.37
10/25/2016,3187.56,18167.56,0.07,21.28
10/26/2016,3187.56,18167.56,0.07,21.28
10/27/2016,3174.56,18154.56,0.14,21.19
10/28/2016,3146.56,18126.56,0.3,21.01
10/29/2016,3146.56,18126.56,0.3,21.01
10/30/2016,3146.56,18126.56,0.3,21.01
10/31/2016,3188.56,18168.56,0.07,21.29
11/1/2016,3155.56,18135.56,0.25,21.07
11/2/2016,3064.56,18044.56,0.75,20.46
11/3/2016,3062.41,18042.41,0.76,20.44
11/4/2016,3054.41,18034.41,0.8,20.39
11/5/2016,3054.41,18034.41,0.8,20.39
11/6/2016,3054.41,18034.41,0.8,20.39
11/7/2016,3133.15,18113.15,0.37,20.92
11/8/2016,3168.15,18148.15,0.18,21.15
11/9/2016,3226.88,18206.88,0,21.54
11/10/2016,3251.88,18231.88,0,21.71
11/11/2016,3261.61,18241.61,0,21.77
11/12/2016,3261.61,18241.61,0,21.77
11/13/2016,3261.61,18241.61,0,21.77
11/14/2016,3280.61,18260.61,0,21.9
11/15/2016,3302.34,18282.34,0,22.04
11/16/2016,3315.34,18295.34,0,22.13
11/17/2016,3329.07,18309.07,0,22.22
11/18/2016,3338.07,18318.07,0,22.28
11/19/2016,3338.07,18318.07,0,22.28
11/20/2016,3338.07,18318.07,0,22.28
11/21/2016,3345.8,18325.8,0,22.34
11/22/2016,3361.8,18341.8,0,22.44
11/23/2016,3366.8,18346.8,0,22.48
11/24/2016,3366.8,18346.8,0,22.48
11/25/2016,3375.53,18355.53,0,22.53
11/26/2016,3375.53,18355.53,0,22.53
11/27/2016,3375.53,18355.53,0,22.53
11/28/2016,3364.53,18344.53,0.06,22.46
11/29/2016,3374.53,18354.53,0.01,22.53
11/30/2016,3389.53,18369.53,0,22.63
12/1/2016,3365.53,18345.53,0.13,22.47
12/2/2016,3405.26,18385.260000000002,0,22.73
12/3/2016,3405.26,18385.260000000002,0,22.73
12/4/2016,3405.26,18385.260000000002,0,22.73
12/5/2016,3440.99,18420.989999999998,0,22.97
12/6/2016,3457.99,18437.989999999998,0,23.08
12/7/2016,3471.72,18451.72,0,23.18
12/8/2016,3481.72,18461.72,0,23.24
12/9/2016,3496.46,18476.46,0,23.34
12/10/2016,3496.46,18476.46,0,23.34
12/11/2016,3496.46,18476.46,0,23.34
12/12/2016,3499.46,18479.46,0,23.36
12/13/2016,3539.19,18519.19,0,23.63
12/14/2016,3519.19,18499.19,0.11,23.49
12/15/2016,3543.19,18523.19,0,23.65
12/16/2016,3542.19,18522.19,0.01,23.65
12/17/2016,3542.19,18522.19,0.01,23.65
12/18/2016,3542.19,18522.19,0.01,23.65
12/19/2016,3570.92,18550.92,0,23.84
12/20/2016,3586.92,18566.92,0,23.94
12/21/2016,3591.92,18571.92,0,23.98
12/22/2016,3591.92,18571.92,0,23.98
12/23/2016,3597.65,18577.65,0,24.02
12/24/2016,3597.65,18577.65,0,24.02
12/25/2016,3597.65,18577.65,0,24.02
12/26/2016,3597.65,18577.65,0,24.02
12/27/2016,3611.38,18591.38,0,24.11
12/28/2016,3556.38,18536.38,0.3,23.74
12/29/2016,3566.38,18546.38,0.24,23.81
12/30/2016,3506.38,18486.38,0.56,23.41
12/31/2016,3506.38,18486.38,0.56,23.41
1/1/2017,3506.38,18486.38,0.56,23.41
1/2/2017,3506.38,18486.38,0.56,23.41
1/3/2017,3625.38,18605.38,0,24.2
1/4/2017,3646.11,18626.11,0,24.34
1/5/2017,3652.11,18632.11,0,24.38
1/6/2017,3667.84,18647.84,0,24.48
1/7/2017,3667.84,18647.84,0,24.48
1/8/2017,3667.84,18647.84,0,24.48
1/9/2017,3668.84,18648.84,0,24.49
1/10/2017,3679.84,18659.84,0,24.57
1/11/2017,3688.84,18668.84,0,24.63
1/12/2017,3692.57,18672.57,0,24.65
1/13/2017,3710.57,18690.57,0,24.77
1/14/2017,3710.57,18690.57,0,24.77
1/15/2017,3710.57,18690.57,0,24.77
1/16/2017,3710.57,18690.57,0,24.77
1/17/2017,3703.57,18683.57,0.04,24.72
1/18/2017,3710.3,18690.3,0,24.77
1/19/2017,3701.3,18681.3,0.05,24.71
1/20/2017,3723.3,18703.3,0,24.86
1/21/2017,3723.3,18703.3,0,24.86
1/22/2017,3723.3,18703.3,0,24.86
1/23/2017,3729.03,18709.03,0,24.89
1/24/2017,3750.77,18730.77,0,25.04
1/25/2017,3770.5,18750.5,0,25.17
1/26/2017,3771.5,18751.5,0,25.18
1/27/2017,3774.5,18754.5,0,25.2
1/28/2017,3774.5,18754.5,0,25.2
1/29/2017,3774.5,18754.5,0,25.2
1/30/2017,3748.5,18728.5,0.14,25.02
1/31/2017,3772.5,18752.5,0.01,25.18
2/1/2017,3794.23,18774.23,0,25.33
2/2/2017,3802.23,18782.23,0,25.38
2/3/2017,3823.96,18803.96,0,25.53
2/4/2017,3823.96,18803.96,0,25.53
2/5/2017,3823.96,18803.96,0,25.53
2/6/2017,3821.96,18801.96,0.01,25.51
2/7/2017,3830.96,18810.96,0,25.57
2/8/2017,3842.69,18822.69,0,25.65
2/9/2017,3856.42,18836.42,0,25.74
2/10/2017,3868.42,18848.42,0,25.82
2/11/2017,3868.42,18848.42,0,25.82
2/12/2017,3868.42,18848.42,0,25.82
2/13/2017,3875.15,18855.15,0,25.87
2/14/2017,3892.15,18872.15,0,25.98
2/15/2017,3893.88,18873.88,0,25.99
2/16/2017,3890.88,18870.88,0.02,25.97
2/17/2017,3908.61,18888.61,0,26.09
2/18/2017,3908.61,18888.61,0,26.09
2/19/2017,3908.61,18888.61,0,26.09
2/20/2017,3908.61,18888.61,0,26.09
2/21/2017,3926.34,18906.34,0,26.21
2/22/2017,3924.34,18904.34,0.01,26.2
2/23/2017,3932.34,18912.34,0,26.25
2/24/2017,3946.34,18926.34,0,26.34
2/25/2017,3946.34,18926.34,0,26.34
2/26/2017,3946.34,18926.34,0,26.34
2/27/2017,3953.08,18933.08,0,26.39
2/28/2017,3937.08,18917.08,0.08,26.28
3/1/2017,3984.81,18964.81,0,26.6
3/2/2017,3968.81,18948.81,0.08,26.49
3/3/2017,3985.81,18965.81,0,26.61
3/4/2017,3985.81,18965.81,0,26.61
3/5/2017,3985.81,18965.81,0,26.61
3/6/2017,3992.81,18972.81,0,26.65
3/7/2017,3966.81,18946.81,0.14,26.48
3/8/2017,3962.81,18942.81,0.16,26.45
3/9/2017,3962.81,18942.81,0.16,26.45
3/10/2017,3960.66,18940.66,0.17,26.44
3/11/2017,3960.66,18940.66,0.17,26.44
3/12/2017,3960.66,18940.66,0.17,26.44
3/13/2017,3978.66,18958.66,0.07,26.56
3/14/2017,3966.66,18946.66,0.14,26.48
3/15/2017,4000.4,18980.4,0,26.7
3/16/2017,4004.4,18984.4,0,26.73
3/17/2017,4008.4,18988.4,0,26.76
3/18/2017,4008.4,18988.4,0,26.76
3/19/2017,4008.4,18988.4,0,26.76
3/20/2017,4018.4,18998.4,0,26.83
3/21/2017,3860.13,18840.13,0.83,25.77
3/22/2017,3870.13,18850.13,0.78,25.84
3/23/2017,3853.13,18833.13,0.87,25.72
3/24/2017,3881.13,18861.13,0.72,25.91
3/25/2017,3881.13,18861.13,0.72,25.91
3/26/2017,3881.13,18861.13,0.72,25.91
3/27/2017,3909.86,18889.86,0.57,26.1
3/28/2017,3940.59,18920.59,0.41,26.31
3/29/2017,3951.59,18931.59,0.35,26.38
3/30/2017,3966.32,18946.32,0.27,26.48
3/31/2017,3971.32,18951.32,0.25,26.51
4/1/2017,3971.32,18951.32,0.25,26.51
4/2/2017,3971.32,18951.32,0.25,26.51
4/3/2017,3966.32,18946.32,0.27,26.48
4/4/2017,3978.32,18958.32,0.21,26.56
4/5/2017,3962.32,18942.32,0.3,26.45
4/6/2017,3987.05,18967.05,0.17,26.62
4/7/2017,3992.05,18972.05,0.14,26.65
4/8/2017,3992.05,18972.05,0.14,26.65
4/9/2017,3992.05,18972.05,0.14,26.65
4/10/2017,4006.05,18986.05,0.07,26.74
4/11/2017,4006.05,18986.05,0.07,26.74
4/12/2017,4010.78,18990.78,0.04,26.77
4/13/2017,4000.78,18980.78,0.09,26.71
4/14/2017,4000.78,18980.78,0.09,26.71
4/15/2017,4000.78,18980.78,0.09,26.71
4/16/2017,4000.78,18980.78,0.09,26.71
4/17/2017,4024.78,19004.78,0,26.87
4/18/2017,4045.51,19025.510000000002,0,27.01
4/19/2017,4031.51,19011.510000000002,0.07,26.91
4/20/2017,4068.51,19048.510000000002,0,27.16
4/21/2017,4052.51,19032.510000000002,0.08,27.05
4/22/2017,4052.51,19032.510000000002,0.08,27.05
4/23/2017,4052.51,19032.510000000002,0.08,27.05
4/24/2017,4101.24,19081.239999999998,0,27.38
4/25/2017,4112.24,19092.239999999998,0,27.45
4/26/2017,4114.24,19094.239999999998,0,27.46
4/27/2017,4115.97,19095.97,0,27.48
4/28/2017,4110.97,19090.97,0.03,27.44
4/29/2017,4110.97,19090.97,0.03,27.44
4/30/2017,4110.97,19090.97,0.03,27.44
5/1/2017,4133.71,19113.71,0,27.59
5/2/2017,4127.71,19107.71,0.03,27.55
5/3/2017,4133.71,19113.71,0,27.59
5/4/2017,4138.71,19118.71,0,27.63
5/5/2017,4136.71,19116.71,0.01,27.61
5/6/2017,4136.71,19116.71,0.01,27.61
5/7/2017,4136.71,19116.71,0.01,27.61
5/8/2017,4169.44,19149.44,0,27.83
5/9/2017,4168.44,19148.44,0.01,27.83
5/10/2017,4181.44,19161.44,0,27.91
5/11/2017,4179.44,19159.44,0.01,27.9
5/12/2017,4185.44,19165.44,0,27.94
5/13/2017,4185.44,19165.44,0,27.94
5/14/2017,4185.44,19165.44,0,27.94
5/15/2017,4199.17,19179.17,0,28.03
5/16/2017,4204.17,19184.17,0,28.07
5/17/2017,3986.9,18966.9,1.13,26.61
5/18/2017,4021.9,19001.9,0.95,26.85
5/19/2017,4040.63,19020.63,0.85,26.97
5/20/2017,4040.63,19020.63,0.85,26.97
5/21/2017,4040.63,19020.63,0.85,26.97
5/22/2017,4079.36,19059.36,0.65,27.23
5/23/2017,4085.36,19065.36,0.62,27.27
5/24/2017,4100.36,19080.36,0.54,27.37
5/25/2017,4107.09,19087.09,0.51,27.42
5/26/2017,4113.09,19093.09,0.47,27.46
5/27/2017,4113.09,19093.09,0.47,27.46
5/28/2017,4113.09,19093.09,0.47,27.46
5/29/2017,4113.09,19093.09,0.47,27.46
5/30/2017,4123.82,19103.82,0.42,27.53
5/31/2017,4119.82,19099.82,0.44,27.5
6/1/2017,4144.55,19124.55,0.31,27.67
6/2/2017,4162.55,19142.55,0.22,27.79
6/3/2017,4162.55,19142.55,0.22,27.79
6/4/2017,4162.55,19142.55,0.22,27.79
6/5/2017,4165.28,19145.28,0.2,27.81
6/6/2017,4148.28,19128.28,0.29,27.69
6/7/2017,4163.28,19143.28,0.21,27.79
6/8/2017,4170.28,19150.28,0.18,27.84
6/9/2017,4152.28,19132.28,0.27,27.72
6/10/2017,4152.28,19132.28,0.27,27.72
6/11/2017,4152.28,19132.28,0.27,27.72
6/12/2017,4173.28,19153.28,0.16,27.86
6/13/2017,4196.02,19176.02,0.04,28.01
6/14/2017,4191.02,19171.02,0.07,27.98
6/15/2017,4189.02,19169.02,0.08,27.96
6/16/2017,4210.02,19190.02,0,28.1
6/17/2017,4210.02,19190.02,0,28.1
6/18/2017,4210.02,19190.02,0,28.1
6/19/2017,4223.75,19203.75,0,28.2
6/20/2017,4189.75,19169.75,0.18,27.97
6/21/2017,4190.75,19170.75,0.17,27.98
6/22/2017,4204.75,19184.75,0.1,28.07
6/23/2017,4218.75,19198.75,0.03,28.16
6/24/2017,4218.75,19198.75,0.03,28.16
6/25/2017,4218.75,19198.75,0.03,28.16
6/26/2017,4241.75,19221.75,0,28.32
6/27/2017,4200.75,19180.75,0.21,28.04
6/28/2017,4253.48,19233.48,0,28.39
6/29/2017,4198.48,19178.48,0.29,28.03
6/30/2017,4253.48,19233.48,0,28.39
7/1/2017,4253.48,19233.48,0,28.39
7/2/2017,4253.48,19233.48,0,28.39
7/3/2017,4262.48,19242.48,0,28.45
7/4/2017,4262.48,19242.48,0,28.45
7/5/2017,4276.21,19256.21,0,28.55
7/6/2017,4204.21,19184.21,0.37,28.07
7/7/2017,4286.21,19266.21,0,28.61
7/8/2017,4286.21,19266.21,0,28.61
7/9/2017,4286.21,19266.21,0,28.61
7/10/2017,4297.94,19277.94,0,28.69
7/11/2017,4294.94,19274.94,0.02,28.67
7/12/2017,4325.67,19305.67,0,28.88
7/13/2017,4337.67,19317.67,0,28.96
7/14/2017,4346.4,19326.4,0,29.01
7/15/2017,4346.4,19326.4,0,29.01
7/16/2017,4346.4,19326.4,0,29.01
7/17/2017,4350.4,19330.4,0,29.04
7/18/2017,4355.4,19335.4,0,29.07
7/19/2017,4365.13,19345.13,0,29.14
7/20/2017,4377.13,19357.13,0,29.22
7/21/2017,4377.13,19357.13,0,29.22
7/22/2017,4377.13,19357.13,0,29.22
7/23/2017,4377.13,19357.13,0,29.22
7/24/2017,4388.86,19368.86,0,29.3
7/25/2017,4392.86,19372.86,0,29.32
7/26/2017,4397.86,19377.86,0,29.36
7/27/2017,4386.86,19366.86,0.06,29.28
7/28/2017,4399.86,19379.86,0,29.37
7/29/2017,4399.86,19379.86,0,29.37
7/30/2017,4399.86,19379.86,0,29.37
7/31/2017,4409.59,19389.59,0,29.44
8/1/2017,4419.59,19399.59,0,29.5
8/2/2017,4423.59,19403.59,0,29.53
8/3/2017,4419.59,19399.59,0.02,29.5
8/4/2017,4431.59,19411.59,0,29.58
8/5/2017,4431.59,19411.59,0,29.58
8/6/2017,4431.59,19411.59,0,29.58
8/7/2017,4442.33,19422.33,0,29.66
8/8/2017,4421.33,19401.33,0.11,29.51
8/9/2017,4416.33,19396.33,0.13,29.48
8/10/2017,4242.06,19222.06,1.03,28.32
8/11/2017,4271.06,19251.06,0.88,28.51
8/12/2017,4271.06,19251.06,0.88,28.51
8/13/2017,4271.06,19251.06,0.88,28.51
8/14/2017,4317.79,19297.79,0.64,28.82
8/15/2017,4337.79,19317.79,0.54,28.96
8/16/2017,4344.52,19324.52,0.5,29
8/17/2017,4211.25,19191.25,1.19,28.11
8/18/2017,4231.25,19211.25,1.09,28.25
8/19/2017,4231.25,19211.25,1.09,28.25
8/20/2017,4231.25,19211.25,1.09,28.25
8/21/2017,4256.98,19236.98,0.95,28.42
8/22/2017,4295.71,19275.71,0.75,28.68
8/23/2017,4286.71,19266.71,0.8,28.62
8/24/2017,4273.71,19253.71,0.87,28.53
8/25/2017,4309.71,19289.71,0.68,28.77
8/26/2017,4309.71,19289.71,0.68,28.77
8/27/2017,4309.71,19289.71,0.68,28.77
8/28/2017,4318.44,19298.44,0.64,28.83
8/29/2017,4324.44,19304.44,0.61,28.87
8/30/2017,4338.44,19318.44,0.53,28.96
8/31/2017,4346.17,19326.17,0.5,29.01
9/1/2017,4366.17,19346.17,0.39,29.15
9/2/2017,4366.17,19346.17,0.39,29.15
9/3/2017,4366.17,19346.17,0.39,29.15
9/4/2017,4366.17,19346.17,0.39,29.15
9/5/2017,4331.17,19311.17,0.57,28.91
9/6/2017,4367.17,19347.17,0.39,29.15
9/7/2017,4374.9,19354.9,0.35,29.2
9/8/2017,4358.9,19338.9,0.43,29.1
9/9/2017,4358.9,19338.9,0.43,29.1
9/10/2017,4358.9,19338.9,0.43,29.1
9/11/2017,4425.64,19405.64,0.09,29.54
9/12/2017,4440.64,19420.64,0.01,29.64
9/13/2017,4445.64,19425.64,0,29.68
9/14/2017,4448.64,19428.64,0,29.7
9/15/2017,4457.37,19437.37,0,29.76
9/16/2017,4457.37,19437.37,0,29.76
9/17/2017,4457.37,19437.37,0,29.76
9/18/2017,4469.37,19449.37,0,29.84
9/19/2017,4470.37,19450.37,0,29.84
9/20/2017,4472.1,19452.1,0,29.85
9/21/2017,4472.1,19452.1,0,29.85
9/22/2017,4486.1,19466.1,0,29.95
9/23/2017,4486.1,19466.1,0,29.95
9/24/2017,4486.1,19466.1,0,29.95
9/25/2017,4483.1,19463.1,0.02,29.93
9/26/2017,4494.83,19474.83,0,30.01
9/27/2017,4509.83,19489.83,0,30.11
9/28/2017,4515.56,19495.56,0,30.14
9/29/2017,4535.56,19515.56,0,30.28
9/30/2017,4535.56,19515.56,0,30.28
10/1/2017,4535.56,19515.56,0,30.28
10/2/2017,4540.29,19520.29,0,30.31
10/3/2017,4551.29,19531.29,0,30.38
10/4/2017,4555.29,19535.29,0,30.41
10/5/2017,4564.02,19544.02,0,30.47
10/6/2017,4569.02,19549.02,0,30.5
10/7/2017,4569.02,19549.02,0,30.5
10/8/2017,4569.02,19549.02,0,30.5
10/9/2017,4561.02,19541.02,0.04,30.45
10/10/2017,4578.02,19558.02,0,30.56
10/11/2017,4584.75,19564.75,0,30.61
10/12/2017,4581.75,19561.75,0.02,30.59
10/13/2017,4595.75,19575.75,0,30.68
10/14/2017,4595.75,19575.75,0,30.68
10/15/2017,4595.75,19575.75,0,30.68
10/16/2017,4603.48,19583.48,0,30.73
10/17/2017,4608.48,19588.48,0,30.76
10/18/2017,4618.48,19598.48,0,30.83
10/19/2017,4617.48,19597.48,0.01,30.82
10/20/2017,4628.21,19608.21,0,30.9
10/21/2017,4628.21,19608.21,0,30.9
10/22/2017,4628.21,19608.21,0,30.9
10/23/2017,4613.21,19593.21,0.08,30.8
10/24/2017,4630.21,19610.21,0,30.91
10/25/2017,4609.21,19589.21,0.11,30.77
10/26/2017,4640.21,19620.21,0,30.98
10/27/2017,4652.95,19632.95,0,31.06
10/28/2017,4652.95,19632.95,0,31.06
10/29/2017,4652.95,19632.95,0,31.06
10/30/2017,4654.95,19634.95,0,31.07
10/31/2017,4666.95,19646.95,0,31.15
11/1/2017,4672.95,19652.95,0,31.19
11/2/2017,4682.68,19662.68,0,31.26
11/3/2017,4700.68,19680.68,0,31.38
11/4/2017,4700.68,19680.68,0,31.38
11/5/2017,4700.68,19680.68,0,31.38
11/6/2017,4707.41,19687.41,0,31.42
11/7/2017,4699.41,19679.41,0.04,31.37
11/8/2017,4716.41,19696.41,0,31.48
11/9/2017,4691.41,19671.41,0.13,31.32
11/10/2017,4698.41,19678.41,0.09,31.36
11/11/2017,4698.41,19678.41,0.09,31.36
11/12/2017,4698.41,19678.41,0.09,31.36
11/13/2017,4722.41,19702.41,0,31.52
11/14/2017,4729.14,19709.14,0,31.57
11/15/2017,4694.14,19674.14,0.18,31.34
11/16/2017,4757.87,19737.87,0,31.76
11/17/2017,4763.87,19743.87,0,31.8
11/18/2017,4763.87,19743.87,0,31.8
11/19/2017,4763.87,19743.87,0,31.8
11/20/2017,4777.6,19757.6,0,31.89
11/21/2017,4802.33,19782.33,0,32.06
11/22/2017,4807.33,19787.33,0,32.09
11/23/2017,4807.33,19787.33,0,32.09
11/24/2017,4820.06,19800.06,0,32.18
11/25/2017,4820.06,19800.06,0,32.18
11/26/2017,4820.06,19800.06,0,32.18
11/27/2017,4824.06,19804.06,0,32.2
11/28/2017,4839.79,19819.79,0,32.31
11/29/2017,4838.79,19818.79,0.01,32.3
11/30/2017,4857.79,19837.79,0,32.43
12/1/2017,4855.79,19835.79,0.01,32.42
12/2/2017,4855.79,19835.79,0.01,32.42
12/3/2017,4855.79,19835.79,0.01,32.42
12/4/2017,4868.52,19848.52,0,32.5
12/5/2017,4877.52,19857.52,0,32.56
12/6/2017,4884.52,19864.52,0,32.61
12/7/2017,4905.26,19885.260000000002,0,32.75
12/8/2017,4943.99,19923.989999999998,0,33
12/9/2017,4943.99,19923.989999999998,0,33
12/10/2017,4943.99,19923.989999999998,0,33
12/11/2017,4975.72,19955.72,0,33.22
12/12/2017,4983.72,19963.72,0,33.27
12/13/2017,4987.72,19967.72,0,33.3
12/14/2017,4980.72,19960.72,0.04,33.25
12/15/2017,5002.45,19982.45,0,33.39
12/16/2017,5002.45,19982.45,0,33.39
12/17/2017,5002.45,19982.45,0,33.39
12/18/2017,5029.18,20009.18,0,33.57
12/19/2017,5012.18,19992.18,0.08,33.46
12/20/2017,5023.18,20003.18,0.03,33.53
12/21/2017,5041.18,20021.18,0,33.65
12/22/2017,5046.91,20026.91,0,33.69
12/23/2017,5046.91,20026.91,0,33.69
12/24/2017,5046.91,20026.91,0,33.69
12/25/2017,5046.91,20026.91,0,33.69
12/26/2017,5055.91,20035.91,0,33.75
12/27/2017,5059.91,20039.91,0,33.78
12/28/2017,5069.64,20049.64,0,33.84
12/29/2017,5067.64,20047.64,0.01,33.83
12/30/2017,5067.64,20047.64,0.01,33.83
12/31/2017,5067.64,20047.64,0.01,33.83
1/1/2018,5067.64,20047.64,0.01,33.83
1/2/2018,5097.37,20077.37,0,34.03
1/3/2018,5115.1,20095.1,0,34.15
1/4/2018,5131.1,20111.1,0,34.25
1/5/2018,5139.83,20119.83,0,34.31
1/6/2018,5139.83,20119.83,0,34.31
1/7/2018,5139.83,20119.83,0,34.31
1/8/2018,5154.56,20134.56,0,34.41
1/9/2018,5156.56,20136.56,0,34.42
1/10/2018,5159.56,20139.56,0,34.44
1/11/2018,5171.3,20151.3,0,34.52
1/12/2018,5187.3,20167.3,0,34.63
1/13/2018,5187.3,20167.3,0,34.63
1/14/2018,5187.3,20167.3,0,34.63
1/15/2018,5187.3,20167.3,0,34.63
1/16/2018,5181.3,20161.3,0.03,34.59
1/17/2018,5197.03,20177.03,0,34.69
1/18/2018,5197.03,20177.03,0,34.69
1/19/2018,5225.76,20205.760000000002,0,34.88
1/20/2018,5225.76,20205.760000000002,0,34.88
1/21/2018,5225.76,20205.760000000002,0,34.88
1/22/2018,5257.49,20237.489999999998,0,35.1
1/23/2018,5278.49,20258.489999999998,0,35.24
1/24/2018,5276.49,20256.489999999998,0.01,35.22
1/25/2018,5280.49,20260.489999999998,0,35.25
1/26/2018,5307.22,20287.22,0,35.43
1/27/2018,5307.22,20287.22,0,35.43
1/28/2018,5307.22,20287.22,0,35.43
1/29/2018,5269.22,20249.22,0.19,35.18
1/30/2018,5150.95,20130.95,0.77,34.39
1/31/2018,5176.95,20156.95,0.64,34.56
2/1/2018,5181.95,20161.95,0.62,34.59
2/2/2018,4965.95,19945.95,1.68,33.15
2/3/2018,4965.95,19945.95,1.68,33.15
2/4/2018,4965.95,19945.95,1.68,33.15
2/5/2018,4095.82,19075.82,5.97,27.34
2/6/2018,4095.82,19075.82,5.97,27.34
2/7/2018,4095.82,19075.82,5.97,27.34
2/8/2018,4095.82,19075.82,5.97,27.34
2/9/2018,4095.82,19075.82,5.97,27.34
2/10/2018,4095.82,19075.82,5.97,27.34
2/11/2018,4095.82,19075.82,5.97,27.34
2/12/2018,4095.82,19075.82,5.97,27.34
2/13/2018,4093.68,19073.68,5.98,27.33
2/14/2018,4177.41,19157.41,5.57,27.89
2/15/2018,4222.14,19202.14,5.35,28.19
2/16/2018,4244.14,19224.14,5.24,28.33
2/17/2018,4244.14,19224.14,5.24,28.33
2/18/2018,4244.14,19224.14,5.24,28.33
2/19/2018,4244.14,19224.14,5.24,28.33
2/20/2018,4260.14,19240.14,5.16,28.44
2/21/2018,4253.14,19233.14,5.2,28.39
2/22/2018,4278.88,19258.88,5.07,28.56
2/23/2018,4356.61,19336.61,4.69,29.08
2/24/2018,4356.61,19336.61,4.69,29.08
2/25/2018,4356.61,19336.61,4.69,29.08
2/26/2018,4400.34,19380.34,4.47,29.37
2/27/2018,4321.34,19301.34,4.86,28.85
2/28/2018,4220.34,19200.34,5.36,28.17
3/1/2018,3939.07,18919.07,6.74,26.3
3/2/2018,3998.8,18978.8,6.45,26.69
3/3/2018,3998.8,18978.8,6.45,26.69
3/4/2018,3998.8,18978.8,6.45,26.69
3/5/2018,4050.53,19030.53,6.19,27.04
3/6/2018,4071.53,19051.53,6.09,27.18
3/7/2018,4089.53,19069.53,6,27.3
3/8/2018,4103.26,19083.260000000002,5.93,27.39
3/9/2018,4169.99,19149.989999999998,5.61,27.84
3/10/2018,4169.99,19149.989999999998,5.61,27.84
3/11/2018,4169.99,19149.989999999998,5.61,27.84
3/12/2018,4185.99,19165.989999999998,5.53,27.94
3/13/2018,4147.99,19127.989999999998,5.71,27.69
3/14/2018,4112.99,19092.989999999998,5.89,27.46
3/15/2018,4166.99,19146.989999999998,5.62,27.82
3/16/2018,4228.72,19208.72,5.32,28.23
3/17/2018,4228.72,19208.72,5.32,28.23
3/18/2018,4228.72,19208.72,5.32,28.23
3/19/2018,4082.72,19062.72,6.04,27.25
3/20/2018,4127.72,19107.72,5.81,27.55
3/21/2018,4145.72,19125.72,5.73,27.68
3/22/2018,3625.45,18605.45,8.29,24.2
3/23/2018,3489.45,18469.45,8.96,23.29
3/24/2018,3489.45,18469.45,8.96,23.29
3/25/2018,3489.45,18469.45,8.96,23.29
3/26/2018,3721.19,18701.19,7.82,24.84
3/27/2018,3593.19,18573.19,8.45,23.99
3/28/2018,3594.19,18574.19,8.44,23.99
3/29/2018,3775.92,18755.92,7.55,25.21
3/30/2018,3775.92,18755.92,7.55,25.21
3/31/2018,3775.92,18755.92,7.55,25.21
4/1/2018,3775.92,18755.92,7.55,25.21
4/2/2018,3595.92,18575.92,8.44,24
4/3/2018,3753.92,18733.92,7.66,25.06
4/4/2018,3841.65,18821.65,7.22,25.65
4/5/2018,3891.65,18871.65,6.98,25.98
4/6/2018,3768.65,18748.65,7.58,25.16
4/7/2018,3768.65,18748.65,7.58,25.16
4/8/2018,3768.65,18748.65,7.58,25.16
4/9/2018,3875.65,18855.65,7.06,25.87
4/10/2018,3930.38,18910.38,6.79,26.24
4/11/2018,3931.38,18911.38,6.78,26.24
4/12/2018,3997.11,18977.11,6.46,26.68
4/13/2018,3988.11,18968.11,6.5,26.62
4/14/2018,3988.11,18968.11,6.5,26.62
4/15/2018,3988.11,18968.11,6.5,26.62
4/16/2018,4053.84,19033.84,6.18,27.06
4/17/2018,4090.57,19070.57,6,27.31
4/18/2018,4101.57,19081.57,5.94,27.38
4/19/2018,4082.57,19062.57,6.04,27.25
4/20/2018,3992.57,18972.57,6.48,26.65
4/21/2018,3992.57,18972.57,6.48,26.65
4/22/2018,3992.57,18972.57,6.48,26.65
4/23/2018,4040.57,19020.57,6.24,26.97
4/24/2018,3727.3,18707.3,7.79,24.88
4/25/2018,3760.3,18740.3,7.63,25.1
4/26/2018,3817.03,18797.03,7.35,25.48
4/27/2018,3843.03,18823.03,7.22,25.65
4/28/2018,3843.03,18823.03,7.22,25.65
4/29/2018,3843.03,18823.03,7.22,25.65
4/30/2018,3843.03,18823.03,7.22,25.65
5/1/2018,3841.03,18821.03,7.23,25.64
5/2/2018,3843.03,18823.03,7.22,25.65
5/3/2018,3845.03,18825.03,7.21,25.67
5/4/2018,3894.76,18874.760000000002,6.96,26
5/5/2018,3894.76,18874.760000000002,6.96,26
5/6/2018,3894.76,18874.760000000002,6.96,26
5/7/2018,3919.76,18899.760000000002,6.84,26.17
5/8/2018,3929.5,18909.5,6.79,26.23
5/9/2018,3973.23,18953.23,6.58,26.52
5/10/2018,4007.96,18987.96,6.4,26.76
5/11/2018,4026.96,19006.96,6.31,26.88
5/12/2018,4026.96,19006.96,6.31,26.88
5/13/2018,4026.96,19006.96,6.31,26.88
5/14/2018,4037.69,19017.69,6.26,26.95
5/15/2018,3966.69,18946.69,6.61,26.48
5/16/2018,4044.69,19024.69,6.22,27
5/17/2018,4056.69,19036.69,6.16,27.08
5/18/2018,4071.42,19051.42,6.09,27.18
5/19/2018,4071.42,19051.42,6.09,27.18
5/20/2018,4071.42,19051.42,6.09,27.18
5/21/2018,4100.15,19080.15,5.95,27.37
5/22/2018,4109.15,19089.15,5.91,27.43
5/23/2018,4122.15,19102.15,5.84,27.52
5/24/2018,4126.88,19106.88,5.82,27.55
5/25/2018,4107.88,19087.88,5.91,27.42
5/26/2018,4107.88,19087.88,5.91,27.42
5/27/2018,4107.88,19087.88,5.91,27.42
5/28/2018,4107.88,19087.88,5.91,27.42
5/29/2018,3987.88,18967.88,6.5,26.62
5/30/2018,4149.88,19129.88,5.7,27.7
5/31/2018,4142.88,19122.88,5.74,27.66
6/1/2018,4172.61,19152.61,5.59,27.85
6/2/2018,4172.61,19152.61,5.59,27.85
6/3/2018,4172.61,19152.61,5.59,27.85
6/4/2018,4199.34,19179.34,5.46,28.03
6/5/2018,4211.34,19191.34,5.4,28.11
6/6/2018,4231.07,19211.07,5.3,28.24
6/7/2018,4235.07,19215.07,5.28,28.27
6/8/2018,4252.07,19232.07,5.2,28.38
6/9/2018,4252.07,19232.07,5.2,28.38
6/10/2018,4252.07,19232.07,5.2,28.38
6/11/2018,4263.81,19243.81,5.14,28.46
6/12/2018,4276.81,19256.81,5.08,28.55
6/13/2018,4281.81,19261.81,5.05,28.58
6/14/2018,4303.54,19283.54,4.95,28.73
6/15/2018,4299.54,19279.54,4.97,28.7
6/16/2018,4299.54,19279.54,4.97,28.7
6/17/2018,4299.54,19279.54,4.97,28.7
6/18/2018,4300.54,19280.54,4.96,28.71
6/19/2018,4268.54,19248.54,5.12,28.49
6/20/2018,4320.54,19300.54,4.86,28.84
6/21/2018,4230.54,19210.54,5.31,28.24
6/22/2018,4352.27,19332.27,4.71,29.05
6/23/2018,4352.27,19332.27,4.71,29.05
6/24/2018,4352.27,19332.27,4.71,29.05
6/25/2018,4196.27,19176.27,5.48,28.01
6/26/2018,4286.27,19266.27,5.03,28.61
6/27/2018,4198.27,19178.27,5.47,28.03
6/28/2018,4281.27,19261.27,5.06,28.58
6/29/2018,4396,19376,4.49,29.35
6/30/2018,4396,19376,4.49,29.35
7/1/2018,4396,19376,4.49,29.35
7/2/2018,4416,19396,4.39,29.48
7/3/2018,4421,19401,4.37,29.51
7/4/2018,4421,19401,4.37,29.51
7/5/2018,4453.73,19433.73,4.21,29.73
7/6/2018,4505.46,19485.46,3.95,30.08
7/7/2018,4505.46,19485.46,3.95,30.08
7/8/2018,4505.46,19485.46,3.95,30.08
7/9/2018,4543.19,19523.19,3.77,30.33
7/10/2018,4561.19,19541.19,3.68,30.45
7/11/2018,4543.19,19523.19,3.77,30.33
7/12/2018,4572.92,19552.92,3.62,30.53
7/13/2018,4588.92,19568.92,3.54,30.63
7/14/2018,4588.92,19568.92,3.54,30.63
7/15/2018,4588.92,19568.92,3.54,30.63
7/16/2018,4597.92,19577.92,3.5,30.69
7/17/2018,4611.65,19591.65,3.43,30.79
7/18/2018,4621.65,19601.65,3.38,30.85
7/19/2018,4605.65,19585.65,3.46,30.75
7/20/2018,4612.65,19592.65,3.42,30.79
7/21/2018,4612.65,19592.65,3.42,30.79
7/22/2018,4612.65,19592.65,3.42,30.79
7/23/2018,4639.38,19619.38,3.29,30.97
7/24/2018,4655.38,19635.38,3.21,31.08
7/25/2018,4672.12,19652.12,3.13,31.19
7/26/2018,4667.12,19647.12,3.16,31.16
7/27/2018,4629.12,19609.12,3.34,30.9
7/28/2018,4629.12,19609.12,3.34,30.9
7/29/2018,4629.12,19609.12,3.34,30.9
7/30/2018,4581.12,19561.12,3.58,30.58
7/31/2018,4675.12,19655.12,3.12,31.21
8/1/2018,4708.85,19688.85,2.95,31.43
8/2/2018,4738.58,19718.58,2.8,31.63
8/3/2018,4764.58,19744.58,2.67,31.81
8/4/2018,4764.58,19744.58,2.67,31.81
8/5/2018,4764.58,19744.58,2.67,31.81
8/6/2018,4780.31,19760.31,2.6,31.91
8/7/2018,4799.31,19779.31,2.5,32.04
8/8/2018,4803.04,19783.04,2.49,32.06
8/9/2018,4803.04,19783.04,2.49,32.06
8/10/2018,4715.04,19695.04,2.92,31.48
8/11/2018,4715.04,19695.04,2.92,31.48
8/12/2018,4715.04,19695.04,2.92,31.48
8/13/2018,4701.77,19681.77,2.98,31.39
8/14/2018,4737.5,19717.5,2.81,31.63
8/15/2018,4669.5,19649.5,3.14,31.17
8/16/2018,4749.5,19729.5,2.75,31.71
8/17/2018,4773.23,19753.23,2.63,31.86
8/18/2018,4773.23,19753.23,2.63,31.86
8/19/2018,4773.23,19753.23,2.63,31.86
8/20/2018,4797.23,19777.23,2.51,32.02
8/21/2018,4804.96,19784.96,2.48,32.08
8/22/2018,4814.96,19794.96,2.43,32.14
8/23/2018,4806.96,19786.96,2.47,32.09
8/24/2018,4836.69,19816.69,2.32,32.29
8/25/2018,4836.69,19816.69,2.32,32.29
8/26/2018,4836.69,19816.69,2.32,32.29
8/27/2018,4869.43,19849.43,2.16,32.51
8/28/2018,4878.43,19858.43,2.11,32.57
8/29/2018,4895.16,19875.16,2.03,32.68
8/30/2018,4856.16,19836.16,2.22,32.42
8/31/2018,4881.16,19861.16,2.1,32.58
9/1/2018,4881.16,19861.16,2.1,32.58
9/2/2018,4881.16,19861.16,2.1,32.58
9/3/2018,4881.16,19861.16,2.1,32.58
9/4/2018,4898.16,19878.16,2.02,32.7
9/5/2018,4915.89,19895.89,1.93,32.82
9/6/2018,4908.89,19888.89,1.96,32.77
9/7/2018,4901.89,19881.89,2,32.72
9/8/2018,4901.89,19881.89,2,32.72
9/9/2018,4901.89,19881.89,2,32.72
9/10/2018,4942.89,19922.89,1.8,33
9/11/2018,4960.62,19940.62,1.71,33.11
9/12/2018,4974.62,19954.62,1.64,33.21
9/13/2018,4995.35,19975.35,1.54,33.35
9/14/2018,5014.35,19994.35,1.44,33.47
9/15/2018,5014.35,19994.35,1.44,33.47
9/16/2018,5014.35,19994.35,1.44,33.47
9/17/2018,4952.35,19932.35,1.75,33.06
9/18/2018,5031.08,20011.08,1.36,33.59
9/19/2018,5043.08,20023.08,1.3,33.67
9/20/2018,5064.81,20044.81,1.19,33.81
9/21/2018,5068.81,20048.81,1.18,33.84
9/22/2018,5068.81,20048.81,1.18,33.84
9/23/2018,5068.81,20048.81,1.18,33.84
9/24/2018,5055.81,20035.81,1.24,33.75
9/25/2018,5070.81,20050.81,1.17,33.85
9/26/2018,5077.81,20057.81,1.13,33.9
9/27/2018,5088.81,20068.81,1.08,33.97
9/28/2018,5118.54,20098.54,0.93,34.17
9/29/2018,5118.54,20098.54,0.93,34.17
9/30/2018,5118.54,20098.54,0.93,34.17
10/1/2018,5144.54,20124.54,0.8,34.34
10/2/2018,5154.27,20134.27,0.75,34.41
10/3/2018,5158.27,20138.27,0.73,34.43
10/4/2018,5050.27,20030.27,1.27,33.71
10/5/2018,5012.27,19992.27,1.45,33.46
10/6/2018,5012.27,19992.27,1.45,33.46
10/7/2018,5012.27,19992.27,1.45,33.46
10/8/2018,5093.27,20073.27,1.05,34
10/9/2018,5095.27,20075.27,1.04,34.01
10/10/2018,4322,19302,4.86,28.85
10/11/2018,4157,19137,5.67,27.75
10/12/2018,4288,19268,5.02,28.62
10/13/2018,4288,19268,5.02,28.62
10/14/2018,4288,19268,5.02,28.62
10/15/2018,4378.73,19358.73,4.58,29.23
10/16/2018,4455.47,19435.47,4.2,29.74
10/17/2018,4459.47,19439.47,4.18,29.77
10/18/2018,4360.47,19340.47,4.67,29.11
10/19/2018,4409.47,19389.47,4.43,29.44
10/20/2018,4409.47,19389.47,4.43,29.44
10/21/2018,4409.47,19389.47,4.43,29.44
10/22/2018,4439.47,19419.47,4.28,29.64
10/23/2018,4407.47,19387.47,4.44,29.42
10/24/2018,4008.34,18988.34,6.4,26.76
10/25/2018,4007.2,18987.2,6.41,26.75
10/26/2018,3828.2,18808.2,7.29,25.56
10/27/2018,3828.2,18808.2,7.29,25.56
10/28/2018,3828.2,18808.2,7.29,25.56
10/29/2018,3690.2,18670.2,7.97,24.63
10/30/2018,4008.2,18988.2,6.4,26.76
10/31/2018,4120.93,19100.93,5.85,27.51
11/1/2018,4178.93,19158.93,5.56,27.9
11/2/2018,4172.93,19152.93,5.59,27.86
11/3/2018,4172.93,19152.93,5.59,27.86
11/4/2018,4172.93,19152.93,5.59,27.86
11/5/2018,4205.66,19185.66,5.43,28.08
11/6/2018,4238.66,19218.66,5.27,28.3
11/7/2018,4309.39,19289.39,4.92,28.77
11/8/2018,4313.39,19293.39,4.9,28.79
11/9/2018,4306.39,19286.39,4.93,28.75
11/10/2018,4306.39,19286.39,4.93,28.75
11/11/2018,4306.39,19286.39,4.93,28.75
11/12/2018,4090.12,19070.12,6,27.3
11/13/2018,4101.12,19081.12,5.95,27.38
11/14/2018,4092.12,19072.12,5.99,27.32
11/15/2018,4143.85,19123.85,5.73,27.66
11/16/2018,4197.58,19177.58,5.47,28.02
11/17/2018,4197.58,19177.58,5.47,28.02
11/18/2018,4197.58,19177.58,5.47,28.02
11/19/2018,4033.58,19013.58,6.28,26.93
11/20/2018,3797.31,18777.31,7.44,25.35
11/21/2018,3857.05,18837.05,7.15,25.75
11/22/2018,3857.05,18837.05,7.15,25.75
11/23/2018,3829.05,18809.05,7.29,25.56
11/24/2018,3829.05,18809.05,7.29,25.56
11/25/2018,3829.05,18809.05,7.29,25.56
11/26/2018,3926.78,18906.78,6.8,26.21
11/27/2018,3944.78,18924.78,6.72,26.33
11/28/2018,3998.51,18978.510000000002,6.45,26.69
11/29/2018,4013.51,18993.510000000002,6.38,26.79
11/30/2018,4027.51,19007.510000000002,6.31,26.89
12/1/2018,4027.51,19007.510000000002,6.31,26.89
12/2/2018,4027.51,19007.510000000002,6.31,26.89
12/3/2018,4090.24,19070.239999999998,6,27.3
12/4/2018,3691.97,18671.97,7.96,24.65
12/5/2018,3685.97,18665.97,7.99,24.61
12/6/2018,3698.97,18678.97,7.93,24.69
12/7/2018,3617.97,18597.97,8.33,24.15
12/8/2018,3617.97,18597.97,8.33,24.15
12/9/2018,3617.97,18597.97,8.33,24.15
12/10/2018,3662.97,18642.97,8.1,24.45
12/11/2018,3734.97,18714.97,7.75,24.93
12/12/2018,3818.7,18798.7,7.34,25.49
12/13/2018,3833.7,18813.7,7.26,25.59
12/14/2018,3642.7,18622.7,8.2,24.32
12/15/2018,3642.7,18622.7,8.2,24.32
12/16/2018,3642.7,18622.7,8.2,24.32
12/17/2018,3244.43,18224.43,10.17,21.66
12/18/2018,3291.3,18271.3,9.94,21.97
12/19/2018,3291.3,18271.3,9.94,21.97
12/20/2018,3291.3,18271.3,9.94,21.97
12/21/2018,3291.3,18271.3,9.94,21.97
12/22/2018,3291.3,18271.3,9.94,21.97
12/23/2018,3291.3,18271.3,9.94,21.97
12/24/2018,3291.3,18271.3,9.94,21.97
12/25/2018,3291.3,18271.3,9.94,21.97
12/26/2018,3291.3,18271.3,9.94,21.97
12/27/2018,3291.3,18271.3,9.94,21.97
12/28/2018,3291.3,18271.3,9.94,21.97
12/29/2018,3291.3,18271.3,9.94,21.97
12/30/2018,3291.3,18271.3,9.94,21.97
12/31/2018,3291.3,18271.3,9.94,21.97
1/1/2019,3291.3,18271.3,9.94,21.97
1/2/2019,3289.16,18269.16,9.95,21.96
1/3/2019,3179.04,18159.04,10.49,21.22
1/4/2019,3176.89,18156.89,10.5,21.21
1/5/2019,3176.89,18156.89,10.5,21.21
1/6/2019,3176.89,18156.89,10.5,21.21
1/7/2019,3238.62,18218.62,10.2,21.62
1/8/2019,3284.62,18264.62,9.97,21.93
1/9/2019,3304.36,18284.36,9.87,22.06
1/10/2019,3344.36,18324.36,9.68,22.33
1/11/2019,3364.09,18344.09,9.58,22.46
1/12/2019,3364.09,18344.09,9.58,22.46
1/13/2019,3364.09,18344.09,9.58,22.46
1/14/2019,3373.09,18353.09,9.53,22.52
1/15/2019,3409.82,18389.82,9.35,22.76
1/16/2019,3431.82,18411.82,9.24,22.91
1/17/2019,3452.55,18432.55,9.14,23.05
1/18/2019,3499.28,18479.28,8.91,23.36
1/19/2019,3499.28,18479.28,8.91,23.36
1/20/2019,3499.28,18479.28,8.91,23.36
1/21/2019,3499.28,18479.28,8.91,23.36
1/22/2019,3389.28,18369.28,9.45,22.63
1/23/2019,3478.28,18458.28,9.02,23.22
1/24/2019,3520.28,18500.28,8.81,23.5
1/25/2019,3551.01,18531.010000000002,8.66,23.71
1/26/2019,3551.01,18531.010000000002,8.66,23.71
1/27/2019,3551.01,18531.010000000002,8.66,23.71
1/28/2019,3493.01,18473.010000000002,8.94,23.32
1/29/2019,3508.01,18488.010000000002,8.87,23.42
1/30/2019,3606.74,18586.739999999998,8.38,24.08
1/31/2019,3652.47,18632.47,8.16,24.38
2/1/2019,3681.47,18661.47,8.01,24.58
2/2/2019,3681.47,18661.47,8.01,24.58
2/3/2019,3681.47,18661.47,8.01,24.58
2/4/2019,3707.2,18687.2,7.89,24.75
2/5/2019,3734.2,18714.2,7.75,24.93
2/6/2019,3737.93,18717.93,7.74,24.95
2/7/2019,3665.93,18645.93,8.09,24.47
2/8/2019,3686.93,18666.93,7.99,24.61
2/9/2019,3686.93,18666.93,7.99,24.61
2/10/2019,3686.93,18666.93,7.99,24.61
2/11/2019,3741.93,18721.93,7.72,24.98
2/12/2019,3785.67,18765.67,7.5,25.27
2/13/2019,3813.67,18793.67,7.36,25.46
2/14/2019,3815.4,18795.4,7.35,25.47
2/15/2019,3861.13,18841.13,7.13,25.78
2/16/2019,3861.13,18841.13,7.13,25.78
2/17/2019,3861.13,18841.13,7.13,25.78
2/18/2019,3861.13,18841.13,7.13,25.78
2/19/2019,3893.86,18873.86,6.97,25.99
2/20/2019,3904.86,18884.86,6.91,26.07
2/21/2019,3890.86,18870.86,6.98,25.97
2/22/2019,3928.59,18908.59,6.8,26.23
2/23/2019,3928.59,18908.59,6.8,26.23
2/24/2019,3928.59,18908.59,6.8,26.23
2/25/2019,3951.59,18931.59,6.68,26.38
2/26/2019,3956.32,18936.32,6.66,26.41
2/27/2019,3960.32,18940.32,6.64,26.44
2/28/2019,3970.32,18950.32,6.59,26.5
3/1/2019,4005.05,18985.05,6.42,26.74
3/2/2019,4005.05,18985.05,6.42,26.74
3/3/2019,4005.05,18985.05,6.42,26.74
3/4/2019,3975.05,18955.05,6.57,26.54
3/5/2019,4011.05,18991.05,6.39,26.78
3/6/2019,3955.05,18935.05,6.67,26.4
3/7/2019,3826.78,18806.78,7.3,25.55
3/8/2019,3843.78,18823.78,7.21,25.66
3/9/2019,3843.78,18823.78,7.21,25.66
3/10/2019,3843.78,18823.78,7.21,25.66
3/11/2019,3904.51,18884.510000000002,6.91,26.06
3/12/2019,3935.51,18915.510000000002,6.76,26.27
3/13/2019,3953.24,18933.239999999998,6.67,26.39
3/14/2019,3964.24,18944.239999999998,6.62,26.46
3/15/2019,3989.98,18969.98,6.49,26.64
3/16/2019,3989.98,18969.98,6.49,26.64
3/17/2019,3989.98,18969.98,6.49,26.64
3/18/2019,4014.98,18994.98,6.37,26.8
3/19/2019,4006.98,18986.98,6.41,26.75
3/20/2019,4022.71,19002.71,6.33,26.85
3/21/2019,4055.44,19035.44,6.17,27.07
3/22/2019,3864.44,18844.44,7.11,25.8
3/23/2019,3864.44,18844.44,7.11,25.8
3/24/2019,3864.44,18844.44,7.11,25.8
3/25/2019,3896.44,18876.44,6.95,26.01
3/26/2019,3968.44,18948.44,6.6,26.49
3/27/2019,4002.44,18982.44,6.43,26.72
3/28/2019,4061.44,19041.44,6.14,27.11
3/29/2019,4120.17,19100.17,5.85,27.5
3/30/2019,4120.17,19100.17,5.85,27.5
3/31/2019,4120.17,19100.17,5.85,27.5
4/1/2019,4173.9,19153.9,5.59,27.86
4/2/2019,4192.9,19172.9,5.49,27.99
4/3/2019,4198.9,19178.9,5.46,28.03
4/4/2019,4209.63,19189.63,5.41,28.1
4/5/2019,4239.36,19219.36,5.26,28.3
4/6/2019,4239.36,19219.36,5.26,28.3
4/7/2019,4239.36,19219.36,5.26,28.3
4/8/2019,4259.36,19239.36,5.17,28.43
4/9/2019,4239.36,19219.36,5.26,28.3
4/10/2019,4269.09,19249.09,5.12,28.5
4/11/2019,4278.09,19258.09,5.07,28.56
4/12/2019,4303.82,19283.82,4.95,28.73
4/13/2019,4303.82,19283.82,4.95,28.73
4/14/2019,4303.82,19283.82,4.95,28.73
4/15/2019,4313.82,19293.82,4.9,28.8
4/16/2019,4322.82,19302.82,4.85,28.86
4/17/2019,4329.55,19309.55,4.82,28.9
4/18/2019,4347.55,19327.55,4.73,29.02
4/19/2019,4347.55,19327.55,4.73,29.02
4/20/2019,4347.55,19327.55,4.73,29.02
4/21/2019,4347.55,19327.55,4.73,29.02
4/22/2019,4362.29,19342.29,4.66,29.12
4/23/2019,4388.02,19368.02,4.53,29.29
4/24/2019,4394.02,19374.02,4.5,29.33
4/25/2019,4402.02,19382.02,4.46,29.39
4/26/2019,4413.02,19393.02,4.41,29.46
4/27/2019,4413.02,19393.02,4.41,29.46
4/28/2019,4413.02,19393.02,4.41,29.46
4/29/2019,4430.75,19410.75,4.32,29.58
4/30/2019,4438.75,19418.75,4.28,29.63
5/1/2019,4422.75,19402.75,4.36,29.52
5/2/2019,4397.75,19377.75,4.48,29.36
5/3/2019,4473.48,19453.48,4.11,29.86
5/4/2019,4473.48,19453.48,4.11,29.86
5/5/2019,4473.48,19453.48,4.11,29.86
5/6/2019,4430.48,19410.48,4.32,29.58
5/7/2019,4100.21,19080.21,5.95,27.37
5/8/2019,4153.21,19133.21,5.69,27.73
5/9/2019,4131.21,19111.21,5.8,27.58
5/10/2019,4202.94,19182.94,5.44,28.06
5/11/2019,4202.94,19182.94,5.44,28.06
5/12/2019,4202.94,19182.94,5.44,28.06
5/13/2019,3968.94,18948.94,6.6,26.49
5/14/2019,4167.94,19147.94,5.62,27.82
5/15/2019,4255.67,19235.67,5.18,28.41
5/16/2019,4298.67,19278.67,4.97,28.7
5/17/2019,4284.67,19264.67,5.04,28.6
5/18/2019,4284.67,19264.67,5.04,28.6
5/19/2019,4284.67,19264.67,5.04,28.6
5/20/2019,4299.4,19279.4,4.97,28.7
5/21/2019,4355.13,19335.13,4.69,29.07
5/22/2019,4369.13,19349.13,4.62,29.17
5/23/2019,4217.13,19197.13,5.37,28.15
5/24/2019,4326.13,19306.13,4.84,28.88
5/25/2019,4326.13,19306.13,4.84,28.88
5/26/2019,4326.13,19306.13,4.84,28.88
5/27/2019,4326.13,19306.13,4.84,28.88
5/28/2019,4228.13,19208.13,5.32,28.23
5/29/2019,4226.99,19206.989999999998,5.32,28.22
5/30/2019,4255.99,19235.989999999998,5.18,28.41
5/31/2019,4185.99,19165.989999999998,5.53,27.94
6/1/2019,4185.99,19165.989999999998,5.53,27.94
6/2/2019,4185.99,19165.989999999998,5.53,27.94
6/3/2019,4183.99,19163.989999999998,5.54,27.93
6/4/2019,4309.72,19289.72,4.92,28.77
6/5/2019,4365.45,19345.45,4.64,29.14
6/6/2019,4402.18,19382.18,4.46,29.39
6/7/2019,4443.92,19423.92,4.26,29.67
6/8/2019,4443.92,19423.92,4.26,29.67
6/9/2019,4443.92,19423.92,4.26,29.67
6/10/2019,4484.65,19464.65,4.05,29.94
6/11/2019,4496.65,19476.65,4,30.02
6/12/2019,4509.65,19489.65,3.93,30.1
6/13/2019,4530.38,19510.38,3.83,30.24
6/14/2019,4566.38,19546.38,3.65,30.48
6/15/2019,4566.38,19546.38,3.65,30.48
6/16/2019,4566.38,19546.38,3.65,30.48
6/17/2019,4580.11,19560.11,3.58,30.57
6/18/2019,4612.11,19592.11,3.43,30.79
6/19/2019,4636.84,19616.84,3.3,30.95
6/20/2019,4676.57,19656.57,3.11,31.22
6/21/2019,4692.57,19672.57,3.03,31.33
6/22/2019,4692.57,19672.57,3.03,31.33
6/23/2019,4692.57,19672.57,3.03,31.33
6/24/2019,4699.57,19679.57,3,31.37
6/25/2019,4645.57,19625.57,3.26,31.01
6/26/2019,4668.57,19648.57,3.15,31.17
6/27/2019,4724.3,19704.3,2.87,31.54
6/28/2019,4738.3,19718.3,2.8,31.63
6/29/2019,4738.3,19718.3,2.8,31.63
6/30/2019,4738.3,19718.3,2.8,31.63
7/1/2019,4809.03,19789.03,2.46,32.1
7/2/2019,4831.76,19811.760000000002,2.34,32.25
7/3/2019,4860.49,19840.489999999998,2.2,32.45
7/4/2019,4860.49,19840.489999999998,2.2,32.45
7/5/2019,4874.49,19854.489999999998,2.13,32.54
7/6/2019,4874.49,19854.489999999998,2.13,32.54
7/7/2019,4874.49,19854.489999999998,2.13,32.54
7/8/2019,4872.49,19852.489999999998,2.14,32.53
7/9/2019,4882.49,19862.489999999998,2.09,32.59
7/10/2019,4902.23,19882.23,2,32.73
7/11/2019,4919.23,19899.23,1.91,32.84
7/12/2019,4938.96,19918.96,1.82,32.97
7/13/2019,4938.96,19918.96,1.82,32.97
7/14/2019,4938.96,19918.96,1.82,32.97
7/15/2019,4951.96,19931.96,1.75,33.06
7/16/2019,4954.96,19934.96,1.74,33.08
7/17/2019,4932.96,19912.96,1.84,32.93
7/18/2019,4959.96,19939.96,1.71,33.11
7/19/2019,4976.69,19956.69,1.63,33.22
7/20/2019,4976.69,19956.69,1.63,33.22
7/21/2019,4976.69,19956.69,1.63,33.22
7/22/2019,5003.69,19983.69,1.5,33.4
7/23/2019,5027.42,20007.42,1.38,33.56
7/24/2019,5057.42,20037.42,1.23,33.76
7/25/2019,5046.42,20026.42,1.29,33.69
7/26/2019,5076.15,20056.15,1.14,33.89
7/27/2019,5076.15,20056.15,1.14,33.89
7/28/2019,5076.15,20056.15,1.14,33.89
7/29/2019,5082.15,20062.15,1.11,33.93
7/30/2019,5047.15,20027.15,1.28,33.69
7/31/2019,5017.15,19997.15,1.43,33.49
8/1/2019,4886.88,19866.88,2.07,32.62
8/2/2019,4860.88,19840.88,2.2,32.45
8/3/2019,4860.88,19840.88,2.2,32.45
8/4/2019,4860.88,19840.88,2.2,32.45
8/5/2019,4456.61,19436.61,4.19,29.75
8/6/2019,4545.34,19525.34,3.76,30.34
8/7/2019,4588.34,19568.34,3.54,30.63
8/8/2019,4653.07,19633.07,3.22,31.06
8/9/2019,4650.07,19630.07,3.24,31.04
8/10/2019,4650.07,19630.07,3.24,31.04
8/11/2019,4650.07,19630.07,3.24,31.04
8/12/2019,4529.07,19509.07,3.84,30.23
8/13/2019,4690.07,19670.07,3.04,31.31
8/14/2019,4372.07,19352.07,4.61,29.19
8/15/2019,4492.07,19472.07,4.02,29.99
8/16/2019,4747.8,19727.8,2.76,31.69
8/17/2019,4747.8,19727.8,2.76,31.69
8/18/2019,4747.8,19727.8,2.76,31.69
8/19/2019,4818.54,19798.54,2.41,32.17
8/20/2019,4787.54,19767.54,2.56,31.96
8/21/2019,4846.54,19826.54,2.27,32.35
8/22/2019,4863.27,19843.27,2.19,32.47
8/23/2019,4565,19545,3.66,30.47
8/24/2019,4565,19545,3.66,30.47
8/25/2019,4565,19545,3.66,30.47
8/26/2019,4635.73,19615.73,3.31,30.95
8/27/2019,4660.73,19640.73,3.19,31.11
8/28/2019,4692.46,19672.46,3.03,31.32
8/29/2019,4754.19,19734.19,2.73,31.74
8/30/2019,4752.19,19732.19,2.74,31.72
8/31/2019,4752.19,19732.19,2.74,31.72
9/1/2019,4752.19,19732.19,2.74,31.72
9/2/2019,4752.19,19732.19,2.74,31.72
9/3/2019,4777.19,19757.19,2.61,31.89
9/4/2019,4841.92,19821.92,2.29,32.32
9/5/2019,4895.65,19875.65,2.03,32.68
9/6/2019,4930.65,19910.65,1.86,32.91
9/7/2019,4930.65,19910.65,1.86,32.91
9/8/2019,4930.65,19910.65,1.86,32.91
9/9/2019,4942.38,19922.38,1.8,32.99
9/10/2019,4940.38,19920.38,1.81,32.98
9/11/2019,4975.11,19955.11,1.64,33.21
9/12/2019,5009.11,19989.11,1.47,33.44
9/13/2019,5009.85,19989.85,1.47,33.44
9/14/2019,5009.85,19989.85,1.47,33.44
9/15/2019,5009.85,19989.85,1.47,33.44
9/16/2019,4990.85,19970.85,1.56,33.32
9/17/2019,5024.85,20004.85,1.39,33.54
9/18/2019,5047.85,20027.85,1.28,33.7
9/19/2019,5076.58,20056.58,1.14,33.89
9/20/2019,5027.58,20007.58,1.38,33.56
9/21/2019,5027.58,20007.58,1.38,33.56
9/22/2019,5027.58,20007.58,1.38,33.56
9/23/2019,5089.58,20069.58,1.07,33.98
9/24/2019,4910.58,19890.58,1.96,32.78
9/25/2019,5075.58,20055.58,1.14,33.88
9/26/2019,5085.58,20065.58,1.09,33.95
9/27/2019,4973.58,19953.58,1.64,33.2
9/28/2019,4973.58,19953.58,1.64,33.2
9/29/2019,4973.58,19953.58,1.64,33.2
9/30/2019,4971.43,19951.43,1.66,33.19
10/1/2019,4875.43,19855.43,2.13,32.55
10/2/2019,4598.17,19578.17,3.5,30.7
10/3/2019,4642.17,19622.17,3.28,30.99
10/4/2019,4690.9,19670.9,3.04,31.31
10/5/2019,4690.9,19670.9,3.04,31.31
10/6/2019,4690.9,19670.9,3.04,31.31
10/7/2019,4705.9,19685.9,2.96,31.41
10/8/2019,4590.9,19570.9,3.53,30.65
10/9/2019,4697.9,19677.9,3,31.36
10/10/2019,4739.63,19719.63,2.8,31.64
10/11/2019,4812.36,19792.36,2.44,32.13
10/12/2019,4812.36,19792.36,2.44,32.13
10/13/2019,4812.36,19792.36,2.44,32.13
10/14/2019,4842.36,19822.36,2.29,32.33
10/15/2019,4881.09,19861.09,2.1,32.58
10/16/2019,4881.09,19861.09,2.1,32.58
10/17/2019,4918.09,19898.09,1.92,32.83
10/18/2019,4911.09,19891.09,1.95,32.78
10/19/2019,4911.09,19891.09,1.95,32.78
10/20/2019,4911.09,19891.09,1.95,32.78
10/21/2019,4946.82,19926.82,1.78,33.02
10/22/2019,4942.82,19922.82,1.8,33
10/23/2019,4962.82,19942.82,1.7,33.13
10/24/2019,4983.55,19963.55,1.6,33.27
10/25/2019,5018.55,19998.55,1.42,33.5
10/26/2019,5018.55,19998.55,1.42,33.5
10/27/2019,5018.55,19998.55,1.42,33.5
10/28/2019,5036.28,20016.28,1.34,33.62
10/29/2019,5033.28,20013.28,1.35,33.6
10/30/2019,5065.28,20045.28,1.19,33.81
10/31/2019,5056.28,20036.28,1.24,33.75
11/1/2019,5093.01,20073.010000000002,1.06,34
11/2/2019,5093.01,20073.010000000002,1.06,34
11/3/2019,5093.01,20073.010000000002,1.06,34
11/4/2019,5119.74,20099.739999999998,0.92,34.18
11/5/2019,5132.74,20112.739999999998,0.86,34.26
11/6/2019,5140.74,20120.739999999998,0.82,34.32
11/7/2019,5152.48,20132.48,0.76,34.4
11/8/2019,5182.48,20162.48,0.61,34.6
11/9/2019,5182.48,20162.48,0.61,34.6
11/10/2019,5182.48,20162.48,0.61,34.6
11/11/2019,5185.21,20165.21,0.6,34.61
11/12/2019,5203.21,20183.21,0.51,34.73
11/13/2019,5213.21,20193.21,0.46,34.8
11/14/2019,5218.94,20198.94,0.44,34.84
11/15/2019,5256.67,20236.67,0.25,35.09
11/16/2019,5256.67,20236.67,0.25,35.09
11/17/2019,5256.67,20236.67,0.25,35.09
11/18/2019,5277.67,20257.67,0.15,35.23
11/19/2019,5286.4,20266.4,0.1,35.29
11/20/2019,5258.4,20238.4,0.24,35.1
11/21/2019,5260.4,20240.4,0.23,35.12
11/22/2019,5304.4,20284.4,0.01,35.41
11/23/2019,5304.4,20284.4,0.01,35.41
11/24/2019,5304.4,20284.4,0.01,35.41
11/25/2019,5336.13,20316.13,0,35.62
11/26/2019,5352.13,20332.13,0,35.73
11/27/2019,5365.86,20345.86,0,35.82
11/28/2019,5365.86,20345.86,0,35.82
11/29/2019,5350.86,20330.86,0.07,35.72
11/30/2019,5350.86,20330.86,0.07,35.72
12/1/2019,5350.86,20330.86,0.07,35.72
12/2/2019,5307.86,20287.86,0.29,35.43
12/3/2019,5116.59,20096.59,1.23,34.16
12/4/2019,5170.32,20150.32,0.96,34.51
12/5/2019,5200.32,20180.32,0.81,34.72
12/6/2019,5232.05,20212.05,0.66,34.93
12/7/2019,5232.05,20212.05,0.66,34.93
12/8/2019,5232.05,20212.05,0.66,34.93
12/9/2019,5222.05,20202.05,0.71,34.86
12/10/2019,5222.05,20202.05,0.71,34.86
12/11/2019,5265.05,20245.05,0.5,35.15
12/12/2019,5289.79,20269.79,0.37,35.31
12/13/2019,5332.79,20312.79,0.16,35.6
12/14/2019,5332.79,20312.79,0.16,35.6
12/15/2019,5332.79,20312.79,0.16,35.6
12/16/2019,5377.52,20357.52,0,35.9
12/17/2019,5403.52,20383.52,0,36.07
12/18/2019,5420.52,20400.52,0,36.19
12/19/2019,5444.25,20424.25,0,36.34
12/20/2019,5503.98,20483.98,0,36.74
12/21/2019,5503.98,20483.98,0,36.74
12/22/2019,5503.98,20483.98,0,36.74
12/23/2019,5525.98,20505.98,0,36.89
12/24/2019,5529.71,20509.71,0,36.91
12/25/2019,5529.71,20509.71,0,36.91
12/26/2019,5554.44,20534.44,0,37.08
12/27/2019,5545.44,20525.44,0.04,37.02
12/28/2019,5545.44,20525.44,0.04,37.02
12/29/2019,5545.44,20525.44,0.04,37.02
12/30/2019,5521.44,20501.44,0.16,36.86
12/31/2019,5559.44,20539.44,0,37.11
1/1/2020,5559.44,20539.44,0,37.11
1/2/2020,5597.17,20577.17,0,37.36
1/3/2020,5547.17,20527.17,0.24,37.03
1/4/2020,5547.17,20527.17,0.24,37.03
1/5/2020,5547.17,20527.17,0.24,37.03
1/6/2020,5596.17,20576.17,0,37.36
1/7/2020,5613.17,20593.17,0,37.47
1/8/2020,5643.9,20623.9,0,37.68
1/9/2020,5666.9,20646.9,0,37.83
1/10/2020,5671.9,20651.9,0,37.86
1/11/2020,5671.9,20651.9,0,37.86
1/12/2020,5671.9,20651.9,0,37.86
1/13/2020,5696.63,20676.63,0,38.03
1/14/2020,5701.63,20681.63,0,38.06
1/15/2020,5718.63,20698.63,0,38.18
1/16/2020,5743.36,20723.36,0,38.34
1/17/2020,5770.36,20750.36,0,38.52
1/18/2020,5770.36,20750.36,0,38.52
1/19/2020,5770.36,20750.36,0,38.52
1/20/2020,5770.36,20750.36,0,38.52
1/21/2020,5773.1,20753.1,0,38.54
1/22/2020,5788.1,20768.1,0,38.64
1/23/2020,5798.1,20778.1,0,38.71
1/24/2020,5678.1,20658.1,0.58,37.9
1/25/2020,5678.1,20658.1,0.58,37.9
1/26/2020,5678.1,20658.1,0.58,37.9
1/27/2020,5477.83,20457.83,1.54,36.57
1/28/2020,5546.56,20526.56,1.21,37.03
1/29/2020,5567.56,20547.56,1.11,37.17
1/30/2020,5586.56,20566.56,1.02,37.29
1/31/2020,5421.56,20401.56,1.81,36.19
2/1/2020,5421.56,20401.56,1.81,36.19
2/2/2020,5421.56,20401.56,1.81,36.19
2/3/2020,5598.56,20578.56,0.96,37.37
2/4/2020,5653.29,20633.29,0.7,37.74
2/5/2020,5721.02,20701.02,0.37,38.19
2/6/2020,5753.02,20733.02,0.22,38.4
2/7/2020,5742.02,20722.02,0.27,38.33
2/8/2020,5742.02,20722.02,0.27,38.33
2/9/2020,5742.02,20722.02,0.27,38.33
2/10/2020,5781.75,20761.75,0.08,38.6
2/11/2020,5817.75,20797.75,0,38.84
2/12/2020,5848.48,20828.48,0,39.04
2/13/2020,5833.48,20813.48,0.07,38.94
2/14/2020,5865.48,20845.48,0,39.16
2/15/2020,5865.48,20845.48,0,39.16
2/16/2020,5865.48,20845.48,0,39.16
2/17/2020,5865.48,20845.48,0,39.16
2/18/2020,5886.21,20866.21,0,39.29
2/19/2020,5922.21,20902.21,0,39.53
2/20/2020,5906.21,20886.21,0.08,39.43
2/21/2020,5814.21,20794.21,0.52,38.81
2/22/2020,5814.21,20794.21,0.52,38.81
2/23/2020,5814.21,20794.21,0.52,38.81
2/24/2020,5202.09,20182.09,3.45,34.73
2/25/2020,5202.09,20182.09,3.45,34.73
2/26/2020,5202.09,20182.09,3.45,34.73
2/27/2020,5202.09,20182.09,3.45,34.73
2/28/2020,5202.09,20182.09,3.45,34.73
2/29/2020,5202.09,20182.09,3.45,34.73
3/1/2020,5202.09,20182.09,3.45,34.73
3/2/2020,5202.09,20182.09,3.45,34.73
3/3/2020,5202.09,20182.09,3.45,34.73
3/4/2020,5202.09,20182.09,3.45,34.73
3/5/2020,5202.09,20182.09,3.45,34.73
3/6/2020,5202.09,20182.09,3.45,34.73
3/7/2020,5202.09,20182.09,3.45,34.73
3/8/2020,5202.09,20182.09,3.45,34.73
3/9/2020,5202.09,20182.09,3.45,34.73
3/10/2020,5202.09,20182.09,3.45,34.73
3/11/2020,5202.09,20182.09,3.45,34.73
3/12/2020,5202.09,20182.09,3.45,34.73
3/13/2020,5202.09,20182.09,3.45,34.73
3/14/2020,5202.09,20182.09,3.45,34.73
3/15/2020,5202.09,20182.09,3.45,34.73
3/16/2020,5202.09,20182.09,3.45,34.73
3/17/2020,5202.09,20182.09,3.45,34.73
3/18/2020,5202.09,20182.09,3.45,34.73
3/19/2020,5202.09,20182.09,3.45,34.73
3/20/2020,5202.09,20182.09,3.45,34.73
3/21/2020,5202.09,20182.09,3.45,34.73
3/22/2020,5202.09,20182.09,3.45,34.73
3/23/2020,5202.09,20182.09,3.45,34.73
3/24/2020,5202.09,20182.09,3.45,34.73
3/25/2020,5202.09,20182.09,3.45,34.73
3/26/2020,5202.09,20182.09,3.45,34.73
3/27/2020,5202.09,20182.09,3.45,34.73
3/28/2020,5202.09,20182.09,3.45,34.73
3/29/2020,5202.09,20182.09,3.45,34.73
3/30/2020,5202.09,20182.09,3.45,34.73
3/31/2020,5202.09,20182.09,3.45,34.73
4/1/2020,5202.09,20182.09,3.45,34.73
4/2/2020,5202.09,20182.09,3.45,34.73
4/3/2020,5202.09,20182.09,3.45,34.73
4/4/2020,5202.09,20182.09,3.45,34.73
4/5/2020,5202.09,20182.09,3.45,34.73
4/6/2020,5202.09,20182.09,3.45,34.73
4/7/2020,5202.09,20182.09,3.45,34.73
4/8/2020,5202.09,20182.09,3.45,34.73
4/9/2020,5202.09,20182.09,3.45,34.73
4/10/2020,5202.09,20182.09,3.45,34.73
4/11/2020,5202.09,20182.09,3.45,34.73
4/12/2020,5202.09,20182.09,3.45,34.73
4/13/2020,5202.09,20182.09,3.45,34.73
4/14/2020,5202.09,20182.09,3.45,34.73
4/15/2020,5202.09,20182.09,3.45,34.73
4/16/2020,5202.09,20182.09,3.45,34.73
4/17/2020,5202.09,20182.09,3.45,34.73
4/18/2020,5202.09,20182.09,3.45,34.73
4/19/2020,5202.09,20182.09,3.45,34.73
4/20/2020,5202.09,20182.09,3.45,34.73
4/21/2020,5202.09,20182.09,3.45,34.73
4/22/2020,5202.09,20182.09,3.45,34.73
4/23/2020,5202.09,20182.09,3.45,34.73
4/24/2020,5202.09,20182.09,3.45,34.73
4/25/2020,5202.09,20182.09,3.45,34.73
4/26/2020,5202.09,20182.09,3.45,34.73
4/27/2020,5202.09,20182.09,3.45,34.73
4/28/2020,5202.09,20182.09,3.45,34.73
4/29/2020,5202.09,20182.09,3.45,34.73
4/30/2020,5202.09,20182.09,3.45,34.73
5/1/2020,5202.09,20182.09,3.45,34.73
5/2/2020,5202.09,20182.09,3.45,34.73
5/3/2020,5202.09,20182.09,3.45,34.73
5/4/2020,5202.09,20182.09,3.45,34.73
5/5/2020,5202.09,20182.09,3.45,34.73
5/6/2020,5202.09,20182.09,3.45,34.73
5/7/2020,5202.09,20182.09,3.45,34.73
5/8/2020,5202.09,20182.09,3.45,34.73
5/9/2020,5202.09,20182.09,3.45,34.73
5/10/2020,5202.09,20182.09,3.45,34.73
5/11/2020,5202.09,20182.09,3.45,34.73
5/12/2020,5202.09,20182.09,3.45,34.73
5/13/2020,5202.09,20182.09,3.45,34.73
5/14/2020,5202.09,20182.09,3.45,34.73
5/15/2020,5202.09,20182.09,3.45,34.73
5/16/2020,5202.09,20182.09,3.45,34.73
5/17/2020,5202.09,20182.09,3.45,34.73
5/18/2020,5202.09,20182.09,3.45,34.73
5/19/2020,5202.09,20182.09,3.45,34.73
5/20/2020,5202.09,20182.09,3.45,34.73
5/21/2020,5202.09,20182.09,3.45,34.73
5/22/2020,5202.09,20182.09,3.45,34.73
5/23/2020,5202.09,20182.09,3.45,34.73
5/24/2020,5202.09,20182.09,3.45,34.73
5/25/2020,5202.09,20182.09,3.45,34.73
5/26/2020,5202.09,20182.09,3.45,34.73
5/27/2020,5202.09,20182.09,3.45,34.73
5/28/2020,5202.09,20182.09,3.45,34.73
5/29/2020,5202.09,20182.09,3.45,34.73
5/30/2020,5202.09,20182.09,3.45,34.73
5/31/2020,5202.09,20182.09,3.45,34.73
6/1/2020,5202.09,20182.09,3.45,34.73
6/2/2020,5202.09,20182.09,3.45,34.73
6/3/2020,5202.09,20182.09,3.45,34.73
6/4/2020,5202.09,20182.09,3.45,34.73
6/5/2020,5199.94,20179.94,3.46,34.71
6/6/2020,5199.94,20179.94,3.46,34.71
6/7/2020,5199.94,20179.94,3.46,34.71
6/8/2020,5260.82,20240.82,3.16,35.12
6/9/2020,5260.82,20240.82,3.16,35.12
6/10/2020,5260.82,20240.82,3.16,35.12
6/11/2020,5260.82,20240.82,3.16,35.12
6/12/2020,5260.82,20240.82,3.16,35.12
6/13/2020,5260.82,20240.82,3.16,35.12
6/14/2020,5260.82,20240.82,3.16,35.12
6/15/2020,5260.82,20240.82,3.16,35.12
6/16/2020,5260.82,20240.82,3.16,35.12
6/17/2020,5260.82,20240.82,3.16,35.12
6/18/2020,5260.82,20240.82,3.16,35.12
6/19/2020,5260.82,20240.82,3.16,35.12
6/20/2020,5260.82,20240.82,3.16,35.12
6/21/2020,5260.82,20240.82,3.16,35.12
6/22/2020,5260.82,20240.82,3.16,35.12
6/23/2020,5260.82,20240.82,3.16,35.12
6/24/2020,5260.82,20240.82,3.16,35.12
6/25/2020,5260.82,20240.82,3.16,35.12
6/26/2020,5260.82,20240.82,3.16,35.12
6/27/2020,5260.82,20240.82,3.16,35.12
6/28/2020,5260.82,20240.82,3.16,35.12
6/29/2020,5260.82,20240.82,3.16,35.12
6/30/2020,5260.82,20240.82,3.16,35.12
7/1/2020,5260.82,20240.82,3.16,35.12
7/2/2020,5260.82,20240.82,3.16,35.12
7/3/2020,5260.82,20240.82,3.16,35.12
7/4/2020,5260.82,20240.82,3.16,35.12
7/5/2020,5260.82,20240.82,3.16,35.12
7/6/2020,5260.82,20240.82,3.16,35.12
7/7/2020,5260.82,20240.82,3.16,35.12
7/8/2020,5260.82,20240.82,3.16,35.12
7/9/2020,5260.82,20240.82,3.16,35.12
7/10/2020,5260.82,20240.82,3.16,35.12
7/11/2020,5260.82,20240.82,3.16,35.12
7/12/2020,5260.82,20240.82,3.16,35.12
7/13/2020,5260.82,20240.82,3.16,35.12
7/14/2020,5260.82,20240.82,3.16,35.12
7/15/2020,5260.82,20240.82,3.16,35.12
7/16/2020,5260.82,20240.82,3.16,35.12
7/17/2020,5260.82,20240.82,3.16,35.12
7/18/2020,5260.82,20240.82,3.16,35.12
7/19/2020,5260.82,20240.82,3.16,35.12
7/20/2020,5259.67,20239.67,3.17,35.11
7/21/2020,5282.67,20262.67,3.06,35.26
7/22/2020,5326.41,20306.41,2.85,35.56
7/23/2020,5244.28,20224.28,3.24,35.01
7/24/2020,5244.28,20224.28,3.24,35.01
7/25/2020,5244.28,20224.28,3.24,35.01
7/26/2020,5244.28,20224.28,3.24,35.01
7/27/2020,5242.14,20222.14,3.25,34.99
7/28/2020,5236.01,20216.010000000002,3.28,34.95
7/29/2020,5233.87,20213.87,3.29,34.94
7/30/2020,5210.87,20190.87,3.4,34.79
7/31/2020,5288.87,20268.87,3.03,35.31
8/1/2020,5288.87,20268.87,3.03,35.31
8/2/2020,5288.87,20268.87,3.03,35.31
8/3/2020,5335.6,20315.6,2.81,35.62
8/4/2020,5361.6,20341.6,2.68,35.79
8/5/2020,5409.33,20389.33,2.45,36.11
8/6/2020,5449.33,20429.33,2.26,36.38
8/7/2020,5469.06,20449.06,2.17,36.51
8/8/2020,5469.06,20449.06,2.17,36.51
8/9/2020,5469.06,20449.06,2.17,36.51
8/10/2020,5518.06,20498.06,1.93,36.84
8/11/2020,5470.06,20450.06,2.16,36.52
8/12/2020,5560.79,20540.79,1.73,37.12
8/13/2020,5571.79,20551.79,1.68,37.19
8/14/2020,5589.79,20569.79,1.59,37.32
8/15/2020,5589.79,20569.79,1.59,37.32
8/16/2020,5589.79,20569.79,1.59,37.32
8/17/2020,5650.52,20630.52,1.3,37.72
8/18/2020,5675.52,20655.52,1.18,37.89
8/19/2020,5670.52,20650.52,1.2,37.85
8/20/2020,5702.25,20682.25,1.05,38.07
8/21/2020,5734.25,20714.25,0.9,38.28
8/22/2020,5734.25,20714.25,0.9,38.28
8/23/2020,5734.25,20714.25,0.9,38.28
8/24/2020,5784.98,20764.98,0.66,38.62
8/25/2020,5824.98,20804.98,0.47,38.89
8/26/2020,5838.72,20818.72,0.4,38.98
8/27/2020,5872.72,20852.72,0.24,39.2
8/28/2020,5912.45,20892.45,0.05,39.47
8/29/2020,5912.45,20892.45,0.05,39.47
8/30/2020,5912.45,20892.45,0.05,39.47
8/31/2020,5927.32,20907.32,0,39.57
9/1/2020,5927.32,20907.32,0,39.57
9/2/2020,5927.32,20907.32,0,39.57
9/3/2020,5927.32,20907.32,0,39.57
9/4/2020,5927.32,20907.32,0,39.57
9/5/2020,5927.32,20907.32,0,39.57
9/6/2020,5927.32,20907.32,0,39.57
9/7/2020,5927.32,20907.32,0,39.57
9/8/2020,5927.32,20907.32,0,39.57
9/9/2020,5927.32,20907.32,0,39.57
9/10/2020,5927.32,20907.32,0,39.57
9/11/2020,5927.32,20907.32,0,39.57
9/12/2020,5927.32,20907.32,0,39.57
9/13/2020,5927.32,20907.32,0,39.57
9/14/2020,5927.32,20907.32,0,39.57
9/15/2020,5927.32,20907.32,0,39.57
9/16/2020,5927.32,20907.32,0,39.57
9/17/2020,5927.32,20907.32,0,39.57
9/18/2020,5927.32,20907.32,0,39.57
9/19/2020,5927.32,20907.32,0,39.57
9/20/2020,5927.32,20907.32,0,39.57
9/21/2020,5927.32,20907.32,0,39.57
9/22/2020,5927.32,20907.32,0,39.57
9/23/2020,5927.32,20907.32,0,39.57
9/24/2020,5927.32,20907.32,0,39.57
9/25/2020,5927.32,20907.32,0,39.57
9/26/2020,5927.32,20907.32,0,39.57
9/27/2020,5927.32,20907.32,0,39.57
9/28/2020,5927.32,20907.32,0,39.57
9/29/2020,5927.32,20907.32,0,39.57
9/30/2020,5927.32,20907.32,0,39.57
10/1/2020,5927.32,20907.32,0,39.57
10/2/2020,5927.32,20907.32,0,39.57
10/3/2020,5927.32,20907.32,0,39.57
10/4/2020,5927.32,20907.32,0,39.57
10/5/2020,5927.32,20907.32,0,39.57
10/6/2020,5927.32,20907.32,0,39.57
10/7/2020,5927.32,20907.32,0,39.57
10/8/2020,5927.32,20907.32,0,39.57
10/9/2020,5927.32,20907.32,0,39.57
10/10/2020,5927.32,20907.32,0,39.57
10/11/2020,5927.32,20907.32,0,39.57
10/12/2020,5927.32,20907.32,0,39.57
10/13/2020,5927.32,20907.32,0,39.57
10/14/2020,5927.32,20907.32,0,39.57
10/15/2020,5927.32,20907.32,0,39.57
10/16/2020,5927.32,20907.32,0,39.57
10/17/2020,5927.32,20907.32,0,39.57
10/18/2020,5927.32,20907.32,0,39.57
10/19/2020,5927.32,20907.32,0,39.57
10/20/2020,5927.32,20907.32,0,39.57
10/21/2020,5927.32,20907.32,0,39.57
10/22/2020,5927.32,20907.32,0,39.57
10/23/2020,5927.32,20907.32,0,39.57
10/24/2020,5927.32,20907.32,0,39.57
10/25/2020,5927.32,20907.32,0,39.57
10/26/2020,5927.32,20907.32,0,39.57
10/27/2020,5927.32,20907.32,0,39.57
10/28/2020,5927.32,20907.32,0,39.57
10/29/2020,5927.32,20907.32,0,39.57
10/30/2020,5927.32,20907.32,0,39.57
10/31/2020,5927.32,20907.32,0,39.57
11/1/2020,5927.32,20907.32,0,39.57
11/2/2020,5927.32,20907.32,0,39.57
11/3/2020,5927.32,20907.32,0,39.57
11/4/2020,5927.32,20907.32,0,39.57
11/5/2020,5927.32,20907.32,0,39.57
11/6/2020,5926.18,20906.18,0.01,39.56
11/7/2020,5926.18,20906.18,0.01,39.56
11/8/2020,5926.18,20906.18,0.01,39.56
11/9/2020,6020.05,21000.05,0,40.19
11/10/2020,6018.91,20998.91,0.01,40.18
11/11/2020,6098.91,21078.91,0,40.71
11/12/2020,6023.78,21003.78,0.36,40.21
11/13/2020,6021.64,21001.64,0.37,40.2
11/14/2020,6021.64,21001.64,0.37,40.2
11/15/2020,6021.64,21001.64,0.37,40.2
11/16/2020,6108.37,21088.37,0,40.78
11/17/2020,6113.37,21093.37,0,40.81
11/18/2020,6094.37,21074.37,0.09,40.68
11/19/2020,6131.37,21111.37,0,40.93
11/20/2020,6152.37,21132.37,0,41.07
11/21/2020,6152.37,21132.37,0,41.07
11/22/2020,6152.37,21132.37,0,41.07
11/23/2020,6229.1,21209.1,0,41.58
11/24/2020,6307.83,21287.83,0,42.11
11/25/2020,6340.83,21320.83,0,42.33
11/26/2020,6340.83,21320.83,0,42.33
11/27/2020,6361.83,21341.83,0,42.47
11/28/2020,6361.83,21341.83,0,42.47
11/29/2020,6361.83,21341.83,0,42.47
11/30/2020,6373.56,21353.56,0,42.55
12/1/2020,6440.29,21420.29,0,42.99
12/2/2020,6478.29,21458.29,0,43.25
12/3/2020,6489.29,21469.29,0,43.32
12/4/2020,6534.03,21514.03,0,43.62
12/5/2020,6534.03,21514.03,0,43.62
12/6/2020,6534.03,21514.03,0,43.62
12/7/2020,6557.03,21537.03,0,43.77
12/8/2020,6598.76,21578.760000000002,0,44.05
12/9/2020,6538.76,21518.760000000002,0.28,43.65
12/10/2020,6572.76,21552.760000000002,0.12,43.88
12/11/2020,6548.76,21528.760000000002,0.23,43.72
12/12/2020,6548.76,21528.760000000002,0.23,43.72
12/13/2020,6548.76,21528.760000000002,0.23,43.72
12/14/2020,6568.76,21548.760000000002,0.14,43.85
12/15/2020,6679.49,21659.489999999998,0,44.59
12/16/2020,6739.49,21719.489999999998,0,44.99
12/17/2020,6771.22,21751.22,0,45.2
12/18/2020,6718.22,21698.22,0.24,44.85
12/19/2020,6718.22,21698.22,0.24,44.85
12/20/2020,6718.22,21698.22,0.24,44.85
12/21/2020,6705.09,21685.09,0.3,44.76
12/22/2020,6703.95,21683.95,0.31,44.75
12/23/2020,6772.68,21752.68,0,45.21
12/24/2020,6788.68,21768.68,0,45.32
12/25/2020,6788.68,21768.68,0,45.32
12/26/2020,6788.68,21768.68,0,45.32
12/27/2020,6788.68,21768.68,0,45.32
12/28/2020,6850.41,21830.41,0,45.73
12/29/2020,6850.41,21830.41,0,45.73
12/30/2020,6877.41,21857.41,0,45.91
12/31/2020,6900.14,21880.14,0,46.06
1/1/2021,6900.14,21880.14,0,46.06
1/2/2021,6900.14,21880.14,0,46.06
1/3/2021,6900.14,21880.14,0,46.06
1/4/2021,6795.02,21775.02,0.48,45.36
1/5/2021,6795.02,21775.02,0.48,45.36
1/6/2021,6795.02,21775.02,0.48,45.36
1/7/2021,6792.87,21772.87,0.49,45.35
1/8/2021,6827.87,21807.87,0.33,45.58
1/9/2021,6827.87,21807.87,0.33,45.58
1/10/2021,6827.87,21807.87,0.33,45.58
1/11/2021,6800.87,21780.87,0.45,45.4
1/12/2021,6857.87,21837.87,0.19,45.78
1/13/2021,6895.6,21875.6,0.02,46.03
1/14/2021,6891.6,21871.6,0.04,46.01
1/15/2021,6830.6,21810.6,0.32,45.6
1/16/2021,6830.6,21810.6,0.32,45.6
1/17/2021,6830.6,21810.6,0.32,45.6
1/18/2021,6830.6,21810.6,0.32,45.6
1/19/2021,6983.34,21963.34,0,46.62
1/20/2021,7077.07,22057.07,0,47.24
1/21/2021,7111.07,22091.07,0,47.47
1/22/2021,7126.07,22106.07,0,47.57
1/23/2021,7126.07,22106.07,0,47.57
1/24/2021,7126.07,22106.07,0,47.57
1/25/2021,7137.8,22117.8,0,47.65
1/26/2021,7177.8,22157.8,0,47.92
1/27/2021,6597.67,21577.67,2.62,44.04
1/28/2021,6597.67,21577.67,2.62,44.04
1/29/2021,6597.67,21577.67,2.62,44.04
1/30/2021,6597.67,21577.67,2.62,44.04
1/31/2021,6597.67,21577.67,2.62,44.04
2/1/2021,6597.67,21577.67,2.62,44.04
2/2/2021,6597.67,21577.67,2.62,44.04
2/3/2021,6595.53,21575.53,2.63,44.03
2/4/2021,6664.26,21644.260000000002,2.32,44.49
2/5/2021,6730.26,21710.260000000002,2.02,44.93
2/6/2021,6730.26,21710.260000000002,2.02,44.93
2/7/2021,6730.26,21710.260000000002,2.02,44.93
2/8/2021,6766.99,21746.989999999998,1.85,45.17
2/9/2021,6788.99,21768.989999999998,1.75,45.32
2/10/2021,6766.99,21746.989999999998,1.85,45.17
2/11/2021,6820.99,21800.989999999998,1.61,45.53
2/12/2021,6858.72,21838.72,1.44,45.79
2/13/2021,6858.72,21838.72,1.44,45.79
2/14/2021,6858.72,21838.72,1.44,45.79
2/15/2021,6858.72,21838.72,1.44,45.79
2/16/2021,6888.72,21868.72,1.3,45.99
2/17/2021,6907.45,21887.45,1.22,46.11
2/18/2021,6908.45,21888.45,1.22,46.12
2/19/2021,6932.45,21912.45,1.11,46.28
2/20/2021,6932.45,21912.45,1.11,46.28
2/21/2021,6932.45,21912.45,1.11,46.28
2/22/2021,6931.45,21911.45,1.11,46.27
2/23/2021,6968.18,21948.18,0.95,46.52
2/24/2021,7047.18,22027.18,0.59,47.04
2/25/2021,6720.06,21700.06,2.07,44.86
2/26/2021,6720.06,21700.06,2.07,44.86
2/27/2021,6720.06,21700.06,2.07,44.86
2/28/2021,6720.06,21700.06,2.07,44.86
3/1/2021,6717.91,21697.91,2.08,44.85
3/2/2021,6720.91,21700.91,2.06,44.87
3/3/2021,6608.79,21588.79,2.57,44.12
3/4/2021,6608.79,21588.79,2.57,44.12
3/5/2021,6607.65,21587.65,2.57,44.11
3/6/2021,6607.65,21587.65,2.57,44.11
3/7/2021,6607.65,21587.65,2.57,44.11
3/8/2021,6631.52,21611.52,2.47,44.27
3/9/2021,6630.38,21610.38,2.47,44.26
3/10/2021,6705.38,21685.38,2.13,44.76
3/11/2021,6753.11,21733.11,1.92,45.08
3/12/2021,6806.11,21786.11,1.68,45.43
3/13/2021,6806.11,21786.11,1.68,45.43
3/14/2021,6806.11,21786.11,1.68,45.43
3/15/2021,6856.84,21836.84,1.45,45.77
3/16/2021,6878.84,21858.84,1.35,45.92
3/17/2021,6914.84,21894.84,1.19,46.16
3/18/2021,6766.84,21746.84,1.85,45.17
3/19/2021,6920.84,21900.84,1.16,46.2
3/20/2021,6920.84,21900.84,1.16,46.2
3/21/2021,6920.84,21900.84,1.16,46.2
3/22/2021,6978.57,21958.57,0.9,46.59
3/23/2021,6893.57,21873.57,1.28,46.02
3/24/2021,6929.57,21909.57,1.12,46.26
3/25/2021,7003.57,21983.57,0.79,46.75
3/26/2021,7062.3,22042.3,0.52,47.14
3/27/2021,7062.3,22042.3,0.52,47.14
3/28/2021,7062.3,22042.3,0.52,47.14
3/29/2021,7098.3,22078.3,0.36,47.39
3/30/2021,7126.03,22106.03,0.23,47.57
3/31/2021,7185.03,22165.03,0,47.96
4/1/2021,7226.76,22206.760000000002,0,48.24
4/2/2021,7226.76,22206.760000000002,0,48.24
4/3/2021,7226.76,22206.760000000002,0,48.24
4/4/2021,7226.76,22206.760000000002,0,48.24
4/5/2021,7293.49,22273.489999999998,0,48.69
4/6/2021,7298.49,22278.489999999998,0,48.72
4/7/2021,7341.49,22321.489999999998,0,49.01
4/8/2021,7366.22,22346.22,0,49.17
4/9/2021,7411.22,22391.22,0,49.47
4/10/2021,7411.22,22391.22,0,49.47
4/11/2021,7411.22,22391.22,0,49.47
4/12/2021,7433.96,22413.96,0,49.63
4/13/2021,7466.96,22446.96,0,49.85
4/14/2021,7444.96,22424.96,0.1,49.7
4/15/2021,7495.69,22475.69,0,50.04
4/16/2021,7536.69,22516.69,0,50.31
4/17/2021,7536.69,22516.69,0,50.31
4/18/2021,7536.69,22516.69,0,50.31
4/19/2021,7514.69,22494.69,0.1,50.16
4/20/2021,7495.69,22475.69,0.18,50.04
4/21/2021,7568.42,22548.42,0,50.52
4/22/2021,7497.42,22477.42,0.31,50.05
4/23/2021,7624.15,22604.15,0,50.9
4/24/2021,7624.15,22604.15,0,50.9
4/25/2021,7624.15,22604.15,0,50.9
4/26/2021,7656.15,22636.15,0,51.11
4/27/2021,7676.88,22656.88,0,51.25
4/28/2021,7706.88,22686.88,0,51.45
4/29/2021,7739.61,22719.61,0,51.67
4/30/2021,7675.61,22655.61,0.28,51.24
5/1/2021,7675.61,22655.61,0.28,51.24
5/2/2021,7675.61,22655.61,0.28,51.24
5/3/2021,7761.61,22741.61,0,51.81
5/4/2021,7643.61,22623.61,0.52,51.03
5/5/2021,7756.61,22736.61,0.02,51.78
5/6/2021,7816.34,22796.34,0,52.18
5/7/2021,7907.07,22887.07,0,52.78
5/8/2021,7907.07,22887.07,0,52.78
5/9/2021,7907.07,22887.07,0,52.78
5/10/2021,7864.07,22844.07,0.19,52.5
5/11/2021,7639.8,22619.8,1.17,51
5/12/2021,7400.68,22380.68,2.21,49.4
5/13/2021,7398.53,22378.53,2.22,49.39
5/14/2021,7507.27,22487.27,1.75,50.12
5/15/2021,7507.27,22487.27,1.75,50.12
5/16/2021,7507.27,22487.27,1.75,50.12
5/17/2021,7532.27,22512.27,1.64,50.28
5/18/2021,7553.27,22533.27,1.55,50.42
5/19/2021,7464.27,22444.27,1.93,49.83
5/20/2021,7623,22603,1.24,50.89
5/21/2021,7648,22628,1.13,51.05
5/22/2021,7648,22628,1.13,51.05
5/23/2021,7648,22628,1.13,51.05
5/24/2021,7748.73,22728.73,0.69,51.73
5/25/2021,7736.73,22716.73,0.74,51.65
5/26/2021,7779.73,22759.73,0.56,51.93
5/27/2021,7816.46,22796.46,0.4,52.18
5/28/2021,7862.46,22842.46,0.19,52.49
5/29/2021,7862.46,22842.46,0.19,52.49
5/30/2021,7862.46,22842.46,0.19,52.49
5/31/2021,7862.46,22842.46,0.19,52.49
6/1/2021,7869.19,22849.19,0.17,52.53
6/2/2021,7907.19,22887.19,0,52.78
6/3/2021,7890.19,22870.19,0.07,52.67
6/4/2021,7948.92,22928.92,0,53.06
6/5/2021,7948.92,22928.92,0,53.06
6/6/2021,7948.92,22928.92,0,53.06
6/7/2021,7959.92,22939.92,0,53.14
6/8/2021,7973.92,22953.92,0,53.23
6/9/2021,7961.92,22941.92,0.05,53.15
6/10/2021,8003.65,22983.65,0,53.43
6/11/2021,8031.65,23011.65,0,53.62
6/12/2021,8031.65,23011.65,0,53.62
6/13/2021,8031.65,23011.65,0,53.62
6/14/2021,8047.65,23027.65,0,53.72
6/15/2021,8052.65,23032.65,0,53.76
6/16/2021,8031.65,23011.65,0.09,53.62
6/17/2021,8082.38,23062.38,0,53.95
6/18/2021,7920.38,22900.38,0.7,52.87
6/19/2021,7920.38,22900.38,0.7,52.87
6/20/2021,7920.38,22900.38,0.7,52.87
6/21/2021,8114.38,23094.38,0,54.17
6/22/2021,8198.11,23178.11,0,54.73
6/23/2021,8223.11,23203.11,0,54.89
6/24/2021,8246.84,23226.84,0,55.05
6/25/2021,8273.84,23253.84,0,55.23
6/26/2021,8273.84,23253.84,0,55.23
6/27/2021,8273.84,23253.84,0,55.23
6/28/2021,8299.58,23279.58,0,55.4
6/29/2021,8315.58,23295.58,0,55.51
6/30/2021,8335.31,23315.309999999998,0,55.64
7/1/2021,8366.31,23346.309999999998,0,55.85
7/2/2021,8391.04,23371.04,0,56.01
7/3/2021,8391.04,23371.04,0,56.01
7/4/2021,8391.04,23371.04,0,56.01
7/5/2021,8391.04,23371.04,0,56.01
7/6/2021,8395.04,23375.04,0,56.04
7/7/2021,8428.77,23408.77,0,56.27
7/8/2021,8293.77,23273.77,0.58,55.37
7/9/2021,8460.77,23440.77,0,56.48
7/10/2021,8460.77,23440.77,0,56.48
7/11/2021,8460.77,23440.77,0,56.48
7/12/2021,8487.5,23467.5,0,56.66
7/13/2021,8469.5,23449.5,0.08,56.54
7/14/2021,8516.5,23496.5,0,56.85
7/15/2021,8497.5,23477.5,0.08,56.73
7/16/2021,8430.5,23410.5,0.37,56.28
7/17/2021,8430.5,23410.5,0.37,56.28
7/18/2021,8430.5,23410.5,0.37,56.28
7/19/2021,7759.23,22739.23,3.22,51.8
7/20/2021,7911.96,22891.96,2.57,52.82
7/21/2021,7991.69,22971.69,2.23,53.35
7/22/2021,8028.69,23008.69,2.08,53.6
7/23/2021,8070.42,23050.42,1.9,53.87
7/24/2021,8070.42,23050.42,1.9,53.87
7/25/2021,8070.42,23050.42,1.9,53.87
7/26/2021,8095.42,23075.42,1.79,54.04
7/27/2021,8040.42,23020.42,2.03,53.67
7/28/2021,8119.15,23099.15,1.69,54.2
7/29/2021,8157.15,23137.15,1.53,54.45
7/30/2021,8135.15,23115.15,1.62,54.31
7/31/2021,8135.15,23115.15,1.62,54.31
8/1/2021,8135.15,23115.15,1.62,54.31
8/2/2021,8153.15,23133.15,1.55,54.43
8/3/2021,8195.89,23175.89,1.36,54.71
8/4/2021,8204.89,23184.89,1.33,54.77
8/5/2021,8238.89,23218.89,1.18,55
8/6/2021,8271.62,23251.620000000003,1.04,55.22
8/7/2021,8271.62,23251.620000000003,1.04,55.22
8/8/2021,8271.62,23251.620000000003,1.04,55.22
8/9/2021,8295.62,23275.620000000003,0.94,55.38
8/10/2021,8306.62,23286.620000000003,0.89,55.45
8/11/2021,8328.35,23308.35,0.8,55.6
8/12/2021,8348.35,23328.35,0.72,55.73
8/13/2021,8369.08,23349.08,0.63,55.87
8/14/2021,8369.08,23349.08,0.63,55.87
8/15/2021,8369.08,23349.08,0.63,55.87
8/16/2021,8391.08,23371.08,0.53,56.02
8/17/2021,8290.08,23270.08,0.96,55.34
8/18/2021,8205.08,23185.08,1.33,54.77
8/19/2021,8212.08,23192.08,1.3,54.82
8/20/2021,8437.81,23417.809999999998,0.33,56.33
8/21/2021,8437.81,23417.809999999998,0.33,56.33
8/22/2021,8437.81,23417.809999999998,0.33,56.33
8/23/2021,8526.54,23506.54,0,56.92
8/24/2021,8550.54,23530.54,0,57.08
8/25/2021,8575.27,23555.27,0,57.24
8/26/2021,8458.27,23438.27,0.5,56.46
8/27/2021,8617.27,23597.27,0,57.53
8/28/2021,8617.27,23597.27,0,57.53
8/29/2021,8617.27,23597.27,0,57.53
8/30/2021,8646,23626,0,57.72
8/31/2021,8634,23614,0.05,57.64
9/1/2021,8662,23642,0,57.82
9/2/2021,8665,23645,0,57.84
9/3/2021,8693.73,23673.73,0,58.04
9/4/2021,8693.73,23673.73,0,58.04
9/5/2021,8693.73,23673.73,0,58.04
9/6/2021,8693.73,23673.73,0,58.04
9/7/2021,8687.73,23667.73,0.03,58
9/8/2021,8691.73,23671.73,0.01,58.02
9/9/2021,8704.73,23684.73,0,58.11
9/10/2021,8496.73,23476.73,0.88,56.72
9/11/2021,8496.73,23476.73,0.88,56.72
9/12/2021,8496.73,23476.73,0.88,56.72
9/13/2021,8494.59,23474.59,0.89,56.71
9/14/2021,8495.59,23475.59,0.88,56.71
9/15/2021,8612.32,23592.32,0.39,57.49
9/16/2021,8615.32,23595.32,0.38,57.51
9/17/2021,8412.32,23392.32,1.23,56.16
9/18/2021,8412.32,23392.32,1.23,56.16
9/19/2021,8412.32,23392.32,1.23,56.16
9/20/2021,7684.2,22664.2,4.31,51.3
9/21/2021,7683.05,22663.05,4.31,51.29
9/22/2021,7796.78,22776.78,3.83,52.05
9/23/2021,7897.52,22877.52,3.41,52.72
9/24/2021,7940.52,22920.52,3.23,53.01
9/25/2021,7940.52,22920.52,3.23,53.01
9/26/2021,7940.52,22920.52,3.23,53.01
9/27/2021,7967.25,22947.25,3.11,53.19
9/28/2021,7635.98,22615.98,4.51,50.97
9/29/2021,7697.98,22677.98,4.25,51.39
9/30/2021,7649.98,22629.98,4.45,51.07
10/1/2021,7779.71,22759.71,3.91,51.93
10/2/2021,7779.71,22759.71,3.91,51.93
10/3/2021,7779.71,22759.71,3.91,51.93
10/4/2021,7675.71,22655.71,4.34,51.24
10/5/2021,7852.44,22832.44,3.6,52.42
10/6/2021,7872.44,22852.44,3.51,52.55
10/7/2021,7959.17,22939.17,3.15,53.13
10/8/2021,8000.17,22980.17,2.97,53.41
10/9/2021,8000.17,22980.17,2.97,53.41
10/10/2021,8000.17,22980.17,2.97,53.41
10/11/2021,7980.17,22960.17,3.06,53.27
10/12/2021,7967.17,22947.17,3.11,53.19
10/13/2021,8054.9,23034.9,2.74,53.77
10/14/2021,8150.63,23130.63,2.34,54.41
10/15/2021,8231.36,23211.36,2,54.95
10/16/2021,8231.36,23211.36,2,54.95
10/17/2021,8231.36,23211.36,2,54.95
10/18/2021,8275.09,23255.09,1.81,55.24
10/19/2021,8317.83,23297.83,1.63,55.53
10/20/2021,8360.83,23340.83,1.45,55.81
10/21/2021,8382.56,23362.559999999998,1.36,55.96
10/22/2021,8402.56,23382.559999999998,1.28,56.09
10/23/2021,8402.56,23382.559999999998,1.28,56.09
10/24/2021,8402.56,23382.559999999998,1.28,56.09
10/25/2021,8437.29,23417.29,1.13,56.32
10/26/2021,8462.29,23442.29,1.02,56.49
10/27/2021,8449.29,23429.29,1.08,56.4
10/28/2021,8493.02,23473.02,0.89,56.7
10/29/2021,8541.02,23521.02,0.69,57.02
10/30/2021,8541.02,23521.02,0.69,57.02
10/31/2021,8541.02,23521.02,0.69,57.02
11/1/2021,8567.75,23547.75,0.58,57.19
11/2/2021,8609.75,23589.75,0.4,57.47
11/3/2021,8655.48,23635.48,0.21,57.78
11/4/2021,8684.48,23664.48,0.09,57.97
11/5/2021,8715.21,23695.21,0,58.18
11/6/2021,8715.21,23695.21,0,58.18
11/7/2021,8715.21,23695.21,0,58.18
11/8/2021,8749.21,23729.21,0,58.41
11/9/2021,8731.21,23711.21,0.08,58.29
11/10/2021,8627.21,23607.21,0.51,57.59
11/11/2021,8754.21,23734.21,0,58.44
11/12/2021,8803.94,23783.940000000002,0,58.77
11/13/2021,8803.94,23783.940000000002,0,58.77
11/14/2021,8803.94,23783.940000000002,0,58.77
11/15/2021,8835.94,23815.940000000002,0,58.98
11/16/2021,8876.67,23856.67,0,59.26
11/17/2021,8879.67,23859.67,0,59.28
11/18/2021,8901.67,23881.67,0,59.42
11/19/2021,8906.67,23886.67,0,59.46
11/20/2021,8906.67,23886.67,0,59.46
11/21/2021,8906.67,23886.67,0,59.46
11/22/2021,8947.4,23927.4,0,59.73
11/23/2021,8908.4,23888.4,0.16,59.47
11/24/2021,8961.4,23941.4,0,59.82
11/25/2021,8961.4,23941.4,0,59.82
11/26/2021,8620.28,23600.28,1.42,57.55
11/27/2021,8620.28,23600.28,1.42,57.55
11/28/2021,8620.28,23600.28,1.42,57.55
11/29/2021,8619.14,23599.14,1.43,57.54
11/30/2021,8360.01,23340.010000000002,2.51,55.81
12/1/2021,8360.01,23340.010000000002,2.51,55.81
12/2/2021,8360.01,23340.010000000002,2.51,55.81
12/3/2021,8360.01,23340.010000000002,2.51,55.81
12/4/2021,8360.01,23340.010000000002,2.51,55.81
12/5/2021,8360.01,23340.010000000002,2.51,55.81
12/6/2021,8360.01,23340.010000000002,2.51,55.81
12/7/2021,8358.87,23338.870000000003,2.52,55.8
12/8/2021,8469.6,23449.6,2.05,56.54
12/9/2021,8429.6,23409.6,2.22,56.27
12/10/2021,8526.6,23506.6,1.82,56.92
12/11/2021,8526.6,23506.6,1.82,56.92
12/12/2021,8526.6,23506.6,1.82,56.92
12/13/2021,8535.33,23515.33,1.78,56.98
12/14/2021,8366.33,23346.33,2.49,55.85
12/15/2021,8591.33,23571.33,1.55,57.35
12/16/2021,8554.33,23534.33,1.7,57.11
12/17/2021,8511.33,23491.33,1.88,56.82
12/18/2021,8511.33,23491.33,1.88,56.82
12/19/2021,8511.33,23491.33,1.88,56.82
12/20/2021,8284.33,23264.33,2.83,55.3
12/21/2021,8282.19,23262.190000000002,2.84,55.29
12/22/2021,8410.92,23390.92,2.3,56.15
12/23/2021,8496.65,23476.65,1.94,56.72
12/24/2021,8496.65,23476.65,1.94,56.72
12/25/2021,8496.65,23476.65,1.94,56.72
12/26/2021,8496.65,23476.65,1.94,56.72
12/27/2021,8574.38,23554.379999999997,1.62,57.24
12/28/2021,8593.38,23573.379999999997,1.54,57.37
12/29/2021,8633.11,23613.11,1.37,57.63
12/30/2021,8622.11,23602.11,1.42,57.56
12/31/2021,8638.11,23618.11,1.35,57.66
1/1/2022,8638.11,23618.11,1.35,57.66
1/2/2022,8638.11,23618.11,1.35,57.66
1/3/2022,8671.84,23651.84,1.21,57.89
1/4/2022,8696.84,23676.84,1.11,58.06
1/5/2022,8463.84,23443.84,2.08,56.5
1/6/2022,8390.57,23370.57,2.38,56.01
1/7/2022,8438.57,23418.57,2.18,56.33
1/8/2022,8438.57,23418.57,2.18,56.33
1/9/2022,8438.57,23418.57,2.18,56.33
1/10/2022,8398.57,23378.57,2.35,56.07
1/11/2022,8500.3,23480.3,1.93,56.74
1/12/2022,8571.03,23551.03,1.63,57.22
1/13/2022,8378.03,23358.03,2.44,55.93
1/14/2022,8439.03,23419.03,2.18,56.34
1/15/2022,8439.03,23419.03,2.18,56.34
1/16/2022,8439.03,23419.03,2.18,56.34
1/17/2022,8439.03,23419.03,2.18,56.34
1/18/2022,7867.77,22847.77,4.57,52.52
1/19/2022,7895.77,22875.77,4.45,52.71
1/20/2022,7797.64,22777.64,4.86,52.05
1/21/2022,7797.64,22777.64,4.86,52.05
1/22/2022,7797.64,22777.64,4.86,52.05
1/23/2022,7797.64,22777.64,4.86,52.05
1/24/2022,7797.64,22777.64,4.86,52.05
1/25/2022,7797.64,22777.64,4.86,52.05
1/26/2022,7797.64,22777.64,4.86,52.05
1/27/2022,7797.64,22777.64,4.86,52.05
1/28/2022,7797.64,22777.64,4.86,52.05
1/29/2022,7797.64,22777.64,4.86,52.05
1/30/2022,7797.64,22777.64,4.86,52.05
1/31/2022,7795.5,22775.5,4.87,52.04
2/1/2022,7913.23,22893.23,4.38,52.83
2/2/2022,8005.96,22985.96,3.99,53.44
2/3/2022,7590.96,22570.96,5.72,50.67
2/4/2022,7867.96,22847.96,4.57,52.52
2/5/2022,7867.96,22847.96,4.57,52.52
2/6/2022,7867.96,22847.96,4.57,52.52
2/7/2022,7828.96,22808.96,4.73,52.26
2/8/2022,8048.96,23028.96,3.81,53.73
2/9/2022,8166.69,23146.69,3.32,54.52
2/10/2022,7859.69,22839.69,4.6,52.47
2/11/2022,7472.56,22452.56,6.22,49.88
2/12/2022,7472.56,22452.56,6.22,49.88
2/13/2022,7472.56,22452.56,6.22,49.88
2/14/2022,7472.56,22452.56,6.22,49.88
2/15/2022,7472.56,22452.56,6.22,49.88
2/16/2022,7471.42,22451.42,6.22,49.88
2/17/2022,7165.29,22145.29,7.5,47.83
2/18/2022,7165.29,22145.29,7.5,47.83
2/19/2022,7165.29,22145.29,7.5,47.83
2/20/2022,7165.29,22145.29,7.5,47.83
2/21/2022,7165.29,22145.29,7.5,47.83
2/22/2022,7165.29,22145.29,7.5,47.83
2/23/2022,7165.29,22145.29,7.5,47.83
2/24/2022,7165.29,22145.29,7.5,47.83
2/25/2022,7165.29,22145.29,7.5,47.83
2/26/2022,7165.29,22145.29,7.5,47.83
2/27/2022,7165.29,22145.29,7.5,47.83
2/28/2022,7165.29,22145.29,7.5,47.83
3/1/2022,7165.29,22145.29,7.5,47.83
3/2/2022,7165.29,22145.29,7.5,47.83
3/3/2022,7165.29,22145.29,7.5,47.83
3/4/2022,7165.29,22145.29,7.5,47.83
3/5/2022,7165.29,22145.29,7.5,47.83
3/6/2022,7165.29,22145.29,7.5,47.83
3/7/2022,7165.29,22145.29,7.5,47.83
3/8/2022,7165.29,22145.29,7.5,47.83
3/9/2022,7165.29,22145.29,7.5,47.83
3/10/2022,7165.29,22145.29,7.5,47.83
3/11/2022,7165.29,22145.29,7.5,47.83
3/12/2022,7165.29,22145.29,7.5,47.83
3/13/2022,7165.29,22145.29,7.5,47.83
3/14/2022,7165.29,22145.29,7.5,47.83
3/15/2022,7165.29,22145.29,7.5,47.83
3/16/2022,7165.29,22145.29,7.5,47.83
3/17/2022,7165.29,22145.29,7.5,47.83
3/18/2022,7163.15,22143.15,7.51,47.82
3/19/2022,7163.15,22143.15,7.51,47.82
3/20/2022,7163.15,22143.15,7.51,47.82
3/21/2022,7191.15,22171.15,7.39,48.01
3/22/2022,7296.88,22276.88,6.95,48.71
3/23/2022,7252.88,22232.88,7.14,48.42
3/24/2022,7380.88,22360.88,6.6,49.27
3/25/2022,7440.61,22420.61,6.35,49.67
3/26/2022,7440.61,22420.61,6.35,49.67
3/27/2022,7440.61,22420.61,6.35,49.67
3/28/2022,7533.34,22513.34,5.96,50.29
3/29/2022,7622.08,22602.08,5.59,50.88
3/30/2022,7558.08,22538.08,5.86,50.45
3/31/2022,7485.08,22465.08,6.17,49.97
4/1/2022,7398.08,22378.08,6.53,49.39
4/2/2022,7398.08,22378.08,6.53,49.39
4/3/2022,7398.08,22378.08,6.53,49.39
4/4/2022,7685.08,22665.08,5.33,51.3
4/5/2022,7509.08,22489.08,6.07,50.13
4/6/2022,7209.08,22189.08,7.32,48.12
4/7/2022,7206.93,22186.93,7.33,48.11
4/8/2022,7234.93,22214.93,7.21,48.3
4/9/2022,7234.93,22214.93,7.21,48.3
4/10/2022,7234.93,22214.93,7.21,48.3
4/11/2022,6970.93,21950.93,8.31,46.53
4/12/2022,6920.93,21900.93,8.52,46.2
4/13/2022,7293.66,22273.66,6.97,48.69
4/14/2022,7221.66,22201.66,7.27,48.21
4/15/2022,7221.66,22201.66,7.27,48.21
4/16/2022,7221.66,22201.66,7.27,48.21
4/17/2022,7221.66,22201.66,7.27,48.21
4/18/2022,7193.66,22173.66,7.38,48.02
4/19/2022,7404.4,22384.4,6.5,49.43
4/20/2022,7450.4,22430.4,6.31,49.74
4/21/2022,7271.4,22251.4,7.06,48.54
4/22/2022,6808.27,21788.27,8.99,45.45
4/23/2022,6808.27,21788.27,8.99,45.45
4/24/2022,6808.27,21788.27,8.99,45.45
4/25/2022,6808.27,21788.27,8.99,45.45
4/26/2022,6808.27,21788.27,8.99,45.45
4/27/2022,6808.27,21788.27,8.99,45.45
4/28/2022,6808.27,21788.27,8.99,45.45
4/29/2022,6808.27,21788.27,8.99,45.45
4/30/2022,6808.27,21788.27,8.99,45.45
5/1/2022,6808.27,21788.27,8.99,45.45
5/2/2022,6808.27,21788.27,8.99,45.45
5/3/2022,6808.27,21788.27,8.99,45.45
5/4/2022,6808.27,21788.27,8.99,45.45
5/5/2022,6808.27,21788.27,8.99,45.45
5/6/2022,6808.27,21788.27,8.99,45.45
5/7/2022,6808.27,21788.27,8.99,45.45
5/8/2022,6808.27,21788.27,8.99,45.45
5/9/2022,6808.27,21788.27,8.99,45.45
5/10/2022,6808.27,21788.27,8.99,45.45
5/11/2022,6808.27,21788.27,8.99,45.45
5/12/2022,6808.27,21788.27,8.99,45.45
5/13/2022,6808.27,21788.27,8.99,45.45
5/14/2022,6808.27,21788.27,8.99,45.45
5/15/2022,6808.27,21788.27,8.99,45.45
5/16/2022,6808.27,21788.27,8.99,45.45
5/17/2022,6808.27,21788.27,8.99,45.45
5/18/2022,6808.27,21788.27,8.99,45.45
5/19/2022,6808.27,21788.27,8.99,45.45
5/20/2022,6808.27,21788.27,8.99,45.45
5/21/2022,6808.27,21788.27,8.99,45.45
5/22/2022,6808.27,21788.27,8.99,45.45
5/23/2022,6808.27,21788.27,8.99,45.45
5/24/2022,6808.27,21788.27,8.99,45.45
5/25/2022,6808.27,21788.27,8.99,45.45
5/26/2022,6808.27,21788.27,8.99,45.45
5/27/2022,6808.27,21788.27,8.99,45.45
5/28/2022,6808.27,21788.27,8.99,45.45
5/29/2022,6808.27,21788.27,8.99,45.45
5/30/2022,6808.27,21788.27,8.99,45.45
5/31/2022,6808.27,21788.27,8.99,45.45
6/1/2022,6808.27,21788.27,8.99,45.45
6/2/2022,6807.13,21787.13,9,45.44
6/3/2022,6691.13,21671.13,9.48,44.67
6/4/2022,6691.13,21671.13,9.48,44.67
6/5/2022,6691.13,21671.13,9.48,44.67
6/6/2022,6796,21776,9.04,45.37
6/7/2022,6794.86,21774.86,9.05,45.36
6/8/2022,6745.86,21725.86,9.25,45.03
6/9/2022,6420.73,21400.73,10.61,42.86
6/10/2022,6420.73,21400.73,10.61,42.86
6/11/2022,6420.73,21400.73,10.61,42.86
6/12/2022,6420.73,21400.73,10.61,42.86
6/13/2022,6420.73,21400.73,10.61,42.86
6/14/2022,6420.73,21400.73,10.61,42.86
6/15/2022,6420.73,21400.73,10.61,42.86
6/16/2022,6420.73,21400.73,10.61,42.86
6/17/2022,6420.73,21400.73,10.61,42.86
6/18/2022,6420.73,21400.73,10.61,42.86
6/19/2022,6420.73,21400.73,10.61,42.86
6/20/2022,6420.73,21400.73,10.61,42.86
6/21/2022,6420.73,21400.73,10.61,42.86
6/22/2022,6420.73,21400.73,10.61,42.86
6/23/2022,6420.73,21400.73,10.61,42.86
6/24/2022,6420.73,21400.73,10.61,42.86
6/25/2022,6420.73,21400.73,10.61,42.86
6/26/2022,6420.73,21400.73,10.61,42.86
6/27/2022,6420.73,21400.73,10.61,42.86
6/28/2022,6420.73,21400.73,10.61,42.86
6/29/2022,6420.73,21400.73,10.61,42.86
6/30/2022,6420.73,21400.73,10.61,42.86
7/1/2022,6420.73,21400.73,10.61,42.86
7/2/2022,6420.73,21400.73,10.61,42.86
7/3/2022,6420.73,21400.73,10.61,42.86
7/4/2022,6420.73,21400.73,10.61,42.86
7/5/2022,6420.73,21400.73,10.61,42.86
7/6/2022,6420.73,21400.73,10.61,42.86
7/7/2022,6420.73,21400.73,10.61,42.86
7/8/2022,6418.59,21398.59,10.62,42.85
7/9/2022,6418.59,21398.59,10.62,42.85
7/10/2022,6418.59,21398.59,10.62,42.85
7/11/2022,6320.46,21300.46,11.03,42.19
7/12/2022,6320.46,21300.46,11.03,42.19
7/13/2022,6320.46,21300.46,11.03,42.19
7/14/2022,6320.46,21300.46,11.03,42.19
7/15/2022,6318.32,21298.32,11.04,42.18
7/16/2022,6318.32,21298.32,11.04,42.18
7/17/2022,6318.32,21298.32,11.04,42.18
7/18/2022,6282.19,21262.19,11.19,41.94
7/19/2022,6280.05,21260.05,11.2,41.92
7/20/2022,6379.05,21359.05,10.79,42.58
7/21/2022,6419.78,21399.78,10.62,42.86
7/22/2022,6392.78,21372.78,10.73,42.68
7/23/2022,6392.78,21372.78,10.73,42.68
7/24/2022,6392.78,21372.78,10.73,42.68
7/25/2022,6429.78,21409.78,10.57,42.92
7/26/2022,6341.78,21321.78,10.94,42.33
7/27/2022,6566.51,21546.510000000002,10,43.84
7/28/2022,6661.24,21641.239999999998,9.61,44.47
7/29/2022,6769.97,21749.97,9.15,45.19
7/30/2022,6769.97,21749.97,9.15,45.19
7/31/2022,6769.97,21749.97,9.15,45.19
8/1/2022,6743.97,21723.97,9.26,45.02
8/2/2022,6737.97,21717.97,9.29,44.98
8/3/2022,6859.71,21839.71,8.78,45.79
8/4/2022,6863.71,21843.71,8.76,45.82
8/5/2022,6894.71,21874.71,8.63,46.03
8/6/2022,6894.71,21874.71,8.63,46.03
8/7/2022,6894.71,21874.71,8.63,46.03
8/8/2022,6927.71,21907.71,8.49,46.25
8/9/2022,6927.44,21907.44,8.5,46.24
8/10/2022,7056.17,22036.17,7.96,47.1
8/11/2022,7067.17,22047.17,7.91,47.18
8/12/2022,7158.9,22138.9,7.53,47.79
8/13/2022,7158.9,22138.9,7.53,47.79
8/14/2022,7158.9,22138.9,7.53,47.79
8/15/2022,7213.63,22193.63,7.3,48.16
8/16/2022,7255.63,22235.63,7.12,48.44
8/17/2022,7219.63,22199.63,7.28,48.2
8/18/2022,7271.36,22251.36,7.06,48.54
8/19/2022,7133.36,22113.36,7.64,47.62
8/20/2022,7133.36,22113.36,7.64,47.62
8/21/2022,7133.36,22113.36,7.64,47.62
8/22/2022,6628.09,21608.09,9.75,44.25
8/23/2022,6655.09,21635.09,9.63,44.43
8/24/2022,6711.82,21691.82,9.4,44.81
8/25/2022,6781.82,21761.82,9.1,45.27
8/26/2022,6513.7,21493.7,10.22,43.48
8/27/2022,6513.7,21493.7,10.22,43.48
8/28/2022,6513.7,21493.7,10.22,43.48
8/29/2022,6513.7,21493.7,10.22,43.48
8/30/2022,6513.7,21493.7,10.22,43.48
8/31/2022,6513.7,21493.7,10.22,43.48
9/1/2022,6513.7,21493.7,10.22,43.48
9/2/2022,6513.7,21493.7,10.22,43.48
9/3/2022,6513.7,21493.7,10.22,43.48
9/4/2022,6513.7,21493.7,10.22,43.48
9/5/2022,6513.7,21493.7,10.22,43.48
9/6/2022,6513.7,21493.7,10.22,43.48
9/7/2022,6512.55,21492.55,10.23,43.47
9/8/2022,6563.55,21543.55,10.02,43.82
9/9/2022,6650.28,21630.28,9.65,44.39
9/10/2022,6650.28,21630.28,9.65,44.39
9/11/2022,6650.28,21630.28,9.65,44.39
9/12/2022,6719.28,21699.28,9.37,44.86
9/13/2022,6017.16,20997.16,12.3,40.17
9/14/2022,6017.16,20997.16,12.3,40.17
9/15/2022,6017.16,20997.16,12.3,40.17
9/16/2022,6017.16,20997.16,12.3,40.17
9/17/2022,6017.16,20997.16,12.3,40.17
9/18/2022,6017.16,20997.16,12.3,40.17
9/19/2022,6017.16,20997.16,12.3,40.17
9/20/2022,6017.16,20997.16,12.3,40.17
9/21/2022,6017.16,20997.16,12.3,40.17
9/22/2022,6017.16,20997.16,12.3,40.17
9/23/2022,6017.16,20997.16,12.3,40.17
9/24/2022,6017.16,20997.16,12.3,40.17
9/25/2022,6017.16,20997.16,12.3,40.17
9/26/2022,6017.16,20997.16,12.3,40.17
9/27/2022,6017.16,20997.16,12.3,40.17
9/28/2022,6017.16,20997.16,12.3,40.17
9/29/2022,6017.16,20997.16,12.3,40.17
9/30/2022,6017.16,20997.16,12.3,40.17
10/1/2022,6017.16,20997.16,12.3,40.17
10/2/2022,6017.16,20997.16,12.3,40.17
10/3/2022,6017.16,20997.16,12.3,40.17
10/4/2022,6017.16,20997.16,12.3,40.17
10/5/2022,6017.16,20997.16,12.3,40.17
10/6/2022,6017.16,20997.16,12.3,40.17
10/7/2022,6017.16,20997.16,12.3,40.17
10/8/2022,6017.16,20997.16,12.3,40.17
10/9/2022,6017.16,20997.16,12.3,40.17
10/10/2022,6017.16,20997.16,12.3,40.17
10/11/2022,6017.16,20997.16,12.3,40.17
10/12/2022,6017.16,20997.16,12.3,40.17
10/13/2022,6017.16,20997.16,12.3,40.17
10/14/2022,6017.16,20997.16,12.3,40.17
10/15/2022,6017.16,20997.16,12.3,40.17
10/16/2022,6017.16,20997.16,12.3,40.17
10/17/2022,6017.16,20997.16,12.3,40.17
10/18/2022,6017.16,20997.16,12.3,40.17
10/19/2022,6017.16,20997.16,12.3,40.17
10/20/2022,6017.16,20997.16,12.3,40.17
10/21/2022,6017.16,20997.16,12.3,40.17
10/22/2022,6017.16,20997.16,12.3,40.17
10/23/2022,6017.16,20997.16,12.3,40.17
10/24/2022,6017.16,20997.16,12.3,40.17
10/25/2022,6017.16,20997.16,12.3,40.17
10/26/2022,6017.16,20997.16,12.3,40.17
10/27/2022,6017.16,20997.16,12.3,40.17
10/28/2022,6017.16,20997.16,12.3,40.17
10/29/2022,6017.16,20997.16,12.3,40.17
10/30/2022,6017.16,20997.16,12.3,40.17
10/31/2022,6017.16,20997.16,12.3,40.17
11/1/2022,6017.16,20997.16,12.3,40.17
11/2/2022,6017.16,20997.16,12.3,40.17
11/3/2022,6017.16,20997.16,12.3,40.17
11/4/2022,6016.02,20996.02,12.3,40.16
11/5/2022,6016.02,20996.02,12.3,40.16
11/6/2022,6016.02,20996.02,12.3,40.16
11/7/2022,6111.75,21091.75,11.9,40.8
11/8/2022,6168.62,21148.62,11.67,41.18
11/9/2022,6168.62,21148.62,11.67,41.18
11/10/2022,6166.48,21146.48,11.67,41.16
11/11/2022,6267.21,21247.21,11.25,41.84
11/12/2022,6267.21,21247.21,11.25,41.84
11/13/2022,6267.21,21247.21,11.25,41.84
11/14/2022,6289.21,21269.21,11.16,41.98
11/15/2022,6320.21,21300.21,11.03,42.19
11/16/2022,6339.21,21319.21,10.95,42.32
11/17/2022,6345.21,21325.21,10.93,42.36
11/18/2022,6413.94,21393.94,10.64,42.82
11/19/2022,6413.94,21393.94,10.64,42.82
11/20/2022,6413.94,21393.94,10.64,42.82
11/21/2022,6446.94,21426.94,10.5,43.04
11/22/2022,6506.67,21486.67,10.25,43.44
11/23/2022,6556.4,21536.4,10.05,43.77
11/24/2022,6556.4,21536.4,10.05,43.77
11/25/2022,6582.4,21562.4,9.94,43.94
11/26/2022,6582.4,21562.4,9.94,43.94
11/27/2022,6582.4,21562.4,9.94,43.94
11/28/2022,6448.4,21428.4,10.5,43.05
11/29/2022,6438.4,21418.4,10.54,42.98
11/30/2022,6633.13,21613.13,9.72,44.28
12/1/2022,6703.86,21683.86,9.43,44.75
12/2/2022,6736.86,21716.86,9.29,44.97
12/3/2022,6736.86,21716.86,9.29,44.97
12/4/2022,6736.86,21716.86,9.29,44.97
12/5/2022,6497.86,21477.86,10.29,43.38
12/6/2022,6160.59,21140.59,11.7,41.13
12/7/2022,6159.59,21139.59,11.7,41.12
12/8/2022,6229.59,21209.59,11.41,41.59
12/9/2022,6238.59,21218.59,11.37,41.65
12/10/2022,6238.59,21218.59,11.37,41.65
12/11/2022,6238.59,21218.59,11.37,41.65
12/12/2022,6283.47,21263.47,11.19,41.95
12/13/2022,6282.33,21262.33,11.19,41.94
12/14/2022,6304.33,21284.33,11.1,42.08
12/15/2022,5918.33,20898.33,12.71,39.51
12/16/2022,5751.33,20731.33,13.41,38.39
12/17/2022,5751.33,20731.33,13.41,38.39
12/18/2022,5751.33,20731.33,13.41,38.39
12/19/2022,5309.06,20289.06,15.26,35.44
12/20/2022,5356.06,20336.06,15.06,35.75
12/21/2022,5408.79,20388.79,14.84,36.11
12/22/2022,5184.79,20164.79,15.77,34.61
12/23/2022,5377.79,20357.79,14.97,35.9
12/24/2022,5377.79,20357.79,14.97,35.9
12/25/2022,5377.79,20357.79,14.97,35.9
12/26/2022,5377.79,20357.79,14.97,35.9
12/27/2022,5435.79,20415.79,14.73,36.29
12/28/2022,5257.79,20237.79,15.47,35.1
12/29/2022,5255.65,20235.65,15.48,35.08
12/30/2022,5225.65,20205.65,15.6,34.88
12/31/2022,5225.65,20205.65,15.6,34.88
1/1/2023,5225.65,20205.65,15.6,34.88
1/2/2023,5225.65,20205.65,15.6,34.88
1/3/2023,5247.65,20227.65,15.51,35.03
1/4/2023,5329.38,20309.38,15.17,35.58
1/5/2023,5305.38,20285.38,15.27,35.42
1/6/2023,5438.11,20418.11,14.72,36.3
1/7/2023,5438.11,20418.11,14.72,36.3
1/8/2023,5438.11,20418.11,14.72,36.3
1/9/2023,5457.11,20437.11,14.64,36.43
1/10/2023,5501.11,20481.11,14.45,36.72
1/11/2023,5549.84,20529.84,14.25,37.05
1/12/2023,5673.57,20653.57,13.73,37.87
1/13/2023,5740.3,20720.3,13.45,38.32
1/14/2023,5740.3,20720.3,13.45,38.32
1/15/2023,5740.3,20720.3,13.45,38.32
1/16/2023,5740.3,20720.3,13.45,38.32
1/17/2023,5756.3,20736.3,13.39,38.43
1/18/2023,5625.3,20605.3,13.93,37.55
1/19/2023,5543.3,20523.3,14.28,37
1/20/2023,5832.03,20812.03,13.07,38.93
1/21/2023,5832.03,20812.03,13.07,38.93
1/22/2023,5832.03,20812.03,13.07,38.93
1/23/2023,5905.76,20885.760000000002,12.76,39.42
1/24/2023,5913.76,20893.760000000002,12.73,39.48
1/25/2023,5942.76,20922.760000000002,12.61,39.67
1/26/2023,6001.49,20981.489999999998,12.36,40.06
1/27/2023,6073.22,21053.22,12.06,40.54
1/28/2023,6073.22,21053.22,12.06,40.54
1/29/2023,6073.22,21053.22,12.06,40.54
1/30/2023,5916.22,20896.22,12.72,39.49
1/31/2023,6062.22,21042.22,12.11,40.47
2/1/2023,6191.96,21171.96,11.57,41.33
2/2/2023,6236.96,21216.96,11.38,41.64
2/3/2023,6242.96,21222.96,11.35,41.68
2/4/2023,6242.96,21222.96,11.35,41.68
2/5/2023,6242.96,21222.96,11.35,41.68
2/6/2023,6246.96,21226.96,11.34,41.7
2/7/2023,6313.69,21293.69,11.06,42.15
2/8/2023,6207.69,21187.69,11.5,41.44
2/9/2023,6066.69,21046.69,12.09,40.5
2/10/2023,6139.69,21119.69,11.79,40.99
2/11/2023,6139.69,21119.69,11.79,40.99
2/12/2023,6139.69,21119.69,11.79,40.99
2/13/2023,6343.69,21323.69,10.93,42.35
2/14/2023,6451.42,21431.42,10.48,43.07
2/15/2023,6481.42,21461.42,10.36,43.27
2/16/2023,6397.42,21377.42,10.71,42.71
2/17/2023,6421.42,21401.42,10.61,42.87
2/18/2023,6421.42,21401.42,10.61,42.87
2/19/2023,6421.42,21401.42,10.61,42.87
2/20/2023,6421.42,21401.42,10.61,42.87
2/21/2023,6036.15,21016.15,12.22,40.29
2/22/2023,6035.15,21015.15,12.22,40.29
2/23/2023,6134.88,21114.88,11.81,40.95
2/24/2023,6019.88,20999.88,12.29,40.19
2/25/2023,6019.88,20999.88,12.29,40.19
2/26/2023,6019.88,20999.88,12.29,40.19
2/27/2023,6145.88,21125.88,11.76,41.03
2/28/2023,6171.88,21151.88,11.65,41.2
3/1/2023,6168.88,21148.88,11.66,41.18
3/2/2023,6244.61,21224.61,11.35,41.69
3/3/2023,6324.34,21304.34,11.01,42.22
3/4/2023,6324.34,21304.34,11.01,42.22
3/5/2023,6324.34,21304.34,11.01,42.22
3/6/2023,6359.34,21339.34,10.87,42.45
3/7/2023,6243.34,21223.34,11.35,41.68
3/8/2023,6291.34,21271.34,11.15,42
3/9/2023,5908.07,20888.07,12.75,39.44
3/10/2023,5744.07,20724.07,13.44,38.34
3/11/2023,5744.07,20724.07,13.44,38.34
3/12/2023,5744.07,20724.07,13.44,38.34
3/13/2023,5838.95,20818.95,13.04,38.98
3/14/2023,5837.8,20817.8,13.05,38.97
3/15/2023,5789.68,20769.68,13.25,38.65
3/16/2023,5787.53,20767.53,13.26,38.64
3/17/2023,5653.41,20633.41,13.82,37.74
3/18/2023,5653.41,20633.41,13.82,37.74
3/19/2023,5653.41,20633.41,13.82,37.74
3/20/2023,5652.27,20632.27,13.82,37.73
3/21/2023,5763,20743,13.36,38.47
3/22/2023,5751,20731,13.41,38.39
3/23/2023,5710,20690,13.58,38.12
3/24/2023,5827,20807,13.09,38.9
3/25/2023,5827,20807,13.09,38.9
3/26/2023,5827,20807,13.09,38.9
3/27/2023,5907.73,20887.73,12.75,39.44
3/28/2023,5901.73,20881.73,12.78,39.4
3/29/2023,5999.46,20979.46,12.37,40.05
3/30/2023,6054.46,21034.46,12.14,40.42
3/31/2023,6096.19,21076.19,11.97,40.7
4/1/2023,6096.19,21076.19,11.97,40.7
4/2/2023,6096.19,21076.19,11.97,40.7
4/3/2023,6161.92,21141.92,11.69,41.13
4/4/2023,6113.92,21093.92,11.89,40.81
4/5/2023,6138.92,21118.92,11.79,40.98
4/6/2023,6205.92,21185.92,11.51,41.43
4/7/2023,6205.92,21185.92,11.51,41.43
4/8/2023,6205.92,21185.92,11.51,41.43
4/9/2023,6205.92,21185.92,11.51,41.43
4/10/2023,6248.65,21228.65,11.33,41.71
4/11/2023,6293.65,21273.65,11.14,42.01
4/12/2023,6298.65,21278.65,11.12,42.05
4/13/2023,6352.38,21332.38,10.9,42.41
4/14/2023,6373.38,21353.38,10.81,42.55
4/15/2023,6373.38,21353.38,10.81,42.55
4/16/2023,6373.38,21353.38,10.81,42.55
4/17/2023,6404.11,21384.11,10.68,42.75
4/18/2023,6419.11,21399.11,10.62,42.85
4/19/2023,6425.11,21405.11,10.59,42.89
4/20/2023,6396.11,21376.11,10.71,42.7
4/21/2023,6447.84,21427.84,10.5,43.04
4/22/2023,6447.84,21427.84,10.5,43.04
4/23/2023,6447.84,21427.84,10.5,43.04
4/24/2023,6491.84,21471.84,10.32,43.34
4/25/2023,6337.84,21317.84,10.96,42.31
4/26/2023,6293.84,21273.84,11.14,42.01
4/27/2023,6525.58,21505.58,10.17,43.56
4/28/2023,6590.31,21570.31,9.9,43.99
4/29/2023,6590.31,21570.31,9.9,43.99
4/30/2023,6590.31,21570.31,9.9,43.99
5/1/2023,6639.31,21619.31,9.7,44.32
5/2/2023,6523.31,21503.31,10.18,43.55
5/3/2023,6495.31,21475.31,10.3,43.36
5/4/2023,6380.31,21360.31,10.78,42.59
5/5/2023,6693.04,21673.04,9.47,44.68
5/6/2023,6693.04,21673.04,9.47,44.68
5/7/2023,6693.04,21673.04,9.47,44.68
5/8/2023,6735.04,21715.04,9.3,44.96
5/9/2023,6721.04,21701.04,9.36,44.87
5/10/2023,6774.77,21754.77,9.13,45.23
5/11/2023,6762.77,21742.77,9.18,45.15
5/12/2023,6777.77,21757.77,9.12,45.25
5/13/2023,6777.77,21757.77,9.12,45.25
5/14/2023,6777.77,21757.77,9.12,45.25
5/15/2023,6836.5,21816.5,8.88,45.64
5/16/2023,6822.5,21802.5,8.93,45.54
5/17/2023,6885.23,21865.23,8.67,45.96
5/18/2023,6943.96,21923.96,8.43,46.35
5/19/2023,6954.96,21934.96,8.38,46.43
5/20/2023,6954.96,21934.96,8.38,46.43
5/21/2023,6954.96,21934.96,8.38,46.43
5/22/2023,6990.96,21970.96,8.23,46.67
5/23/2023,6936.96,21916.96,8.46,46.31
5/24/2023,6807.96,21787.96,8.99,45.45
5/25/2023,7035.69,22015.69,8.04,46.97
5/26/2023,7089.42,22069.42,7.82,47.33
5/27/2023,7089.42,22069.42,7.82,47.33
5/28/2023,7089.42,22069.42,7.82,47.33
5/29/2023,7089.42,22069.42,7.82,47.33
5/30/2023,7158.15,22138.15,7.53,47.78
5/31/2023,7172.15,22152.15,7.47,47.88
6/1/2023,7226.89,22206.89,7.24,48.24
6/2/2023,7290.62,22270.62,6.98,48.67
6/3/2023,7290.62,22270.62,6.98,48.67
6/4/2023,7290.62,22270.62,6.98,48.67
6/5/2023,7296.62,22276.62,6.95,48.71
6/6/2023,7326.62,22306.62,6.83,48.91
6/7/2023,7327.62,22307.62,6.82,48.92
6/8/2023,7356.35,22336.35,6.7,49.11
6/9/2023,7385.35,22365.35,6.58,49.3
6/10/2023,7385.35,22365.35,6.58,49.3
6/11/2023,7385.35,22365.35,6.58,49.3
6/12/2023,7401.08,22381.08,6.52,49.41
6/13/2023,7463.81,22443.81,6.26,49.83
6/14/2023,7507.81,22487.81,6.07,50.12
6/15/2023,7562.54,22542.54,5.84,50.48
6/16/2023,7583.54,22563.54,5.76,50.62
6/17/2023,7583.54,22563.54,5.76,50.62
6/18/2023,7583.54,22563.54,5.76,50.62
6/19/2023,7583.54,22563.54,5.76,50.62
6/20/2023,7531.54,22511.54,5.97,50.28
6/21/2023,7426.54,22406.54,6.41,49.58
6/22/2023,7548.54,22528.54,5.9,50.39
6/23/2023,7546.4,22526.4,5.91,50.38
6/24/2023,7546.4,22526.4,5.91,50.38
6/25/2023,7546.4,22526.4,5.91,50.38
6/26/2023,7536.4,22516.4,5.95,50.31
6/27/2023,7585.13,22565.13,5.75,50.64
6/28/2023,7589.13,22569.13,5.73,50.66
6/29/2023,7620.86,22600.86,5.6,50.87
6/30/2023,7670.59,22650.59,5.39,51.21
7/1/2023,7670.59,22650.59,5.39,51.21
7/2/2023,7670.59,22650.59,5.39,51.21
7/3/2023,7688.59,22668.59,5.32,51.33
7/4/2023,7688.59,22668.59,5.32,51.33
7/5/2023,7699.59,22679.59,5.27,51.4
7/6/2023,7618.59,22598.59,5.61,50.86
7/7/2023,7721.32,22701.32,5.18,51.54
7/8/2023,7721.32,22701.32,5.18,51.54
7/9/2023,7721.32,22701.32,5.18,51.54
7/10/2023,7725.32,22705.32,5.16,51.57
7/11/2023,7755.05,22735.05,5.04,51.77
7/12/2023,7826.78,22806.78,4.74,52.25
7/13/2023,7855.52,22835.52,4.62,52.44
7/14/2023,7859.52,22839.52,4.6,52.47
7/15/2023,7859.52,22839.52,4.6,52.47
7/16/2023,7859.52,22839.52,4.6,52.47
7/17/2023,7905.25,22885.25,4.41,52.77
7/18/2023,7940.98,22920.98,4.26,53.01
7/19/2023,7959.98,22939.98,4.18,53.14
7/20/2023,7922.98,22902.98,4.34,52.89
7/21/2023,7961.98,22941.98,4.17,53.15
7/22/2023,7961.98,22941.98,4.17,53.15
7/23/2023,7961.98,22941.98,4.17,53.15
7/24/2023,7984.71,22964.71,4.08,53.3
7/25/2023,8011.71,22991.71,3.97,53.48
7/26/2023,8046.44,23026.44,3.82,53.71
7/27/2023,7959.44,22939.44,4.19,53.13
7/28/2023,8087.17,23067.17,3.65,53.99
7/29/2023,8087.17,23067.17,3.65,53.99
7/30/2023,8087.17,23067.17,3.65,53.99
7/31/2023,8102.17,23082.17,3.59,54.09
8/1/2023,8111.17,23091.17,3.55,54.15
8/2/2023,7918.17,22898.17,4.36,52.86
8/3/2023,7877.9,22857.9,4.53,52.59
8/4/2023,7848.9,22828.9,4.65,52.4
8/5/2023,7848.9,22828.9,4.65,52.4
8/6/2023,7848.9,22828.9,4.65,52.4
8/7/2023,7935.63,22915.63,4.28,52.97
8/8/2023,7939.63,22919.63,4.27,53
8/9/2023,7896.63,22876.63,4.45,52.71
8/10/2023,7884.63,22864.63,4.5,52.63
8/11/2023,7972.63,22952.63,4.13,53.22
8/12/2023,7972.63,22952.63,4.13,53.22
8/13/2023,7972.63,22952.63,4.13,53.22
8/14/2023,8026.36,23006.36,3.91,53.58
8/15/2023,7874.36,22854.36,4.54,52.57
8/16/2023,7807.36,22787.36,4.82,52.12
8/17/2023,7509.09,22489.09,6.07,50.13
8/18/2023,7558.09,22538.09,5.86,50.45
8/19/2023,7558.09,22538.09,5.86,50.45
8/20/2023,7558.09,22538.09,5.86,50.45
8/21/2023,7594.83,22574.83,5.71,50.7
8/22/2023,7573.83,22553.83,5.8,50.56
8/23/2023,7665.56,22645.56,5.41,51.17
8/24/2023,7514.56,22494.56,6.04,50.16
8/25/2023,7681.56,22661.56,5.35,51.28
8/26/2023,7681.56,22661.56,5.35,51.28
8/27/2023,7681.56,22661.56,5.35,51.28
8/28/2023,7760.29,22740.29,5.02,51.8
8/29/2023,7823.02,22803.02,4.75,52.22
8/30/2023,7863.75,22843.75,4.58,52.49
8/31/2023,7890.75,22870.75,4.47,52.68
9/1/2023,7904.48,22884.48,4.41,52.77
9/2/2023,7904.48,22884.48,4.41,52.77
9/3/2023,7904.48,22884.48,4.41,52.77
9/4/2023,7904.48,22884.48,4.41,52.77
9/5/2023,7917.48,22897.48,4.36,52.85
9/6/2023,7822.48,22802.48,4.76,52.22
9/7/2023,7809.48,22789.48,4.81,52.13
9/8/2023,7913.48,22893.48,4.38,52.83
9/9/2023,7913.48,22893.48,4.38,52.83
9/10/2023,7913.48,22893.48,4.38,52.83
9/11/2023,7911.34,22891.34,4.39,52.81
9/12/2023,7855.34,22835.34,4.62,52.44
9/13/2023,7912.34,22892.34,4.38,52.82
9/14/2023,7984.07,22964.07,4.08,53.3
9/15/2023,7731.07,22711.07,5.14,51.61
9/16/2023,7731.07,22711.07,5.14,51.61
9/17/2023,7731.07,22711.07,5.14,51.61
9/18/2023,7752.07,22732.07,5.05,51.75
9/19/2023,7750.07,22730.07,5.06,51.74
9/20/2023,7432.8,22412.8,6.38,49.62
9/21/2023,7201.8,22181.8,7.35,48.08
9/22/2023,7177.8,22157.8,7.45,47.92
9/23/2023,7177.8,22157.8,7.45,47.92
9/24/2023,7177.8,22157.8,7.45,47.92
9/25/2023,7242.8,22222.8,7.18,48.35
9/26/2023,6796.53,21776.53,9.04,45.37
9/27/2023,6821.53,21801.53,8.94,45.54
9/28/2023,6888.26,21868.260000000002,8.66,45.98
9/29/2023,6892.26,21872.260000000002,8.64,46.01
9/30/2023,6892.26,21872.260000000002,8.64,46.01
10/1/2023,6892.26,21872.260000000002,8.64,46.01
10/2/2023,6931.26,21911.260000000002,8.48,46.27
10/3/2023,6819.26,21799.260000000002,8.95,45.52
10/4/2023,6976.99,21956.989999999998,8.29,46.58
10/5/2023,6992.99,21972.989999999998,8.22,46.68
10/6/2023,7076.72,22056.72,7.87,47.24
10/7/2023,7076.72,22056.72,7.87,47.24
10/8/2023,7076.72,22056.72,7.87,47.24
10/9/2023,7117.72,22097.72,7.7,47.51
10/10/2023,7158.46,22138.46,7.53,47.79
10/11/2023,7205.46,22185.46,7.33,48.1
10/12/2023,7197.46,22177.46,7.37,48.05
10/13/2023,7122.46,22102.46,7.68,47.55
10/14/2023,7122.46,22102.46,7.68,47.55
10/15/2023,7122.46,22102.46,7.68,47.55
10/16/2023,7259.19,22239.19,7.11,48.46
10/17/2023,7245.19,22225.19,7.17,48.37
10/18/2023,7097.19,22077.19,7.79,47.38
10/19/2023,6944.92,21924.92,8.42,46.36
10/20/2023,6918.92,21898.92,8.53,46.19
10/21/2023,6918.92,21898.92,8.53,46.19
10/22/2023,6918.92,21898.92,8.53,46.19
10/23/2023,6972.92,21952.92,8.31,46.55
10/24/2023,7062.65,22042.65,7.93,47.15
10/25/2023,6896.65,21876.65,8.62,46.04
10/26/2023,6655.38,21635.38,9.63,44.43
10/27/2023,6624.38,21604.38,9.76,44.22
10/28/2023,6624.38,21604.38,9.76,44.22
10/29/2023,6624.38,21604.38,9.76,44.22
10/30/2023,6769.11,21749.11,9.16,45.19
10/31/2023,6829.11,21809.11,8.91,45.59
11/1/2023,6878.84,21858.84,8.7,45.92
11/2/2023,6962.57,21942.57,8.35,46.48
11/3/2023,7038.3,22018.3,8.03,46.98
11/4/2023,7038.3,22018.3,8.03,46.98
11/5/2023,7038.3,22018.3,8.03,46.98
11/6/2023,7062.3,22042.3,7.93,47.14
11/7/2023,7095.03,22075.03,7.8,47.36
11/8/2023,7119.03,22099.03,7.7,47.52
11/9/2023,7036.03,22016.03,8.04,46.97
11/10/2023,7165.77,22145.77,7.5,47.84
11/11/2023,7165.77,22145.77,7.5,47.84
11/12/2023,7165.77,22145.77,7.5,47.84
11/13/2023,7181.77,22161.77,7.43,47.94
11/14/2023,7237.5,22217.5,7.2,48.31
11/15/2023,7264.5,22244.5,7.09,48.49
11/16/2023,7286.5,22266.5,7,48.64
11/17/2023,7312.23,22292.23,6.89,48.81
11/18/2023,7312.23,22292.23,6.89,48.81
11/19/2023,7312.23,22292.23,6.89,48.81
11/20/2023,7350.96,22330.96,6.73,49.07
11/21/2023,7322.96,22302.96,6.84,48.88
11/22/2023,7383.69,22363.69,6.59,49.29
11/23/2023,7383.69,22363.69,6.59,49.29
11/24/2023,7406.69,22386.69,6.49,49.44
11/25/2023,7406.69,22386.69,6.49,49.44
11/26/2023,7406.69,22386.69,6.49,49.44
11/27/2023,7424.42,22404.42,6.42,49.56
11/28/2023,7427.42,22407.42,6.41,49.58
11/29/2023,7421.42,22401.42,6.43,49.54
11/30/2023,7449.42,22429.42,6.32,49.73
12/1/2023,7475.15,22455.15,6.21,49.9
12/2/2023,7475.15,22455.15,6.21,49.9
12/3/2023,7475.15,22455.15,6.21,49.9
12/4/2023,7449.15,22429.15,6.32,49.73
12/5/2023,7466.15,22446.15,6.25,49.84
12/6/2023,7453.15,22433.15,6.3,49.75
12/7/2023,7527.88,22507.88,5.99,50.25
12/8/2023,7583.61,22563.61,5.75,50.62
12/9/2023,7583.61,22563.61,5.75,50.62
12/10/2023,7583.61,22563.61,5.75,50.62
12/11/2023,7625.61,22605.61,5.58,50.91
12/12/2023,7664.34,22644.34,5.42,51.16
12/13/2023,7735.08,22715.08,5.12,51.64
12/14/2023,7792.08,22772.08,4.88,52.02
12/15/2023,7815.81,22795.81,4.78,52.17
12/16/2023,7815.81,22795.81,4.78,52.17
12/17/2023,7815.81,22795.81,4.78,52.17
12/18/2023,7858.54,22838.54,4.61,52.46
12/19/2023,7884.27,22864.27,4.5,52.63
12/20/2023,7755,22735,5.04,51.77
12/21/2023,7797.73,22777.73,4.86,52.05
12/22/2023,7830.73,22810.73,4.72,52.27
12/23/2023,7830.73,22810.73,4.72,52.27
12/24/2023,7830.73,22810.73,4.72,52.27
12/25/2023,7830.73,22810.73,4.72,52.27
12/26/2023,7853.46,22833.46,4.63,52.43
12/27/2023,7874.46,22854.46,4.54,52.57
12/28/2023,7903.19,22883.19,4.42,52.76
12/29/2023,7901.19,22881.19,4.43,52.74
12/30/2023,7901.19,22881.19,4.43,52.74
12/31/2023,7901.19,22881.19,4.43,52.74
1/1/2024,7901.19,22881.19,4.43,52.74
1/2/2024,7810.19,22790.19,4.81,52.14
1/3/2024,7725.92,22705.92,5.16,51.57
1/4/2024,7728.92,22708.92,5.15,51.59
1/5/2024,7750.92,22730.92,5.06,51.74
1/6/2024,7750.92,22730.92,5.06,51.74
1/7/2024,7750.92,22730.92,5.06,51.74
1/8/2024,7793.65,22773.65,4.88,52.03
1/9/2024,7809.65,22789.65,4.81,52.13
1/10/2024,7848.39,22828.39,4.65,52.39
1/11/2024,7869.39,22849.39,4.56,52.53
1/12/2024,7888.12,22868.12,4.48,52.66
1/13/2024,7888.12,22868.12,4.48,52.66
1/14/2024,7888.12,22868.12,4.48,52.66
1/15/2024,7888.12,22868.12,4.48,52.66
1/16/2024,7856.12,22836.12,4.62,52.44
1/17/2024,7792.12,22772.12,4.88,52.02
1/18/2024,7941.85,22921.85,4.26,53.02
1/19/2024,8003.58,22983.58,4,53.43
1/20/2024,8003.58,22983.58,4,53.43
1/21/2024,8003.58,22983.58,4,53.43
1/22/2024,8038.31,23018.31,3.86,53.66
1/23/2024,8072.31,23052.31,3.71,53.89
1/24/2024,8087.04,23067.04,3.65,53.99
1/25/2024,8101.04,23081.04,3.59,54.08
1/26/2024,8128.04,23108.04,3.48,54.26
1/27/2024,8128.04,23108.04,3.48,54.26
1/28/2024,8128.04,23108.04,3.48,54.26
1/29/2024,8157.77,23137.77,3.36,54.46
1/30/2024,8176.77,23156.77,3.28,54.58
1/31/2024,8001.77,22981.77,4.01,53.42
2/1/2024,8191.77,23171.77,3.21,54.68
2/2/2024,8239.5,23219.5,3.02,55
2/3/2024,8239.5,23219.5,3.02,55
2/4/2024,8239.5,23219.5,3.02,55
2/5/2024,8246.5,23226.5,2.99,55.05
2/6/2024,8264.5,23244.5,2.91,55.17
2/7/2024,8296.23,23276.23,2.78,55.38
2/8/2024,8312.23,23292.23,2.71,55.49
2/9/2024,8344.96,23324.96,2.57,55.71
2/10/2024,8344.96,23324.96,2.57,55.71
2/11/2024,8344.96,23324.96,2.57,55.71
2/12/2024,8364.96,23344.96,2.49,55.84
2/13/2024,8075.7,23055.7,3.7,53.91
2/14/2024,8160.43,23140.43,3.35,54.48
2/15/2024,8213.16,23193.16,3.13,54.83
2/16/2024,8197.16,23177.16,3.19,54.72
2/17/2024,8197.16,23177.16,3.19,54.72
2/18/2024,8197.16,23177.16,3.19,54.72
2/19/2024,8197.16,23177.16,3.19,54.72
2/20/2024,8120.16,23100.16,3.51,54.21
2/21/2024,8131.16,23111.16,3.47,54.28
2/22/2024,8297.89,23277.89,2.77,55.39
2/23/2024,8342.89,23322.89,2.58,55.69
2/24/2024,8342.89,23322.89,2.58,55.69
2/25/2024,8342.89,23322.89,2.58,55.69
2/26/2024,8344.89,23324.89,2.58,55.71
2/27/2024,8358.62,23338.620000000003,2.52,55.8
2/28/2024,8352.62,23332.620000000003,2.54,55.76
2/29/2024,8402.35,23382.35,2.34,56.09
3/1/2024,8456.08,23436.08,2.11,56.45
3/2/2024,8456.08,23436.08,2.11,56.45
3/3/2024,8456.08,23436.08,2.11,56.45
3/4/2024,8474.08,23454.08,2.04,56.57
3/5/2024,8227.08,23207.08,3.07,54.92
3/6/2024,8440.08,23420.08,2.18,56.34
3/7/2024,8538.81,23518.809999999998,1.77,57
3/8/2024,8502.81,23482.809999999998,1.92,56.76
3/9/2024,8502.81,23482.809999999998,1.92,56.76
3/10/2024,8502.81,23482.809999999998,1.92,56.76
3/11/2024,8502.81,23482.809999999998,1.92,56.76
3/12/2024,8626.54,23606.54,1.4,57.59
3/13/2024,8630.54,23610.54,1.38,57.61
3/14/2024,8547.54,23527.54,1.73,57.06
3/15/2024,8493.54,23473.54,1.95,56.7
3/16/2024,8493.54,23473.54,1.95,56.7
3/17/2024,8493.54,23473.54,1.95,56.7
3/18/2024,8708.27,23688.27,1.06,58.13
3/19/2024,8754.27,23734.27,0.87,58.44
3/20/2024,8813,23793,0.62,58.83
3/21/2024,8875.74,23855.739999999998,0.36,59.25
3/22/2024,8891.74,23871.739999999998,0.29,59.36
3/23/2024,8891.74,23871.739999999998,0.29,59.36
3/24/2024,8891.74,23871.739999999998,0.29,59.36
3/25/2024,8901.74,23881.739999999998,0.25,59.42
3/26/2024,8894.74,23874.739999999998,0.28,59.38
3/27/2024,8954.47,23934.47,0.03,59.78
3/28/2024,8982.47,23962.47,0,59.96
3/29/2024,8982.47,23962.47,0,59.96
3/30/2024,8982.47,23962.47,0,59.96
3/31/2024,8982.47,23962.47,0,59.96
4/1/2024,8987.2,23967.2,0,59.99
4/2/2024,8896.2,23876.2,0.38,59.39
4/3/2024,8955.2,23935.2,0.13,59.78
4/4/2024,8633.93,23613.93,1.47,57.64
4/5/2024,8739.66,23719.66,1.03,58.34
4/6/2024,8739.66,23719.66,1.03,58.34
4/7/2024,8739.66,23719.66,1.03,58.34
4/8/2024,8806.66,23786.66,0.75,58.79
4/9/2024,8793.66,23773.66,0.81,58.7
4/10/2024,8775.66,23755.66,0.88,58.58
4/11/2024,8876.39,23856.39,0.46,59.25
4/12/2024,8580.39,23560.39,1.7,57.28
4/13/2024,8580.39,23560.39,1.7,57.28
4/14/2024,8580.39,23560.39,1.7,57.28
4/15/2024,8244.12,23224.120000000003,3.1,55.03
4/16/2024,8293.12,23273.120000000003,2.9,55.36
4/17/2024,8284.12,23264.120000000003,2.93,55.3
4/18/2024,8303.12,23283.120000000003,2.85,55.43
4/19/2024,8182.12,23162.12,3.36,54.62
4/20/2024,8182.12,23162.12,3.36,54.62
4/21/2024,8182.12,23162.12,3.36,54.62
4/22/2024,8392.85,23372.85,2.48,56.03
4/23/2024,8468.58,23448.58,2.16,56.53
4/24/2024,8496.58,23476.58,2.05,56.72
4/25/2024,8439.58,23419.58,2.28,56.34
4/26/2024,8565.32,23545.32,1.76,57.18
4/27/2024,8565.32,23545.32,1.76,57.18
4/28/2024,8565.32,23545.32,1.76,57.18
4/29/2024,8590.32,23570.32,1.66,57.35
4/30/2024,8492.32,23472.32,2.06,56.69
5/1/2024,8535.32,23515.32,1.89,56.98
5/2/2024,8586.32,23566.32,1.67,57.32
5/3/2024,8678.05,23658.05,1.29,57.93
5/4/2024,8678.05,23658.05,1.29,57.93
5/5/2024,8678.05,23658.05,1.29,57.93
5/6/2024,8742.78,23722.78,1.02,58.36
5/7/2024,8782.78,23762.78,0.85,58.63
5/8/2024,8799.51,23779.510000000002,0.78,58.74
5/9/2024,8854.51,23834.510000000002,0.55,59.11
5/10/2024,8881.24,23861.239999999998,0.44,59.29
5/11/2024,8881.24,23861.239999999998,0.44,59.29
5/12/2024,8881.24,23861.239999999998,0.44,59.29
5/13/2024,8873.24,23853.239999999998,0.48,59.23
5/14/2024,8932.97,23912.97,0.23,59.63
5/15/2024,9005.7,23985.7,0,60.12
5/16/2024,9017.7,23997.7,0,60.2
5/17/2024,9051.7,24031.7,0,60.43
5/18/2024,9051.7,24031.7,0,60.43
5/19/2024,9051.7,24031.7,0,60.43
5/20/2024,9065.43,24045.43,0,60.52
5/21/2024,9101.43,24081.43,0,60.76
5/22/2024,9056.43,24036.43,0.19,60.46
5/23/2024,9009.43,23989.43,0.38,60.14
5/24/2024,9144.16,24124.16,0,61.04
5/25/2024,9144.16,24124.16,0,61.04
5/26/2024,9144.16,24124.16,0,61.04
5/27/2024,9144.16,24124.16,0,61.04
5/28/2024,9148.16,24128.16,0,61.07
5/29/2024,9113.16,24093.16,0.15,60.84
5/30/2024,8964.16,23944.16,0.76,59.84
5/31/2024,9207.16,24187.16,0,61.46
6/1/2024,9207.16,24187.16,0,61.46
6/2/2024,9207.16,24187.16,0,61.46
6/3/2024,9206.02,24186.02,0,61.46
6/4/2024,9244.02,24224.02,0,61.71
6/5/2024,9288.75,24268.75,0,62.01
6/6/2024,9324.75,24304.75,0,62.25
6/7/2024,9359.48,24339.48,0,62.48
6/8/2024,9359.48,24339.48,0,62.48
6/9/2024,9359.48,24339.48,0,62.48
6/10/2024,9394.48,24374.48,0,62.71
6/11/2024,9425.21,24405.21,0,62.92
6/12/2024,9515.95,24495.95,0,63.52
6/13/2024,9571.68,24551.68,0,63.9
6/14/2024,9562.68,24542.68,0.04,63.84
6/15/2024,9562.68,24542.68,0.04,63.84
6/16/2024,9562.68,24542.68,0.04,63.84
6/17/2024,9615.41,24595.41,0,64.19
6/18/2024,9651.41,24631.41,0,64.43
6/19/2024,9651.41,24631.41,0,64.43
6/20/2024,9655.41,24635.41,0,64.46
6/21/2024,9686.14,24666.14,0,64.66
6/22/2024,9686.14,24666.14,0,64.66
6/23/2024,9686.14,24666.14,0,64.66
6/24/2024,9701.14,24681.14,0,64.76
6/25/2024,9729.14,24709.14,0,64.95
6/26/2024,9748.87,24728.870000000003,0,65.08
6/27/2024,9779.87,24759.870000000003,0,65.29
6/28/2024,9780.87,24760.870000000003,0,65.29
6/29/2024,9780.87,24760.870000000003,0,65.29
6/30/2024,9780.87,24760.870000000003,0,65.29
7/1/2024,9809.6,24789.6,0,65.48
7/2/2024,9860.33,24840.33,0,65.82
7/3/2024,9898.33,24878.33,0,66.08
7/4/2024,9898.33,24878.33,0,66.08
7/5/2024,9924.06,24904.059999999998,0,66.25
7/6/2024,9924.06,24904.059999999998,0,66.25
7/7/2024,9924.06,24904.059999999998,0,66.25
7/8/2024,9949.06,24929.059999999998,0,66.42
7/9/2024,9971.79,24951.79,0,66.57
7/10/2024,10011.52,24991.52,0,66.83
7/11/2024,9971.52,24951.52,0.16,66.57
7/12/2024,10059.25,25039.25,0,67.15
7/13/2024,10059.25,25039.25,0,67.15
7/14/2024,10059.25,25039.25,0,67.15
7/15/2024,10073.25,25053.25,0,67.24
7/16/2024,10104.99,25084.989999999998,0,67.46
7/17/2024,9904.99,24884.989999999998,0.8,66.12
7/18/2024,9652.72,24632.72,1.8,64.44
7/19/2024,9604.72,24584.72,1.99,64.12
7/20/2024,9604.72,24584.72,1.99,64.12
7/21/2024,9604.72,24584.72,1.99,64.12
7/22/2024,9733.45,24713.45,1.48,64.98
7/23/2024,9744.45,24724.45,1.44,65.05
7/24/2024,9151.18,24131.18,3.8,61.09
7/25/2024,9153.18,24133.18,3.79,61.1
7/26/2024,9234.91,24214.91,3.47,61.65
7/27/2024,9234.91,24214.91,3.47,61.65
7/28/2024,9234.91,24214.91,3.47,61.65
7/29/2024,9311.91,24291.91,3.16,62.16
7/30/2024,9238.91,24218.91,3.45,61.67
7/31/2024,9385.64,24365.64,2.87,62.65
8/1/2024,9008.64,23988.64,4.37,60.14
8/2/2024,8372.37,23352.370000000003,6.91,55.89
8/3/2024,8372.37,23352.370000000003,6.91,55.89
8/4/2024,8372.37,23352.370000000003,6.91,55.89
8/5/2024,7672.25,22652.25,9.7,51.22
8/6/2024,7672.25,22652.25,9.7,51.22
8/7/2024,7672.25,22652.25,9.7,51.22
8/8/2024,7670.1,22650.1,9.71,51.2
8/9/2024,7796.83,22776.83,9.2,52.05
8/10/2024,7796.83,22776.83,9.2,52.05
8/11/2024,7796.83,22776.83,9.2,52.05
8/12/2024,7791.83,22771.83,9.22,52.01
8/13/2024,7941.57,22921.57,8.62,53.01
8/14/2024,8048.3,23028.3,8.2,53.73
8/15/2024,8147.03,23127.03,7.81,54.39
8/16/2024,8204.03,23184.03,7.58,54.77
8/17/2024,8204.03,23184.03,7.58,54.77
8/18/2024,8204.03,23184.03,7.58,54.77
8/19/2024,8247.76,23227.760000000002,7.4,55.06
8/20/2024,8245.76,23225.760000000002,7.41,55.05
8/21/2024,8287.76,23267.760000000002,7.24,55.33
8/22/2024,8227.76,23207.760000000002,7.48,54.92
8/23/2024,8352.49,23332.489999999998,6.99,55.76
8/24/2024,8352.49,23332.489999999998,6.99,55.76
8/25/2024,8352.49,23332.489999999998,6.99,55.76
8/26/2024,8368.49,23348.489999999998,6.92,55.86
8/27/2024,8415.22,23395.22,6.74,56.18
8/28/2024,8300.22,23280.22,7.19,55.41
8/29/2024,8425.22,23405.22,6.7,56.24
8/30/2024,8513.95,23493.95,6.34,56.84
8/31/2024,8513.95,23493.95,6.34,56.84
9/1/2024,8513.95,23493.95,6.34,56.84
9/2/2024,8513.95,23493.95,6.34,56.84
9/3/2024,8024.68,23004.68,8.29,53.57
9/4/2024,8071.68,23051.68,8.11,53.88
9/5/2024,8066.68,23046.68,8.13,53.85
9/6/2024,7878.68,22858.68,8.88,52.59
9/7/2024,7878.68,22858.68,8.88,52.59
9/8/2024,7878.68,22858.68,8.88,52.59
9/9/2024,8156.41,23136.41,7.77,54.45
9/10/2024,8223.41,23203.41,7.5,54.9
9/11/2024,8286.14,23266.14,7.25,55.31
9/12/2024,8402.88,23382.879999999997,6.79,56.09
9/13/2024,8471.88,23451.879999999997,6.51,56.55
9/14/2024,8471.88,23451.879999999997,6.51,56.55
9/15/2024,8471.88,23451.879999999997,6.51,56.55
9/16/2024,8497.61,23477.61,6.41,56.73
9/17/2024,8473.61,23453.61,6.5,56.57
9/18/2024,8527.61,23507.61,6.29,56.93
9/19/2024,8644.34,23624.34,5.82,57.71
9/20/2024,8694.34,23674.34,5.62,58.04
9/21/2024,8694.34,23674.34,5.62,58.04
9/22/2024,8694.34,23674.34,5.62,58.04
9/23/2024,8738.07,23718.07,5.45,58.33
9/24/2024,8779.07,23759.07,5.29,58.61
9/25/2024,8784.07,23764.07,5.27,58.64
9/26/2024,8816.8,23796.8,5.14,58.86
9/27/2024,8814.8,23794.8,5.14,58.84
9/28/2024,8814.8,23794.8,5.14,58.84
9/29/2024,8814.8,23794.8,5.14,58.84
9/30/2024,8859.8,23839.8,4.96,59.14
10/1/2024,8772.8,23752.8,5.31,58.56
10/2/2024,8866.8,23846.8,4.94,59.19
10/3/2024,8924.53,23904.53,4.71,59.58
10/4/2024,9041.26,24021.260000000002,4.24,60.36
10/5/2024,9041.26,24021.260000000002,4.24,60.36
10/6/2024,9041.26,24021.260000000002,4.24,60.36
10/7/2024,8925.26,23905.260000000002,4.7,59.58
10/8/2024,9118.99,24098.989999999998,3.93,60.87
10/9/2024,9199.99,24179.989999999998,3.61,61.42
10/10/2024,9224.72,24204.72,3.51,61.58
10/11/2024,9305.45,24285.45,3.19,62.12
10/12/2024,9305.45,24285.45,3.19,62.12
10/13/2024,9305.45,24285.45,3.19,62.12
10/14/2024,9369.19,24349.190000000002,2.93,62.54
10/15/2024,9272.19,24252.190000000002,3.32,61.9
10/16/2024,9387.19,24367.190000000002,2.86,62.66
10/17/2024,9429.92,24409.92,2.69,62.95
10/18/2024,9471.65,24451.65,2.52,63.23
10/19/2024,9471.65,24451.65,2.52,63.23
10/20/2024,9471.65,24451.65,2.52,63.23
10/21/2024,9472.65,24452.65,2.52,63.24
10/22/2024,9512.65,24492.65,2.36,63.5
10/23/2024,9376.65,24356.65,2.9,62.59
10/24/2024,9498.65,24478.65,2.42,63.41
10/25/2024,9564.38,24544.379999999997,2.16,63.85
10/26/2024,9564.38,24544.379999999997,2.16,63.85
10/27/2024,9564.38,24544.379999999997,2.16,63.85
10/28/2024,9640.11,24620.11,1.85,64.35
10/29/2024,9670.11,24650.11,1.73,64.55
10/30/2024,9667.11,24647.11,1.75,64.53
10/31/2024,9407.11,24387.11,2.78,62.8
11/1/2024,9586.11,24566.11,2.07,63.99
11/2/2024,9586.11,24566.11,2.07,63.99
11/3/2024,9586.11,24566.11,2.07,63.99
11/4/2024,9566.11,24546.11,2.15,63.86
11/5/2024,9563.97,24543.97,2.16,63.84
11/6/2024,9788.7,24768.7,1.26,65.35
11/7/2024,9888.43,24868.43,0.86,66.01
11/8/2024,9941.43,24921.43,0.65,66.36
11/9/2024,9941.43,24921.43,0.65,66.36
11/10/2024,9941.43,24921.43,0.65,66.36
11/11/2024,9971.16,24951.16,0.53,66.56
11/12/2024,9976.16,24956.16,0.51,66.6
11/13/2024,10026.89,25006.89,0.31,66.94
11/14/2024,9904.89,24884.89,0.8,66.12
11/15/2024,9441.62,24421.620000000003,2.64,63.03
11/16/2024,9441.62,24421.620000000003,2.64,63.03
11/17/2024,9441.62,24421.620000000003,2.64,63.03
11/18/2024,9528.35,24508.35,2.3,63.61
11/19/2024,9571.35,24551.35,2.13,63.89
11/20/2024,9566.35,24546.35,2.15,63.86
11/21/2024,9630.08,24610.08,1.89,64.29
11/22/2024,9703.82,24683.82,1.6,64.78
11/23/2024,9703.82,24683.82,1.6,64.78
11/24/2024,9703.82,24683.82,1.6,64.78
11/25/2024,9766.55,24746.55,1.35,65.2
11/26/2024,9822.28,24802.28,1.13,65.57
11/27/2024,9814.28,24794.28,1.16,65.52
11/28/2024,9814.28,24794.28,1.16,65.52
11/29/2024,9877.01,24857.010000000002,0.91,65.93
11/30/2024,9877.01,24857.010000000002,0.91,65.93
12/1/2024,9877.01,24857.010000000002,0.91,65.93
12/2/2024,9924.01,24904.010000000002,0.72,66.25
12/3/2024,9941.74,24921.739999999998,0.65,66.37
12/4/2024,9994.47,24974.47,0.44,66.72
12/5/2024,10019.47,24999.47,0.34,66.89
12/6/2024,10054.2,25034.2,0.2,67.12
12/7/2024,10054.2,25034.2,0.2,67.12
12/8/2024,10054.2,25034.2,0.2,67.12
12/9/2024,9990.2,24970.2,0.46,66.69
12/10/2024,9977.2,24957.2,0.51,66.6
12/11/2024,10110.93,25090.93,0,67.5
12/12/2024,10088.93,25068.93,0.09,67.35
12/13/2024,10107.93,25087.93,0.01,67.48
12/14/2024,10107.93,25087.93,0.01,67.48
12/15/2024,10107.93,25087.93,0.01,67.48
12/16/2024,10149.93,25129.93,0,67.76
12/17/2024,10132.93,25112.93,0.07,67.64
12/18/2024,8917.81,23897.809999999998,4.9,59.53
12/19/2024,8916.66,23896.66,4.91,59.52
12/20/2024,9066.39,24046.39,4.31,60.52
12/21/2024,9066.39,24046.39,4.31,60.52
12/22/2024,9066.39,24046.39,4.31,60.52
12/23/2024,9161.13,24141.129999999997,3.93,61.16
12/24/2024,9257.86,24237.86,3.55,61.8
12/25/2024,9257.86,24237.86,3.55,61.8
12/26/2024,9309.86,24289.86,3.34,62.15
12/27/2024,9095.86,24075.86,4.19,60.72
12/28/2024,9095.86,24075.86,4.19,60.72
12/29/2024,9095.86,24075.86,4.19,60.72
12/30/2024,9004.86,23984.86,4.56,60.11
12/31/2024,8751.59,23731.59,5.56,58.42
1/1/2025,8751.59,23731.59,5.56,58.42
1/2/2025,8741.59,23721.59,5.6,58.36
1/3/2025,8870.32,23850.32,5.09,59.21
1/4/2025,8870.32,23850.32,5.09,59.21
1/5/2025,8870.32,23850.32,5.09,59.21
1/6/2025,8943.05,23923.05,4.8,59.7
1/7/2025,8735.05,23715.05,5.63,58.31
1/8/2025,8853.05,23833.05,5.16,59.1
1/9/2025,8853.05,23833.05,5.16,59.1
1/10/2025,8455.78,23435.78,6.74,56.45
1/11/2025,8455.78,23435.78,6.74,56.45
1/12/2025,8455.78,23435.78,6.74,56.45
1/13/2025,8498.78,23478.78,6.57,56.73
1/14/2025,8517.78,23497.78,6.49,56.86
1/15/2025,8615.51,23595.510000000002,6.11,57.51
1/16/2025,8630.51,23610.510000000002,6.05,57.61
1/17/2025,8696.24,23676.239999999998,5.78,58.05
1/18/2025,8696.24,23676.239999999998,5.78,58.05
1/19/2025,8696.24,23676.239999999998,5.78,58.05
1/20/2025,8696.24,23676.239999999998,5.78,58.05
1/21/2025,8803.97,23783.97,5.36,58.77
1/22/2025,8875.7,23855.7,5.07,59.25
1/23/2025,8919.7,23899.7,4.9,59.54
1/24/2025,8936.44,23916.440000000002,4.83,59.66
1/25/2025,8936.44,23916.440000000002,4.83,59.66
1/26/2025,8936.44,23916.440000000002,4.83,59.66
1/27/2025,8602.44,23582.440000000002,6.16,57.43
1/28/2025,8905.44,23885.440000000002,4.95,59.45
1/29/2025,8862.44,23842.440000000002,5.12,59.16
1/30/2025,8966.44,23946.440000000002,4.71,59.86
1/31/2025,9044.17,24024.17,4.4,60.37
2/1/2025,9044.17,24024.17,4.4,60.37
2/2/2025,9044.17,24024.17,4.4,60.37
2/3/2025,8972.17,23952.17,4.69,59.89
2/4/2025,9127.17,24107.17,4.07,60.93
2/5/2025,9191.9,24171.9,3.81,61.36
2/6/2025,9258.9,24238.9,3.55,61.81
2/7/2025,9194.9,24174.9,3.8,61.38
2/8/2025,9194.9,24174.9,3.8,61.38
2/9/2025,9194.9,24174.9,3.8,61.38
2/10/2025,9314.63,24294.629999999997,3.32,62.18
2/11/2025,9337.63,24317.629999999997,3.23,62.33
2/12/2025,9341.63,24321.629999999997,3.22,62.36
2/13/2025,9419.36,24399.36,2.91,62.88
2/14/2025,9473.36,24453.36,2.69,63.24
2/15/2025,9473.36,24453.36,2.69,63.24
2/16/2025,9473.36,24453.36,2.69,63.24
2/17/2025,9473.36,24453.36,2.69,63.24
2/18/2025,9507.09,24487.09,2.56,63.47
2/19/2025,9567.09,24547.09,2.32,63.87
2/20/2025,9554.09,24534.09,2.37,63.78
2/21/2025,9166.09,24146.09,3.92,61.19
2/22/2025,9166.09,24146.09,3.92,61.19
2/23/2025,9166.09,24146.09,3.92,61.19
2/24/2025,9161.09,24141.09,3.93,61.16
2/25/2025,8739.82,23719.82,5.61,58.34
2/26/2025,8794.82,23774.82,5.39,58.71
2/27/2025,8617.82,23597.82,6.1,57.53
2/28/2025,8784.82,23764.82,5.43,58.64
3/1/2025,8784.82,23764.82,5.43,58.64
3/2/2025,8784.82,23764.82,5.43,58.64
3/3/2025,8525.82,23505.82,6.46,56.91
3/4/2025,8405.82,23385.82,6.94,56.11
3/5/2025,8403.68,23383.68,6.95,56.1
3/6/2025,8042.68,23022.68,8.39,53.69
3/7/2025,8291.68,23271.68,7.39,55.35
3/8/2025,8291.68,23271.68,7.39,55.35
3/9/2025,8291.68,23271.68,7.39,55.35
3/10/2025,7549.55,22529.55,10.35,50.4
3/11/2025,7549.55,22529.55,10.35,50.4
3/12/2025,7548.41,22528.41,10.35,50.39
3/13/2025,7389.41,22369.41,10.98,49.33
3/14/2025,7704.14,22684.14,9.73,51.43
3/15/2025,7704.14,22684.14,9.73,51.43
3/16/2025,7704.14,22684.14,9.73,51.43
3/17/2025,7861.87,22841.87,9.1,52.48
3/18/2025,7627.87,22607.87,10.04,50.92
3/19/2025,7967.87,22947.87,8.68,53.19
3/20/2025,7972.6,22952.6,8.66,53.22
3/21/2025,8003.6,22983.6,8.54,53.43
3/22/2025,8003.6,22983.6,8.54,53.43
3/23/2025,8003.6,22983.6,8.54,53.43
3/24/2025,8166.33,23146.33,7.89,54.51
3/25/2025,8218.33,23198.33,7.69,54.86
3/26/2025,8068.33,23048.33,8.28,53.86
3/27/2025,8144.33,23124.33,7.98,54.37
3/28/2025,7492.07,22472.07,10.58,50.01
3/29/2025,7492.07,22472.07,10.58,50.01
3/30/2025,7492.07,22472.07,10.58,50.01
3/31/2025,7569.07,22549.07,10.27,50.53
4/1/2025,7611.8,22591.8,10.1,50.81
4/2/2025,7698.8,22678.8,9.75,51.39
4/3/2025,6831.67,21811.67,13.2,45.61
4/4/2025,6831.67,21811.67,13.2,45.61
4/5/2025,6831.67,21811.67,13.2,45.61
4/6/2025,6831.67,21811.67,13.2,45.61
4/7/2025,6831.67,21811.67,13.2,45.61
4/8/2025,6831.67,21811.67,13.2,45.61
4/9/2025,6831.67,21811.67,13.2,45.61
4/10/2025,6831.67,21811.67,13.2,45.61
4/11/2025,6831.67,21811.67,13.2,45.61
4/12/2025,6831.67,21811.67,13.2,45.61
4/13/2025,6831.67,21811.67,13.2,45.61
4/14/2025,6831.67,21811.67,13.2,45.61
4/15/2025,6831.67,21811.67,13.2,45.61
4/16/2025,6831.67,21811.67,13.2,45.61
4/17/2025,6831.67,21811.67,13.2,45.61
4/18/2025,6831.67,21811.67,13.2,45.61
4/19/2025,6831.67,21811.67,13.2,45.61
4/20/2025,6831.67,21811.67,13.2,45.61
4/21/2025,6831.67,21811.67,13.2,45.61
4/22/2025,6831.67,21811.67,13.2,45.61
4/23/2025,6831.67,21811.67,13.2,45.61
4/24/2025,6831.67,21811.67,13.2,45.61
4/25/2025,6831.67,21811.67,13.2,45.61
4/26/2025,6831.67,21811.67,13.2,45.61
4/27/2025,6831.67,21811.67,13.2,45.61
4/28/2025,6831.67,21811.67,13.2,45.61
4/29/2025,6831.67,21811.67,13.2,45.61
4/30/2025,6830.53,21810.53,13.21,45.6
5/1/2025,6999.26,21979.260000000002,12.54,46.72
5/2/2025,7146.99,22126.989999999998,11.95,47.71
5/3/2025,7146.99,22126.989999999998,11.95,47.71
5/4/2025,7146.99,22126.989999999998,11.95,47.71
5/5/2025,7170.99,22150.989999999998,11.85,47.87
5/6/2025,7137.99,22117.989999999998,11.99,47.65
5/7/2025,7225.99,22205.989999999998,11.64,48.24
5/8/2025,7330.72,22310.72,11.22,48.94
5/9/2025,7330.72,22310.72,11.22,48.94
5/10/2025,7330.72,22310.72,11.22,48.94
5/11/2025,7330.72,22310.72,11.22,48.94
5/12/2025,7522.45,22502.45,10.46,50.22
5/13/2025,7631.18,22611.18,10.02,50.94
5/14/2025,7614.18,22594.18,10.09,50.83
5/15/2025,7705.18,22685.18,9.73,51.44
5/16/2025,7768.91,22748.91,9.47,51.86
5/17/2025,7768.91,22748.91,9.47,51.86
5/18/2025,7768.91,22748.91,9.47,51.86
5/19/2025,7792.91,22772.91,9.38,52.02
5/20/2025,7806.91,22786.91,9.32,52.12
5/21/2025,7592.91,22572.91,10.18,50.69
5/22/2025,7723.91,22703.91,9.65,51.56
5/23/2025,7426.91,22406.91,10.84,49.58
5/24/2025,7426.91,22406.91,10.84,49.58
5/25/2025,7426.91,22406.91,10.84,49.58
5/26/2025,7426.91,22406.91,10.84,49.58
5/27/2025,7424.77,22404.77,10.84,49.56
5/28/2025,7421.77,22401.77,10.86,49.54
5/29/2025,7486.77,22466.77,10.6,49.98
5/30/2025,7518.5,22498.5,10.47,50.19
5/31/2025,7518.5,22498.5,10.47,50.19
6/1/2025,7518.5,22498.5,10.47,50.19
6/2/2025,7598.5,22578.5,10.15,50.72
6/3/2025,7659.23,22639.23,9.91,51.13
6/4/2025,7707.23,22687.23,9.72,51.45
6/5/2025,7673.23,22653.23,9.86,51.22
6/6/2025,7777.96,22757.96,9.44,51.92
6/7/2025,7777.96,22757.96,9.44,51.92
6/8/2025,7777.96,22757.96,9.44,51.92
6/9/2025,7829.96,22809.96,9.23,52.27
6/10/2025,7863.7,22843.7,9.1,52.49
6/11/2025,7834.7,22814.7,9.21,52.3
6/12/2025,7904.7,22884.7,8.93,52.77
6/13/2025,7694.7,22674.7,9.77,51.37
6/14/2025,7694.7,22674.7,9.77,51.37
6/15/2025,7694.7,22674.7,9.77,51.37
6/16/2025,7984.43,22964.43,8.62,53.3
6/17/2025,7820.43,22800.43,9.27,52.21
6/18/2025,7939.43,22919.43,8.8,53
6/19/2025,7939.43,22919.43,8.8,53
6/20/2025,7992.43,22972.43,8.59,53.35
6/21/2025,7992.43,22972.43,8.59,53.35
6/22/2025,7992.43,22972.43,8.59,53.35
6/23/2025,8153.16,23133.16,7.95,54.43
6/24/2025,8268.89,23248.89,7.49,55.2
6/25/2025,8315.89,23295.89,7.3,55.51
6/26/2025,8387.62,23367.620000000003,7.01,55.99
6/27/2025,8437.62,23417.620000000003,6.81,56.33
6/28/2025,8437.62,23417.620000000003,6.81,56.33
6/29/2025,8437.62,23417.620000000003,6.81,56.33
6/30/2025,8498.35,23478.35,6.57,56.73
7/1/2025,8534.35,23514.35,6.43,56.97
7/2/2025,8574.08,23554.08,6.27,57.24
7/3/2025,8653.95,23633.95,5.95,57.77
7/4/2025,8653.95,23633.95,5.95,57.77
7/5/2025,8653.95,23633.95,5.95,57.77
7/6/2025,8653.95,23633.95,5.95,57.77
7/7/2025,8653.95,23633.95,5.95,57.77
7/8/2025,8651.81,23631.809999999998,5.96,57.76
7/9/2025,8737.54,23717.54,5.62,58.33
7/10/2025,8788.54,23768.54,5.42,58.67
7/11/2025,8781.54,23761.54,5.45,58.62
7/12/2025,8781.54,23761.54,5.45,58.62
7/13/2025,8781.54,23761.54,5.45,58.62
7/14/2025,8810.27,23790.27,5.33,58.81
7/15/2025,8824.27,23804.27,5.28,58.91
7/16/2025,8861.27,23841.27,5.13,59.15
7/17/2025,8909,23889,4.94,59.47
7/18/2025,8942,23922,4.81,59.69
7/19/2025,8942,23922,4.81,59.69
7/20/2025,8942,23922,4.81,59.69
7/21/2025,8984.74,23964.739999999998,4.64,59.98
7/22/2025,9016.74,23996.739999999998,4.51,60.19
7/23/2025,9064.47,24044.47,4.32,60.51
7/24/2025,9106.47,24086.47,4.15,60.79
7/25/2025,9155.2,24135.2,3.96,61.12
7/26/2025,9155.2,24135.2,3.96,61.12
7/27/2025,9155.2,24135.2,3.96,61.12
7/28/2025,9176.2,24156.2,3.87,61.26
7/29/2025,9152.2,24132.2,3.97,61.1
7/30/2025,9132.2,24112.2,4.05,60.96
7/31/2025,9214.2,24194.2,3.72,61.51
8/1/2025,8696.93,23676.93,5.78,58.06
8/2/2025,8696.93,23676.93,5.78,58.06
8/3/2025,8696.93,23676.93,5.78,58.06
8/4/2025,8861.66,23841.66,5.13,59.16
8/5/2025,8860.66,23840.66,5.13,59.15
8/6/2025,8956.39,23936.39,4.75,59.79
8/7/2025,8950.39,23930.39,4.77,59.75
8/8/2025,9058.12,24038.120000000003,4.34,60.47
8/9/2025,9058.12,24038.120000000003,4.34,60.47
8/10/2025,9058.12,24038.120000000003,4.34,60.47
8/11/2025,9069.12,24049.120000000003,4.3,60.54
8/12/2025,9168.85,24148.85,3.9,61.21
8/13/2025,9228.85,24208.85,3.67,61.61
8/14/2025,9240.58,24220.58,3.62,61.69
8/15/2025,9250.58,24230.58,3.58,61.75
8/16/2025,9250.58,24230.58,3.58,61.75
8/17/2025,9250.58,24230.58,3.58,61.75
8/18/2025,9301.58,24281.58,3.38,62.09
8/19/2025,9226.58,24206.58,3.67,61.59
8/20/2025,9264.58,24244.58,3.52,61.85
8/21/2025,9207.58,24187.58,3.75,61.47
8/22/2025,9205.44,24185.440000000002,3.76,61.45
8/23/2025,9205.44,24185.440000000002,3.76,61.45
8/24/2025,9205.44,24185.440000000002,3.76,61.45
8/25/2025,9231.44,24211.440000000002,3.65,61.63
8/26/2025,9245.44,24225.440000000002,3.6,61.72
8/27/2025,9294.17,24274.17,3.41,62.04
8/28/2025,9384.9,24364.9,3.04,62.65
8/29/2025,9279.9,24259.9,3.46,61.95
8/30/2025,9279.9,24259.9,3.46,61.95
8/31/2025,9279.9,24259.9,3.46,61.95
9/1/2025,9279.9,24259.9,3.46,61.95
9/2/2025,9040.64,24020.64,4.41,60.35
9/3/2025,9149.37,24129.370000000003,3.98,61.08
9/4/2025,9227.1,24207.1,3.67,61.6
9/5/2025,9252.1,24232.1,3.57,61.76
9/6/2025,9252.1,24232.1,3.57,61.76
9/7/2025,9252.1,24232.1,3.57,61.76
9/8/2025,9309.83,24289.83,3.34,62.15
9/9/2025,9352.83,24332.83,3.17,62.44
9/10/2025,9376.56,24356.559999999998,3.08,62.59
9/11/2025,9470.29,24450.29,2.7,63.22
9/12/2025,9490.29,24470.29,2.62,63.35
9/13/2025,9490.29,24470.29,2.62,63.35
9/14/2025,9490.29,24470.29,2.62,63.35
9/15/2025,9524.29,24504.29,2.49,63.58
9/16/2025,9532.29,24512.29,2.46,63.63
9/17/2025,9559.02,24539.02,2.35,63.81
9/18/2025,9654.75,24634.75,1.97,64.45
9/19/2025,9736.75,24716.75,1.64,65
9/20/2025,9736.75,24716.75,1.64,65
9/21/2025,9736.75,24716.75,1.64,65
9/22/2025,9780.48,24760.48,1.47,65.29
9/23/2025,9712.48,24692.48,1.74,64.84
9/24/2025,9705.48,24685.48,1.77,64.79
9/25/2025,9607.48,24587.48,2.16,64.14
9/26/2025,9844.48,24824.48,1.22,65.72
9/27/2025,9844.48,24824.48,1.22,65.72
9/28/2025,9844.48,24824.48,1.22,65.72
9/29/2025,9901.21,24881.21,0.99,66.1
9/30/2025,9931.21,24911.21,0.87,66.3
10/1/2025,9975.95,24955.95,0.69,66.6
10/2/2025,9996.95,24976.95,0.61,66.74
10/3/2025,10041.95,25021.95,0.43,67.04
10/4/2025,10041.95,25021.95,0.43,67.04
10/5/2025,10041.95,25021.95,0.43,67.04
10/6/2025,10041.95,25021.95,0.43,67.04
10/7/2025,10092.68,25072.68,0.23,67.37
10/8/2025,10160.41,25140.41,0,67.83
10/9/2025,10136.41,25116.41,0.1,67.67
10/10/2025,9309.14,24289.14,3.39,62.14
10/11/2025,9309.14,24289.14,3.39,62.14
10/12/2025,9309.14,24289.14,3.39,62.14
10/13/2025,9519.87,24499.870000000003,2.55,63.55
10/14/2025,9447.87,24427.870000000003,2.83,63.07
10/15/2025,9565.87,24545.870000000003,2.36,63.86
10/16/2025,9444.87,24424.870000000003,2.85,63.05
10/17/2025,9659.74,24639.739999999998,1.99,64.48
10/18/2025,9659.74,24639.739999999998,1.99,64.48
10/19/2025,9659.74,24639.739999999998,1.99,64.48
10/20/2025,9657.6,24637.6,2,64.47
10/21/2025,9716.6,24696.6,1.77,64.86
10/22/2025,9635.6,24615.6,2.09,64.32
10/23/2025,9757.33,24737.33,1.6,65.14
10/24/2025,9857.06,24837.059999999998,1.21,65.8
10/25/2025,9857.06,24837.059999999998,1.21,65.8
10/26/2025,9857.06,24837.059999999998,1.21,65.8
10/27/2025,9978.79,24958.79,0.72,66.61
10/28/2025,10016.79,24996.79,0.57,66.87
10/29/2025,10015.79,24995.79,0.58,66.86
10/30/2025,10001.79,24981.79,0.63,66.77
10/31/2025,10105.52,25085.52,0.22,67.46
11/1/2025,10105.52,25085.52,0.22,67.46
11/2/2025,10105.52,25085.52,0.22,67.46
11/3/2025,10163.52,25143.52,0,67.85
11/4/2025,10028.52,25008.52,0.54,66.95
11/5/2025,10178.52,25158.52,0,67.95
11/6/2025,9967.52,24947.52,0.84,66.54
11/7/2025,10110.52,25090.52,0.27,67.49
11/8/2025,10110.52,25090.52,0.27,67.49
11/9/2025,10110.52,25090.52,0.27,67.49
11/10/2025,10108.38,25088.379999999997,0.28,67.48
11/11/2025,10182.38,25162.379999999997,0,67.97
11/12/2025,10205.11,25185.11,0,68.12
11/13/2025,9796.11,24776.11,1.62,65.39
11/14/2025,9894.11,24874.11,1.23,66.05
11/15/2025,9894.11,24874.11,1.23,66.05
11/16/2025,9894.11,24874.11,1.23,66.05
11/17/2025,9462.84,24442.84,2.95,63.17
11/18/2025,9423.84,24403.84,3.1,62.91
11/19/2025,9500.84,24480.84,2.8,63.42
11/20/2025,9298.84,24278.84,3.6,62.08
11/21/2025,9680.72,24660.72,2.08,64.62
11/22/2025,9680.72,24660.72,2.08,64.62
11/23/2025,9680.72,24660.72,2.08,64.62
11/24/2025,9679.58,24659.58,2.09,64.62
11/25/2025,9816.31,24796.309999999998,1.54,65.53
11/26/2025,9923.04,24903.04,1.12,66.24
11/27/2025,9923.04,24903.04,1.12,66.24
11/28/2025,9969.04,24949.04,0.94,66.55
11/29/2025,9969.04,24949.04,0.94,66.55
11/30/2025,9969.04,24949.04,0.94,66.55
12/1/2025,9991.77,24971.77,0.85,66.7
12/2/2025,10054.77,25034.77,0.6,67.12
12/3/2025,10103.5,25083.5,0.4,67.45
12/4/2025,10104.5,25084.5,0.4,67.45
12/5/2025,10187.23,25167.23,0.07,68.01
12/6/2025,10187.23,25167.23,0.07,68.01
12/7/2025,10187.23,25167.23,0.07,68.01
12/8/2025,10137.23,25117.23,0.27,67.67
12/9/2025,10193.23,25173.23,0.05,68.05
12/10/2025,10301.96,25281.96,0,68.77
12/11/2025,10361.96,25341.96,0,69.17
12/12/2025,10222.96,25202.96,0.55,68.24
12/13/2025,10222.96,25202.96,0.55,68.24
12/14/2025,10222.96,25202.96,0.55,68.24
12/15/2025,10287.96,25267.96,0.29,68.68
12/16/2025,10346.96,25326.96,0.06,69.07
12/17/2025,9796.96,24776.96,2.23,65.4
12/18/2025,9794.82,24774.82,2.24,65.39
12/19/2025,9918.55,24898.55,1.75,66.21
12/20/2025,9918.55,24898.55,1.75,66.21
12/21/2025,9918.55,24898.55,1.75,66.21
12/22/2025,10001.28,24981.28,1.42,66.76
12/23/2025,10055.01,25035.010000000002,1.21,67.12
12/24/2025,10107.74,25087.739999999998,1,67.47
12/25/2025,10107.74,25087.739999999998,1,67.47
12/26/2025,10143.74,25123.739999999998,0.86,67.72
12/27/2025,10143.74,25123.739999999998,0.86,67.72
12/28/2025,10143.74,25123.739999999998,0.86,67.72
12/29/2025,10139.74,25119.739999999998,0.88,67.69
12/30/2025,10168.47,25148.47,0.76,67.88
12/31/2025,10106.47,25086.47,1.01,67.47
1/1/2026,10106.47,25086.47,1.01,67.47
1/2/2026,10142.47,25122.47,0.87,67.71
1/3/2026,10142.47,25122.47,0.87,67.71
1/4/2026,10142.47,25122.47,0.87,67.71
1/5/2026,10235.21,25215.21,0.5,68.33
1/6/2026,10307.94,25287.940000000002,0.21,68.81
1/7/2026,10272.94,25252.940000000002,0.35,68.58
1/8/2026,10287.94,25267.940000000002,0.29,68.68
1/9/2026,10411.67,25391.67,0,69.5
1/10/2026,10411.67,25391.67,0,69.5
1/11/2026,10411.67,25391.67,0,69.5
1/12/2026,10449.67,25429.67,0,69.76
1/13/2026,10410.67,25390.67,0.15,69.5
1/14/2026,10380.67,25360.67,0.27,69.3
1/15/2026,10501.4,25481.4,0,70.1
1/16/2026,10556.4,25536.4,0,70.47
1/17/2026,10556.4,25536.4,0,70.47
1/18/2026,10556.4,25536.4,0,70.47
1/19/2026,10556.4,25536.4,0,70.47
1/20/2026,9912.13,24892.129999999997,2.52,66.17
1/21/2026,10101.86,25081.86,1.78,67.44
1/22/2026,10203.59,25183.59,1.38,68.11
1/23/2026,10232.59,25212.59,1.27,68.31
1/24/2026,10232.59,25212.59,1.27,68.31
1/25/2026,10232.59,25212.59,1.27,68.31
1/26/2026,10312.32,25292.32,0.96,68.84
1/27/2026,10358.32,25338.32,0.78,69.15
1/28/2026,10377.32,25357.32,0.7,69.27
1/29/2026,10383.32,25363.32,0.68,69.31
1/30/2026,10401.05,25381.05,0.61,69.43
1/31/2026,10401.05,25381.05,0.61,69.43
2/1/2026,10401.05,25381.05,0.61,69.43
2/2/2026,10534.78,25514.78,0.08,70.33
2/3/2026,10336.78,25316.78,0.86,69
2/4/2026,10316.78,25296.78,0.94,68.87
2/5/2026,9777.52,24757.52,3.05,65.27
2/6/2026,10024.25,25004.25,2.08,66.92
2/7/2026,10024.25,25004.25,2.08,66.92
2/8/2026,10024.25,25004.25,2.08,66.92
2/9/2026,10133.98,25113.98,1.65,67.65
2/10/2026,10123.98,25103.98,1.69,67.58
2/11/2026,10164.98,25144.98,1.53,67.86
2/12/2026,9814.98,24794.98,2.9,65.52
2/13/2026,9822.98,24802.98,2.87,65.57
2/14/2026,9822.98,24802.98,2.87,65.57
2/15/2026,9822.98,24802.98,2.87,65.57
2/16/2026,9822.98,24802.98,2.87,65.57
2/17/2026,10259.71,25239.71,1.16,68.49
2/18/2026,10350.71,25330.71,0.81,69.1
2/19/2026,10339.71,25319.71,0.85,69.02
2/20/2026,10441.44,25421.440000000002,0.45,69.7
2/21/2026,10441.44,25421.440000000002,0.45,69.7
2/22/2026,10441.44,25421.440000000002,0.45,69.7
2/23/2026,10291.44,25271.440000000002,1.04,68.7
2/24/2026,10527.44,25507.440000000002,0.11,70.28
2/25/2026,10617.17,25597.17,0,70.88
2/26/2026,10593.17,25573.17,0.09,70.72
2/27/2026,10495.17,25475.17,0.48,70.06
2/28/2026,10495.17,25475.17,0.48,70.06
3/1/2026,10495.17,25475.17,0.48,70.06
3/2/2026,10617.17,25597.17,0,70.88
3/3/2026,10518.04,25498.04,0.39,70.21
3/4/2026,10516.9,25496.9,0.39,70.21
3/5/2026,10364.9,25344.9,0.99,69.19
3/6/2026,10064.9,25044.9,2.16,67.19
3/7/2026,10064.9,25044.9,2.16,67.19
3/8/2026,10064.9,25044.9,2.16,67.19
3/9/2026,10477.77,25457.77,0.54,69.95
3/10/2026,10476.63,25456.629999999997,0.55,69.94
3/11/2026,10536.51,25516.510000000002,0.32,70.34
3/12/2026,10536.51,25516.510000000002,0.32,70.34
3/13/2026,10536.51,25516.510000000002,0.32,70.34
3/14/2026,10536.51,25516.510000000002,0.32,70.34
3/15/2026,10536.51,25516.510000000002,0.32,70.34
3/16/2026,10536.51,25516.510000000002,0.32,70.34
3/17/2026,10535.36,25515.36,0.32,70.33
3/18/2026,10299.36,25279.36,1.24,68.75
3/19/2026,10353.24,25333.239999999998,1.03,69.11
3/20/2026,10353.24,25333.239999999998,1.03,69.11
3/21/2026,10353.24,25333.239999999998,1.03,69.11
3/22/2026,10353.24,25333.239999999998,1.03,69.11
3/23/2026,10353.24,25333.239999999998,1.03,69.11
3/24/2026,10353.24,25333.239999999998,1.03,69.11
3/25/2026,10353.24,25333.239999999998,1.03,69.11
3/26/2026,10353.24,25333.239999999998,1.03,69.11
3/27/2026,10353.24,25333.239999999998,1.03,69.11
3/28/2026,10353.24,25333.239999999998,1.03,69.11
3/29/2026,10353.24,25333.239999999998,1.03,69.11
3/30/2026,10353.24,25333.239999999998,1.03,69.11
3/31/2026,10353.24,25333.239999999998,1.03,69.11
4/1/2026,10352.09,25332.09,1.04,69.11
4/2/2026,10378.97,25358.97,0.93,69.29
4/3/2026,10378.97,25358.97,0.93,69.29
4/4/2026,10378.97,25358.97,0.93,69.29
4/5/2026,10378.97,25358.97,0.93,69.29
4/6/2026,10377.83,25357.83,0.94,69.28
4/7/2026,10289.83,25269.83,1.28,68.69
4/8/2026,10607.56,25587.559999999998,0.04,70.81
4/9/2026,10757.29,25737.29,0,71.81
4/10/2026,10763.29,25743.29,0,71.85
4/11/2026,10763.29,25743.29,0,71.85
4/12/2026,10763.29,25743.29,0,71.85
4/13/2026,10882.02,25862.02,0,72.64
4/14/2026,11006.75,25986.75,0,73.48
4/15/2026,11107.75,26087.75,0,74.15
4/16/2026,11151.48,26131.48,0,74.44
4/17/2026,11270.21,26250.21,0,75.24
4/18/2026,11270.21,26250.21,0,75.24
4/19/2026,11270.21,26250.21,0,75.24
4/20/2026,11238.21,26218.21,0.12,75.02
4/21/2026,11082.21,26062.21,0.72,73.98
4/22/2026,11387.94,26367.940000000002,0,76.02
4/23/2026,11335.94,26315.940000000002,0.2,75.67
4/24/2026,11499.67,26479.67,0,76.77
4/25/2026,11499.67,26479.67,0,76.77
4/26/2026,11499.67,26479.67,0,76.77
4/27/2026,11594.67,26574.67,0,77.4
4/28/2026,11591.67,26571.67,0.01,77.38
4/29/2026,11598.67,26578.67,0,77.43
4/30/2026,11702.4,26682.4,0,78.12
5/1/2026,11784.4,26764.4,0,78.67
5/2/2026,11784.4,26764.4,0,78.67
5/3/2026,11784.4,26764.4,0,78.67
5/4/2026,11735.4,26715.4,0.18,78.34
5/5/2026,11849.14,26829.14,0,79.1
5/6/2026,11942.87,26922.870000000003,0,79.73
5/7/2026,11940.87,26920.870000000003,0.01,79.71
5/8/2026,12055.6,27035.6,0,80.48
5/9/2026,12055.6,27035.6,0,80.48
5/10/2026,12055.6,27035.6,0,80.48
5/11/2026,12095.6,27075.6,0,80.74
5/12/2026,12139.6,27119.6,0,81.04
5/13/2026,12195.33,27175.33,0,81.41
5/14/2026,12282.33,27262.33,0,81.99
5/15/2026,12193.33,27173.33,0.33,81.4
5/16/2026,12193.33,27173.33,0.33,81.4
5/17/2026,12193.33,27173.33,0.33,81.4
5/18/2026,12231.33,27211.33,0.19,81.65
5/19/2026,12195.33,27175.33,0.32,81.41
5/20/2026,12364.06,27344.059999999998,0,82.54
5/21/2026,12443.06,27423.059999999998,0,83.06
5/22/2026,12482.79,27462.79,0,83.33
5/23/2026,12482.79,27462.79,0,83.33
5/24/2026,12482.79,27462.79,0,83.33
5/25/2026,12482.79,27462.79,0,83.33
5/26/2026,12604.52,27584.52,0,84.14
5/27/2026,12667.52,27647.52,0,84.56
5/28/2026,12734.25,27714.25,0,85.01
5/29/2026,12734.25,27714.25,0,85.01
5/30/2026,12734.25,27714.25,0,85.01
5/31/2026,12734.25,27714.25,0,85.01
6/1/2026,12825.98,27805.98,0,85.62
6/2/2026,12868.98,27848.98,0,85.91
6/3/2026,12822.98,27802.98,0.17,85.6
6/4/2026,12927.71,27907.71,0,86.3
6/5/2026,11941.45,26921.45,3.53,79.72
6/6/2026,11941.45,26921.45,3.53,79.72
6/7/2026,11941.45,26921.45,3.53,79.72
6/8/2026,12083.18,27063.18,3.03,80.66
6/9/2026,11918.18,26898.18,3.62,79.56
6/10/2026,11718.18,26698.18,4.33,78.23
6/11/2026,12177.18,27157.18,2.69,81.29
6/12/2026,12254.91,27234.91,2.41,81.81
6/13/2026,12254.91,27234.91,2.41,81.81
6/14/2026,12254.91,27234.91,2.41,81.81
6/15/2026,12442.64,27422.64,1.74,83.06
6/16/2026,12388.64,27368.64,1.93,82.7
6/17/2026,11949.64,26929.64,3.5,79.77
6/18/2026,12523.64,27503.64,1.45,83.6
6/19/2026,12523.64,27503.64,1.45,83.6
6/20/2026,12523.64,27503.64,1.45,83.6
6/21/2026,12523.64,27503.64,1.45,83.6
6/22/2026,12622.37,27602.370000000003,1.09,84.26
6/23/2026,12393.37,27373.370000000003,1.91,82.73
6/24/2026,12352.37,27332.370000000003,2.06,82.46
6/25/2026,12470.37,27450.370000000003,1.64,83.25
6/26/2026,12653.37,27633.370000000003,0.98,84.47
6/27/2026,12653.37,27633.370000000003,0.98,84.47
6/28/2026,12653.37,27633.370000000003,0.98,84.47
6/29/2026,12827.1,27807.1,0.36,85.63
6/30/2026,12938.83,27918.83,0,86.37
7/1/2026,12979.83,27959.83,0,86.65
7/2/2026,12967.83,27947.83,0.04,86.57
7/3/2026,12967.83,27947.83,0.04,86.57
7/4/2026,12967.83,27947.83,0.04,86.57
7/5/2026,12967.83,27947.83,0.04,86.57
7/6/2026,13076.56,28056.559999999998,0,87.29
7/7/2026,12959.56,27939.559999999998,0.42,86.51
7/8/2026,12903.56,27883.559999999998,0.62,86.14
7/9/2026,13137.56,28117.559999999998,0,87.7
7/10/2026,13191.29,28171.29,0,88.06
7/11/2026,13191.29,28171.29,0,88.06
7/12/2026,13191.29,28171.29,0,88.06
7/13/2026,13013.29,27993.29,0.63,86.87
7/14/2026,13199.29,28179.29,0,88.11
7/15/2026,13267.02,28247.02,0,88.56
7/16/2026,13121.02,28101.02,0.52,87.59
7/17/2026,12956.02,27936.02,1.1,86.49
7/18/2026,12956.02,27936.02,1.1,86.49
7/19/2026,12956.02,27936.02,1.1,86.49
7/20/2026,13020.02,28000.02,0.87,86.92
7/21/2026,13327.02,28307.02,0,88.97
7/22/2026,13394.76,28374.760000000002,0,89.42
7/23/2026,13008.76,27988.760000000002,1.36,86.84
7/24/2026,13008.76,27988.760000000002,1.36,86.84
7/25/2026,13008.76,27988.760000000002,1.36,86.84
7/26/2026,13008.76,27988.760000000002,1.36,86.84
7/27/2026,13297.76,28277.760000000002,0.34,88.77
7/28/2026,13440.76,28420.760000000002,0,89.72
7/29/2026,12919.76,27899.760000000002,1.83,86.25
