Date,Time,Trade No.,Type,Instrument,Price,Quantity,Value,Effect,Fees
1/2/2013,2:45:00 PM CST,1,sell to open,SPY $143 put exp. 1/11/2013,30,1,30,credit,1.142
1/4/2013,2:45:00 PM CST,1,buy to close,SPY $143 put exp. 1/11/2013,13,1,13,debit,0.127
1/4/2013,2:45:00 PM CST,2,sell to open,SPY $144.5 put exp. 1/11/2013,30,1,30,credit,1.142
1/9/2013,2:45:00 PM CST,2,buy to close,SPY $144.5 put exp. 1/11/2013,10,1,10,debit,0.127
1/9/2013,2:45:00 PM CST,3,sell to open,SPY $144 put exp. 1/19/2013,36,1,36,credit,1.142
1/11/2013,2:45:00 PM CST,3,buy to close,SPY $144 put exp. 1/19/2013,14,1,14,debit,0.127
1/11/2013,2:45:00 PM CST,4,sell to open,SPY $145 put exp. 1/19/2013,24,1,24,credit,1.142
1/17/2013,2:45:00 PM CST,4,buy to close,SPY $145 put exp. 1/19/2013,4,1,4,debit,0.127
1/17/2013,2:45:00 PM CST,5,sell to open,SPY $146 put exp. 1/25/2013,35,1,35,credit,1.142
1/22/2013,2:45:00 PM CST,5,buy to close,SPY $146 put exp. 1/25/2013,7,1,7,debit,0.127
1/22/2013,2:45:00 PM CST,6,sell to open,SPY $147 put exp. 2/1/2013,32,1,32,credit,1.142
1/28/2013,2:45:00 PM CST,6,buy to close,SPY $147 put exp. 2/1/2013,11,1,11,debit,0.127
1/28/2013,2:45:00 PM CST,7,sell to open,SPY $148 put exp. 2/1/2013,21,1,21,credit,1.142
2/1/2013,2:45:00 PM CST,7,buy to close,SPY $148 put exp. 2/1/2013,1,1,1,debit,0.127
2/1/2013,2:45:00 PM CST,8,sell to open,SPY $149 put exp. 2/8/2013,22,1,22,credit,1.142
2/6/2013,2:45:00 PM CST,8,buy to close,SPY $149 put exp. 2/8/2013,8,1,8,debit,0.127
2/6/2013,2:45:00 PM CST,9,sell to open,SPY $149 put exp. 2/16/2013,41,1,41,credit,1.142
2/11/2013,2:45:00 PM CST,9,buy to close,SPY $149 put exp. 2/16/2013,16,1,16,debit,0.127
2/11/2013,2:45:00 PM CST,10,sell to open,SPY $150 put exp. 2/16/2013,24,1,24,credit,1.142
2/13/2013,2:45:00 PM CST,10,buy to close,SPY $150 put exp. 2/16/2013,8,1,8,debit,0.127
2/13/2013,2:45:00 PM CST,11,sell to open,SPY $150 put exp. 2/22/2013,33,1,33,credit,1.142
2/19/2013,2:45:00 PM CST,11,buy to close,SPY $150 put exp. 2/22/2013,6,1,6,debit,0.127
2/19/2013,2:45:00 PM CST,12,sell to open,SPY $151 put exp. 3/1/2013,39,1,39,credit,1.142
2/25/2013,2:45:00 PM CST,12,buy to close,SPY $151 put exp. 3/1/2013,244,1,244,debit,0.127
2/25/2013,2:45:00 PM CST,13,sell to open,SPY $146 put exp. 3/1/2013,49,1,49,credit,1.142
2/26/2013,2:45:00 PM CST,13,buy to close,SPY $146 put exp. 3/1/2013,17,1,17,debit,0.127
2/26/2013,2:45:00 PM CST,14,sell to open,SPY $146 put exp. 3/8/2013,58,1,58,credit,1.142
2/27/2013,2:45:00 PM CST,14,buy to close,SPY $146 put exp. 3/8/2013,21,1,21,debit,0.127
2/27/2013,2:45:00 PM CST,15,sell to open,SPY $149 put exp. 3/8/2013,47,1,47,credit,1.142
3/4/2013,2:45:00 PM CST,15,buy to close,SPY $149 put exp. 3/8/2013,11,1,11,debit,0.127
3/4/2013,2:45:00 PM CST,16,sell to open,SPY $151.5 put exp. 3/8/2013,30,1,30,credit,1.142
3/5/2013,2:45:00 PM CST,16,buy to close,SPY $151.5 put exp. 3/8/2013,11,1,11,debit,0.127
3/5/2013,2:45:00 PM CST,17,sell to open,SPY $151 put exp. 3/16/2013,44,1,44,credit,1.142
3/8/2013,2:45:00 PM CST,17,buy to close,SPY $151 put exp. 3/16/2013,12,1,12,debit,0.127
3/8/2013,2:45:00 PM CST,18,sell to open,SPY $153 put exp. 3/16/2013,30,1,30,credit,1.142
3/13/2013,2:45:00 PM CDT,18,buy to close,SPY $153 put exp. 3/16/2013,7,1,7,debit,0.127
3/13/2013,2:45:00 PM CDT,19,sell to open,SPY $153 put exp. 3/22/2013,34,1,34,credit,1.142
3/15/2013,2:45:00 PM CDT,19,buy to close,SPY $153 put exp. 3/22/2013,15,1,15,debit,0.127
3/15/2013,2:45:00 PM CDT,20,sell to open,SPY $154 put exp. 3/22/2013,25,1,25,credit,1.142
3/22/2013,2:45:00 PM CDT,20,buy to close,SPY $154 put exp. 3/22/2013,1,1,1,debit,0.127
3/22/2013,2:45:00 PM CDT,21,sell to open,SPY $153 put exp. 3/28/2013,41,1,41,credit,1.142
3/26/2013,2:45:00 PM CDT,21,buy to close,SPY $153 put exp. 3/28/2013,6,1,6,debit,0.127
3/26/2013,2:45:00 PM CDT,22,sell to open,SPY $153 put exp. 4/5/2013,33,1,33,credit,1.142
4/1/2013,2:45:00 PM CDT,22,buy to close,SPY $153 put exp. 4/5/2013,14,1,14,debit,0.127
4/1/2013,2:45:00 PM CDT,23,sell to open,SPY $154 put exp. 4/5/2013,24,1,24,credit,1.142
4/2/2013,2:45:00 PM CDT,23,buy to close,SPY $154 put exp. 4/5/2013,9,1,9,debit,0.127
4/2/2013,2:45:00 PM CDT,24,sell to open,SPY $154 put exp. 4/12/2013,35,1,35,credit,1.142
4/9/2013,2:45:00 PM CDT,24,buy to close,SPY $154 put exp. 4/12/2013,10,1,10,debit,0.127
4/9/2013,2:45:00 PM CDT,25,sell to open,SPY $154 put exp. 4/20/2013,42,1,42,credit,1.142
4/10/2013,2:45:00 PM CDT,25,buy to close,SPY $154 put exp. 4/20/2013,14,1,14,debit,0.127
4/10/2013,2:45:00 PM CDT,26,sell to open,SPY $156 put exp. 4/20/2013,31,1,31,credit,1.142
4/15/2013,2:45:00 PM CDT,26,buy to close,SPY $156 put exp. 4/20/2013,193,1,193,debit,0.127
4/15/2013,2:45:00 PM CDT,27,sell to open,SPY $151 put exp. 4/20/2013,50,1,50,credit,1.142
4/16/2013,2:45:00 PM CDT,27,buy to close,SPY $151 put exp. 4/20/2013,7,1,7,debit,0.127
4/16/2013,2:45:00 PM CDT,28,sell to open,SPY $154 put exp. 4/26/2013,46,1,46,credit,1.142
4/23/2013,2:45:00 PM CDT,28,buy to close,SPY $154 put exp. 4/26/2013,8,1,8,debit,0.127
4/23/2013,2:45:00 PM CDT,29,sell to open,SPY $154 put exp. 5/3/2013,32,1,32,credit,1.142
4/29/2013,2:45:00 PM CDT,29,buy to close,SPY $154 put exp. 5/3/2013,9,1,9,debit,0.127
4/29/2013,2:45:00 PM CDT,30,sell to open,SPY $157 put exp. 5/3/2013,27,1,27,credit,1.142
5/2/2013,2:45:00 PM CDT,30,buy to close,SPY $157 put exp. 5/3/2013,5,1,5,debit,0.127
5/2/2013,2:45:00 PM CDT,31,sell to open,SPY $157 put exp. 5/10/2013,39,1,39,credit,1.142
5/3/2013,2:45:00 PM CDT,31,buy to close,SPY $157 put exp. 5/10/2013,11,1,11,debit,0.127
5/3/2013,2:45:00 PM CDT,32,sell to open,SPY $159 put exp. 5/10/2013,28,1,28,credit,1.142
5/7/2013,2:45:00 PM CDT,32,buy to close,SPY $159 put exp. 5/10/2013,7,1,7,debit,0.127
5/7/2013,2:45:00 PM CDT,33,sell to open,SPY $160 put exp. 5/18/2013,40,1,40,credit,1.142
5/10/2013,2:45:00 PM CDT,33,buy to close,SPY $160 put exp. 5/18/2013,18,1,18,debit,0.127
5/10/2013,2:45:00 PM CDT,34,sell to open,SPY $161.5 put exp. 5/18/2013,32,1,32,credit,1.142
5/14/2013,2:45:00 PM CDT,34,buy to close,SPY $161.5 put exp. 5/18/2013,10,1,10,debit,0.127
5/14/2013,2:45:00 PM CDT,35,sell to open,SPY $162 put exp. 5/24/2013,41,1,41,credit,1.142
5/17/2013,2:45:00 PM CDT,35,buy to close,SPY $162 put exp. 5/24/2013,13,1,13,debit,0.127
5/17/2013,2:45:00 PM CDT,36,sell to open,SPY $164.5 put exp. 5/24/2013,36,1,36,credit,1.142
5/24/2013,2:45:00 PM CDT,36,buy to close,SPY $164.5 put exp. 5/24/2013,1,1,1,debit,0.127
5/24/2013,2:45:00 PM CDT,37,sell to open,SPY $163 put exp. 5/31/2013,32,1,32,credit,1.142
5/30/2013,2:45:00 PM CDT,37,buy to close,SPY $163 put exp. 5/31/2013,5,1,5,debit,0.127
5/30/2013,2:45:00 PM CDT,38,sell to open,SPY $162.5 put exp. 6/7/2013,42,1,42,credit,1.142
6/7/2013,2:45:00 PM CDT,38,buy to close,SPY $162.5 put exp. 6/7/2013,1,1,1,debit,0.127
6/7/2013,2:45:00 PM CDT,39,sell to open,SPY $161.5 put exp. 6/14/2013,35,1,35,credit,1.142
6/13/2013,2:45:00 PM CDT,39,buy to close,SPY $161.5 put exp. 6/14/2013,6,1,6,debit,0.127
6/13/2013,2:45:00 PM CDT,40,sell to open,SPY $161 put exp. 6/22/2013,67,1,67,credit,1.142
6/18/2013,2:45:00 PM CDT,40,buy to close,SPY $161 put exp. 6/22/2013,27,1,27,debit,0.127
6/18/2013,2:45:00 PM CDT,41,sell to open,SPY $162 put exp. 6/28/2013,88,1,88,credit,1.142
6/20/2013,2:45:00 PM CDT,41,buy to close,SPY $162 put exp. 6/28/2013,380,1,380,debit,0.127
6/20/2013,2:45:00 PM CDT,42,sell to open,SPY $155 put exp. 6/28/2013,95,1,95,credit,1.142
6/25/2013,2:45:00 PM CDT,42,buy to close,SPY $155 put exp. 6/28/2013,27,1,27,debit,0.127
6/25/2013,2:45:00 PM CDT,43,sell to open,SPY $154 put exp. 7/5/2013,61,1,61,credit,1.142
6/26/2013,2:45:00 PM CDT,43,buy to close,SPY $154 put exp. 7/5/2013,28,1,28,debit,0.127
6/26/2013,2:45:00 PM CDT,44,sell to open,SPY $156 put exp. 7/5/2013,51,1,51,credit,1.142
7/1/2013,2:45:00 PM CDT,44,buy to close,SPY $156 put exp. 7/5/2013,9,1,9,debit,0.127
7/1/2013,2:45:00 PM CDT,45,sell to open,SPY $158.5 put exp. 7/5/2013,32,1,32,credit,1.142
7/3/2013,2:45:00 PM CDT,45,buy to close,SPY $158.5 put exp. 7/5/2013,13,1,13,debit,0.127
7/3/2013,2:45:00 PM CDT,46,sell to open,SPY $158 put exp. 7/12/2013,54,1,54,credit,1.142
7/5/2013,2:45:00 PM CDT,46,buy to close,SPY $158 put exp. 7/12/2013,12,1,12,debit,0.127
7/5/2013,2:45:00 PM CDT,47,sell to open,SPY $160.5 put exp. 7/12/2013,34,1,34,credit,1.142
7/9/2013,2:45:00 PM CDT,47,buy to close,SPY $160.5 put exp. 7/12/2013,6,1,6,debit,0.127
7/9/2013,2:45:00 PM CDT,48,sell to open,SPY $162 put exp. 7/20/2013,50,1,50,credit,1.142
7/11/2013,2:45:00 PM CDT,48,buy to close,SPY $162 put exp. 7/20/2013,15,1,15,debit,0.127
7/11/2013,2:45:00 PM CDT,49,sell to open,SPY $164.5 put exp. 7/20/2013,37,1,37,credit,1.142
7/15/2013,2:45:00 PM CDT,49,buy to close,SPY $164.5 put exp. 7/20/2013,14,1,14,debit,0.127
7/15/2013,2:45:00 PM CDT,50,sell to open,SPY $166 put exp. 7/20/2013,29,1,29,credit,1.142
7/17/2013,2:45:00 PM CDT,50,buy to close,SPY $166 put exp. 7/20/2013,12,1,12,debit,0.127
7/17/2013,2:45:00 PM CDT,51,sell to open,SPY $165 put exp. 7/26/2013,37,1,37,credit,1.142
7/19/2013,2:45:00 PM CDT,51,buy to close,SPY $165 put exp. 7/26/2013,11,1,11,debit,0.127
7/19/2013,2:45:00 PM CDT,52,sell to open,SPY $167 put exp. 7/26/2013,27,1,27,credit,1.142
7/25/2013,2:45:00 PM CDT,52,buy to close,SPY $167 put exp. 7/26/2013,6,1,6,debit,0.127
7/25/2013,2:45:00 PM CDT,53,sell to open,SPY $166 put exp. 8/2/2013,39,1,39,credit,1.142
7/31/2013,2:45:00 PM CDT,53,buy to close,SPY $166 put exp. 8/2/2013,13,1,13,debit,0.127
7/31/2013,2:45:00 PM CDT,54,sell to open,SPY $166 put exp. 8/9/2013,46,1,46,credit,1.142
8/1/2013,2:45:00 PM CDT,54,buy to close,SPY $166 put exp. 8/9/2013,18,1,18,debit,0.127
8/1/2013,2:45:00 PM CDT,55,sell to open,SPY $168 put exp. 8/9/2013,39,1,39,credit,1.142
8/2/2013,2:45:00 PM CDT,55,buy to close,SPY $168 put exp. 8/9/2013,17,1,17,debit,0.127
8/2/2013,2:45:00 PM CDT,56,sell to open,SPY $169 put exp. 8/9/2013,29,1,29,credit,1.142
8/9/2013,2:45:00 PM CDT,56,buy to close,SPY $169 put exp. 8/9/2013,2,1,2,debit,0.127
8/9/2013,2:45:00 PM CDT,57,sell to open,SPY $166.5 put exp. 8/17/2013,39,1,39,credit,1.142
8/13/2013,2:45:00 PM CDT,57,buy to close,SPY $166.5 put exp. 8/17/2013,10,1,10,debit,0.127
8/13/2013,2:45:00 PM CDT,58,sell to open,SPY $167 put exp. 8/23/2013,51,1,51,credit,1.142
8/19/2013,2:45:00 PM CDT,58,buy to close,SPY $167 put exp. 8/23/2013,226,1,226,debit,0.127
8/19/2013,2:45:00 PM CDT,59,sell to open,SPY $162.5 put exp. 8/23/2013,34,1,34,credit,1.142
8/20/2013,2:45:00 PM CDT,59,buy to close,SPY $162.5 put exp. 8/23/2013,14,1,14,debit,0.127
8/20/2013,2:45:00 PM CDT,60,sell to open,SPY $162 put exp. 8/30/2013,48,1,48,credit,1.142
8/23/2013,2:45:00 PM CDT,60,buy to close,SPY $162 put exp. 8/30/2013,11,1,11,debit,0.127
8/23/2013,2:45:00 PM CDT,61,sell to open,SPY $164.5 put exp. 8/30/2013,31,1,31,credit,1.142
8/27/2013,2:45:00 PM CDT,61,buy to close,SPY $164.5 put exp. 8/30/2013,157,1,157,debit,0.127
8/27/2013,2:45:00 PM CDT,62,sell to open,SPY $159 put exp. 9/6/2013,44,1,44,credit,1.142
9/3/2013,2:45:00 PM CDT,62,buy to close,SPY $159 put exp. 9/6/2013,7,1,7,debit,0.127
9/3/2013,2:45:00 PM CDT,63,sell to open,SPY $160.5 put exp. 9/13/2013,51,1,51,credit,1.142
9/4/2013,2:45:00 PM CDT,63,buy to close,SPY $160.5 put exp. 9/13/2013,23,1,23,debit,0.127
9/4/2013,2:45:00 PM CDT,64,sell to open,SPY $162.5 put exp. 9/13/2013,45,1,45,credit,1.142
9/9/2013,2:45:00 PM CDT,64,buy to close,SPY $162.5 put exp. 9/13/2013,9,1,9,debit,0.127
9/9/2013,2:45:00 PM CDT,65,sell to open,SPY $165.5 put exp. 9/13/2013,35,1,35,credit,1.142
9/10/2013,2:45:00 PM CDT,65,buy to close,SPY $165.5 put exp. 9/13/2013,10,1,10,debit,0.127
9/10/2013,2:45:00 PM CDT,66,sell to open,SPY $165 put exp. 9/21/2013,54,1,54,credit,1.142
9/13/2013,2:45:00 PM CDT,66,buy to close,SPY $165 put exp. 9/21/2013,25,1,25,debit,0.127
9/13/2013,2:45:00 PM CDT,67,sell to open,SPY $166 put exp. 9/21/2013,38,1,38,credit,1.142
9/17/2013,2:45:00 PM CDT,67,buy to close,SPY $166 put exp. 9/21/2013,15,1,15,debit,0.127
9/17/2013,2:45:00 PM CDT,68,sell to open,SPY $166.5 put exp. 9/27/2013,47,1,47,credit,1.142
9/18/2013,2:45:00 PM CDT,68,buy to close,SPY $166.5 put exp. 9/27/2013,16,1,16,debit,0.127
9/18/2013,2:45:00 PM CDT,69,sell to open,SPY $169 put exp. 9/27/2013,40,1,40,credit,1.142
9/26/2013,2:45:00 PM CDT,69,buy to close,SPY $169 put exp. 9/27/2013,15,1,15,debit,0.127
9/26/2013,2:45:00 PM CDT,70,sell to open,SPY $166.5 put exp. 10/4/2013,39,1,39,credit,1.142
10/1/2013,2:45:00 PM CDT,70,buy to close,SPY $166.5 put exp. 10/4/2013,14,1,14,debit,0.127
10/1/2013,2:45:00 PM CDT,71,sell to open,SPY $166 put exp. 10/11/2013,52,1,52,credit,1.142
10/10/2013,2:45:00 PM CDT,71,buy to close,SPY $166 put exp. 10/11/2013,6,1,6,debit,0.127
10/10/2013,2:45:00 PM CDT,72,sell to open,SPY $165 put exp. 10/19/2013,52,1,52,credit,1.142
10/14/2013,2:45:00 PM CDT,72,buy to close,SPY $165 put exp. 10/19/2013,24,1,24,debit,0.127
10/14/2013,2:45:00 PM CDT,73,sell to open,SPY $167.5 put exp. 10/19/2013,42,1,42,credit,1.142
10/16/2013,2:45:00 PM CDT,73,buy to close,SPY $167.5 put exp. 10/19/2013,12,1,12,debit,0.127
10/16/2013,2:45:00 PM CDT,74,sell to open,SPY $168 put exp. 10/25/2013,50,1,50,credit,1.142
10/17/2013,2:45:00 PM CDT,74,buy to close,SPY $168 put exp. 10/25/2013,16,1,16,debit,0.127
10/17/2013,2:45:00 PM CDT,75,sell to open,SPY $170.5 put exp. 10/25/2013,35,1,35,credit,1.142
10/21/2013,2:45:00 PM CDT,75,buy to close,SPY $170.5 put exp. 10/25/2013,11,1,11,debit,0.127
10/21/2013,2:45:00 PM CDT,76,sell to open,SPY $172.5 put exp. 10/25/2013,28,1,28,credit,1.142
10/22/2013,2:45:00 PM CDT,76,buy to close,SPY $172.5 put exp. 10/25/2013,12,1,12,debit,0.127
10/22/2013,2:45:00 PM CDT,77,sell to open,SPY $172.5 put exp. 11/1/2013,41,1,41,credit,1.142
10/25/2013,2:45:00 PM CDT,77,buy to close,SPY $172.5 put exp. 11/1/2013,18,1,18,debit,0.127
10/25/2013,2:45:00 PM CDT,78,sell to open,SPY $173.5 put exp. 11/1/2013,29,1,29,credit,1.142
10/29/2013,2:45:00 PM CDT,78,buy to close,SPY $173.5 put exp. 11/1/2013,10,1,10,debit,0.127
10/29/2013,2:45:00 PM CDT,79,sell to open,SPY $174 put exp. 11/8/2013,42,1,42,credit,1.142
11/4/2013,2:45:00 PM CST,79,buy to close,SPY $174 put exp. 11/8/2013,16,1,16,debit,0.127
11/4/2013,2:45:00 PM CST,80,sell to open,SPY $175 put exp. 11/8/2013,29,1,29,credit,1.142
11/6/2013,2:45:00 PM CST,80,buy to close,SPY $175 put exp. 11/8/2013,13,1,13,debit,0.127
11/6/2013,2:45:00 PM CST,81,sell to open,SPY $174 put exp. 11/16/2013,34,1,34,credit,1.142
11/12/2013,2:45:00 PM CST,81,buy to close,SPY $174 put exp. 11/16/2013,14,1,14,debit,0.127
11/12/2013,2:45:00 PM CST,82,sell to open,SPY $174 put exp. 11/22/2013,49,1,49,credit,1.142
11/14/2013,2:45:00 PM CST,82,buy to close,SPY $174 put exp. 11/22/2013,15,1,15,debit,0.127
11/14/2013,2:45:00 PM CST,83,sell to open,SPY $176.5 put exp. 11/22/2013,33,1,33,credit,1.142
11/18/2013,2:45:00 PM CST,83,buy to close,SPY $176.5 put exp. 11/22/2013,15,1,15,debit,0.127
11/18/2013,2:45:00 PM CST,84,sell to open,SPY $177.5 put exp. 11/22/2013,26,1,26,credit,1.142
11/21/2013,2:45:00 PM CST,84,buy to close,SPY $177.5 put exp. 11/22/2013,4,1,4,debit,0.127
11/21/2013,2:45:00 PM CST,85,sell to open,SPY $178 put exp. 11/29/2013,33,1,33,credit,1.142
11/25/2013,2:45:00 PM CST,85,buy to close,SPY $178 put exp. 11/29/2013,9,1,9,debit,0.127
11/25/2013,2:45:00 PM CST,86,sell to open,SPY $179.5 put exp. 11/29/2013,23,1,23,credit,1.142
11/27/2013,2:45:00 PM CST,86,buy to close,SPY $179.5 put exp. 11/29/2013,8,1,8,debit,0.127
11/27/2013,2:45:00 PM CST,87,sell to open,SPY $178.5 put exp. 12/6/2013,41,1,41,credit,1.142
12/6/2013,2:45:00 PM CST,87,buy to close,SPY $178.5 put exp. 12/6/2013,1,1,1,debit,0.127
12/6/2013,2:45:00 PM CST,88,sell to open,SPY $178.5 put exp. 12/13/2013,32,1,32,credit,1.142
12/13/2013,3:00:00 PM CST,88,exercise,SPY $178.5 put exp. 12/13/2013,0,1,0,debit,5
12/13/2013,3:00:00 PM CST,88,assignment,SPY shares,178.5,100,17850,debit,0
12/13/2013,3:00:00 PM CST,88,sell to close,SPY shares,178.11,100,17811,credit,0
12/16/2013,2:45:00 PM CST,89,sell to open,SPY $175 put exp. 12/21/2013,48,1,48,credit,1.142
12/18/2013,2:45:00 PM CST,89,buy to close,SPY $175 put exp. 12/21/2013,7,1,7,debit,0.127
12/18/2013,2:45:00 PM CST,90,sell to open,SPY $178 put exp. 12/27/2013,45,1,45,credit,1.142
12/20/2013,2:45:00 PM CST,90,buy to close,SPY $178 put exp. 12/27/2013,18,1,18,debit,0.127
12/20/2013,2:45:00 PM CST,91,sell to open,SPY $179.5 put exp. 12/27/2013,29,1,29,credit,1.142
12/23/2013,2:45:00 PM CST,91,buy to close,SPY $179.5 put exp. 12/27/2013,9,1,9,debit,0.127
12/23/2013,2:45:00 PM CST,92,sell to open,SPY $180 put exp. 12/31/2013,30,1,30,credit,1.142
12/26/2013,2:45:00 PM CST,92,buy to close,SPY $180 put exp. 12/31/2013,9,1,9,debit,0.127
12/26/2013,2:45:00 PM CST,93,sell to open,SPY $181.5 put exp. 1/3/2014,31,1,31,credit,1.142
12/31/2013,2:45:00 PM CST,93,buy to close,SPY $181.5 put exp. 1/3/2014,8,1,8,debit,0.127
12/31/2013,2:45:00 PM CST,94,sell to open,SPY $181.5 put exp. 1/10/2014,45,1,45,credit,1.142
1/8/2014,2:45:00 PM CST,94,buy to close,SPY $181.5 put exp. 1/10/2014,13,1,13,debit,0.127
1/8/2014,2:45:00 PM CST,95,sell to open,SPY $181 put exp. 1/18/2014,41,1,41,credit,1.142
1/10/2014,2:45:00 PM CST,95,buy to close,SPY $181 put exp. 1/18/2014,18,1,18,debit,0.127
1/10/2014,2:45:00 PM CST,96,sell to open,SPY $182 put exp. 1/18/2014,30,1,30,credit,1.142
1/15/2014,2:45:00 PM CST,96,buy to close,SPY $182 put exp. 1/18/2014,7,1,7,debit,0.127
1/15/2014,2:45:00 PM CST,97,sell to open,SPY $182 put exp. 1/24/2014,37,1,37,credit,1.142
1/22/2014,2:45:00 PM CST,97,buy to close,SPY $182 put exp. 1/24/2014,7,1,7,debit,0.127
1/22/2014,2:45:00 PM CST,98,sell to open,SPY $181 put exp. 1/31/2014,40,1,40,credit,1.142
1/24/2014,2:45:00 PM CST,98,buy to close,SPY $181 put exp. 1/31/2014,304,1,304,debit,0.127
1/24/2014,2:45:00 PM CST,99,sell to open,SPY $174.5 put exp. 1/31/2014,69,1,69,credit,1.142
1/28/2014,2:45:00 PM CST,99,buy to close,SPY $174.5 put exp. 1/31/2014,13,1,13,debit,0.127
1/28/2014,2:45:00 PM CST,100,sell to open,SPY $175 put exp. 2/7/2014,60,1,60,credit,1.142
2/7/2014,2:45:00 PM CST,100,buy to close,SPY $175 put exp. 2/7/2014,1,1,1,debit,0.127
2/7/2014,2:45:00 PM CST,101,sell to open,SPY $176.5 put exp. 2/14/2014,44,1,44,credit,1.142
2/11/2014,2:45:00 PM CST,101,buy to close,SPY $176.5 put exp. 2/14/2014,5,1,5,debit,0.127
2/11/2014,2:45:00 PM CST,102,sell to open,SPY $178 put exp. 2/22/2014,42,1,42,credit,1.142
2/14/2014,2:45:00 PM CST,102,buy to close,SPY $178 put exp. 2/22/2014,7,1,7,debit,0.127
2/14/2014,2:45:00 PM CST,103,sell to open,SPY $181.5 put exp. 2/22/2014,26,1,26,credit,1.142
2/20/2014,2:45:00 PM CST,103,buy to close,SPY $181.5 put exp. 2/22/2014,5,1,5,debit,0.127
2/20/2014,2:45:00 PM CST,104,sell to open,SPY $181 put exp. 2/28/2014,37,1,37,credit,1.142
2/24/2014,2:45:00 PM CST,104,buy to close,SPY $181 put exp. 2/28/2014,13,1,13,debit,0.127
2/24/2014,2:45:00 PM CST,105,sell to open,SPY $183 put exp. 2/28/2014,32,1,32,credit,1.142
2/27/2014,2:45:00 PM CST,105,buy to close,SPY $183 put exp. 2/28/2014,3,1,3,debit,0.127
2/27/2014,2:45:00 PM CST,106,sell to open,SPY $183 put exp. 3/7/2014,40,1,40,credit,1.142
3/4/2014,2:45:00 PM CST,106,buy to close,SPY $183 put exp. 3/7/2014,9,1,9,debit,0.127
3/4/2014,2:45:00 PM CST,107,sell to open,SPY $184 put exp. 3/14/2014,46,1,46,credit,1.142
3/10/2014,2:45:00 PM CDT,107,buy to close,SPY $184 put exp. 3/14/2014,11,1,11,debit,0.127
3/10/2014,2:45:00 PM CDT,108,sell to open,SPY $186 put exp. 3/14/2014,28,1,28,credit,1.142
3/14/2014,2:45:00 PM CDT,108,buy to close,SPY $186 put exp. 3/14/2014,124,1,124,debit,0.127
3/14/2014,2:45:00 PM CDT,109,sell to open,SPY $179 put exp. 3/22/2014,74,1,74,credit,1.142
3/17/2014,2:45:00 PM CDT,109,buy to close,SPY $179 put exp. 3/22/2014,14,1,14,debit,0.127
3/17/2014,2:45:00 PM CDT,110,sell to open,SPY $183 put exp. 3/22/2014,48,1,48,credit,1.142
3/18/2014,2:45:00 PM CDT,110,buy to close,SPY $183 put exp. 3/22/2014,16,1,16,debit,0.127
3/18/2014,2:45:00 PM CDT,111,sell to open,SPY $183 put exp. 3/28/2014,55,1,55,credit,1.142
3/25/2014,2:45:00 PM CDT,111,buy to close,SPY $183 put exp. 3/28/2014,14,1,14,debit,0.127
3/25/2014,2:45:00 PM CDT,112,sell to open,SPY $184 put exp. 3/31/2014,37,1,37,credit,1.142
3/31/2014,2:45:00 PM CDT,112,buy to close,SPY $184 put exp. 3/31/2014,1,1,1,debit,0.127
3/31/2014,2:45:00 PM CDT,113,sell to open,SPY $184 put exp. 4/4/2014,33,1,33,credit,1.142
4/1/2014,2:45:00 PM CDT,113,buy to close,SPY $184 put exp. 4/4/2014,8,1,8,debit,0.127
4/1/2014,2:45:00 PM CDT,114,sell to open,SPY $185 put exp. 4/11/2014,48,1,48,credit,1.142
4/9/2014,2:45:00 PM CDT,114,buy to close,SPY $185 put exp. 4/11/2014,16,1,16,debit,0.127
4/9/2014,2:45:00 PM CDT,115,sell to open,SPY $184 put exp. 4/19/2014,43,1,43,credit,1.142
4/10/2014,2:45:00 PM CDT,115,buy to close,SPY $184 put exp. 4/19/2014,191,1,191,debit,0.127
4/10/2014,2:45:00 PM CDT,116,sell to open,SPY $179.5 put exp. 4/19/2014,54,1,54,credit,1.142
4/14/2014,2:45:00 PM CDT,116,buy to close,SPY $179.5 put exp. 4/19/2014,23,1,23,debit,0.127
4/14/2014,2:45:00 PM CDT,117,sell to open,SPY $180.5 put exp. 4/19/2014,37,1,37,credit,1.142
4/15/2014,2:45:00 PM CDT,117,buy to close,SPY $180.5 put exp. 4/19/2014,12,1,12,debit,0.127
4/15/2014,2:45:00 PM CDT,118,sell to open,SPY $180.5 put exp. 4/25/2014,57,1,57,credit,1.142
4/17/2014,2:45:00 PM CDT,118,buy to close,SPY $180.5 put exp. 4/25/2014,13,1,13,debit,0.127
4/17/2014,2:45:00 PM CDT,119,sell to open,SPY $183.5 put exp. 4/25/2014,37,1,37,credit,1.142
4/21/2014,2:45:00 PM CDT,119,buy to close,SPY $183.5 put exp. 4/25/2014,15,1,15,debit,0.127
4/21/2014,2:45:00 PM CDT,120,sell to open,SPY $184.5 put exp. 4/25/2014,25,1,25,credit,1.142
4/22/2014,2:45:00 PM CDT,120,buy to close,SPY $184.5 put exp. 4/25/2014,8,1,8,debit,0.127
4/22/2014,2:45:00 PM CDT,121,sell to open,SPY $184.5 put exp. 5/2/2014,48,1,48,credit,1.142
4/29/2014,2:45:00 PM CDT,121,buy to close,SPY $184.5 put exp. 5/2/2014,22,1,22,debit,0.127
4/29/2014,2:45:00 PM CDT,122,sell to open,SPY $184 put exp. 5/9/2014,52,1,52,credit,1.142
5/2/2014,2:45:00 PM CDT,122,buy to close,SPY $184 put exp. 5/9/2014,19,1,19,debit,0.127
5/2/2014,2:45:00 PM CDT,123,sell to open,SPY $185.5 put exp. 5/9/2014,35,1,35,credit,1.142
5/7/2014,2:45:00 PM CDT,123,buy to close,SPY $185.5 put exp. 5/9/2014,15,1,15,debit,0.127
5/7/2014,2:45:00 PM CDT,124,sell to open,SPY $185 put exp. 5/17/2014,54,1,54,credit,1.142
5/12/2014,2:45:00 PM CDT,124,buy to close,SPY $185 put exp. 5/17/2014,8,1,8,debit,0.127
5/12/2014,2:45:00 PM CDT,125,sell to open,SPY $188 put exp. 5/17/2014,30,1,30,credit,1.142
5/16/2014,2:45:00 PM CDT,125,buy to close,SPY $188 put exp. 5/17/2014,2,1,2,debit,0.127
5/16/2014,2:45:00 PM CDT,126,sell to open,SPY $185.5 put exp. 5/23/2014,34,1,34,credit,1.142
5/19/2014,2:45:00 PM CDT,126,buy to close,SPY $185.5 put exp. 5/23/2014,13,1,13,debit,0.127
5/19/2014,2:45:00 PM CDT,127,sell to open,SPY $187 put exp. 5/23/2014,29,1,29,credit,1.142
5/21/2014,2:45:00 PM CDT,127,buy to close,SPY $187 put exp. 5/23/2014,11,1,11,debit,0.127
5/21/2014,2:45:00 PM CDT,128,sell to open,SPY $186.5 put exp. 5/30/2014,37,1,37,credit,1.142
5/23/2014,2:45:00 PM CDT,128,buy to close,SPY $186.5 put exp. 5/30/2014,12,1,12,debit,0.127
5/23/2014,2:45:00 PM CDT,129,sell to open,SPY $188 put exp. 5/30/2014,24,1,24,credit,1.142
5/27/2014,2:45:00 PM CDT,129,buy to close,SPY $188 put exp. 5/30/2014,8,1,8,debit,0.127
5/27/2014,2:45:00 PM CDT,130,sell to open,SPY $188.5 put exp. 6/6/2014,39,1,39,credit,1.142
5/30/2014,2:45:00 PM CDT,130,buy to close,SPY $188.5 put exp. 6/6/2014,12,1,12,debit,0.127
5/30/2014,2:45:00 PM CDT,131,sell to open,SPY $190.5 put exp. 6/6/2014,29,1,29,credit,1.142
6/5/2014,2:45:00 PM CDT,131,buy to close,SPY $190.5 put exp. 6/6/2014,3,1,3,debit,0.127
6/5/2014,2:45:00 PM CDT,132,sell to open,SPY $192 put exp. 6/13/2014,38,1,38,credit,1.142
6/6/2014,2:45:00 PM CDT,132,buy to close,SPY $192 put exp. 6/13/2014,12,1,12,debit,0.127
6/6/2014,2:45:00 PM CDT,133,sell to open,SPY $193.5 put exp. 6/13/2014,27,1,27,credit,1.142
6/10/2014,2:45:00 PM CDT,133,buy to close,SPY $193.5 put exp. 6/13/2014,12,1,12,debit,0.127
6/10/2014,2:45:00 PM CDT,134,sell to open,SPY $192 put exp. 6/21/2014,35,1,35,credit,1.142
6/18/2014,2:45:00 PM CDT,134,buy to close,SPY $192 put exp. 6/21/2014,6,1,6,debit,0.127
6/18/2014,2:45:00 PM CDT,135,sell to open,SPY $193 put exp. 6/27/2014,38,1,38,credit,1.142
6/23/2014,2:45:00 PM CDT,135,buy to close,SPY $193 put exp. 6/27/2014,13,1,13,debit,0.127
6/23/2014,2:45:00 PM CDT,136,sell to open,SPY $194 put exp. 6/30/2014,32,1,32,credit,1.142
6/27/2014,2:45:00 PM CDT,136,buy to close,SPY $194 put exp. 6/30/2014,8,1,8,debit,0.127
6/27/2014,2:45:00 PM CDT,137,sell to open,SPY $193.5 put exp. 7/3/2014,29,1,29,credit,1.142
7/1/2014,2:45:00 PM CDT,137,buy to close,SPY $193.5 put exp. 7/3/2014,5,1,5,debit,0.127
7/1/2014,2:45:00 PM CDT,138,sell to open,SPY $194.5 put exp. 7/11/2014,36,1,36,credit,1.142
7/3/2014,2:45:00 PM CDT,138,buy to close,SPY $194.5 put exp. 7/11/2014,13,1,13,debit,0.127
7/3/2014,2:45:00 PM CDT,139,sell to open,SPY $196.5 put exp. 7/11/2014,30,1,30,credit,1.142
7/11/2014,2:45:00 PM CDT,139,buy to close,SPY $196.5 put exp. 7/11/2014,1,1,1,debit,0.127
7/11/2014,2:45:00 PM CDT,140,sell to open,SPY $194 put exp. 7/19/2014,33,1,33,credit,1.142
7/14/2014,2:45:00 PM CDT,140,buy to close,SPY $194 put exp. 7/19/2014,14,1,14,debit,0.127
7/14/2014,2:45:00 PM CDT,141,sell to open,SPY $195.5 put exp. 7/19/2014,25,1,25,credit,1.142
7/16/2014,2:45:00 PM CDT,141,buy to close,SPY $195.5 put exp. 7/19/2014,9,1,9,debit,0.127
7/16/2014,2:45:00 PM CDT,142,sell to open,SPY $195.5 put exp. 7/25/2014,41,1,41,credit,1.142
7/22/2014,2:45:00 PM CDT,142,buy to close,SPY $195.5 put exp. 7/25/2014,16,1,16,debit,0.127
7/22/2014,2:45:00 PM CDT,143,sell to open,SPY $195 put exp. 8/1/2014,52,1,52,credit,1.142
8/1/2014,2:45:00 PM CDT,143,buy to close,SPY $195 put exp. 8/1/2014,266,1,266,debit,0.127
8/1/2014,2:45:00 PM CDT,144,sell to open,SPY $187.5 put exp. 8/8/2014,60,1,60,credit,1.142
8/4/2014,2:45:00 PM CDT,144,buy to close,SPY $187.5 put exp. 8/8/2014,13,1,13,debit,0.127
8/4/2014,2:45:00 PM CDT,145,sell to open,SPY $191 put exp. 8/8/2014,39,1,39,credit,1.142
8/8/2014,2:45:00 PM CDT,145,buy to close,SPY $191 put exp. 8/8/2014,1,1,1,debit,0.127
8/8/2014,2:45:00 PM CDT,146,sell to open,SPY $189.5 put exp. 8/16/2014,54,1,54,credit,1.142
8/11/2014,2:45:00 PM CDT,146,buy to close,SPY $189.5 put exp. 8/16/2014,20,1,20,debit,0.127
8/11/2014,2:45:00 PM CDT,147,sell to open,SPY $191 put exp. 8/16/2014,35,1,35,credit,1.142
8/13/2014,2:45:00 PM CDT,147,buy to close,SPY $191 put exp. 8/16/2014,5,1,5,debit,0.127
8/13/2014,2:45:00 PM CDT,148,sell to open,SPY $192 put exp. 8/22/2014,52,1,52,credit,1.142
8/18/2014,2:45:00 PM CDT,148,buy to close,SPY $192 put exp. 8/22/2014,9,1,9,debit,0.127
8/18/2014,2:45:00 PM CDT,149,sell to open,SPY $195.5 put exp. 8/22/2014,36,1,36,credit,1.142
8/19/2014,2:45:00 PM CDT,149,buy to close,SPY $195.5 put exp. 8/22/2014,14,1,14,debit,0.127
8/19/2014,2:45:00 PM CDT,150,sell to open,SPY $195.5 put exp. 8/29/2014,46,1,46,credit,1.142
8/22/2014,2:45:00 PM CDT,150,buy to close,SPY $195.5 put exp. 8/29/2014,15,1,15,debit,0.127
8/22/2014,2:45:00 PM CDT,151,sell to open,SPY $196.5 put exp. 8/29/2014,23,1,23,credit,1.142
8/25/2014,2:45:00 PM CDT,151,buy to close,SPY $196.5 put exp. 8/29/2014,10,1,10,debit,0.127
8/25/2014,2:45:00 PM CDT,152,sell to open,SPY $198 put exp. 8/29/2014,21,1,21,credit,1.142
8/27/2014,2:45:00 PM CDT,152,buy to close,SPY $198 put exp. 8/29/2014,7,1,7,debit,0.127
8/27/2014,2:45:00 PM CDT,153,sell to open,SPY $197 put exp. 9/5/2014,26,1,26,credit,1.142
9/2/2014,2:45:00 PM CDT,153,buy to close,SPY $197 put exp. 9/5/2014,9,1,9,debit,0.127
9/2/2014,2:45:00 PM CDT,154,sell to open,SPY $197 put exp. 9/12/2014,32,1,32,credit,1.142
9/5/2014,2:45:00 PM CDT,154,buy to close,SPY $197 put exp. 9/12/2014,14,1,14,debit,0.127
9/5/2014,2:45:00 PM CDT,155,sell to open,SPY $199 put exp. 9/12/2014,29,1,29,credit,1.142
9/11/2014,2:45:00 PM CDT,155,buy to close,SPY $199 put exp. 9/12/2014,7,1,7,debit,0.127
9/11/2014,2:45:00 PM CDT,156,sell to open,SPY $196.5 put exp. 9/20/2014,49,1,49,credit,1.142
9/17/2014,2:45:00 PM CDT,156,buy to close,SPY $196.5 put exp. 9/20/2014,14,1,14,debit,0.127
9/17/2014,2:45:00 PM CDT,157,sell to open,SPY $196.5 put exp. 9/26/2014,44,1,44,credit,1.142
9/19/2014,2:45:00 PM CDT,157,buy to close,SPY $196.5 put exp. 9/26/2014,13,1,13,debit,0.127
9/19/2014,2:45:00 PM CDT,158,sell to open,SPY $198.5 put exp. 9/26/2014,29,1,29,credit,1.142
9/23/2014,2:45:00 PM CDT,158,buy to close,SPY $198.5 put exp. 9/26/2014,131,1,131,debit,0.127
9/23/2014,2:45:00 PM CDT,159,sell to open,SPY $194 put exp. 9/30/2014,44,1,44,credit,1.142
9/24/2014,2:45:00 PM CDT,159,buy to close,SPY $194 put exp. 9/30/2014,13,1,13,debit,0.127
9/24/2014,2:45:00 PM CDT,160,sell to open,SPY $197 put exp. 9/30/2014,36,1,36,credit,1.142
9/30/2014,2:45:00 PM CDT,160,buy to close,SPY $197 put exp. 9/30/2014,6,1,6,debit,0.127
9/30/2014,2:45:00 PM CDT,161,sell to open,SPY $192 put exp. 10/10/2014,69,1,69,credit,1.142
10/3/2014,2:45:00 PM CDT,161,buy to close,SPY $192 put exp. 10/10/2014,30,1,30,debit,0.127
10/3/2014,2:45:00 PM CDT,162,sell to open,SPY $193 put exp. 10/10/2014,42,1,42,credit,1.142
10/8/2014,2:45:00 PM CDT,162,buy to close,SPY $193 put exp. 10/10/2014,12,1,12,debit,0.127
10/8/2014,2:45:00 PM CDT,163,sell to open,SPY $193 put exp. 10/18/2014,61,1,61,credit,1.142
10/10/2014,2:45:00 PM CDT,163,buy to close,SPY $193 put exp. 10/18/2014,362,1,362,debit,0.127
10/10/2014,2:45:00 PM CDT,164,sell to open,SPY $185.5 put exp. 10/18/2014,85,1,85,credit,1.142
10/15/2014,2:45:00 PM CDT,164,buy to close,SPY $185.5 put exp. 10/18/2014,130,1,130,debit,0.127
10/17/2014,2:45:00 PM CDT,165,sell to open,SPY $183.5 put exp. 10/24/2014,83,1,83,credit,1.142
10/20/2014,2:45:00 PM CDT,165,buy to close,SPY $183.5 put exp. 10/24/2014,23,1,23,debit,0.127
10/20/2014,2:45:00 PM CDT,166,sell to open,SPY $186.5 put exp. 10/24/2014,53,1,53,credit,1.142
10/21/2014,2:45:00 PM CDT,166,buy to close,SPY $186.5 put exp. 10/24/2014,9,1,9,debit,0.127
10/21/2014,2:45:00 PM CDT,167,sell to open,SPY $188.5 put exp. 10/31/2014,68,1,68,credit,1.142
10/24/2014,2:45:00 PM CDT,167,buy to close,SPY $188.5 put exp. 10/31/2014,16,1,16,debit,0.127
10/24/2014,2:45:00 PM CDT,168,sell to open,SPY $192.5 put exp. 10/31/2014,47,1,47,credit,1.142
10/28/2014,2:45:00 PM CDT,168,buy to close,SPY $192.5 put exp. 10/31/2014,8,1,8,debit,0.127
10/28/2014,2:45:00 PM CDT,169,sell to open,SPY $194.5 put exp. 11/7/2014,61,1,61,credit,1.142
10/31/2014,2:45:00 PM CDT,169,buy to close,SPY $194.5 put exp. 11/7/2014,13,1,13,debit,0.127
10/31/2014,2:45:00 PM CDT,170,sell to open,SPY $198.5 put exp. 11/7/2014,47,1,47,credit,1.142
11/5/2014,2:45:00 PM CST,170,buy to close,SPY $198.5 put exp. 11/7/2014,9,1,9,debit,0.127
11/5/2014,2:45:00 PM CST,171,sell to open,SPY $199 put exp. 11/14/2014,57,1,57,credit,1.142
11/7/2014,2:45:00 PM CST,171,buy to close,SPY $199 put exp. 11/14/2014,18,1,18,debit,0.127
11/7/2014,2:45:00 PM CST,172,sell to open,SPY $200.5 put exp. 11/14/2014,31,1,31,credit,1.142
11/10/2014,2:45:00 PM CST,172,buy to close,SPY $200.5 put exp. 11/14/2014,14,1,14,debit,0.127
11/10/2014,2:45:00 PM CST,173,sell to open,SPY $202 put exp. 11/14/2014,29,1,29,credit,1.142
11/13/2014,2:45:00 PM CST,173,buy to close,SPY $202 put exp. 11/14/2014,10,1,10,debit,0.127
11/13/2014,2:45:00 PM CST,174,sell to open,SPY $201 put exp. 11/22/2014,41,1,41,credit,1.142
11/18/2014,2:45:00 PM CST,174,buy to close,SPY $201 put exp. 11/22/2014,8,1,8,debit,0.127
11/18/2014,2:45:00 PM CST,175,sell to open,SPY $202.5 put exp. 11/28/2014,41,1,41,credit,1.142
11/21/2014,2:45:00 PM CST,175,buy to close,SPY $202.5 put exp. 11/28/2014,13,1,13,debit,0.127
11/21/2014,2:45:00 PM CST,176,sell to open,SPY $204.5 put exp. 11/28/2014,27,1,27,credit,1.142
11/24/2014,2:45:00 PM CST,176,buy to close,SPY $204.5 put exp. 11/28/2014,11,1,11,debit,0.127
11/24/2014,2:45:00 PM CST,177,sell to open,SPY $205.5 put exp. 11/28/2014,18,1,18,credit,1.142
11/26/2014,2:45:00 PM CST,177,buy to close,SPY $205.5 put exp. 11/28/2014,4,1,4,debit,0.127
11/26/2014,2:45:00 PM CST,178,sell to open,SPY $205 put exp. 12/5/2014,41,1,41,credit,1.142
12/3/2014,2:45:00 PM CST,178,buy to close,SPY $205 put exp. 12/5/2014,14,1,14,debit,0.127
12/3/2014,2:45:00 PM CST,179,sell to open,SPY $205 put exp. 12/12/2014,51,1,51,credit,1.142
12/10/2014,2:45:00 PM CST,179,buy to close,SPY $205 put exp. 12/12/2014,233,1,233,debit,0.127
12/10/2014,2:45:00 PM CST,180,sell to open,SPY $195.5 put exp. 12/20/2014,85,1,85,credit,1.142
12/17/2014,2:45:00 PM CST,180,buy to close,SPY $195.5 put exp. 12/20/2014,17,1,17,debit,0.127
12/17/2014,2:45:00 PM CST,181,sell to open,SPY $196.5 put exp. 12/26/2014,73,1,73,credit,1.142
12/18/2014,2:45:00 PM CST,181,buy to close,SPY $196.5 put exp. 12/26/2014,15,1,15,debit,0.127
12/18/2014,2:45:00 PM CST,182,sell to open,SPY $204 put exp. 12/26/2014,103,1,103,credit,1.142
12/19/2014,2:45:00 PM CST,182,buy to close,SPY $204 put exp. 12/26/2014,49,1,49,debit,0.127
12/19/2014,2:45:00 PM CST,183,sell to open,SPY $203.5 put exp. 12/26/2014,40,1,40,credit,1.142
12/22/2014,2:45:00 PM CST,183,buy to close,SPY $203.5 put exp. 12/26/2014,13,1,13,debit,0.127
12/22/2014,2:45:00 PM CST,184,sell to open,SPY $204 put exp. 12/31/2014,38,1,38,credit,1.142
12/26/2014,2:45:00 PM CST,184,buy to close,SPY $204 put exp. 12/31/2014,15,1,15,debit,0.127
12/26/2014,2:45:00 PM CST,185,sell to open,SPY $206 put exp. 1/2/2015,42,1,42,credit,1.142
1/2/2015,3:00:00 PM CST,185,exercise,SPY $206 put exp. 1/2/2015,0,1,0,debit,5
1/2/2015,3:00:00 PM CST,185,assignment,SPY shares,206,100,20600,debit,0
1/2/2015,3:00:00 PM CST,185,sell to close,SPY shares,205.43,100,20543,credit,0
1/5/2015,2:45:00 PM CST,186,sell to open,SPY $198 put exp. 1/9/2015,52,1,52,credit,1.142
1/7/2015,2:45:00 PM CST,186,buy to close,SPY $198 put exp. 1/9/2015,19,1,19,debit,0.127
1/7/2015,2:45:00 PM CST,187,sell to open,SPY $197.5 put exp. 1/17/2015,75,1,75,credit,1.142
1/8/2015,2:45:00 PM CST,187,buy to close,SPY $197.5 put exp. 1/17/2015,22,1,22,debit,0.127
1/8/2015,2:45:00 PM CST,188,sell to open,SPY $201.5 put exp. 1/17/2015,59,1,59,credit,1.142
1/15/2015,2:45:00 PM CST,188,buy to close,SPY $201.5 put exp. 1/17/2015,269,1,269,debit,0.127
1/15/2015,2:45:00 PM CST,189,sell to open,SPY $193 put exp. 1/23/2015,90,1,90,credit,1.142
1/16/2015,2:45:00 PM CST,189,buy to close,SPY $193 put exp. 1/23/2015,36,1,36,debit,0.127
1/16/2015,2:45:00 PM CST,190,sell to open,SPY $196.5 put exp. 1/23/2015,78,1,78,credit,1.142
1/20/2015,2:45:00 PM CST,190,buy to close,SPY $196.5 put exp. 1/23/2015,35,1,35,debit,0.127
1/20/2015,2:45:00 PM CST,191,sell to open,SPY $195.5 put exp. 1/30/2015,91,1,91,credit,1.142
1/22/2015,2:45:00 PM CST,191,buy to close,SPY $195.5 put exp. 1/30/2015,15,1,15,debit,0.127
1/22/2015,2:45:00 PM CST,192,sell to open,SPY $201.5 put exp. 1/30/2015,58,1,58,credit,1.142
1/26/2015,2:45:00 PM CST,192,buy to close,SPY $201.5 put exp. 1/30/2015,24,1,24,debit,0.127
1/26/2015,2:45:00 PM CST,193,sell to open,SPY $203 put exp. 1/30/2015,42,1,42,credit,1.142
1/28/2015,2:45:00 PM CST,193,buy to close,SPY $203 put exp. 1/30/2015,311,1,311,debit,0.127
1/28/2015,2:45:00 PM CST,194,sell to open,SPY $194 put exp. 2/6/2015,80,1,80,credit,1.142
1/29/2015,2:45:00 PM CST,194,buy to close,SPY $194 put exp. 2/6/2015,38,1,38,debit,0.127
1/29/2015,2:45:00 PM CST,195,sell to open,SPY $197 put exp. 2/6/2015,77,1,77,credit,1.142
2/3/2015,2:45:00 PM CST,195,buy to close,SPY $197 put exp. 2/6/2015,8,1,8,debit,0.127
2/3/2015,2:45:00 PM CST,196,sell to open,SPY $199.5 put exp. 2/13/2015,68,1,68,credit,1.142
2/9/2015,2:45:00 PM CST,196,buy to close,SPY $199.5 put exp. 2/13/2015,28,1,28,debit,0.127
2/9/2015,2:45:00 PM CST,197,sell to open,SPY $201 put exp. 2/13/2015,47,1,47,credit,1.142
2/10/2015,2:45:00 PM CST,197,buy to close,SPY $201 put exp. 2/13/2015,12,1,12,debit,0.127
2/10/2015,2:45:00 PM CST,198,sell to open,SPY $202.5 put exp. 2/20/2015,70,1,70,credit,1.142
2/12/2015,2:45:00 PM CST,198,buy to close,SPY $202.5 put exp. 2/20/2015,17,1,17,debit,0.127
2/12/2015,2:45:00 PM CST,199,sell to open,SPY $205.5 put exp. 2/20/2015,44,1,44,credit,1.142
2/17/2015,2:45:00 PM CST,199,buy to close,SPY $205.5 put exp. 2/20/2015,16,1,16,debit,0.127
2/17/2015,2:45:00 PM CST,200,sell to open,SPY $206 put exp. 2/27/2015,59,1,59,credit,1.142
2/20/2015,2:45:00 PM CST,200,buy to close,SPY $206 put exp. 2/27/2015,20,1,20,debit,0.127
2/20/2015,2:45:00 PM CST,201,sell to open,SPY $208.5 put exp. 2/27/2015,42,1,42,credit,1.142
2/24/2015,2:45:00 PM CST,201,buy to close,SPY $208.5 put exp. 2/27/2015,12,1,12,debit,0.127
2/24/2015,2:45:00 PM CST,202,sell to open,SPY $208.5 put exp. 3/6/2015,47,1,47,credit,1.142
3/2/2015,2:45:00 PM CST,202,buy to close,SPY $208.5 put exp. 3/6/2015,16,1,16,debit,0.127
3/2/2015,2:45:00 PM CST,203,sell to open,SPY $210 put exp. 3/6/2015,31,1,31,credit,1.142
3/6/2015,2:45:00 PM CST,203,buy to close,SPY $210 put exp. 3/6/2015,263,1,263,debit,0.127
3/6/2015,2:45:00 PM CST,204,sell to open,SPY $203.5 put exp. 3/13/2015,54,1,54,credit,1.142
3/9/2015,2:45:00 PM CDT,204,buy to close,SPY $203.5 put exp. 3/13/2015,18,1,18,debit,0.127
3/9/2015,2:45:00 PM CDT,205,sell to open,SPY $205.5 put exp. 3/13/2015,41,1,41,credit,1.142
3/10/2015,2:45:00 PM CDT,205,buy to close,SPY $205.5 put exp. 3/13/2015,171,1,171,debit,0.127
3/10/2015,2:45:00 PM CDT,206,sell to open,SPY $199.5 put exp. 3/20/2015,86,1,86,credit,1.142
3/12/2015,2:45:00 PM CDT,206,buy to close,SPY $199.5 put exp. 3/20/2015,28,1,28,debit,0.127
3/12/2015,2:45:00 PM CDT,207,sell to open,SPY $202.5 put exp. 3/20/2015,69,1,69,credit,1.142
3/17/2015,2:45:00 PM CDT,207,buy to close,SPY $202.5 put exp. 3/20/2015,32,1,32,debit,0.127
3/17/2015,2:45:00 PM CDT,208,sell to open,SPY $203.5 put exp. 3/27/2015,100,1,100,credit,1.142
3/18/2015,2:45:00 PM CDT,208,buy to close,SPY $203.5 put exp. 3/27/2015,33,1,33,debit,0.127
3/18/2015,2:45:00 PM CDT,209,sell to open,SPY $207.5 put exp. 3/27/2015,92,1,92,credit,1.142
3/20/2015,2:45:00 PM CDT,209,buy to close,SPY $207.5 put exp. 3/27/2015,33,1,33,debit,0.127
3/20/2015,2:45:00 PM CDT,210,sell to open,SPY $207.5 put exp. 3/27/2015,33,1,33,credit,1.142
3/25/2015,2:45:00 PM CDT,210,buy to close,SPY $207.5 put exp. 3/27/2015,192,1,192,debit,0.127
3/25/2015,2:45:00 PM CDT,211,sell to open,SPY $202 put exp. 4/2/2015,63,1,63,credit,1.142
3/30/2015,2:45:00 PM CDT,211,buy to close,SPY $202 put exp. 4/2/2015,6,1,6,debit,0.127
3/30/2015,2:45:00 PM CDT,212,sell to open,SPY $203.5 put exp. 4/10/2015,65,1,65,credit,1.142
4/6/2015,2:45:00 PM CDT,212,buy to close,SPY $203.5 put exp. 4/10/2015,24,1,24,debit,0.127
4/6/2015,2:45:00 PM CDT,213,sell to open,SPY $205 put exp. 4/10/2015,43,1,43,credit,1.142
4/8/2015,2:45:00 PM CDT,213,buy to close,SPY $205 put exp. 4/10/2015,14,1,14,debit,0.127
4/8/2015,2:45:00 PM CDT,214,sell to open,SPY $204.5 put exp. 4/17/2015,58,1,58,credit,1.142
4/10/2015,2:45:00 PM CDT,214,buy to close,SPY $204.5 put exp. 4/17/2015,12,1,12,debit,0.127
4/10/2015,2:45:00 PM CDT,215,sell to open,SPY $207.5 put exp. 4/17/2015,38,1,38,credit,1.142
4/15/2015,2:45:00 PM CDT,215,buy to close,SPY $207.5 put exp. 4/17/2015,10,1,10,debit,0.127
4/15/2015,2:45:00 PM CDT,216,sell to open,SPY $207.5 put exp. 4/24/2015,47,1,47,credit,1.142
4/22/2015,2:45:00 PM CDT,216,buy to close,SPY $207.5 put exp. 4/24/2015,11,1,11,debit,0.127
4/22/2015,2:45:00 PM CDT,217,sell to open,SPY $207 put exp. 5/1/2015,50,1,50,credit,1.142
4/24/2015,2:45:00 PM CDT,217,buy to close,SPY $207 put exp. 5/1/2015,19,1,19,debit,0.127
4/24/2015,2:45:00 PM CDT,218,sell to open,SPY $209 put exp. 5/1/2015,41,1,41,credit,1.142
5/1/2015,2:45:00 PM CDT,218,buy to close,SPY $209 put exp. 5/1/2015,1,1,1,debit,0.127
5/1/2015,2:45:00 PM CDT,219,sell to open,SPY $207.5 put exp. 5/8/2015,44,1,44,credit,1.142
5/4/2015,2:45:00 PM CDT,219,buy to close,SPY $207.5 put exp. 5/8/2015,19,1,19,debit,0.127
5/4/2015,2:45:00 PM CDT,220,sell to open,SPY $209 put exp. 5/8/2015,35,1,35,credit,1.142
5/6/2015,2:45:00 PM CDT,220,buy to close,SPY $209 put exp. 5/8/2015,186,1,186,debit,0.127
5/6/2015,2:45:00 PM CDT,221,sell to open,SPY $203 put exp. 5/15/2015,70,1,70,credit,1.142
5/8/2015,2:45:00 PM CDT,221,buy to close,SPY $203 put exp. 5/15/2015,7,1,7,debit,0.127
5/8/2015,2:45:00 PM CDT,222,sell to open,SPY $208.5 put exp. 5/15/2015,42,1,42,credit,1.142
5/14/2015,2:45:00 PM CDT,222,buy to close,SPY $208.5 put exp. 5/15/2015,4,1,4,debit,0.127
5/14/2015,2:45:00 PM CDT,223,sell to open,SPY $209 put exp. 5/22/2015,47,1,47,credit,1.142
5/18/2015,2:45:00 PM CDT,223,buy to close,SPY $209 put exp. 5/22/2015,15,1,15,debit,0.127
5/18/2015,2:45:00 PM CDT,224,sell to open,SPY $211 put exp. 5/22/2015,32,1,32,credit,1.142
5/21/2015,2:45:00 PM CDT,224,buy to close,SPY $211 put exp. 5/22/2015,5,1,5,debit,0.127
5/21/2015,2:45:00 PM CDT,225,sell to open,SPY $211 put exp. 5/29/2015,42,1,42,credit,1.142
5/27/2015,2:45:00 PM CDT,225,buy to close,SPY $211 put exp. 5/29/2015,18,1,18,debit,0.127
5/27/2015,2:45:00 PM CDT,226,sell to open,SPY $209 put exp. 6/5/2015,49,1,49,credit,1.142
6/5/2015,2:45:00 PM CDT,226,buy to close,SPY $209 put exp. 6/5/2015,2,1,2,debit,0.127
6/5/2015,2:45:00 PM CDT,227,sell to open,SPY $206 put exp. 6/12/2015,46,1,46,credit,1.142
6/10/2015,2:45:00 PM CDT,227,buy to close,SPY $206 put exp. 6/12/2015,6,1,6,debit,0.127
6/10/2015,2:45:00 PM CDT,228,sell to open,SPY $207 put exp. 6/19/2015,76,1,76,credit,1.142
6/17/2015,2:45:00 PM CDT,228,buy to close,SPY $207 put exp. 6/19/2015,28,1,28,debit,0.127
6/17/2015,2:45:00 PM CDT,229,sell to open,SPY $205 put exp. 6/26/2015,61,1,61,credit,1.142
6/18/2015,2:45:00 PM CDT,229,buy to close,SPY $205 put exp. 6/26/2015,25,1,25,debit,0.127
6/18/2015,2:45:00 PM CDT,230,sell to open,SPY $210 put exp. 6/26/2015,95,1,95,credit,1.142
6/23/2015,2:45:00 PM CDT,230,buy to close,SPY $210 put exp. 6/26/2015,32,1,32,debit,0.127
6/23/2015,2:45:00 PM CDT,231,sell to open,SPY $209 put exp. 6/30/2015,42,1,42,credit,1.142
6/29/2015,2:45:00 PM CDT,231,buy to close,SPY $209 put exp. 6/30/2015,340,1,340,debit,0.127
6/29/2015,2:45:00 PM CDT,232,sell to open,SPY $198 put exp. 7/10/2015,97,1,97,credit,1.142
7/1/2015,2:45:00 PM CDT,232,buy to close,SPY $198 put exp. 7/10/2015,28,1,28,debit,0.127
7/1/2015,2:45:00 PM CDT,233,sell to open,SPY $202 put exp. 7/10/2015,72,1,72,credit,1.142
7/7/2015,2:45:00 PM CDT,233,buy to close,SPY $202 put exp. 7/10/2015,16,1,16,debit,0.127
7/7/2015,2:45:00 PM CDT,234,sell to open,SPY $202.5 put exp. 7/17/2015,71,1,71,credit,1.142
7/13/2015,2:45:00 PM CDT,234,buy to close,SPY $202.5 put exp. 7/17/2015,11,1,11,debit,0.127
7/13/2015,2:45:00 PM CDT,235,sell to open,SPY $207 put exp. 7/17/2015,42,1,42,credit,1.142
7/14/2015,2:45:00 PM CDT,235,buy to close,SPY $207 put exp. 7/17/2015,18,1,18,debit,0.127
7/14/2015,2:45:00 PM CDT,236,sell to open,SPY $206.5 put exp. 7/24/2015,48,1,48,credit,1.142
7/16/2015,2:45:00 PM CDT,236,buy to close,SPY $206.5 put exp. 7/24/2015,17,1,17,debit,0.127
7/16/2015,2:45:00 PM CDT,237,sell to open,SPY $209.5 put exp. 7/24/2015,41,1,41,credit,1.142
7/24/2015,3:00:00 PM CDT,237,exercise,SPY $209.5 put exp. 7/24/2015,0,1,0,debit,5
7/24/2015,3:00:00 PM CDT,237,assignment,SPY shares,209.5,100,20950,debit,0
7/24/2015,3:00:00 PM CDT,237,sell to close,SPY shares,207.94,100,20794,credit,0
7/27/2015,2:45:00 PM CDT,238,sell to open,SPY $203 put exp. 7/31/2015,48,1,48,credit,1.142
7/28/2015,2:45:00 PM CDT,238,buy to close,SPY $203 put exp. 7/31/2015,7,1,7,debit,0.127
7/28/2015,2:45:00 PM CDT,239,sell to open,SPY $205 put exp. 8/7/2015,61,1,61,credit,1.142
7/30/2015,2:45:00 PM CDT,239,buy to close,SPY $205 put exp. 8/7/2015,21,1,21,debit,0.127
7/30/2015,2:45:00 PM CDT,240,sell to open,SPY $207.5 put exp. 8/7/2015,41,1,41,credit,1.142
8/7/2015,2:45:00 PM CDT,240,buy to close,SPY $207.5 put exp. 8/7/2015,4,1,4,debit,0.127
8/7/2015,2:45:00 PM CDT,241,sell to open,SPY $204.5 put exp. 8/14/2015,49,1,49,credit,1.142
8/10/2015,2:45:00 PM CDT,241,buy to close,SPY $204.5 put exp. 8/14/2015,7,1,7,debit,0.127
8/10/2015,2:45:00 PM CDT,242,sell to open,SPY $208 put exp. 8/14/2015,31,1,31,credit,1.142
8/14/2015,2:45:00 PM CDT,242,buy to close,SPY $208 put exp. 8/14/2015,1,1,1,debit,0.127
8/14/2015,2:45:00 PM CDT,243,sell to open,SPY $206 put exp. 8/21/2015,47,1,47,credit,1.142
8/17/2015,2:45:00 PM CDT,243,buy to close,SPY $206 put exp. 8/21/2015,17,1,17,debit,0.127
8/17/2015,2:45:00 PM CDT,244,sell to open,SPY $208 put exp. 8/21/2015,35,1,35,credit,1.142
8/20/2015,2:45:00 PM CDT,244,buy to close,SPY $208 put exp. 8/21/2015,385,1,385,debit,0.127
8/20/2015,2:45:00 PM CDT,245,sell to open,SPY $199 put exp. 8/28/2015,77,1,77,credit,1.142
8/21/2015,2:45:00 PM CDT,245,buy to close,SPY $199 put exp. 8/28/2015,381,1,381,debit,0.127
9/8/2015,2:45:00 PM CDT,246,sell to open,SPY $189.5 put exp. 9/18/2015,116,1,116,credit,1.142
9/9/2015,2:45:00 PM CDT,246,buy to close,SPY $189.5 put exp. 9/18/2015,195,1,195,debit,0.127
9/10/2015,2:45:00 PM CDT,247,sell to open,SPY $188.5 put exp. 9/18/2015,121,1,121,credit,1.142
9/15/2015,2:45:00 PM CDT,247,buy to close,SPY $188.5 put exp. 9/18/2015,23,1,23,debit,0.127
9/15/2015,2:45:00 PM CDT,248,sell to open,SPY $191 put exp. 9/25/2015,108,1,108,credit,1.142
9/21/2015,2:45:00 PM CDT,248,buy to close,SPY $191 put exp. 9/25/2015,34,1,34,debit,0.127
9/21/2015,2:45:00 PM CDT,249,sell to open,SPY $191 put exp. 9/30/2015,78,1,78,credit,1.142
9/28/2015,2:45:00 PM CDT,249,buy to close,SPY $191 put exp. 9/30/2015,328,1,328,debit,0.127
9/30/2015,2:45:00 PM CDT,250,sell to open,SPY $185.5 put exp. 10/9/2015,103,1,103,credit,1.142
10/2/2015,2:45:00 PM CDT,250,buy to close,SPY $185.5 put exp. 10/9/2015,20,1,20,debit,0.127
10/2/2015,2:45:00 PM CDT,251,sell to open,SPY $189.5 put exp. 10/9/2015,61,1,61,credit,1.142
10/5/2015,2:45:00 PM CDT,251,buy to close,SPY $189.5 put exp. 10/9/2015,13,1,13,debit,0.127
10/5/2015,2:45:00 PM CDT,252,sell to open,SPY $195 put exp. 10/9/2015,59,1,59,credit,1.142
10/7/2015,2:45:00 PM CDT,252,buy to close,SPY $195 put exp. 10/9/2015,16,1,16,debit,0.127
10/7/2015,2:45:00 PM CDT,253,sell to open,SPY $194.5 put exp. 10/16/2015,70,1,70,credit,1.142
10/9/2015,2:45:00 PM CDT,253,buy to close,SPY $194.5 put exp. 10/16/2015,23,1,23,debit,0.127
10/9/2015,2:45:00 PM CDT,254,sell to open,SPY $197.5 put exp. 10/16/2015,50,1,50,credit,1.142
10/15/2015,2:45:00 PM CDT,254,buy to close,SPY $197.5 put exp. 10/16/2015,4,1,4,debit,0.127
10/15/2015,2:45:00 PM CDT,255,sell to open,SPY $198.5 put exp. 10/23/2015,48,1,48,credit,1.142
10/19/2015,2:45:00 PM CDT,255,buy to close,SPY $198.5 put exp. 10/23/2015,14,1,14,debit,0.127
10/19/2015,2:45:00 PM CDT,256,sell to open,SPY $200.5 put exp. 10/23/2015,33,1,33,credit,1.142
10/22/2015,2:45:00 PM CDT,256,buy to close,SPY $200.5 put exp. 10/23/2015,3,1,3,debit,0.127
10/22/2015,2:45:00 PM CDT,257,sell to open,SPY $201 put exp. 10/30/2015,53,1,53,credit,1.142
10/23/2015,2:45:00 PM CDT,257,buy to close,SPY $201 put exp. 10/30/2015,18,1,18,debit,0.127
10/23/2015,2:45:00 PM CDT,258,sell to open,SPY $204.5 put exp. 10/30/2015,50,1,50,credit,1.142
10/28/2015,2:45:00 PM CDT,258,buy to close,SPY $204.5 put exp. 10/30/2015,8,1,8,debit,0.127
10/28/2015,2:45:00 PM CDT,259,sell to open,SPY $204.5 put exp. 11/6/2015,60,1,60,credit,1.142
11/2/2015,2:45:00 PM CST,259,buy to close,SPY $204.5 put exp. 11/6/2015,16,1,16,debit,0.127
11/2/2015,2:45:00 PM CST,260,sell to open,SPY $207.5 put exp. 11/6/2015,42,1,42,credit,1.142
11/6/2015,2:45:00 PM CST,260,buy to close,SPY $207.5 put exp. 11/6/2015,1,1,1,debit,0.127
11/6/2015,2:45:00 PM CST,261,sell to open,SPY $207 put exp. 11/13/2015,45,1,45,credit,1.142
11/12/2015,2:45:00 PM CST,261,buy to close,SPY $207 put exp. 11/13/2015,214,1,214,debit,0.127
11/12/2015,2:45:00 PM CST,262,sell to open,SPY $200 put exp. 11/20/2015,72,1,72,credit,1.142
11/16/2015,2:45:00 PM CST,262,buy to close,SPY $200 put exp. 11/20/2015,30,1,30,debit,0.127
11/16/2015,2:45:00 PM CST,263,sell to open,SPY $202 put exp. 11/20/2015,51,1,51,credit,1.142
11/18/2015,2:45:00 PM CST,263,buy to close,SPY $202 put exp. 11/20/2015,5,1,5,debit,0.127
11/18/2015,2:45:00 PM CST,264,sell to open,SPY $205 put exp. 11/27/2015,55,1,55,credit,1.142
11/23/2015,2:45:00 PM CST,264,buy to close,SPY $205 put exp. 11/27/2015,13,1,13,debit,0.127
11/23/2015,2:45:00 PM CST,265,sell to open,SPY $207 put exp. 11/27/2015,30,1,30,credit,1.142
11/25/2015,2:45:00 PM CST,265,buy to close,SPY $207 put exp. 11/27/2015,7,1,7,debit,0.127
11/25/2015,2:45:00 PM CST,266,sell to open,SPY $205.5 put exp. 12/4/2015,65,1,65,credit,1.142
12/1/2015,2:45:00 PM CST,266,buy to close,SPY $205.5 put exp. 12/4/2015,16,1,16,debit,0.127
12/1/2015,2:45:00 PM CST,267,sell to open,SPY $206.5 put exp. 12/11/2015,63,1,63,credit,1.142
12/3/2015,2:45:00 PM CST,267,buy to close,SPY $206.5 put exp. 12/11/2015,264,1,264,debit,0.127
12/3/2015,2:45:00 PM CST,268,sell to open,SPY $200.5 put exp. 12/11/2015,81,1,81,credit,1.142
12/4/2015,2:45:00 PM CST,268,buy to close,SPY $200.5 put exp. 12/11/2015,8,1,8,debit,0.127
12/4/2015,2:45:00 PM CST,269,sell to open,SPY $206.5 put exp. 12/11/2015,50,1,50,credit,1.142
12/9/2015,2:45:00 PM CST,269,buy to close,SPY $206.5 put exp. 12/11/2015,214,1,214,debit,0.127
12/14/2015,2:45:00 PM CST,270,sell to open,SPY $197 put exp. 12/19/2015,95,1,95,credit,1.142
12/15/2015,2:45:00 PM CST,270,buy to close,SPY $197 put exp. 12/19/2015,44,1,44,debit,0.127
12/15/2015,2:45:00 PM CST,271,sell to open,SPY $197.5 put exp. 12/24/2015,90,1,90,credit,1.142
12/16/2015,2:45:00 PM CST,271,buy to close,SPY $197.5 put exp. 12/24/2015,26,1,26,debit,0.127
12/16/2015,2:45:00 PM CST,272,sell to open,SPY $202 put exp. 12/24/2015,70,1,70,credit,1.142
12/23/2015,2:45:00 PM CST,272,buy to close,SPY $202 put exp. 12/24/2015,2,1,2,debit,0.127
12/23/2015,2:45:00 PM CST,273,sell to open,SPY $203 put exp. 12/31/2015,58,1,58,credit,1.142
12/29/2015,2:45:00 PM CST,273,buy to close,SPY $203 put exp. 12/31/2015,9,1,9,debit,0.127
12/29/2015,2:45:00 PM CST,274,sell to open,SPY $203 put exp. 1/8/2016,67,1,67,credit,1.142
1/4/2016,2:45:00 PM CST,274,buy to close,SPY $203 put exp. 1/8/2016,323,1,323,debit,0.127
1/4/2016,2:45:00 PM CST,275,sell to open,SPY $196.5 put exp. 1/8/2016,71,1,71,credit,1.142
1/8/2016,2:45:00 PM CST,275,buy to close,SPY $196.5 put exp. 1/8/2016,473,1,473,debit,0.127
1/11/2016,2:45:00 PM CST,276,sell to open,SPY $188 put exp. 1/15/2016,67,1,67,credit,1.142
1/12/2016,2:45:00 PM CST,276,buy to close,SPY $188 put exp. 1/15/2016,26,1,26,debit,0.127
1/12/2016,2:45:00 PM CST,277,sell to open,SPY $188 put exp. 1/22/2016,89,1,89,credit,1.142
1/13/2016,2:45:00 PM CST,277,buy to close,SPY $188 put exp. 1/22/2016,244,1,244,debit,0.127
1/14/2016,2:45:00 PM CST,278,sell to open,SPY $185.5 put exp. 1/22/2016,85,1,85,credit,1.142
1/15/2016,2:45:00 PM CST,278,buy to close,SPY $185.5 put exp. 1/22/2016,204,1,204,debit,0.127
1/22/2016,2:45:00 PM CST,279,sell to open,SPY $185 put exp. 1/29/2016,75,1,75,credit,1.142
1/28/2016,2:45:00 PM CST,279,buy to close,SPY $185 put exp. 1/29/2016,15,1,15,debit,0.127
1/28/2016,2:45:00 PM CST,280,sell to open,SPY $183.5 put exp. 2/5/2016,76,1,76,credit,1.142
1/29/2016,2:45:00 PM CST,280,buy to close,SPY $183.5 put exp. 2/5/2016,13,1,13,debit,0.127
1/29/2016,2:45:00 PM CST,281,sell to open,SPY $189 put exp. 2/5/2016,65,1,65,credit,1.142
2/5/2016,3:00:00 PM CST,281,exercise,SPY $189 put exp. 2/5/2016,0,1,0,debit,5
2/5/2016,3:00:00 PM CST,281,assignment,SPY shares,189,100,18900,debit,0
2/5/2016,3:00:00 PM CST,281,sell to close,SPY shares,187.95,100,18795,credit,0
2/16/2016,2:45:00 PM CST,282,sell to open,SPY $183.5 put exp. 2/26/2016,89,1,89,credit,1.142
2/17/2016,2:45:00 PM CST,282,buy to close,SPY $183.5 put exp. 2/26/2016,35,1,35,debit,0.127
2/17/2016,2:45:00 PM CST,283,sell to open,SPY $187.5 put exp. 2/26/2016,78,1,78,credit,1.142
2/22/2016,2:45:00 PM CST,283,buy to close,SPY $187.5 put exp. 2/26/2016,11,1,11,debit,0.127
2/22/2016,2:45:00 PM CST,284,sell to open,SPY $191.5 put exp. 2/26/2016,43,1,43,credit,1.142
2/25/2016,2:45:00 PM CST,284,buy to close,SPY $191.5 put exp. 2/26/2016,5,1,5,debit,0.127
2/25/2016,2:45:00 PM CST,285,sell to open,SPY $190.5 put exp. 3/4/2016,70,1,70,credit,1.142
3/1/2016,2:45:00 PM CST,285,buy to close,SPY $190.5 put exp. 3/4/2016,7,1,7,debit,0.127
3/1/2016,2:45:00 PM CST,286,sell to open,SPY $193 put exp. 3/11/2016,78,1,78,credit,1.142
3/3/2016,2:45:00 PM CST,286,buy to close,SPY $193 put exp. 3/11/2016,28,1,28,debit,0.127
3/3/2016,2:45:00 PM CST,287,sell to open,SPY $195.5 put exp. 3/11/2016,57,1,57,credit,1.142
3/7/2016,2:45:00 PM CST,287,buy to close,SPY $195.5 put exp. 3/11/2016,24,1,24,debit,0.127
3/7/2016,2:45:00 PM CST,288,sell to open,SPY $197 put exp. 3/11/2016,43,1,43,credit,1.142
3/10/2016,2:45:00 PM CST,288,buy to close,SPY $197 put exp. 3/11/2016,17,1,17,debit,0.127
3/10/2016,2:45:00 PM CST,289,sell to open,SPY $193.5 put exp. 3/18/2016,70,1,70,credit,1.142
3/11/2016,2:45:00 PM CST,289,buy to close,SPY $193.5 put exp. 3/18/2016,17,1,17,debit,0.127
3/11/2016,2:45:00 PM CST,290,sell to open,SPY $198 put exp. 3/18/2016,58,1,58,credit,1.142
3/16/2016,2:45:00 PM CDT,290,buy to close,SPY $198 put exp. 3/18/2016,12,1,12,debit,0.127
3/16/2016,2:45:00 PM CDT,291,sell to open,SPY $198.5 put exp. 3/24/2016,53,1,53,credit,1.142
3/17/2016,2:45:00 PM CDT,291,buy to close,SPY $198.5 put exp. 3/24/2016,24,1,24,debit,0.127
3/17/2016,2:45:00 PM CDT,292,sell to open,SPY $202.5 put exp. 3/24/2016,98,1,98,credit,1.142
3/21/2016,2:45:00 PM CDT,292,buy to close,SPY $202.5 put exp. 3/24/2016,30,1,30,debit,0.127
3/21/2016,2:45:00 PM CDT,293,sell to open,SPY $201 put exp. 3/31/2016,53,1,53,credit,1.142
3/29/2016,2:45:00 PM CDT,293,buy to close,SPY $201 put exp. 3/31/2016,6,1,6,debit,0.127
3/29/2016,2:45:00 PM CDT,294,sell to open,SPY $201.5 put exp. 4/8/2016,53,1,53,credit,1.142
4/1/2016,2:45:00 PM CDT,294,buy to close,SPY $201.5 put exp. 4/8/2016,13,1,13,debit,0.127
4/1/2016,2:45:00 PM CDT,295,sell to open,SPY $204.5 put exp. 4/8/2016,41,1,41,credit,1.142
4/8/2016,3:00:00 PM CDT,295,expiration,SPY $204.5 put exp. 4/8/2016,0,1,0,debit,0
4/11/2016,2:45:00 PM CDT,296,sell to open,SPY $201.5 put exp. 4/15/2016,45,1,45,credit,1.142
4/12/2016,2:45:00 PM CDT,296,buy to close,SPY $201.5 put exp. 4/15/2016,13,1,13,debit,0.127
4/12/2016,2:45:00 PM CDT,297,sell to open,SPY $202 put exp. 4/22/2016,64,1,64,credit,1.142
4/13/2016,2:45:00 PM CDT,297,buy to close,SPY $202 put exp. 4/22/2016,25,1,25,debit,0.127
4/13/2016,2:45:00 PM CDT,298,sell to open,SPY $204.5 put exp. 4/22/2016,50,1,50,credit,1.142
4/18/2016,2:45:00 PM CDT,298,buy to close,SPY $204.5 put exp. 4/22/2016,11,1,11,debit,0.127
4/18/2016,2:45:00 PM CDT,299,sell to open,SPY $207 put exp. 4/22/2016,34,1,34,credit,1.142
4/20/2016,2:45:00 PM CDT,299,buy to close,SPY $207 put exp. 4/22/2016,10,1,10,debit,0.127
4/20/2016,2:45:00 PM CDT,300,sell to open,SPY $206.5 put exp. 4/29/2016,52,1,52,credit,1.142
4/27/2016,2:45:00 PM CDT,300,buy to close,SPY $206.5 put exp. 4/29/2016,15,1,15,debit,0.127
4/27/2016,2:45:00 PM CDT,301,sell to open,SPY $206 put exp. 5/6/2016,57,1,57,credit,1.142
5/6/2016,3:00:00 PM CDT,301,exercise,SPY $206 put exp. 5/6/2016,0,1,0,debit,5
5/6/2016,3:00:00 PM CDT,301,assignment,SPY shares,206,100,20600,debit,0
5/6/2016,3:00:00 PM CDT,301,sell to close,SPY shares,205.72,100,20572,credit,0
5/9/2016,2:45:00 PM CDT,302,sell to open,SPY $203 put exp. 5/13/2016,35,1,35,credit,1.142
5/10/2016,2:45:00 PM CDT,302,buy to close,SPY $203 put exp. 5/13/2016,7,1,7,debit,0.127
5/10/2016,2:45:00 PM CDT,303,sell to open,SPY $204.5 put exp. 5/20/2016,54,1,54,credit,1.142
5/20/2016,2:45:00 PM CDT,303,buy to close,SPY $204.5 put exp. 5/20/2016,2,1,2,debit,0.127
5/20/2016,2:45:00 PM CDT,304,sell to open,SPY $202 put exp. 5/27/2016,40,1,40,credit,1.142
5/24/2016,2:45:00 PM CDT,304,buy to close,SPY $202 put exp. 5/27/2016,6,1,6,debit,0.127
5/24/2016,2:45:00 PM CDT,305,sell to open,SPY $204.5 put exp. 6/3/2016,54,1,54,credit,1.142
5/26/2016,2:45:00 PM CDT,305,buy to close,SPY $204.5 put exp. 6/3/2016,21,1,21,debit,0.127
5/26/2016,2:45:00 PM CDT,306,sell to open,SPY $206.5 put exp. 6/3/2016,41,1,41,credit,1.142
5/31/2016,2:45:00 PM CDT,306,buy to close,SPY $206.5 put exp. 6/3/2016,13,1,13,debit,0.127
5/31/2016,2:45:00 PM CDT,307,sell to open,SPY $207 put exp. 6/10/2016,56,1,56,credit,1.142
6/3/2016,2:45:00 PM CDT,307,buy to close,SPY $207 put exp. 6/10/2016,18,1,18,debit,0.127
6/3/2016,2:45:00 PM CDT,308,sell to open,SPY $208 put exp. 6/10/2016,30,1,30,credit,1.142
6/7/2016,2:45:00 PM CDT,308,buy to close,SPY $208 put exp. 6/10/2016,9,1,9,debit,0.127
6/7/2016,2:45:00 PM CDT,309,sell to open,SPY $208 put exp. 6/17/2016,66,1,66,credit,1.142
6/17/2016,3:00:00 PM CDT,309,exercise,SPY $208 put exp. 6/17/2016,0,1,0,debit,5
6/17/2016,3:00:00 PM CDT,309,assignment,SPY shares,208,100,20800,debit,0
6/17/2016,3:00:00 PM CDT,309,sell to close,SPY shares,206.52,100,20652,credit,0
6/20/2016,2:45:00 PM CDT,310,sell to open,SPY $201 put exp. 6/30/2016,99,1,99,credit,1.142
6/24/2016,2:45:00 PM CDT,310,buy to close,SPY $201 put exp. 6/30/2016,175,1,175,debit,0.127
6/27/2016,2:45:00 PM CDT,311,sell to open,SPY $195 put exp. 7/1/2016,68,1,68,credit,1.142
6/28/2016,2:45:00 PM CDT,311,buy to close,SPY $195 put exp. 7/1/2016,12,1,12,debit,0.127
6/28/2016,2:45:00 PM CDT,312,sell to open,SPY $197.5 put exp. 7/8/2016,74,1,74,credit,1.142
6/29/2016,2:45:00 PM CDT,312,buy to close,SPY $197.5 put exp. 7/8/2016,26,1,26,debit,0.127
6/29/2016,2:45:00 PM CDT,313,sell to open,SPY $202 put exp. 7/8/2016,66,1,66,credit,1.142
6/30/2016,2:45:00 PM CDT,313,buy to close,SPY $202 put exp. 7/8/2016,26,1,26,debit,0.127
6/30/2016,2:45:00 PM CDT,314,sell to open,SPY $205.5 put exp. 7/8/2016,60,1,60,credit,1.142
7/1/2016,2:45:00 PM CDT,314,buy to close,SPY $205.5 put exp. 7/8/2016,21,1,21,debit,0.127
7/1/2016,2:45:00 PM CDT,315,sell to open,SPY $207.5 put exp. 7/8/2016,43,1,43,credit,1.142
7/7/2016,2:45:00 PM CDT,315,buy to close,SPY $207.5 put exp. 7/8/2016,19,1,19,debit,0.127
7/7/2016,2:45:00 PM CDT,316,sell to open,SPY $206 put exp. 7/15/2016,56,1,56,credit,1.142
7/8/2016,2:45:00 PM CDT,316,buy to close,SPY $206 put exp. 7/15/2016,12,1,12,debit,0.127
7/8/2016,2:45:00 PM CDT,317,sell to open,SPY $210 put exp. 7/15/2016,38,1,38,credit,1.142
7/11/2016,2:45:00 PM CDT,317,buy to close,SPY $210 put exp. 7/15/2016,17,1,17,debit,0.127
7/11/2016,2:45:00 PM CDT,318,sell to open,SPY $211.5 put exp. 7/15/2016,35,1,35,credit,1.142
7/12/2016,2:45:00 PM CDT,318,buy to close,SPY $211.5 put exp. 7/15/2016,15,1,15,debit,0.127
7/12/2016,2:45:00 PM CDT,319,sell to open,SPY $211.5 put exp. 7/22/2016,52,1,52,credit,1.142
7/14/2016,2:45:00 PM CDT,319,buy to close,SPY $211.5 put exp. 7/22/2016,19,1,19,debit,0.127
7/14/2016,2:45:00 PM CDT,320,sell to open,SPY $213.5 put exp. 7/22/2016,38,1,38,credit,1.142
7/20/2016,2:45:00 PM CDT,320,buy to close,SPY $213.5 put exp. 7/22/2016,6,1,6,debit,0.127
7/20/2016,2:45:00 PM CDT,321,sell to open,SPY $214 put exp. 7/29/2016,41,1,41,credit,1.142
7/28/2016,2:45:00 PM CDT,321,buy to close,SPY $214 put exp. 7/29/2016,11,1,11,debit,0.127
7/28/2016,2:45:00 PM CDT,322,sell to open,SPY $213.5 put exp. 8/5/2016,44,1,44,credit,1.142
8/3/2016,2:45:00 PM CDT,322,buy to close,SPY $213.5 put exp. 8/5/2016,12,1,12,debit,0.127
8/3/2016,2:45:00 PM CDT,323,sell to open,SPY $212.5 put exp. 8/12/2016,42,1,42,credit,1.142
8/5/2016,2:45:00 PM CDT,323,buy to close,SPY $212.5 put exp. 8/12/2016,9,1,9,debit,0.127
8/5/2016,2:45:00 PM CDT,324,sell to open,SPY $216 put exp. 8/12/2016,29,1,29,credit,1.142
8/11/2016,2:45:00 PM CDT,324,buy to close,SPY $216 put exp. 8/12/2016,4,1,4,debit,0.127
8/11/2016,2:45:00 PM CDT,325,sell to open,SPY $216 put exp. 8/19/2016,37,1,37,credit,1.142
8/15/2016,2:45:00 PM CDT,325,buy to close,SPY $216 put exp. 8/19/2016,16,1,16,debit,0.127
8/15/2016,2:45:00 PM CDT,326,sell to open,SPY $217 put exp. 8/19/2016,23,1,23,credit,1.142
8/18/2016,2:45:00 PM CDT,326,buy to close,SPY $217 put exp. 8/19/2016,8,1,8,debit,0.127
8/18/2016,2:45:00 PM CDT,327,sell to open,SPY $216 put exp. 8/26/2016,38,1,38,credit,1.142
8/26/2016,2:45:00 PM CDT,327,buy to close,SPY $216 put exp. 8/26/2016,2,1,2,debit,0.127
8/26/2016,2:45:00 PM CDT,328,sell to open,SPY $214 put exp. 9/2/2016,49,1,49,credit,1.142
8/29/2016,2:45:00 PM CDT,328,buy to close,SPY $214 put exp. 9/2/2016,18,1,18,debit,0.127
8/29/2016,2:45:00 PM CDT,329,sell to open,SPY $216 put exp. 9/2/2016,36,1,36,credit,1.142
9/2/2016,2:45:00 PM CDT,329,buy to close,SPY $216 put exp. 9/2/2016,1,1,1,debit,0.127
9/2/2016,2:45:00 PM CDT,330,sell to open,SPY $216 put exp. 9/9/2016,33,1,33,credit,1.142
9/7/2016,2:45:00 PM CDT,330,buy to close,SPY $216 put exp. 9/9/2016,9,1,9,debit,0.127
9/7/2016,2:45:00 PM CDT,331,sell to open,SPY $216.5 put exp. 9/14/2016,35,1,35,credit,1.142
9/9/2016,2:45:00 PM CDT,331,buy to close,SPY $216.5 put exp. 9/14/2016,308,1,308,debit,0.127
9/9/2016,2:45:00 PM CDT,332,sell to open,SPY $209.5 put exp. 9/16/2016,94,1,94,credit,1.142
9/12/2016,2:45:00 PM CDT,332,buy to close,SPY $209.5 put exp. 9/16/2016,17,1,17,debit,0.127
9/12/2016,2:45:00 PM CDT,333,sell to open,SPY $211 put exp. 9/21/2016,66,1,66,credit,1.142
9/21/2016,2:45:00 PM CDT,333,buy to close,SPY $211 put exp. 9/21/2016,1,1,1,debit,0.127
9/21/2016,2:45:00 PM CDT,334,sell to open,SPY $212.5 put exp. 9/28/2016,47,1,47,credit,1.142
9/22/2016,2:45:00 PM CDT,334,buy to close,SPY $212.5 put exp. 9/28/2016,14,1,14,debit,0.127
9/22/2016,2:45:00 PM CDT,335,sell to open,SPY $214 put exp. 9/30/2016,41,1,41,credit,1.142
9/30/2016,2:45:00 PM CDT,335,buy to close,SPY $214 put exp. 9/30/2016,1,1,1,debit,0.127
9/30/2016,2:45:00 PM CDT,336,sell to open,SPY $213.5 put exp. 10/7/2016,42,1,42,credit,1.142
10/6/2016,2:45:00 PM CDT,336,buy to close,SPY $213.5 put exp. 10/7/2016,13,1,13,debit,0.127
10/6/2016,2:45:00 PM CDT,337,sell to open,SPY $212.5 put exp. 10/14/2016,49,1,49,credit,1.142
10/10/2016,2:45:00 PM CDT,337,buy to close,SPY $212.5 put exp. 10/14/2016,17,1,17,debit,0.127
10/10/2016,2:45:00 PM CDT,338,sell to open,SPY $213 put exp. 10/19/2016,45,1,45,credit,1.142
10/19/2016,2:45:00 PM CDT,338,buy to close,SPY $213 put exp. 10/19/2016,1,1,1,debit,0.127
10/19/2016,2:45:00 PM CDT,339,sell to open,SPY $211.5 put exp. 10/26/2016,41,1,41,credit,1.142
10/24/2016,2:45:00 PM CDT,339,buy to close,SPY $211.5 put exp. 10/26/2016,7,1,7,debit,0.127
10/24/2016,2:45:00 PM CDT,340,sell to open,SPY $211.5 put exp. 11/2/2016,44,1,44,credit,1.142
11/2/2016,3:00:00 PM CDT,340,exercise,SPY $211.5 put exp. 11/2/2016,0,1,0,debit,5
11/2/2016,3:00:00 PM CDT,340,assignment,SPY shares,211.5,100,21150,debit,0
11/2/2016,3:00:00 PM CDT,340,sell to close,SPY shares,209.74,100,20974,credit,0
11/3/2016,2:45:00 PM CDT,341,sell to open,SPY $200.5 put exp. 11/11/2016,115,1,115,credit,1.142
11/7/2016,2:45:00 PM CST,341,buy to close,SPY $200.5 put exp. 11/11/2016,44,1,44,debit,0.127
11/7/2016,2:45:00 PM CST,342,sell to open,SPY $205 put exp. 11/16/2016,115,1,115,credit,1.142
11/9/2016,2:45:00 PM CST,342,buy to close,SPY $205 put exp. 11/16/2016,20,1,20,debit,0.127
11/9/2016,2:45:00 PM CST,343,sell to open,SPY $212.5 put exp. 11/16/2016,68,1,68,credit,1.142
11/11/2016,2:45:00 PM CST,343,buy to close,SPY $212.5 put exp. 11/16/2016,31,1,31,debit,0.127
11/11/2016,2:45:00 PM CST,344,sell to open,SPY $212.5 put exp. 11/18/2016,50,1,50,credit,1.142
11/15/2016,2:45:00 PM CST,344,buy to close,SPY $212.5 put exp. 11/18/2016,8,1,8,debit,0.127
11/15/2016,2:45:00 PM CST,345,sell to open,SPY $215 put exp. 11/23/2016,39,1,39,credit,1.142
11/17/2016,2:45:00 PM CST,345,buy to close,SPY $215 put exp. 11/23/2016,11,1,11,debit,0.127
11/17/2016,2:45:00 PM CST,346,sell to open,SPY $216 put exp. 11/25/2016,25,1,25,credit,1.142
11/21/2016,2:45:00 PM CST,346,buy to close,SPY $216 put exp. 11/25/2016,7,1,7,debit,0.127
11/21/2016,2:45:00 PM CST,347,sell to open,SPY $217.5 put exp. 11/30/2016,40,1,40,credit,1.142
11/25/2016,2:45:00 PM CST,347,buy to close,SPY $217.5 put exp. 11/30/2016,9,1,9,debit,0.127
11/25/2016,2:45:00 PM CST,348,sell to open,SPY $219 put exp. 12/2/2016,33,1,33,credit,1.142
12/2/2016,2:45:00 PM CST,348,buy to close,SPY $219 put exp. 12/2/2016,2,1,2,debit,0.127
12/2/2016,2:45:00 PM CST,349,sell to open,SPY $216 put exp. 12/9/2016,44,1,44,credit,1.142
12/5/2016,2:45:00 PM CST,349,buy to close,SPY $216 put exp. 12/9/2016,8,1,8,debit,0.127
12/5/2016,2:45:00 PM CST,350,sell to open,SPY $217.5 put exp. 12/14/2016,44,1,44,credit,1.142
12/7/2016,2:45:00 PM CST,350,buy to close,SPY $217.5 put exp. 12/14/2016,12,1,12,debit,0.127
12/7/2016,2:45:00 PM CST,351,sell to open,SPY $221.5 put exp. 12/14/2016,37,1,37,credit,1.142
12/9/2016,2:45:00 PM CST,351,buy to close,SPY $221.5 put exp. 12/14/2016,10,1,10,debit,0.127
12/9/2016,2:45:00 PM CST,352,sell to open,SPY $223.5 put exp. 12/16/2016,69,1,69,credit,1.142
12/13/2016,2:45:00 PM CST,352,buy to close,SPY $223.5 put exp. 12/16/2016,26,1,26,debit,0.127
12/13/2016,2:45:00 PM CST,353,sell to open,SPY $223.5 put exp. 12/21/2016,46,1,46,credit,1.142
12/19/2016,2:45:00 PM CST,353,buy to close,SPY $223.5 put exp. 12/21/2016,12,1,12,debit,0.127
12/19/2016,2:45:00 PM CST,354,sell to open,SPY $223 put exp. 12/28/2016,37,1,37,credit,1.142
12/23/2016,2:45:00 PM CST,354,buy to close,SPY $223 put exp. 12/28/2016,9,1,9,debit,0.127
12/23/2016,2:45:00 PM CST,355,sell to open,SPY $223 put exp. 12/30/2016,25,1,25,credit,1.142
12/27/2016,2:45:00 PM CST,355,buy to close,SPY $223 put exp. 12/30/2016,10,1,10,debit,0.127
12/27/2016,2:45:00 PM CST,356,sell to open,SPY $224 put exp. 1/4/2017,36,1,36,credit,1.142
1/4/2017,2:45:00 PM CST,356,buy to close,SPY $224 put exp. 1/4/2017,1,1,1,debit,0.127
1/4/2017,2:45:00 PM CST,357,sell to open,SPY $224 put exp. 1/11/2017,34,1,34,credit,1.142
1/6/2017,2:45:00 PM CST,357,buy to close,SPY $224 put exp. 1/11/2017,10,1,10,debit,0.127
1/6/2017,2:45:00 PM CST,358,sell to open,SPY $225.5 put exp. 1/13/2017,38,1,38,credit,1.142
1/12/2017,2:45:00 PM CST,358,buy to close,SPY $225.5 put exp. 1/13/2017,12,1,12,debit,0.127
1/12/2017,2:45:00 PM CST,359,sell to open,SPY $224 put exp. 1/20/2017,35,1,35,credit,1.142
1/18/2017,2:45:00 PM CST,359,buy to close,SPY $224 put exp. 1/20/2017,16,1,16,debit,0.127
1/18/2017,2:45:00 PM CST,360,sell to open,SPY $223 put exp. 1/25/2017,26,1,26,credit,1.142
1/23/2017,2:45:00 PM CST,360,buy to close,SPY $223 put exp. 1/25/2017,6,1,6,debit,0.127
1/23/2017,2:45:00 PM CST,361,sell to open,SPY $223 put exp. 2/1/2017,42,1,42,credit,1.142
1/24/2017,2:45:00 PM CST,361,buy to close,SPY $223 put exp. 2/1/2017,19,1,19,debit,0.127
1/24/2017,2:45:00 PM CST,362,sell to open,SPY $225 put exp. 2/1/2017,35,1,35,credit,1.142
1/25/2017,2:45:00 PM CST,362,buy to close,SPY $225 put exp. 2/1/2017,14,1,14,debit,0.127
1/25/2017,2:45:00 PM CST,363,sell to open,SPY $227 put exp. 2/1/2017,27,1,27,credit,1.142
2/1/2017,2:45:00 PM CST,363,buy to close,SPY $227 put exp. 2/1/2017,2,1,2,debit,0.127
2/1/2017,2:45:00 PM CST,364,sell to open,SPY $225 put exp. 2/8/2017,39,1,39,credit,1.142
2/3/2017,2:45:00 PM CST,364,buy to close,SPY $225 put exp. 2/8/2017,8,1,8,debit,0.127
2/3/2017,2:45:00 PM CST,365,sell to open,SPY $227.5 put exp. 2/10/2017,31,1,31,credit,1.142
2/8/2017,2:45:00 PM CST,365,buy to close,SPY $227.5 put exp. 2/10/2017,12,1,12,debit,0.127
2/8/2017,2:45:00 PM CST,366,sell to open,SPY $227 put exp. 2/15/2017,29,1,29,credit,1.142
2/9/2017,2:45:00 PM CST,366,buy to close,SPY $227 put exp. 2/15/2017,13,1,13,debit,0.127
2/9/2017,2:45:00 PM CST,367,sell to open,SPY $228 put exp. 2/17/2017,30,1,30,credit,1.142
2/13/2017,2:45:00 PM CST,367,buy to close,SPY $228 put exp. 2/17/2017,10,1,10,debit,0.127
2/13/2017,2:45:00 PM CST,368,sell to open,SPY $230.5 put exp. 2/22/2017,35,1,35,credit,1.142
2/15/2017,2:45:00 PM CST,368,buy to close,SPY $230.5 put exp. 2/22/2017,15,1,15,debit,0.127
2/15/2017,2:45:00 PM CST,369,sell to open,SPY $232.5 put exp. 2/22/2017,28,1,28,credit,1.142
2/17/2017,2:45:00 PM CST,369,buy to close,SPY $232.5 put exp. 2/22/2017,12,1,12,debit,0.127
2/17/2017,2:45:00 PM CST,370,sell to open,SPY $232.5 put exp. 2/24/2017,26,1,26,credit,1.142
2/21/2017,2:45:00 PM CST,370,buy to close,SPY $232.5 put exp. 2/24/2017,7,1,7,debit,0.127
2/21/2017,2:45:00 PM CST,371,sell to open,SPY $234 put exp. 3/1/2017,39,1,39,credit,1.142
2/27/2017,2:45:00 PM CST,371,buy to close,SPY $234 put exp. 3/1/2017,11,1,11,debit,0.127
2/27/2017,2:45:00 PM CST,372,sell to open,SPY $234 put exp. 3/8/2017,43,1,43,credit,1.142
3/1/2017,2:45:00 PM CST,372,buy to close,SPY $234 put exp. 3/8/2017,10,1,10,debit,0.127
3/1/2017,2:45:00 PM CST,373,sell to open,SPY $237 put exp. 3/8/2017,26,1,26,credit,1.142
3/8/2017,3:00:00 PM CST,373,exercise,SPY $237 put exp. 3/8/2017,0,1,0,debit,5
3/8/2017,3:00:00 PM CST,373,assignment,SPY shares,237,100,23700,debit,0
3/8/2017,3:00:00 PM CST,373,sell to close,SPY shares,236.56,100,23656,credit,0
3/10/2017,2:45:00 PM CST,374,sell to open,SPY $234 put exp. 3/17/2017,49,1,49,credit,1.142
3/15/2017,2:45:00 PM CDT,374,buy to close,SPY $234 put exp. 3/17/2017,9,1,9,debit,0.127
3/15/2017,2:45:00 PM CDT,375,sell to open,SPY $235.5 put exp. 3/22/2017,35,1,35,credit,1.142
3/21/2017,2:45:00 PM CDT,375,buy to close,SPY $235.5 put exp. 3/22/2017,174,1,174,debit,0.127
3/21/2017,2:45:00 PM CDT,376,sell to open,SPY $230 put exp. 3/29/2017,59,1,59,credit,1.142
3/27/2017,2:45:00 PM CDT,376,buy to close,SPY $230 put exp. 3/29/2017,7,1,7,debit,0.127
3/27/2017,2:45:00 PM CDT,377,sell to open,SPY $230 put exp. 4/5/2017,49,1,49,credit,1.142
3/28/2017,2:45:00 PM CDT,377,buy to close,SPY $230 put exp. 4/5/2017,17,1,17,debit,0.127
3/28/2017,2:45:00 PM CDT,378,sell to open,SPY $233 put exp. 4/5/2017,45,1,45,credit,1.142
3/30/2017,2:45:00 PM CDT,378,buy to close,SPY $233 put exp. 4/5/2017,18,1,18,debit,0.127
3/30/2017,2:45:00 PM CDT,379,sell to open,SPY $233.5 put exp. 4/7/2017,34,1,34,credit,1.142
4/6/2017,2:45:00 PM CDT,379,buy to close,SPY $233.5 put exp. 4/7/2017,12,1,12,debit,0.127
4/6/2017,2:45:00 PM CDT,380,sell to open,SPY $232.5 put exp. 4/13/2017,39,1,39,credit,1.142
4/12/2017,2:45:00 PM CDT,380,buy to close,SPY $232.5 put exp. 4/13/2017,14,1,14,debit,0.127
4/12/2017,2:45:00 PM CDT,381,sell to open,SPY $231 put exp. 4/19/2017,39,1,39,credit,1.142
4/18/2017,2:45:00 PM CDT,381,buy to close,SPY $231 put exp. 4/19/2017,4,1,4,debit,0.127
4/18/2017,2:45:00 PM CDT,382,sell to open,SPY $229 put exp. 4/26/2017,61,1,61,credit,1.142
4/24/2017,2:45:00 PM CDT,382,buy to close,SPY $229 put exp. 4/26/2017,3,1,3,debit,0.127
4/24/2017,2:45:00 PM CDT,383,sell to open,SPY $233 put exp. 5/3/2017,25,1,25,credit,1.142
4/27/2017,2:45:00 PM CDT,383,buy to close,SPY $233 put exp. 5/3/2017,9,1,9,debit,0.127
4/27/2017,2:45:00 PM CDT,384,sell to open,SPY $236 put exp. 5/5/2017,30,1,30,credit,1.142
5/1/2017,2:45:00 PM CDT,384,buy to close,SPY $236 put exp. 5/5/2017,11,1,11,debit,0.127
5/1/2017,2:45:00 PM CDT,385,sell to open,SPY $236 put exp. 5/10/2017,43,1,43,credit,1.142
5/8/2017,2:45:00 PM CDT,385,buy to close,SPY $236 put exp. 5/10/2017,6,1,6,debit,0.127
5/8/2017,2:45:00 PM CDT,386,sell to open,SPY $237 put exp. 5/17/2017,38,1,38,credit,1.142
5/15/2017,2:45:00 PM CDT,386,buy to close,SPY $237 put exp. 5/17/2017,7,1,7,debit,0.127
5/15/2017,2:45:00 PM CDT,387,sell to open,SPY $238 put exp. 5/24/2017,40,1,40,credit,1.142
5/17/2017,2:45:00 PM CDT,387,buy to close,SPY $238 put exp. 5/24/2017,251,1,251,debit,0.127
5/17/2017,2:45:00 PM CDT,388,sell to open,SPY $231 put exp. 5/24/2017,69,1,69,credit,1.142
5/19/2017,2:45:00 PM CDT,388,buy to close,SPY $231 put exp. 5/24/2017,14,1,14,debit,0.127
5/19/2017,2:45:00 PM CDT,389,sell to open,SPY $234.5 put exp. 5/26/2017,49,1,49,credit,1.142
5/22/2017,2:45:00 PM CDT,389,buy to close,SPY $234.5 put exp. 5/26/2017,9,1,9,debit,0.127
5/22/2017,2:45:00 PM CDT,390,sell to open,SPY $237 put exp. 5/31/2017,37,1,37,credit,1.142
5/25/2017,2:45:00 PM CDT,390,buy to close,SPY $237 put exp. 5/31/2017,8,1,8,debit,0.127
5/25/2017,2:45:00 PM CDT,391,sell to open,SPY $239.5 put exp. 6/2/2017,31,1,31,credit,1.142
5/30/2017,2:45:00 PM CDT,391,buy to close,SPY $239.5 put exp. 6/2/2017,13,1,13,debit,0.127
5/30/2017,2:45:00 PM CDT,392,sell to open,SPY $239.5 put exp. 6/7/2017,34,1,34,credit,1.142
6/1/2017,2:45:00 PM CDT,392,buy to close,SPY $239.5 put exp. 6/7/2017,12,1,12,debit,0.127
6/1/2017,2:45:00 PM CDT,393,sell to open,SPY $240.5 put exp. 6/9/2017,35,1,35,credit,1.142
6/5/2017,2:45:00 PM CDT,393,buy to close,SPY $240.5 put exp. 6/9/2017,13,1,13,debit,0.127
6/5/2017,2:45:00 PM CDT,394,sell to open,SPY $241 put exp. 6/14/2017,36,1,36,credit,1.142
6/13/2017,2:45:00 PM CDT,394,buy to close,SPY $241 put exp. 6/14/2017,4,1,4,debit,0.127
6/13/2017,2:45:00 PM CDT,395,sell to open,SPY $240.5 put exp. 6/21/2017,33,1,33,credit,1.142
6/19/2017,2:45:00 PM CDT,395,buy to close,SPY $240.5 put exp. 6/21/2017,4,1,4,debit,0.127
6/19/2017,2:45:00 PM CDT,396,sell to open,SPY $242 put exp. 6/28/2017,32,1,32,credit,1.142
6/28/2017,2:45:00 PM CDT,396,buy to close,SPY $242 put exp. 6/28/2017,1,1,1,debit,0.127
6/28/2017,2:45:00 PM CDT,397,sell to open,SPY $241 put exp. 7/5/2017,25,1,25,credit,1.142
7/5/2017,2:45:00 PM CDT,397,buy to close,SPY $241 put exp. 7/5/2017,1,1,1,debit,0.127
7/5/2017,2:45:00 PM CDT,398,sell to open,SPY $240 put exp. 7/12/2017,30,1,30,credit,1.142
7/10/2017,2:45:00 PM CDT,398,buy to close,SPY $240 put exp. 7/12/2017,7,1,7,debit,0.127
7/10/2017,2:45:00 PM CDT,399,sell to open,SPY $240 put exp. 7/19/2017,43,1,43,credit,1.142
7/12/2017,2:45:00 PM CDT,399,buy to close,SPY $240 put exp. 7/19/2017,14,1,14,debit,0.127
7/12/2017,2:45:00 PM CDT,400,sell to open,SPY $242 put exp. 7/19/2017,30,1,30,credit,1.142
7/14/2017,2:45:00 PM CDT,400,buy to close,SPY $242 put exp. 7/19/2017,8,1,8,debit,0.127
7/14/2017,2:45:00 PM CDT,401,sell to open,SPY $243.5 put exp. 7/21/2017,25,1,25,credit,1.142
7/19/2017,2:45:00 PM CDT,401,buy to close,SPY $243.5 put exp. 7/21/2017,5,1,5,debit,0.127
7/19/2017,2:45:00 PM CDT,402,sell to open,SPY $245 put exp. 7/26/2017,32,1,32,credit,1.142
7/24/2017,2:45:00 PM CDT,402,buy to close,SPY $245 put exp. 7/26/2017,8,1,8,debit,0.127
7/24/2017,2:45:00 PM CDT,403,sell to open,SPY $245 put exp. 8/2/2017,33,1,33,credit,1.142
7/31/2017,2:45:00 PM CDT,403,buy to close,SPY $245 put exp. 8/2/2017,10,1,10,debit,0.127
7/31/2017,2:45:00 PM CDT,404,sell to open,SPY $245 put exp. 8/9/2017,42,1,42,credit,1.142
8/7/2017,2:45:00 PM CDT,404,buy to close,SPY $245 put exp. 8/9/2017,8,1,8,debit,0.127
8/7/2017,2:45:00 PM CDT,405,sell to open,SPY $245.5 put exp. 8/16/2017,38,1,38,credit,1.142
8/10/2017,2:45:00 PM CDT,405,buy to close,SPY $245.5 put exp. 8/16/2017,237,1,237,debit,0.127
8/10/2017,2:45:00 PM CDT,406,sell to open,SPY $238.5 put exp. 8/18/2017,86,1,86,credit,1.142
8/14/2017,2:45:00 PM CDT,406,buy to close,SPY $238.5 put exp. 8/18/2017,10,1,10,debit,0.127
8/14/2017,2:45:00 PM CDT,407,sell to open,SPY $243 put exp. 8/23/2017,54,1,54,credit,1.142
8/16/2017,2:45:00 PM CDT,407,buy to close,SPY $243 put exp. 8/23/2017,25,1,25,debit,0.127
8/16/2017,2:45:00 PM CDT,408,sell to open,SPY $244 put exp. 8/23/2017,33,1,33,credit,1.142
8/17/2017,2:45:00 PM CDT,408,buy to close,SPY $244 put exp. 8/23/2017,166,1,166,debit,0.127
8/17/2017,2:45:00 PM CDT,409,sell to open,SPY $239 put exp. 8/25/2017,70,1,70,credit,1.142
8/21/2017,2:45:00 PM CDT,409,buy to close,SPY $239 put exp. 8/25/2017,22,1,22,debit,0.127
8/21/2017,2:45:00 PM CDT,410,sell to open,SPY $239 put exp. 8/30/2017,52,1,52,credit,1.142
8/22/2017,2:45:00 PM CDT,410,buy to close,SPY $239 put exp. 8/30/2017,13,1,13,debit,0.127
8/22/2017,2:45:00 PM CDT,411,sell to open,SPY $243 put exp. 8/30/2017,44,1,44,credit,1.142
8/28/2017,2:45:00 PM CDT,411,buy to close,SPY $243 put exp. 8/30/2017,19,1,19,debit,0.127
8/28/2017,2:45:00 PM CDT,412,sell to open,SPY $241.5 put exp. 9/6/2017,38,1,38,credit,1.142
8/31/2017,2:45:00 PM CDT,412,buy to close,SPY $241.5 put exp. 9/6/2017,9,1,9,debit,0.127
8/31/2017,2:45:00 PM CDT,413,sell to open,SPY $245 put exp. 9/8/2017,38,1,38,credit,1.142
9/7/2017,2:45:00 PM CDT,413,buy to close,SPY $245 put exp. 9/8/2017,8,1,8,debit,0.127
9/7/2017,2:45:00 PM CDT,414,sell to open,SPY $244 put exp. 9/15/2017,65,1,65,credit,1.142
9/11/2017,2:45:00 PM CDT,414,buy to close,SPY $244 put exp. 9/15/2017,13,1,13,debit,0.127
9/11/2017,2:45:00 PM CDT,415,sell to open,SPY $245.5 put exp. 9/20/2017,42,1,42,credit,1.142
9/15/2017,2:45:00 PM CDT,415,buy to close,SPY $245.5 put exp. 9/20/2017,9,1,9,debit,0.127
9/15/2017,2:45:00 PM CDT,416,sell to open,SPY $247 put exp. 9/22/2017,25,1,25,credit,1.142
9/20/2017,2:45:00 PM CDT,416,buy to close,SPY $247 put exp. 9/22/2017,9,1,9,debit,0.127
9/20/2017,2:45:00 PM CDT,417,sell to open,SPY $247.5 put exp. 9/27/2017,31,1,31,credit,1.142
9/26/2017,2:45:00 PM CDT,417,buy to close,SPY $247.5 put exp. 9/27/2017,7,1,7,debit,0.127
9/26/2017,2:45:00 PM CDT,418,sell to open,SPY $246.5 put exp. 10/4/2017,38,1,38,credit,1.142
9/28/2017,2:45:00 PM CDT,418,buy to close,SPY $246.5 put exp. 10/4/2017,16,1,16,debit,0.127
9/28/2017,2:45:00 PM CDT,419,sell to open,SPY $248 put exp. 10/6/2017,37,1,37,credit,1.142
10/2/2017,2:45:00 PM CDT,419,buy to close,SPY $248 put exp. 10/6/2017,11,1,11,debit,0.127
10/2/2017,2:45:00 PM CDT,420,sell to open,SPY $250 put exp. 10/11/2017,34,1,34,credit,1.142
10/5/2017,2:45:00 PM CDT,420,buy to close,SPY $250 put exp. 10/11/2017,9,1,9,debit,0.127
10/5/2017,2:45:00 PM CDT,421,sell to open,SPY $252.5 put exp. 10/13/2017,29,1,29,credit,1.142
10/11/2017,2:45:00 PM CDT,421,buy to close,SPY $252.5 put exp. 10/13/2017,7,1,7,debit,0.127
10/11/2017,2:45:00 PM CDT,422,sell to open,SPY $253 put exp. 10/18/2017,29,1,29,credit,1.142
10/16/2017,2:45:00 PM CDT,422,buy to close,SPY $253 put exp. 10/18/2017,9,1,9,debit,0.127
10/16/2017,2:45:00 PM CDT,423,sell to open,SPY $253 put exp. 10/25/2017,36,1,36,credit,1.142
10/20/2017,2:45:00 PM CDT,423,buy to close,SPY $253 put exp. 10/25/2017,10,1,10,debit,0.127
10/20/2017,2:45:00 PM CDT,424,sell to open,SPY $254.5 put exp. 10/27/2017,27,1,27,credit,1.142
10/27/2017,2:45:00 PM CDT,424,buy to close,SPY $254.5 put exp. 10/27/2017,1,1,1,debit,0.127
10/27/2017,2:45:00 PM CDT,425,sell to open,SPY $255 put exp. 11/3/2017,37,1,37,credit,1.142
11/2/2017,2:45:00 PM CDT,425,buy to close,SPY $255 put exp. 11/3/2017,6,1,6,debit,0.127
11/2/2017,2:45:00 PM CDT,426,sell to open,SPY $255 put exp. 11/10/2017,36,1,36,credit,1.142
11/6/2017,2:45:00 PM CST,426,buy to close,SPY $255 put exp. 11/10/2017,11,1,11,debit,0.127
11/6/2017,2:45:00 PM CST,427,sell to open,SPY $256.5 put exp. 11/15/2017,37,1,37,credit,1.142
11/14/2017,2:45:00 PM CST,427,buy to close,SPY $256.5 put exp. 11/15/2017,14,1,14,debit,0.127
11/14/2017,2:45:00 PM CST,428,sell to open,SPY $254.5 put exp. 11/22/2017,50,1,50,credit,1.142
11/16/2017,2:45:00 PM CST,428,buy to close,SPY $254.5 put exp. 11/22/2017,20,1,20,debit,0.127
11/16/2017,2:45:00 PM CST,429,sell to open,SPY $256 put exp. 11/24/2017,36,1,36,credit,1.142
11/20/2017,2:45:00 PM CST,429,buy to close,SPY $256 put exp. 11/24/2017,14,1,14,debit,0.127
11/20/2017,2:45:00 PM CST,430,sell to open,SPY $256 put exp. 11/29/2017,44,1,44,credit,1.142
11/21/2017,2:45:00 PM CST,430,buy to close,SPY $256 put exp. 11/29/2017,18,1,18,debit,0.127
11/21/2017,2:45:00 PM CST,431,sell to open,SPY $258 put exp. 11/29/2017,33,1,33,credit,1.142
11/24/2017,2:45:00 PM CST,431,buy to close,SPY $258 put exp. 11/29/2017,14,1,14,debit,0.127
11/24/2017,2:45:00 PM CST,432,sell to open,SPY $258.5 put exp. 12/1/2017,31,1,31,credit,1.142
11/28/2017,2:45:00 PM CST,432,buy to close,SPY $258.5 put exp. 12/1/2017,10,1,10,debit,0.127
11/28/2017,2:45:00 PM CST,433,sell to open,SPY $260 put exp. 12/6/2017,40,1,40,credit,1.142
12/4/2017,2:45:00 PM CST,433,buy to close,SPY $260 put exp. 12/6/2017,11,1,11,debit,0.127
12/4/2017,2:45:00 PM CST,434,sell to open,SPY $260 put exp. 12/13/2017,57,1,57,credit,1.142
12/7/2017,2:45:00 PM CST,434,buy to close,SPY $260 put exp. 12/13/2017,18,1,18,debit,0.127
12/7/2017,2:45:00 PM CST,435,sell to open,SPY $261 put exp. 12/15/2017,65,1,65,credit,1.142
12/8/2017,2:45:00 PM CST,435,buy to close,SPY $261 put exp. 12/15/2017,25,1,25,debit,0.127
12/8/2017,2:45:00 PM CST,436,sell to open,SPY $263 put exp. 12/15/2017,60,1,60,credit,1.142
12/11/2017,2:45:00 PM CST,436,buy to close,SPY $263 put exp. 12/15/2017,27,1,27,debit,0.127
12/11/2017,2:45:00 PM CST,437,sell to open,SPY $262.5 put exp. 12/20/2017,42,1,42,credit,1.142
12/15/2017,2:45:00 PM CST,437,buy to close,SPY $262.5 put exp. 12/20/2017,14,1,14,debit,0.127
12/15/2017,2:45:00 PM CST,438,sell to open,SPY $264 put exp. 12/22/2017,38,1,38,credit,1.142
12/18/2017,2:45:00 PM CST,438,buy to close,SPY $264 put exp. 12/22/2017,10,1,10,debit,0.127
12/18/2017,2:45:00 PM CST,439,sell to open,SPY $265.5 put exp. 12/27/2017,32,1,32,credit,1.142
12/22/2017,2:45:00 PM CST,439,buy to close,SPY $265.5 put exp. 12/27/2017,13,1,13,debit,0.127
12/22/2017,2:45:00 PM CST,440,sell to open,SPY $266 put exp. 12/29/2017,32,1,32,credit,1.142
12/28/2017,2:45:00 PM CST,440,buy to close,SPY $266 put exp. 12/29/2017,8,1,8,debit,0.127
12/28/2017,2:45:00 PM CST,441,sell to open,SPY $265.5 put exp. 1/5/2018,41,1,41,credit,1.142
1/2/2018,2:45:00 PM CST,441,buy to close,SPY $265.5 put exp. 1/5/2018,12,1,12,debit,0.127
1/2/2018,2:45:00 PM CST,442,sell to open,SPY $266 put exp. 1/10/2018,32,1,32,credit,1.142
1/3/2018,2:45:00 PM CST,442,buy to close,SPY $266 put exp. 1/10/2018,13,1,13,debit,0.127
1/3/2018,2:45:00 PM CST,443,sell to open,SPY $268.5 put exp. 1/10/2018,31,1,31,credit,1.142
1/5/2018,2:45:00 PM CST,443,buy to close,SPY $268.5 put exp. 1/10/2018,5,1,5,debit,0.127
1/5/2018,2:45:00 PM CST,444,sell to open,SPY $271.5 put exp. 1/12/2018,29,1,29,credit,1.142
1/8/2018,2:45:00 PM CST,444,buy to close,SPY $271.5 put exp. 1/12/2018,13,1,13,debit,0.127
1/8/2018,2:45:00 PM CST,445,sell to open,SPY $271 put exp. 1/17/2018,25,1,25,credit,1.142
1/11/2018,2:45:00 PM CST,445,buy to close,SPY $271 put exp. 1/17/2018,7,1,7,debit,0.127
1/11/2018,2:45:00 PM CST,446,sell to open,SPY $273.5 put exp. 1/19/2018,36,1,36,credit,1.142
1/17/2018,2:45:00 PM CST,446,buy to close,SPY $273.5 put exp. 1/19/2018,9,1,9,debit,0.127
1/17/2018,2:45:00 PM CST,447,sell to open,SPY $276 put exp. 1/24/2018,46,1,46,credit,1.142
1/19/2018,2:45:00 PM CST,447,buy to close,SPY $276 put exp. 1/24/2018,16,1,16,debit,0.127
1/19/2018,2:45:00 PM CST,448,sell to open,SPY $277.5 put exp. 1/26/2018,47,1,47,credit,1.142
1/22/2018,2:45:00 PM CST,448,buy to close,SPY $277.5 put exp. 1/26/2018,15,1,15,debit,0.127
1/22/2018,2:45:00 PM CST,449,sell to open,SPY $279 put exp. 1/31/2018,60,1,60,credit,1.142
1/26/2018,2:45:00 PM CST,449,buy to close,SPY $279 put exp. 1/31/2018,8,1,8,debit,0.127
1/26/2018,2:45:00 PM CST,450,sell to open,SPY $283 put exp. 2/2/2018,47,1,47,credit,1.142
1/30/2018,2:45:00 PM CST,450,buy to close,SPY $283 put exp. 2/2/2018,203,1,203,debit,0.127
1/30/2018,2:45:00 PM CST,451,sell to open,SPY $277 put exp. 2/7/2018,75,1,75,credit,1.142
2/5/2018,2:45:00 PM CST,451,buy to close,SPY $277 put exp. 2/7/2018,1130,1,1130,debit,0.127
2/13/2018,2:45:00 PM CST,452,sell to open,SPY $259 put exp. 2/21/2018,116,1,116,credit,1.142
2/14/2018,2:45:00 PM CST,452,buy to close,SPY $259 put exp. 2/21/2018,31,1,31,debit,0.127
2/14/2018,2:45:00 PM CST,453,sell to open,SPY $264 put exp. 2/21/2018,74,1,74,credit,1.142
2/15/2018,2:45:00 PM CST,453,buy to close,SPY $264 put exp. 2/21/2018,29,1,29,debit,0.127
2/15/2018,2:45:00 PM CST,454,sell to open,SPY $267.5 put exp. 2/23/2018,95,1,95,credit,1.142
2/22/2018,2:45:00 PM CST,454,buy to close,SPY $267.5 put exp. 2/23/2018,37,1,37,debit,0.127
2/22/2018,2:45:00 PM CST,455,sell to open,SPY $264 put exp. 3/2/2018,99,1,99,credit,1.142
2/23/2018,2:45:00 PM CST,455,buy to close,SPY $264 put exp. 3/2/2018,19,1,19,debit,0.127
2/23/2018,2:45:00 PM CST,456,sell to open,SPY $270 put exp. 3/2/2018,61,1,61,credit,1.142
2/26/2018,2:45:00 PM CST,456,buy to close,SPY $270 put exp. 3/2/2018,16,1,16,debit,0.127
2/26/2018,2:45:00 PM CST,457,sell to open,SPY $273 put exp. 3/5/2018,63,1,63,credit,1.142
3/1/2018,2:45:00 PM CST,457,buy to close,SPY $273 put exp. 3/5/2018,524,1,524,debit,0.127
3/1/2018,2:45:00 PM CST,458,sell to open,SPY $260 put exp. 3/9/2018,107,1,107,credit,1.142
3/2/2018,2:45:00 PM CST,458,buy to close,SPY $260 put exp. 3/9/2018,46,1,46,debit,0.127
3/2/2018,2:45:00 PM CST,459,sell to open,SPY $263 put exp. 3/9/2018,78,1,78,credit,1.142
3/5/2018,2:45:00 PM CST,459,buy to close,SPY $263 put exp. 3/9/2018,24,1,24,debit,0.127
3/5/2018,2:45:00 PM CST,460,sell to open,SPY $267 put exp. 3/12/2018,73,1,73,credit,1.142
3/8/2018,2:45:00 PM CST,460,buy to close,SPY $267 put exp. 3/12/2018,19,1,19,debit,0.127
3/8/2018,2:45:00 PM CST,461,sell to open,SPY $267 put exp. 3/16/2018,83,1,83,credit,1.142
3/9/2018,2:45:00 PM CST,461,buy to close,SPY $267 put exp. 3/16/2018,15,1,15,debit,0.127
3/9/2018,2:45:00 PM CST,462,sell to open,SPY $274 put exp. 3/16/2018,62,1,62,credit,1.142
3/16/2018,2:45:00 PM CDT,462,buy to close,SPY $274 put exp. 3/16/2018,2,1,2,debit,0.127
3/16/2018,2:45:00 PM CDT,463,sell to open,SPY $270.5 put exp. 3/23/2018,57,1,57,credit,1.142
3/22/2018,2:45:00 PM CDT,463,buy to close,SPY $270.5 put exp. 3/23/2018,660,1,660,debit,0.127
3/22/2018,2:45:00 PM CDT,464,sell to open,SPY $256 put exp. 3/29/2018,122,1,122,credit,1.142
3/26/2018,2:45:00 PM CDT,464,buy to close,SPY $256 put exp. 3/29/2018,24,1,24,debit,0.127
3/26/2018,2:45:00 PM CDT,465,sell to open,SPY $260 put exp. 4/2/2018,88,1,88,credit,1.142
3/29/2018,2:45:00 PM CDT,465,buy to close,SPY $260 put exp. 4/2/2018,32,1,32,debit,0.127
3/29/2018,2:45:00 PM CDT,466,sell to open,SPY $257 put exp. 4/6/2018,94,1,94,credit,1.142
4/4/2018,2:45:00 PM CDT,466,buy to close,SPY $257 put exp. 4/6/2018,28,1,28,debit,0.127
4/4/2018,2:45:00 PM CDT,467,sell to open,SPY $257.5 put exp. 4/11/2018,98,1,98,credit,1.142
4/10/2018,2:45:00 PM CDT,467,buy to close,SPY $257.5 put exp. 4/11/2018,8,1,8,debit,0.127
4/10/2018,2:45:00 PM CDT,468,sell to open,SPY $258.5 put exp. 4/18/2018,107,1,107,credit,1.142
4/12/2018,2:45:00 PM CDT,468,buy to close,SPY $258.5 put exp. 4/18/2018,38,1,38,debit,0.127
4/12/2018,2:45:00 PM CDT,469,sell to open,SPY $260.5 put exp. 4/20/2018,85,1,85,credit,1.142
4/16/2018,2:45:00 PM CDT,469,buy to close,SPY $260.5 put exp. 4/20/2018,28,1,28,debit,0.127
4/16/2018,2:45:00 PM CDT,470,sell to open,SPY $263 put exp. 4/23/2018,63,1,63,credit,1.142
4/17/2018,2:45:00 PM CDT,470,buy to close,SPY $263 put exp. 4/23/2018,25,1,25,debit,0.127
4/17/2018,2:45:00 PM CDT,471,sell to open,SPY $266 put exp. 4/25/2018,69,1,69,credit,1.142
4/24/2018,2:45:00 PM CDT,471,buy to close,SPY $266 put exp. 4/25/2018,431,1,431,debit,0.127
4/24/2018,2:45:00 PM CDT,472,sell to open,SPY $256 put exp. 5/2/2018,110,1,110,credit,1.142
4/26/2018,2:45:00 PM CDT,472,buy to close,SPY $256 put exp. 5/2/2018,19,1,19,debit,0.127
4/26/2018,2:45:00 PM CDT,473,sell to open,SPY $261 put exp. 5/4/2018,80,1,80,credit,1.142
5/4/2018,2:45:00 PM CDT,473,buy to close,SPY $261 put exp. 5/4/2018,1,1,1,debit,0.127
5/4/2018,2:45:00 PM CDT,474,sell to open,SPY $261 put exp. 5/11/2018,53,1,53,credit,1.142
5/8/2018,2:45:00 PM CDT,474,buy to close,SPY $261 put exp. 5/11/2018,17,1,17,debit,0.127
5/8/2018,2:45:00 PM CDT,475,sell to open,SPY $262 put exp. 5/16/2018,66,1,66,credit,1.142
5/9/2018,2:45:00 PM CDT,475,buy to close,SPY $262 put exp. 5/16/2018,21,1,21,debit,0.127
5/9/2018,2:45:00 PM CDT,476,sell to open,SPY $265.5 put exp. 5/16/2018,55,1,55,credit,1.142
5/10/2018,2:45:00 PM CDT,476,buy to close,SPY $265.5 put exp. 5/16/2018,18,1,18,debit,0.127
5/10/2018,2:45:00 PM CDT,477,sell to open,SPY $268 put exp. 5/18/2018,55,1,55,credit,1.142
5/14/2018,2:45:00 PM CDT,477,buy to close,SPY $268 put exp. 5/18/2018,25,1,25,debit,0.127
5/14/2018,2:45:00 PM CDT,478,sell to open,SPY $269.5 put exp. 5/21/2018,51,1,51,credit,1.142
5/18/2018,2:45:00 PM CDT,478,buy to close,SPY $269.5 put exp. 5/21/2018,15,1,15,debit,0.127
5/18/2018,2:45:00 PM CDT,479,sell to open,SPY $268 put exp. 5/25/2018,49,1,49,credit,1.142
5/21/2018,2:45:00 PM CDT,479,buy to close,SPY $268 put exp. 5/25/2018,19,1,19,debit,0.127
5/21/2018,2:45:00 PM CDT,480,sell to open,SPY $269.5 put exp. 5/29/2018,43,1,43,credit,1.142
5/24/2018,2:45:00 PM CDT,480,buy to close,SPY $269.5 put exp. 5/29/2018,16,1,16,debit,0.127
5/24/2018,2:45:00 PM CDT,481,sell to open,SPY $269.5 put exp. 6/1/2018,49,1,49,credit,1.142
6/1/2018,2:45:00 PM CDT,481,buy to close,SPY $269.5 put exp. 6/1/2018,1,1,1,debit,0.127
6/1/2018,2:45:00 PM CDT,482,sell to open,SPY $269.5 put exp. 6/8/2018,42,1,42,credit,1.142
6/4/2018,2:45:00 PM CDT,482,buy to close,SPY $269.5 put exp. 6/8/2018,15,1,15,debit,0.127
6/4/2018,2:45:00 PM CDT,483,sell to open,SPY $272 put exp. 6/11/2018,47,1,47,credit,1.142
6/6/2018,2:45:00 PM CDT,483,buy to close,SPY $272 put exp. 6/11/2018,13,1,13,debit,0.127
6/6/2018,2:45:00 PM CDT,484,sell to open,SPY $273.5 put exp. 6/13/2018,44,1,44,credit,1.142
6/11/2018,2:45:00 PM CDT,484,buy to close,SPY $273.5 put exp. 6/13/2018,11,1,11,debit,0.127
6/11/2018,2:45:00 PM CDT,485,sell to open,SPY $274.5 put exp. 6/18/2018,59,1,59,credit,1.142
6/14/2018,2:45:00 PM CDT,485,buy to close,SPY $274.5 put exp. 6/18/2018,17,1,17,debit,0.127
6/14/2018,2:45:00 PM CDT,486,sell to open,SPY $274.5 put exp. 6/22/2018,51,1,51,credit,1.142
6/22/2018,2:45:00 PM CDT,486,buy to close,SPY $274.5 put exp. 6/22/2018,2,1,2,debit,0.127
6/22/2018,2:45:00 PM CDT,487,sell to open,SPY $272 put exp. 6/29/2018,68,1,68,credit,1.142
6/29/2018,2:45:00 PM CDT,487,buy to close,SPY $272 put exp. 6/29/2018,23,1,23,debit,0.127
6/29/2018,2:45:00 PM CDT,488,sell to open,SPY $267.5 put exp. 7/6/2018,64,1,64,credit,1.142
7/5/2018,2:45:00 PM CDT,488,buy to close,SPY $267.5 put exp. 7/6/2018,5,1,5,debit,0.127
7/5/2018,2:45:00 PM CDT,489,sell to open,SPY $268.5 put exp. 7/13/2018,77,1,77,credit,1.142
7/6/2018,2:45:00 PM CDT,489,buy to close,SPY $268.5 put exp. 7/13/2018,23,1,23,debit,0.127
7/6/2018,2:45:00 PM CDT,490,sell to open,SPY $271.5 put exp. 7/13/2018,50,1,50,credit,1.142
7/9/2018,2:45:00 PM CDT,490,buy to close,SPY $271.5 put exp. 7/13/2018,12,1,12,debit,0.127
7/9/2018,2:45:00 PM CDT,491,sell to open,SPY $274.5 put exp. 7/16/2018,42,1,42,credit,1.142
7/12/2018,2:45:00 PM CDT,491,buy to close,SPY $274.5 put exp. 7/16/2018,11,1,11,debit,0.127
7/12/2018,2:45:00 PM CDT,492,sell to open,SPY $275.5 put exp. 7/20/2018,49,1,49,credit,1.142
7/17/2018,2:45:00 PM CDT,492,buy to close,SPY $275.5 put exp. 7/20/2018,8,1,8,debit,0.127
7/17/2018,2:45:00 PM CDT,493,sell to open,SPY $278 put exp. 7/25/2018,47,1,47,credit,1.142
7/23/2018,2:45:00 PM CDT,493,buy to close,SPY $278 put exp. 7/25/2018,18,1,18,debit,0.127
7/23/2018,2:45:00 PM CDT,494,sell to open,SPY $277 put exp. 7/30/2018,43,1,43,credit,1.142
7/25/2018,2:45:00 PM CDT,494,buy to close,SPY $277 put exp. 7/30/2018,9,1,9,debit,0.127
7/25/2018,2:45:00 PM CDT,495,sell to open,SPY $280.5 put exp. 8/1/2018,43,1,43,credit,1.142
8/1/2018,2:45:00 PM CDT,495,buy to close,SPY $280.5 put exp. 8/1/2018,6,1,6,debit,0.127
8/1/2018,2:45:00 PM CDT,496,sell to open,SPY $277.5 put exp. 8/8/2018,54,1,54,credit,1.142
8/2/2018,2:45:00 PM CDT,496,buy to close,SPY $277.5 put exp. 8/8/2018,22,1,22,debit,0.127
8/2/2018,2:45:00 PM CDT,497,sell to open,SPY $279 put exp. 8/10/2018,53,1,53,credit,1.142
8/6/2018,2:45:00 PM CDT,497,buy to close,SPY $279 put exp. 8/10/2018,10,1,10,debit,0.127
8/6/2018,2:45:00 PM CDT,498,sell to open,SPY $282 put exp. 8/13/2018,35,1,35,credit,1.142
8/8/2018,2:45:00 PM CDT,498,buy to close,SPY $282 put exp. 8/13/2018,11,1,11,debit,0.127
8/8/2018,2:45:00 PM CDT,499,sell to open,SPY $283 put exp. 8/15/2018,30,1,30,credit,1.142
8/13/2018,2:45:00 PM CDT,499,buy to close,SPY $283 put exp. 8/15/2018,131,1,131,debit,0.127
8/13/2018,2:45:00 PM CDT,500,sell to open,SPY $278 put exp. 8/20/2018,62,1,62,credit,1.142
8/14/2018,2:45:00 PM CDT,500,buy to close,SPY $278 put exp. 8/20/2018,24,1,24,debit,0.127
8/14/2018,2:45:00 PM CDT,501,sell to open,SPY $280 put exp. 8/22/2018,56,1,56,credit,1.142
8/17/2018,2:45:00 PM CDT,501,buy to close,SPY $280 put exp. 8/22/2018,19,1,19,debit,0.127
8/17/2018,2:45:00 PM CDT,502,sell to open,SPY $281.5 put exp. 8/24/2018,47,1,47,credit,1.142
8/21/2018,2:45:00 PM CDT,502,buy to close,SPY $281.5 put exp. 8/24/2018,14,1,14,debit,0.127
8/21/2018,2:45:00 PM CDT,503,sell to open,SPY $283 put exp. 8/29/2018,51,1,51,credit,1.142
8/24/2018,2:45:00 PM CDT,503,buy to close,SPY $283 put exp. 8/29/2018,18,1,18,debit,0.127
8/24/2018,2:45:00 PM CDT,504,sell to open,SPY $284.5 put exp. 8/31/2018,47,1,47,credit,1.142
8/27/2018,2:45:00 PM CDT,504,buy to close,SPY $284.5 put exp. 8/31/2018,13,1,13,debit,0.127
8/27/2018,2:45:00 PM CDT,505,sell to open,SPY $286.5 put exp. 9/4/2018,39,1,39,credit,1.142
8/29/2018,2:45:00 PM CDT,505,buy to close,SPY $286.5 put exp. 9/4/2018,13,1,13,debit,0.127
8/29/2018,2:45:00 PM CDT,506,sell to open,SPY $289 put exp. 9/5/2018,37,1,37,credit,1.142
9/5/2018,2:45:00 PM CDT,506,buy to close,SPY $289 put exp. 9/5/2018,15,1,15,debit,0.127
9/5/2018,2:45:00 PM CDT,507,sell to open,SPY $285.5 put exp. 9/12/2018,52,1,52,credit,1.142
9/11/2018,2:45:00 PM CDT,507,buy to close,SPY $285.5 put exp. 9/12/2018,6,1,6,debit,0.127
9/11/2018,2:45:00 PM CDT,508,sell to open,SPY $286 put exp. 9/19/2018,59,1,59,credit,1.142
9/13/2018,2:45:00 PM CDT,508,buy to close,SPY $286 put exp. 9/19/2018,22,1,22,debit,0.127
9/13/2018,2:45:00 PM CDT,509,sell to open,SPY $287 put exp. 9/21/2018,65,1,65,credit,1.142
9/18/2018,2:45:00 PM CDT,509,buy to close,SPY $287 put exp. 9/21/2018,28,1,28,debit,0.127
9/18/2018,2:45:00 PM CDT,510,sell to open,SPY $286 put exp. 9/26/2018,56,1,56,credit,1.142
9/20/2018,2:45:00 PM CDT,510,buy to close,SPY $286 put exp. 9/26/2018,21,1,21,debit,0.127
9/20/2018,2:45:00 PM CDT,511,sell to open,SPY $289 put exp. 9/28/2018,58,1,58,credit,1.142
9/28/2018,2:45:00 PM CDT,511,buy to close,SPY $289 put exp. 9/28/2018,4,1,4,debit,0.127
9/28/2018,2:45:00 PM CDT,512,sell to open,SPY $287 put exp. 10/5/2018,54,1,54,credit,1.142
10/2/2018,2:45:00 PM CDT,512,buy to close,SPY $287 put exp. 10/5/2018,16,1,16,debit,0.127
10/2/2018,2:45:00 PM CDT,513,sell to open,SPY $288 put exp. 10/10/2018,51,1,51,credit,1.142
10/10/2018,2:45:00 PM CDT,513,buy to close,SPY $288 put exp. 10/10/2018,883,1,883,debit,0.127
10/10/2018,2:45:00 PM CDT,514,sell to open,SPY $270 put exp. 10/17/2018,102,1,102,credit,1.142
10/15/2018,2:45:00 PM CDT,514,buy to close,SPY $270 put exp. 10/17/2018,44,1,44,debit,0.127
10/15/2018,2:45:00 PM CDT,515,sell to open,SPY $269 put exp. 10/22/2018,105,1,105,credit,1.142
10/16/2018,2:45:00 PM CDT,515,buy to close,SPY $269 put exp. 10/22/2018,27,1,27,debit,0.127
10/16/2018,2:45:00 PM CDT,516,sell to open,SPY $274 put exp. 10/24/2018,90,1,90,credit,1.142
10/24/2018,2:45:00 PM CDT,516,buy to close,SPY $274 put exp. 10/24/2018,537,1,537,debit,0.127
10/25/2018,2:45:00 PM CDT,517,sell to open,SPY $262 put exp. 11/2/2018,139,1,139,credit,1.142
10/31/2018,2:45:00 PM CDT,517,buy to close,SPY $262 put exp. 11/2/2018,23,1,23,debit,0.127
10/31/2018,2:45:00 PM CDT,518,sell to open,SPY $264 put exp. 11/7/2018,123,1,123,credit,1.142
11/5/2018,2:45:00 PM CST,518,buy to close,SPY $264 put exp. 11/7/2018,37,1,37,debit,0.127
11/5/2018,2:45:00 PM CST,519,sell to open,SPY $266 put exp. 11/12/2018,112,1,112,credit,1.142
11/7/2018,2:45:00 PM CST,519,buy to close,SPY $266 put exp. 11/12/2018,8,1,8,debit,0.127
11/7/2018,2:45:00 PM CST,520,sell to open,SPY $275 put exp. 11/14/2018,71,1,71,credit,1.142
11/12/2018,2:45:00 PM CST,520,buy to close,SPY $275 put exp. 11/14/2018,289,1,289,debit,0.127
11/12/2018,2:45:00 PM CST,521,sell to open,SPY $266 put exp. 11/19/2018,101,1,101,credit,1.142
11/15/2018,2:45:00 PM CST,521,buy to close,SPY $266 put exp. 11/19/2018,45,1,45,debit,0.127
11/15/2018,2:45:00 PM CST,522,sell to open,SPY $265 put exp. 11/23/2018,88,1,88,credit,1.142
11/16/2018,2:45:00 PM CST,522,buy to close,SPY $265 put exp. 11/23/2018,34,1,34,debit,0.127
11/16/2018,2:45:00 PM CST,523,sell to open,SPY $269 put exp. 11/23/2018,75,1,75,credit,1.142
11/20/2018,2:45:00 PM CST,523,buy to close,SPY $269 put exp. 11/23/2018,473,1,473,debit,0.127
11/20/2018,2:45:00 PM CST,524,sell to open,SPY $257 put exp. 11/28/2018,106,1,106,credit,1.142
11/21/2018,2:45:00 PM CST,524,buy to close,SPY $257 put exp. 11/28/2018,45,1,45,debit,0.127
11/21/2018,2:45:00 PM CST,525,sell to open,SPY $260 put exp. 11/28/2018,82,1,82,credit,1.142
11/26/2018,2:45:00 PM CST,525,buy to close,SPY $260 put exp. 11/28/2018,12,1,12,debit,0.127
11/26/2018,2:45:00 PM CST,526,sell to open,SPY $262 put exp. 12/3/2018,94,1,94,credit,1.142
11/28/2018,2:45:00 PM CST,526,buy to close,SPY $262 put exp. 12/3/2018,21,1,21,debit,0.127
11/28/2018,2:45:00 PM CST,527,sell to open,SPY $267 put exp. 12/5/2018,96,1,96,credit,1.142
12/3/2018,2:45:00 PM CST,527,buy to close,SPY $267 put exp. 12/5/2018,3,1,3,debit,0.127
12/3/2018,2:45:00 PM CST,528,sell to open,SPY $274 put exp. 12/10/2018,71,1,71,credit,1.142
12/4/2018,2:45:00 PM CST,528,buy to close,SPY $274 put exp. 12/10/2018,468,1,468,debit,0.127
12/4/2018,2:45:00 PM CST,529,sell to open,SPY $263 put exp. 12/12/2018,130,1,130,credit,1.142
12/12/2018,2:45:00 PM CST,529,buy to close,SPY $263 put exp. 12/12/2018,1,1,1,debit,0.127
12/12/2018,2:45:00 PM CST,530,sell to open,SPY $260 put exp. 12/19/2018,107,1,107,credit,1.142
12/17/2018,2:45:00 PM CST,530,buy to close,SPY $260 put exp. 12/19/2018,681,1,681,debit,0.127
12/17/2018,2:45:00 PM CST,531,sell to open,SPY $244 put exp. 12/24/2018,119,1,119,credit,1.142
12/18/2018,2:45:00 PM CST,531,buy to close,SPY $244 put exp. 12/24/2018,72,1,72,debit,0.127
1/2/2019,2:45:00 PM CST,532,sell to open,SPY $242 put exp. 1/9/2019,96,1,96,credit,1.142
1/3/2019,2:45:00 PM CST,532,buy to close,SPY $242 put exp. 1/9/2019,207,1,207,debit,0.127
1/4/2019,2:45:00 PM CST,533,sell to open,SPY $246 put exp. 1/11/2019,98,1,98,credit,1.142
1/7/2019,2:45:00 PM CST,533,buy to close,SPY $246 put exp. 1/11/2019,35,1,35,debit,0.127
1/7/2019,2:45:00 PM CST,534,sell to open,SPY $249 put exp. 1/14/2019,89,1,89,credit,1.142
1/9/2019,2:45:00 PM CST,534,buy to close,SPY $249 put exp. 1/14/2019,23,1,23,debit,0.127
1/9/2019,2:45:00 PM CST,535,sell to open,SPY $252 put exp. 1/16/2019,84,1,84,credit,1.142
1/11/2019,2:45:00 PM CST,535,buy to close,SPY $252 put exp. 1/16/2019,22,1,22,debit,0.127
1/11/2019,2:45:00 PM CST,536,sell to open,SPY $253.5 put exp. 1/18/2019,65,1,65,credit,1.142
1/15/2019,2:45:00 PM CST,536,buy to close,SPY $253.5 put exp. 1/18/2019,19,1,19,debit,0.127
1/15/2019,2:45:00 PM CST,537,sell to open,SPY $255.5 put exp. 1/22/2019,56,1,56,credit,1.142
1/17/2019,2:45:00 PM CST,537,buy to close,SPY $255.5 put exp. 1/22/2019,12,1,12,debit,0.127
1/17/2019,2:45:00 PM CST,538,sell to open,SPY $257.5 put exp. 1/25/2019,69,1,69,credit,1.142
1/18/2019,2:45:00 PM CST,538,buy to close,SPY $257.5 put exp. 1/25/2019,21,1,21,debit,0.127
1/18/2019,2:45:00 PM CST,539,sell to open,SPY $261.5 put exp. 1/25/2019,54,1,54,credit,1.142
1/25/2019,2:45:00 PM CST,539,buy to close,SPY $261.5 put exp. 1/25/2019,1,1,1,debit,0.127
1/25/2019,2:45:00 PM CST,540,sell to open,SPY $261 put exp. 2/1/2019,74,1,74,credit,1.142
1/30/2019,2:45:00 PM CST,540,buy to close,SPY $261 put exp. 2/1/2019,17,1,17,debit,0.127
1/30/2019,2:45:00 PM CST,541,sell to open,SPY $262 put exp. 2/6/2019,75,1,75,credit,1.142
1/31/2019,2:45:00 PM CST,541,buy to close,SPY $262 put exp. 2/6/2019,28,1,28,debit,0.127
1/31/2019,2:45:00 PM CST,542,sell to open,SPY $264 put exp. 2/8/2019,67,1,67,credit,1.142
2/4/2019,2:45:00 PM CST,542,buy to close,SPY $264 put exp. 2/8/2019,11,1,11,debit,0.127
2/4/2019,2:45:00 PM CST,543,sell to open,SPY $268 put exp. 2/11/2019,56,1,56,credit,1.142
2/6/2019,2:45:00 PM CST,543,buy to close,SPY $268 put exp. 2/11/2019,23,1,23,debit,0.127
2/6/2019,2:45:00 PM CST,544,sell to open,SPY $268.5 put exp. 2/13/2019,51,1,51,credit,1.142
2/12/2019,2:45:00 PM CST,544,buy to close,SPY $268.5 put exp. 2/13/2019,3,1,3,debit,0.127
2/12/2019,2:45:00 PM CST,545,sell to open,SPY $270 put exp. 2/19/2019,55,1,55,credit,1.142
2/14/2019,2:45:00 PM CST,545,buy to close,SPY $270 put exp. 2/19/2019,23,1,23,debit,0.127
2/14/2019,2:45:00 PM CST,546,sell to open,SPY $270.5 put exp. 2/22/2019,69,1,69,credit,1.142
2/15/2019,2:45:00 PM CST,546,buy to close,SPY $270.5 put exp. 2/22/2019,22,1,22,debit,0.127
2/15/2019,2:45:00 PM CST,547,sell to open,SPY $273.5 put exp. 2/22/2019,50,1,50,credit,1.142
2/19/2019,2:45:00 PM CST,547,buy to close,SPY $273.5 put exp. 2/22/2019,16,1,16,debit,0.127
2/19/2019,2:45:00 PM CST,548,sell to open,SPY $273.5 put exp. 2/27/2019,54,1,54,credit,1.142
2/22/2019,2:45:00 PM CST,548,buy to close,SPY $273.5 put exp. 2/27/2019,18,1,18,debit,0.127
2/22/2019,2:45:00 PM CST,549,sell to open,SPY $275 put exp. 3/1/2019,54,1,54,credit,1.142
2/26/2019,2:45:00 PM CST,549,buy to close,SPY $275 put exp. 3/1/2019,25,1,25,debit,0.127
2/26/2019,2:45:00 PM CST,550,sell to open,SPY $275 put exp. 3/6/2019,63,1,63,credit,1.142
3/1/2019,2:45:00 PM CST,550,buy to close,SPY $275 put exp. 3/6/2019,13,1,13,debit,0.127
3/1/2019,2:45:00 PM CST,551,sell to open,SPY $277 put exp. 3/8/2019,46,1,46,credit,1.142
3/7/2019,2:45:00 PM CST,551,buy to close,SPY $277 put exp. 3/8/2019,223,1,223,debit,0.127
3/7/2019,2:45:00 PM CST,552,sell to open,SPY $268 put exp. 3/15/2019,91,1,91,credit,1.142
3/11/2019,2:45:00 PM CDT,552,buy to close,SPY $268 put exp. 3/15/2019,12,1,12,debit,0.127
3/11/2019,2:45:00 PM CDT,553,sell to open,SPY $273.5 put exp. 3/18/2019,61,1,61,credit,1.142
3/13/2019,2:45:00 PM CDT,553,buy to close,SPY $273.5 put exp. 3/18/2019,12,1,12,debit,0.127
3/13/2019,2:45:00 PM CDT,554,sell to open,SPY $276.5 put exp. 3/20/2019,57,1,57,credit,1.142
3/15/2019,2:45:00 PM CDT,554,buy to close,SPY $276.5 put exp. 3/20/2019,18,1,18,debit,0.127
3/15/2019,2:45:00 PM CDT,555,sell to open,SPY $277.5 put exp. 3/22/2019,49,1,49,credit,1.142
3/20/2019,2:45:00 PM CDT,555,buy to close,SPY $277.5 put exp. 3/22/2019,15,1,15,debit,0.127
3/20/2019,2:45:00 PM CDT,556,sell to open,SPY $278 put exp. 3/27/2019,57,1,57,credit,1.142
3/21/2019,2:45:00 PM CDT,556,buy to close,SPY $278 put exp. 3/27/2019,23,1,23,debit,0.127
3/21/2019,2:45:00 PM CDT,557,sell to open,SPY $280 put exp. 3/29/2019,66,1,66,credit,1.142
3/29/2019,2:45:00 PM CDT,557,buy to close,SPY $280 put exp. 3/29/2019,1,1,1,debit,0.127
3/29/2019,2:45:00 PM CDT,558,sell to open,SPY $279 put exp. 4/5/2019,69,1,69,credit,1.142
4/1/2019,2:45:00 PM CDT,558,buy to close,SPY $279 put exp. 4/5/2019,14,1,14,debit,0.127
4/1/2019,2:45:00 PM CDT,559,sell to open,SPY $282 put exp. 4/8/2019,49,1,49,credit,1.142
4/4/2019,2:45:00 PM CDT,559,buy to close,SPY $282 put exp. 4/8/2019,11,1,11,debit,0.127
4/4/2019,2:45:00 PM CDT,560,sell to open,SPY $283 put exp. 4/12/2019,55,1,55,credit,1.142
4/5/2019,2:45:00 PM CDT,560,buy to close,SPY $283 put exp. 4/12/2019,24,1,24,debit,0.127
4/5/2019,2:45:00 PM CDT,561,sell to open,SPY $285 put exp. 4/12/2019,43,1,43,credit,1.142
4/10/2019,2:45:00 PM CDT,561,buy to close,SPY $285 put exp. 4/12/2019,12,1,12,debit,0.127
4/10/2019,2:45:00 PM CDT,562,sell to open,SPY $285 put exp. 4/17/2019,48,1,48,credit,1.142
4/12/2019,2:45:00 PM CDT,562,buy to close,SPY $285 put exp. 4/17/2019,12,1,12,debit,0.127
4/12/2019,2:45:00 PM CDT,563,sell to open,SPY $287 put exp. 4/18/2019,36,1,36,credit,1.142
4/17/2019,2:45:00 PM CDT,563,buy to close,SPY $287 put exp. 4/18/2019,10,1,10,debit,0.127
4/17/2019,2:45:00 PM CDT,564,sell to open,SPY $286.5 put exp. 4/24/2019,44,1,44,credit,1.142
4/22/2019,2:45:00 PM CDT,564,buy to close,SPY $286.5 put exp. 4/24/2019,9,1,9,debit,0.127
4/22/2019,2:45:00 PM CDT,565,sell to open,SPY $287 put exp. 4/29/2019,45,1,45,credit,1.142
4/23/2019,2:45:00 PM CDT,565,buy to close,SPY $287 put exp. 4/29/2019,19,1,19,debit,0.127
4/23/2019,2:45:00 PM CDT,566,sell to open,SPY $288.5 put exp. 5/1/2019,54,1,54,credit,1.142
4/29/2019,2:45:00 PM CDT,566,buy to close,SPY $288.5 put exp. 5/1/2019,9,1,9,debit,0.127
4/29/2019,2:45:00 PM CDT,567,sell to open,SPY $290 put exp. 5/6/2019,51,1,51,credit,1.142
5/3/2019,2:45:00 PM CDT,567,buy to close,SPY $290 put exp. 5/6/2019,7,1,7,debit,0.127
5/3/2019,2:45:00 PM CDT,568,sell to open,SPY $290 put exp. 5/10/2019,49,1,49,credit,1.142
5/7/2019,2:45:00 PM CDT,568,buy to close,SPY $290 put exp. 5/10/2019,422,1,422,debit,0.127
5/7/2019,2:45:00 PM CDT,569,sell to open,SPY $278 put exp. 5/15/2019,135,1,135,credit,1.142
5/10/2019,2:45:00 PM CDT,569,buy to close,SPY $278 put exp. 5/15/2019,30,1,30,debit,0.127
5/10/2019,2:45:00 PM CDT,570,sell to open,SPY $281.5 put exp. 5/17/2019,98,1,98,credit,1.142
5/15/2019,2:45:00 PM CDT,570,buy to close,SPY $281.5 put exp. 5/17/2019,44,1,44,debit,0.127
5/15/2019,2:45:00 PM CDT,571,sell to open,SPY $280 put exp. 5/22/2019,85,1,85,credit,1.142
5/20/2019,2:45:00 PM CDT,571,buy to close,SPY $280 put exp. 5/22/2019,40,1,40,debit,0.127
5/20/2019,2:45:00 PM CDT,572,sell to open,SPY $278 put exp. 5/28/2019,78,1,78,credit,1.142
5/21/2019,2:45:00 PM CDT,572,buy to close,SPY $278 put exp. 5/28/2019,21,1,21,debit,0.127
5/21/2019,2:45:00 PM CDT,573,sell to open,SPY $282 put exp. 5/28/2019,62,1,62,credit,1.142
5/28/2019,3:00:00 PM CDT,573,exercise,SPY $282 put exp. 5/28/2019,0,1,0,debit,5
5/28/2019,3:00:00 PM CDT,573,assignment,SPY shares,282,100,28200,debit,0
5/28/2019,3:00:00 PM CDT,573,sell to close,SPY shares,280.15,100,28015,credit,0
5/29/2019,2:45:00 PM CDT,574,sell to open,SPY $273 put exp. 6/5/2019,89,1,89,credit,1.142
6/4/2019,2:45:00 PM CDT,574,buy to close,SPY $273 put exp. 6/5/2019,4,1,4,debit,0.127
6/4/2019,2:45:00 PM CDT,575,sell to open,SPY $274 put exp. 6/12/2019,87,1,87,credit,1.142
6/5/2019,2:45:00 PM CDT,575,buy to close,SPY $274 put exp. 6/12/2019,31,1,31,debit,0.127
6/5/2019,2:45:00 PM CDT,576,sell to open,SPY $277 put exp. 6/12/2019,65,1,65,credit,1.142
6/6/2019,2:45:00 PM CDT,576,buy to close,SPY $277 put exp. 6/12/2019,26,1,26,debit,0.127
6/6/2019,2:45:00 PM CDT,577,sell to open,SPY $280 put exp. 6/14/2019,82,1,82,credit,1.142
6/7/2019,2:45:00 PM CDT,577,buy to close,SPY $280 put exp. 6/14/2019,39,1,39,debit,0.127
6/7/2019,2:45:00 PM CDT,578,sell to open,SPY $282.5 put exp. 6/14/2019,68,1,68,credit,1.142
6/10/2019,2:45:00 PM CDT,578,buy to close,SPY $282.5 put exp. 6/14/2019,26,1,26,debit,0.127
6/10/2019,2:45:00 PM CDT,579,sell to open,SPY $284 put exp. 6/17/2019,61,1,61,credit,1.142
6/13/2019,2:45:00 PM CDT,579,buy to close,SPY $284 put exp. 6/17/2019,14,1,14,debit,0.127
6/13/2019,2:45:00 PM CDT,580,sell to open,SPY $283 put exp. 6/21/2019,95,1,95,credit,1.142
6/17/2019,2:45:00 PM CDT,580,buy to close,SPY $283 put exp. 6/21/2019,45,1,45,debit,0.127
6/17/2019,2:45:00 PM CDT,581,sell to open,SPY $283.5 put exp. 6/24/2019,68,1,68,credit,1.142
6/19/2019,2:45:00 PM CDT,581,buy to close,SPY $283.5 put exp. 6/24/2019,10,1,10,debit,0.127
6/19/2019,2:45:00 PM CDT,582,sell to open,SPY $288.5 put exp. 6/26/2019,72,1,72,credit,1.142
6/20/2019,2:45:00 PM CDT,582,buy to close,SPY $288.5 put exp. 6/26/2019,30,1,30,debit,0.127
6/20/2019,2:45:00 PM CDT,583,sell to open,SPY $290 put exp. 6/28/2019,74,1,74,credit,1.142
6/27/2019,2:45:00 PM CDT,583,buy to close,SPY $290 put exp. 6/28/2019,25,1,25,debit,0.127
6/27/2019,2:45:00 PM CDT,584,sell to open,SPY $286 put exp. 7/5/2019,94,1,94,credit,1.142
7/1/2019,2:45:00 PM CDT,584,buy to close,SPY $286 put exp. 7/5/2019,8,1,8,debit,0.127
7/1/2019,2:45:00 PM CDT,585,sell to open,SPY $291 put exp. 7/8/2019,42,1,42,credit,1.142
7/2/2019,2:45:00 PM CDT,585,buy to close,SPY $291 put exp. 7/8/2019,18,1,18,debit,0.127
7/2/2019,2:45:00 PM CDT,586,sell to open,SPY $292.5 put exp. 7/10/2019,53,1,53,credit,1.142
7/3/2019,2:45:00 PM CDT,586,buy to close,SPY $292.5 put exp. 7/10/2019,23,1,23,debit,0.127
7/3/2019,2:45:00 PM CDT,587,sell to open,SPY $295 put exp. 7/10/2019,44,1,44,credit,1.142
7/10/2019,2:45:00 PM CDT,587,buy to close,SPY $295 put exp. 7/10/2019,1,1,1,debit,0.127
7/10/2019,2:45:00 PM CDT,588,sell to open,SPY $295.5 put exp. 7/17/2019,51,1,51,credit,1.142
7/12/2019,2:45:00 PM CDT,588,buy to close,SPY $295.5 put exp. 7/17/2019,13,1,13,debit,0.127
7/12/2019,2:45:00 PM CDT,589,sell to open,SPY $297 put exp. 7/19/2019,42,1,42,credit,1.142
7/19/2019,2:45:00 PM CDT,589,buy to close,SPY $297 put exp. 7/19/2019,3,1,3,debit,0.127
7/19/2019,2:45:00 PM CDT,590,sell to open,SPY $293.5 put exp. 7/26/2019,60,1,60,credit,1.142
7/23/2019,2:45:00 PM CDT,590,buy to close,SPY $293.5 put exp. 7/26/2019,8,1,8,debit,0.127
7/23/2019,2:45:00 PM CDT,591,sell to open,SPY $295 put exp. 7/31/2019,66,1,66,credit,1.142
7/26/2019,2:45:00 PM CDT,591,buy to close,SPY $295 put exp. 7/31/2019,16,1,16,debit,0.127
7/26/2019,2:45:00 PM CDT,592,sell to open,SPY $297.5 put exp. 8/2/2019,57,1,57,credit,1.142
8/1/2019,2:45:00 PM CDT,592,buy to close,SPY $297.5 put exp. 8/2/2019,245,1,245,debit,0.127
8/1/2019,2:45:00 PM CDT,593,sell to open,SPY $288 put exp. 8/9/2019,110,1,110,credit,1.142
8/5/2019,2:45:00 PM CDT,593,buy to close,SPY $288 put exp. 8/9/2019,539,1,539,debit,0.127
8/5/2019,2:45:00 PM CDT,594,sell to open,SPY $275 put exp. 8/12/2019,137,1,137,credit,1.142
8/6/2019,2:45:00 PM CDT,594,buy to close,SPY $275 put exp. 8/12/2019,47,1,47,debit,0.127
8/6/2019,2:45:00 PM CDT,595,sell to open,SPY $279 put exp. 8/14/2019,127,1,127,credit,1.142
8/8/2019,2:45:00 PM CDT,595,buy to close,SPY $279 put exp. 8/14/2019,18,1,18,debit,0.127
8/8/2019,2:45:00 PM CDT,596,sell to open,SPY $287 put exp. 8/16/2019,99,1,99,credit,1.142
8/16/2019,2:45:00 PM CDT,596,buy to close,SPY $287 put exp. 8/16/2019,3,1,3,debit,0.127
8/16/2019,2:45:00 PM CDT,597,sell to open,SPY $282 put exp. 8/23/2019,95,1,95,credit,1.142
8/19/2019,2:45:00 PM CDT,597,buy to close,SPY $282 put exp. 8/23/2019,24,1,24,debit,0.127
8/19/2019,2:45:00 PM CDT,598,sell to open,SPY $287 put exp. 8/26/2019,86,1,86,credit,1.142
8/22/2019,2:45:00 PM CDT,598,buy to close,SPY $287 put exp. 8/26/2019,39,1,39,debit,0.127
8/22/2019,2:45:00 PM CDT,599,sell to open,SPY $286 put exp. 8/30/2019,96,1,96,credit,1.142
8/23/2019,2:45:00 PM CDT,599,buy to close,SPY $286 put exp. 8/30/2019,393,1,393,debit,0.127
8/23/2019,2:45:00 PM CDT,600,sell to open,SPY $277 put exp. 8/30/2019,116,1,116,credit,1.142
8/26/2019,2:45:00 PM CDT,600,buy to close,SPY $277 put exp. 8/30/2019,45,1,45,debit,0.127
8/26/2019,2:45:00 PM CDT,601,sell to open,SPY $279 put exp. 9/3/2019,98,1,98,credit,1.142
8/28/2019,2:45:00 PM CDT,601,buy to close,SPY $279 put exp. 9/3/2019,39,1,39,debit,0.127
8/28/2019,2:45:00 PM CDT,602,sell to open,SPY $282 put exp. 9/4/2019,94,1,94,credit,1.142
8/29/2019,2:45:00 PM CDT,602,buy to close,SPY $282 put exp. 9/4/2019,31,1,31,debit,0.127
8/29/2019,2:45:00 PM CDT,603,sell to open,SPY $286 put exp. 9/6/2019,99,1,99,credit,1.142
9/4/2019,2:45:00 PM CDT,603,buy to close,SPY $286 put exp. 9/6/2019,10,1,10,debit,0.127
9/4/2019,2:45:00 PM CDT,604,sell to open,SPY $288.5 put exp. 9/11/2019,77,1,77,credit,1.142
9/5/2019,2:45:00 PM CDT,604,buy to close,SPY $288.5 put exp. 9/11/2019,22,1,22,debit,0.127
9/5/2019,2:45:00 PM CDT,605,sell to open,SPY $292.5 put exp. 9/13/2019,76,1,76,credit,1.142
9/9/2019,2:45:00 PM CDT,605,buy to close,SPY $292.5 put exp. 9/13/2019,28,1,28,debit,0.127
9/9/2019,2:45:00 PM CDT,606,sell to open,SPY $293.5 put exp. 9/16/2019,53,1,53,credit,1.142
9/11/2019,2:45:00 PM CDT,606,buy to close,SPY $293.5 put exp. 9/16/2019,19,1,19,debit,0.127
9/11/2019,2:45:00 PM CDT,607,sell to open,SPY $295 put exp. 9/18/2019,66,1,66,credit,1.142
9/13/2019,2:45:00 PM CDT,607,buy to close,SPY $295 put exp. 9/18/2019,30,1,30,debit,0.127
9/13/2019,2:45:00 PM CDT,608,sell to open,SPY $296.5 put exp. 9/20/2019,86,1,86,credit,1.142
9/19/2019,2:45:00 PM CDT,608,buy to close,SPY $296.5 put exp. 9/20/2019,18,1,18,debit,0.127
9/19/2019,2:45:00 PM CDT,609,sell to open,SPY $297.5 put exp. 9/27/2019,111,1,111,credit,1.142
9/27/2019,3:00:00 PM CDT,609,exercise,SPY $297.5 put exp. 9/27/2019,0,1,0,debit,5
9/27/2019,3:00:00 PM CDT,609,assignment,SPY shares,297.5,100,29750,debit,0
9/27/2019,3:00:00 PM CDT,609,sell to close,SPY shares,295.4,100,29540,credit,0
9/30/2019,2:45:00 PM CDT,610,sell to open,SPY $292 put exp. 10/7/2019,72,1,72,credit,1.142
10/2/2019,2:45:00 PM CDT,610,buy to close,SPY $292 put exp. 10/7/2019,444,1,444,debit,0.127
10/2/2019,2:45:00 PM CDT,611,sell to open,SPY $281 put exp. 10/9/2019,101,1,101,credit,1.142
10/4/2019,2:45:00 PM CDT,611,buy to close,SPY $281 put exp. 10/9/2019,7,1,7,debit,0.127
10/4/2019,2:45:00 PM CDT,612,sell to open,SPY $288 put exp. 10/11/2019,86,1,86,credit,1.142
10/10/2019,2:45:00 PM CDT,612,buy to close,SPY $288 put exp. 10/11/2019,36,1,36,debit,0.127
10/10/2019,2:45:00 PM CDT,613,sell to open,SPY $286 put exp. 10/18/2019,109,1,109,credit,1.142
10/11/2019,2:45:00 PM CDT,613,buy to close,SPY $286 put exp. 10/18/2019,35,1,35,debit,0.127
10/11/2019,2:45:00 PM CDT,614,sell to open,SPY $291 put exp. 10/18/2019,84,1,84,credit,1.142
10/15/2019,2:45:00 PM CDT,614,buy to close,SPY $291 put exp. 10/18/2019,14,1,14,debit,0.127
10/15/2019,2:45:00 PM CDT,615,sell to open,SPY $295 put exp. 10/23/2019,75,1,75,credit,1.142
10/21/2019,2:45:00 PM CDT,615,buy to close,SPY $295 put exp. 10/23/2019,8,1,8,debit,0.127
10/21/2019,2:45:00 PM CDT,616,sell to open,SPY $296 put exp. 10/28/2019,51,1,51,credit,1.142
10/24/2019,2:45:00 PM CDT,616,buy to close,SPY $296 put exp. 10/28/2019,13,1,13,debit,0.127
10/24/2019,2:45:00 PM CDT,617,sell to open,SPY $296 put exp. 11/1/2019,70,1,70,credit,1.142
10/28/2019,2:45:00 PM CDT,617,buy to close,SPY $296 put exp. 11/1/2019,16,1,16,debit,0.127
10/28/2019,2:45:00 PM CDT,618,sell to open,SPY $300 put exp. 11/4/2019,61,1,61,credit,1.142
11/1/2019,2:45:00 PM CDT,618,buy to close,SPY $300 put exp. 11/4/2019,3,1,3,debit,0.127
11/1/2019,2:45:00 PM CDT,619,sell to open,SPY $302.5 put exp. 11/8/2019,48,1,48,credit,1.142
11/4/2019,2:45:00 PM CST,619,buy to close,SPY $302.5 put exp. 11/8/2019,20,1,20,debit,0.127
11/4/2019,2:45:00 PM CST,620,sell to open,SPY $304 put exp. 11/11/2019,48,1,48,credit,1.142
11/7/2019,2:45:00 PM CST,620,buy to close,SPY $304 put exp. 11/11/2019,14,1,14,debit,0.127
11/7/2019,2:45:00 PM CST,621,sell to open,SPY $304 put exp. 11/15/2019,60,1,60,credit,1.142
11/11/2019,2:45:00 PM CST,621,buy to close,SPY $304 put exp. 11/15/2019,26,1,26,debit,0.127
11/11/2019,2:45:00 PM CST,622,sell to open,SPY $305 put exp. 11/18/2019,53,1,53,credit,1.142
11/14/2019,2:45:00 PM CST,622,buy to close,SPY $305 put exp. 11/18/2019,18,1,18,debit,0.127
11/14/2019,2:45:00 PM CST,623,sell to open,SPY $305 put exp. 11/22/2019,67,1,67,credit,1.142
11/15/2019,2:45:00 PM CST,623,buy to close,SPY $305 put exp. 11/22/2019,28,1,28,debit,0.127
11/15/2019,2:45:00 PM CST,624,sell to open,SPY $307.5 put exp. 11/22/2019,49,1,49,credit,1.142
11/19/2019,2:45:00 PM CST,624,buy to close,SPY $307.5 put exp. 11/22/2019,18,1,18,debit,0.127
11/19/2019,2:45:00 PM CST,625,sell to open,SPY $308.5 put exp. 11/27/2019,59,1,59,credit,1.142
11/25/2019,2:45:00 PM CST,625,buy to close,SPY $308.5 put exp. 11/27/2019,8,1,8,debit,0.127
11/25/2019,2:45:00 PM CST,626,sell to open,SPY $310 put exp. 12/2/2019,40,1,40,credit,1.142
11/27/2019,2:45:00 PM CST,626,buy to close,SPY $310 put exp. 12/2/2019,9,1,9,debit,0.127
11/27/2019,2:45:00 PM CST,627,sell to open,SPY $312 put exp. 12/4/2019,42,1,42,credit,1.142
12/3/2019,2:45:00 PM CST,627,buy to close,SPY $312 put exp. 12/4/2019,290,1,290,debit,0.127
12/3/2019,2:45:00 PM CST,628,sell to open,SPY $302 put exp. 12/11/2019,88,1,88,credit,1.142
12/4/2019,2:45:00 PM CST,628,buy to close,SPY $302 put exp. 12/11/2019,34,1,34,debit,0.127
12/4/2019,2:45:00 PM CST,629,sell to open,SPY $306.5 put exp. 12/11/2019,77,1,77,credit,1.142
12/6/2019,2:45:00 PM CST,629,buy to close,SPY $306.5 put exp. 12/11/2019,13,1,13,debit,0.127
12/6/2019,2:45:00 PM CST,630,sell to open,SPY $311 put exp. 12/13/2019,68,1,68,credit,1.142
12/12/2019,2:45:00 PM CST,630,buy to close,SPY $311 put exp. 12/13/2019,9,1,9,debit,0.127
12/12/2019,2:45:00 PM CST,631,sell to open,SPY $312 put exp. 12/20/2019,115,1,115,credit,1.142
12/16/2019,2:45:00 PM CST,631,buy to close,SPY $312 put exp. 12/20/2019,26,1,26,debit,0.127
12/16/2019,2:45:00 PM CST,632,sell to open,SPY $316 put exp. 12/23/2019,82,1,82,credit,1.142
12/19/2019,2:45:00 PM CST,632,buy to close,SPY $316 put exp. 12/23/2019,15,1,15,debit,0.127
12/19/2019,2:45:00 PM CST,633,sell to open,SPY $319 put exp. 12/27/2019,111,1,111,credit,1.142
12/20/2019,2:45:00 PM CST,633,buy to close,SPY $319 put exp. 12/27/2019,49,1,49,debit,0.127
12/20/2019,2:45:00 PM CST,634,sell to open,SPY $318.5 put exp. 12/27/2019,41,1,41,credit,1.142
12/24/2019,2:45:00 PM CST,634,buy to close,SPY $318.5 put exp. 12/27/2019,14,1,14,debit,0.127
12/24/2019,2:45:00 PM CST,635,sell to open,SPY $318 put exp. 12/31/2019,43,1,43,credit,1.142
12/26/2019,2:45:00 PM CST,635,buy to close,SPY $318 put exp. 12/31/2019,17,1,17,debit,0.127
12/26/2019,2:45:00 PM CST,636,sell to open,SPY $319 put exp. 1/3/2020,48,1,48,credit,1.142
1/2/2020,2:45:00 PM CST,636,buy to close,SPY $319 put exp. 1/3/2020,4,1,4,debit,0.127
1/2/2020,2:45:00 PM CST,637,sell to open,SPY $320 put exp. 1/10/2020,62,1,62,credit,1.142
1/8/2020,2:45:00 PM CST,637,buy to close,SPY $320 put exp. 1/10/2020,14,1,14,debit,0.127
1/8/2020,2:45:00 PM CST,638,sell to open,SPY $321.5 put exp. 1/15/2020,61,1,61,credit,1.142
1/13/2020,2:45:00 PM CST,638,buy to close,SPY $321.5 put exp. 1/15/2020,7,1,7,debit,0.127
1/13/2020,2:45:00 PM CST,639,sell to open,SPY $324 put exp. 1/21/2020,57,1,57,credit,1.142
1/16/2020,2:45:00 PM CST,639,buy to close,SPY $324 put exp. 1/21/2020,9,1,9,debit,0.127
1/16/2020,2:45:00 PM CST,640,sell to open,SPY $327 put exp. 1/24/2020,56,1,56,credit,1.142
1/21/2020,2:45:00 PM CST,640,buy to close,SPY $327 put exp. 1/24/2020,25,1,25,debit,0.127
1/21/2020,2:45:00 PM CST,641,sell to open,SPY $327 put exp. 1/29/2020,67,1,67,credit,1.142
1/27/2020,2:45:00 PM CST,641,buy to close,SPY $327 put exp. 1/29/2020,361,1,361,debit,0.127
1/27/2020,2:45:00 PM CST,642,sell to open,SPY $317 put exp. 2/3/2020,116,1,116,credit,1.142
1/28/2020,2:45:00 PM CST,642,buy to close,SPY $317 put exp. 2/3/2020,46,1,46,debit,0.127
1/28/2020,2:45:00 PM CST,643,sell to open,SPY $319 put exp. 2/5/2020,111,1,111,credit,1.142
2/4/2020,2:45:00 PM CST,643,buy to close,SPY $319 put exp. 2/5/2020,3,1,3,debit,0.127
2/4/2020,2:45:00 PM CST,644,sell to open,SPY $323 put exp. 2/12/2020,104,1,104,credit,1.142
2/5/2020,2:45:00 PM CST,644,buy to close,SPY $323 put exp. 2/12/2020,36,1,36,debit,0.127
2/5/2020,2:45:00 PM CST,645,sell to open,SPY $327 put exp. 2/12/2020,73,1,73,credit,1.142
2/10/2020,2:45:00 PM CST,645,buy to close,SPY $327 put exp. 2/12/2020,11,1,11,debit,0.127
2/10/2020,2:45:00 PM CST,646,sell to open,SPY $329 put exp. 2/18/2020,83,1,83,credit,1.142
2/12/2020,2:45:00 PM CST,646,buy to close,SPY $329 put exp. 2/18/2020,14,1,14,debit,0.127
2/12/2020,2:45:00 PM CST,647,sell to open,SPY $333 put exp. 2/19/2020,53,1,53,credit,1.142
2/18/2020,2:45:00 PM CST,647,buy to close,SPY $333 put exp. 2/19/2020,14,1,14,debit,0.127
2/18/2020,2:45:00 PM CST,648,sell to open,SPY $331 put exp. 2/26/2020,72,1,72,credit,1.142
2/24/2020,2:45:00 PM CST,648,buy to close,SPY $331 put exp. 2/26/2020,757,1,757,debit,0.127
6/5/2020,2:45:00 PM CDT,649,sell to open,SPY $310 put exp. 6/12/2020,107,1,107,credit,1.142
6/8/2020,2:45:00 PM CDT,649,buy to close,SPY $310 put exp. 6/12/2020,47,1,47,debit,0.127
7/20/2020,2:45:00 PM CDT,650,sell to open,SPY $317 put exp. 7/27/2020,109,1,109,credit,1.142
7/22/2020,2:45:00 PM CDT,650,buy to close,SPY $317 put exp. 7/27/2020,41,1,41,debit,0.127
7/22/2020,2:45:00 PM CDT,651,sell to open,SPY $319 put exp. 7/29/2020,122,1,122,credit,1.142
7/23/2020,2:45:00 PM CDT,651,buy to close,SPY $319 put exp. 7/29/2020,204,1,204,debit,0.127
7/27/2020,2:45:00 PM CDT,652,sell to open,SPY $315 put exp. 8/3/2020,112,1,112,credit,1.142
7/28/2020,2:45:00 PM CDT,652,buy to close,SPY $315 put exp. 8/3/2020,119,1,119,debit,0.127
7/29/2020,2:45:00 PM CDT,653,sell to open,SPY $317 put exp. 8/5/2020,111,1,111,credit,1.142
8/3/2020,2:45:00 PM CDT,653,buy to close,SPY $317 put exp. 8/5/2020,9,1,9,debit,0.127
8/3/2020,2:45:00 PM CDT,654,sell to open,SPY $322 put exp. 8/10/2020,105,1,105,credit,1.142
8/5/2020,2:45:00 PM CDT,654,buy to close,SPY $322 put exp. 8/10/2020,30,1,30,debit,0.127
8/5/2020,2:45:00 PM CDT,655,sell to open,SPY $325 put exp. 8/12/2020,102,1,102,credit,1.142
8/7/2020,2:45:00 PM CDT,655,buy to close,SPY $325 put exp. 8/12/2020,40,1,40,debit,0.127
8/7/2020,2:45:00 PM CDT,656,sell to open,SPY $328 put exp. 8/14/2020,108,1,108,credit,1.142
8/12/2020,2:45:00 PM CDT,656,buy to close,SPY $328 put exp. 8/14/2020,15,1,15,debit,0.127
8/12/2020,2:45:00 PM CDT,657,sell to open,SPY $331 put exp. 8/19/2020,106,1,106,credit,1.142
8/17/2020,2:45:00 PM CDT,657,buy to close,SPY $331 put exp. 8/19/2020,15,1,15,debit,0.127
8/17/2020,2:45:00 PM CDT,658,sell to open,SPY $332 put exp. 8/24/2020,84,1,84,credit,1.142
8/20/2020,2:45:00 PM CDT,658,buy to close,SPY $332 put exp. 8/24/2020,31,1,31,debit,0.127
8/20/2020,2:45:00 PM CDT,659,sell to open,SPY $331 put exp. 8/28/2020,111,1,111,credit,1.142
8/24/2020,2:45:00 PM CDT,659,buy to close,SPY $331 put exp. 8/28/2020,27,1,27,debit,0.127
8/24/2020,2:45:00 PM CDT,660,sell to open,SPY $336 put exp. 8/31/2020,93,1,93,credit,1.142
8/26/2020,2:45:00 PM CDT,660,buy to close,SPY $336 put exp. 8/31/2020,38,1,38,debit,0.127
8/26/2020,2:45:00 PM CDT,661,sell to open,SPY $339 put exp. 9/2/2020,95,1,95,credit,1.142
8/28/2020,2:45:00 PM CDT,661,buy to close,SPY $339 put exp. 9/2/2020,20,1,20,debit,0.127
8/28/2020,2:45:00 PM CDT,662,sell to open,SPY $343 put exp. 9/4/2020,80,1,80,credit,1.142
8/31/2020,2:45:00 PM CDT,662,buy to close,SPY $343 put exp. 9/4/2020,66,1,66,debit,0.127
11/6/2020,2:45:00 PM CST,663,sell to open,SPY $341 put exp. 11/13/2020,133,1,133,credit,1.142
11/9/2020,2:45:00 PM CST,663,buy to close,SPY $341 put exp. 11/13/2020,39,1,39,debit,0.127
11/10/2020,2:45:00 PM CST,664,sell to open,SPY $344 put exp. 11/18/2020,168,1,168,credit,1.142
11/12/2020,2:45:00 PM CST,664,buy to close,SPY $344 put exp. 11/18/2020,163,1,163,debit,0.127
11/13/2020,2:45:00 PM CST,665,sell to open,SPY $349 put exp. 11/20/2020,126,1,126,credit,1.142
11/16/2020,2:45:00 PM CST,665,buy to close,SPY $349 put exp. 11/20/2020,39,1,39,debit,0.127
11/16/2020,2:45:00 PM CST,666,sell to open,SPY $354 put exp. 11/23/2020,124,1,124,credit,1.142
11/23/2020,2:45:00 PM CST,666,buy to close,SPY $354 put exp. 11/23/2020,1,1,1,debit,0.127
11/23/2020,2:45:00 PM CST,667,sell to open,SPY $351 put exp. 11/30/2020,106,1,106,credit,1.142
11/24/2020,2:45:00 PM CST,667,buy to close,SPY $351 put exp. 11/30/2020,27,1,27,debit,0.127
11/24/2020,2:45:00 PM CST,668,sell to open,SPY $356 put exp. 12/2/2020,121,1,121,credit,1.142
11/30/2020,2:45:00 PM CST,668,buy to close,SPY $356 put exp. 12/2/2020,54,1,54,debit,0.127
11/30/2020,2:45:00 PM CST,669,sell to open,SPY $354 put exp. 12/7/2020,115,1,115,credit,1.142
12/1/2020,2:45:00 PM CST,669,buy to close,SPY $354 put exp. 12/7/2020,47,1,47,debit,0.127
12/1/2020,2:45:00 PM CST,670,sell to open,SPY $357 put exp. 12/9/2020,117,1,117,credit,1.142
12/4/2020,2:45:00 PM CST,670,buy to close,SPY $357 put exp. 12/9/2020,21,1,21,debit,0.127
12/4/2020,2:45:00 PM CST,671,sell to open,SPY $362 put exp. 12/11/2020,95,1,95,credit,1.142
12/8/2020,2:45:00 PM CST,671,buy to close,SPY $362 put exp. 12/11/2020,29,1,29,debit,0.127
12/8/2020,2:45:00 PM CST,672,sell to open,SPY $362 put exp. 12/16/2020,105,1,105,credit,1.142
12/15/2020,2:45:00 PM CST,672,buy to close,SPY $362 put exp. 12/16/2020,24,1,24,debit,0.127
12/15/2020,2:45:00 PM CST,673,sell to open,SPY $360 put exp. 12/23/2020,162,1,162,credit,1.142
12/17/2020,2:45:00 PM CST,673,buy to close,SPY $360 put exp. 12/23/2020,68,1,68,debit,0.127
12/17/2020,2:45:00 PM CST,674,sell to open,SPY $366 put exp. 12/24/2020,152,1,152,credit,1.142
12/21/2020,2:45:00 PM CST,674,buy to close,SPY $366 put exp. 12/24/2020,219,1,219,debit,0.127
12/22/2020,2:45:00 PM CST,675,sell to open,SPY $358 put exp. 12/30/2020,125,1,125,credit,1.142
12/23/2020,2:45:00 PM CST,675,buy to close,SPY $358 put exp. 12/30/2020,54,1,54,debit,0.127
12/23/2020,2:45:00 PM CST,676,sell to open,SPY $362 put exp. 12/30/2020,88,1,88,credit,1.142
12/28/2020,2:45:00 PM CST,676,buy to close,SPY $362 put exp. 12/30/2020,10,1,10,debit,0.127
12/28/2020,2:45:00 PM CST,677,sell to open,SPY $366 put exp. 1/4/2021,87,1,87,credit,1.142
12/31/2020,2:45:00 PM CST,677,buy to close,SPY $366 put exp. 1/4/2021,35,1,35,debit,0.127
12/31/2020,2:45:00 PM CST,678,sell to open,SPY $364 put exp. 1/8/2021,142,1,142,credit,1.142
1/4/2021,2:45:00 PM CST,678,buy to close,SPY $364 put exp. 1/8/2021,248,1,248,debit,0.127
1/7/2021,2:45:00 PM CST,679,sell to open,SPY $371 put exp. 1/15/2021,127,1,127,credit,1.142
1/13/2021,2:45:00 PM CST,679,buy to close,SPY $371 put exp. 1/15/2021,23,1,23,debit,0.127
1/13/2021,2:45:00 PM CST,680,sell to open,SPY $373 put exp. 1/20/2021,111,1,111,credit,1.142
1/19/2021,2:45:00 PM CST,680,buy to close,SPY $373 put exp. 1/20/2021,23,1,23,debit,0.127
1/19/2021,2:45:00 PM CST,681,sell to open,SPY $369 put exp. 1/27/2021,144,1,144,credit,1.142
1/20/2021,2:45:00 PM CST,681,buy to close,SPY $369 put exp. 1/27/2021,48,1,48,debit,0.127
1/20/2021,2:45:00 PM CST,682,sell to open,SPY $377 put exp. 1/27/2021,112,1,112,credit,1.142
1/25/2021,2:45:00 PM CST,682,buy to close,SPY $377 put exp. 1/27/2021,50,1,50,debit,0.127
1/25/2021,2:45:00 PM CST,683,sell to open,SPY $376 put exp. 2/1/2021,131,1,131,credit,1.142
1/27/2021,2:45:00 PM CST,683,buy to close,SPY $376 put exp. 2/1/2021,672,1,672,debit,0.127
2/3/2021,2:45:00 PM CST,684,sell to open,SPY $374 put exp. 2/10/2021,126,1,126,credit,1.142
2/4/2021,2:45:00 PM CST,684,buy to close,SPY $374 put exp. 2/10/2021,57,1,57,debit,0.127
2/4/2021,2:45:00 PM CST,685,sell to open,SPY $377 put exp. 2/12/2021,129,1,129,credit,1.142
2/8/2021,2:45:00 PM CST,685,buy to close,SPY $377 put exp. 2/12/2021,25,1,25,debit,0.127
2/8/2021,2:45:00 PM CST,686,sell to open,SPY $383 put exp. 2/16/2021,105,1,105,credit,1.142
2/12/2021,2:45:00 PM CST,686,buy to close,SPY $383 put exp. 2/16/2021,11,1,11,debit,0.127
2/12/2021,2:45:00 PM CST,687,sell to open,SPY $385 put exp. 2/19/2021,81,1,81,credit,1.142
2/17/2021,2:45:00 PM CST,687,buy to close,SPY $385 put exp. 2/19/2021,31,1,31,debit,0.127
2/17/2021,2:45:00 PM CST,688,sell to open,SPY $383 put exp. 2/24/2021,93,1,93,credit,1.142
2/23/2021,2:45:00 PM CST,688,buy to close,SPY $383 put exp. 2/24/2021,32,1,32,debit,0.127
2/23/2021,2:45:00 PM CST,689,sell to open,SPY $379 put exp. 3/3/2021,153,1,153,credit,1.142
2/25/2021,2:45:00 PM CST,689,buy to close,SPY $379 put exp. 3/3/2021,401,1,401,debit,0.127
3/1/2021,2:45:00 PM CST,690,sell to open,SPY $380 put exp. 3/8/2021,150,1,150,credit,1.142
3/3/2021,2:45:00 PM CST,690,buy to close,SPY $380 put exp. 3/8/2021,260,1,260,debit,0.127
3/5/2021,2:45:00 PM CST,691,sell to open,SPY $373 put exp. 3/12/2021,153,1,153,credit,1.142
3/8/2021,2:45:00 PM CST,691,buy to close,SPY $373 put exp. 3/12/2021,129,1,129,debit,0.127
3/9/2021,2:45:00 PM CST,692,sell to open,SPY $376 put exp. 3/17/2021,164,1,164,credit,1.142
3/11/2021,2:45:00 PM CST,692,buy to close,SPY $376 put exp. 3/17/2021,40,1,40,debit,0.127
3/11/2021,2:45:00 PM CST,693,sell to open,SPY $383 put exp. 3/19/2021,152,1,152,credit,1.142
3/15/2021,2:45:00 PM CDT,693,buy to close,SPY $383 put exp. 3/19/2021,46,1,46,debit,0.127
3/15/2021,2:45:00 PM CDT,694,sell to open,SPY $388 put exp. 3/22/2021,124,1,124,credit,1.142
3/22/2021,2:45:00 PM CDT,694,buy to close,SPY $388 put exp. 3/22/2021,1,1,1,debit,0.127
3/22/2021,2:45:00 PM CDT,695,sell to open,SPY $386 put exp. 3/29/2021,107,1,107,credit,1.142
3/26/2021,2:45:00 PM CDT,695,buy to close,SPY $386 put exp. 3/29/2021,22,1,22,debit,0.127
3/26/2021,2:45:00 PM CDT,696,sell to open,SPY $386 put exp. 4/1/2021,91,1,91,credit,1.142
3/30/2021,2:45:00 PM CDT,696,buy to close,SPY $386 put exp. 4/1/2021,27,1,27,debit,0.127
3/30/2021,2:45:00 PM CDT,697,sell to open,SPY $386 put exp. 4/7/2021,117,1,117,credit,1.142
4/1/2021,2:45:00 PM CDT,697,buy to close,SPY $386 put exp. 4/7/2021,15,1,15,debit,0.127
4/1/2021,2:45:00 PM CDT,698,sell to open,SPY $393 put exp. 4/9/2021,89,1,89,credit,1.142
4/5/2021,2:45:00 PM CDT,698,buy to close,SPY $393 put exp. 4/9/2021,20,1,20,debit,0.127
4/5/2021,2:45:00 PM CDT,699,sell to open,SPY $400 put exp. 4/12/2021,92,1,92,credit,1.142
4/8/2021,2:45:00 PM CDT,699,buy to close,SPY $400 put exp. 4/12/2021,18,1,18,debit,0.127
4/8/2021,2:45:00 PM CDT,700,sell to open,SPY $400 put exp. 4/16/2021,87,1,87,credit,1.142
4/12/2021,2:45:00 PM CDT,700,buy to close,SPY $400 put exp. 4/16/2021,18,1,18,debit,0.127
4/12/2021,2:45:00 PM CDT,701,sell to open,SPY $405 put exp. 4/19/2021,75,1,75,credit,1.142
4/15/2021,2:45:00 PM CDT,701,buy to close,SPY $405 put exp. 4/19/2021,12,1,12,debit,0.127
4/15/2021,2:45:00 PM CDT,702,sell to open,SPY $408 put exp. 4/23/2021,88,1,88,credit,1.142
4/21/2021,2:45:00 PM CDT,702,buy to close,SPY $408 put exp. 4/23/2021,14,1,14,debit,0.127
4/21/2021,2:45:00 PM CDT,703,sell to open,SPY $409 put exp. 4/28/2021,88,1,88,credit,1.142
4/23/2021,2:45:00 PM CDT,703,buy to close,SPY $409 put exp. 4/28/2021,31,1,31,debit,0.127
4/23/2021,2:45:00 PM CDT,704,sell to open,SPY $411 put exp. 4/30/2021,94,1,94,credit,1.142
4/27/2021,2:45:00 PM CDT,704,buy to close,SPY $411 put exp. 4/30/2021,41,1,41,debit,0.127
4/27/2021,2:45:00 PM CDT,705,sell to open,SPY $411 put exp. 5/5/2021,110,1,110,credit,1.142
4/29/2021,2:45:00 PM CDT,705,buy to close,SPY $411 put exp. 5/5/2021,45,1,45,debit,0.127
4/29/2021,2:45:00 PM CDT,706,sell to open,SPY $412.5 put exp. 5/7/2021,96,1,96,credit,1.142
5/6/2021,2:45:00 PM CDT,706,buy to close,SPY $412.5 put exp. 5/7/2021,18,1,18,debit,0.127
5/6/2021,2:45:00 PM CDT,707,sell to open,SPY $409 put exp. 5/14/2021,131,1,131,credit,1.142
5/7/2021,2:45:00 PM CDT,707,buy to close,SPY $409 put exp. 5/14/2021,39,1,39,debit,0.127
5/7/2021,2:45:00 PM CDT,708,sell to open,SPY $415 put exp. 5/14/2021,81,1,81,credit,1.142
5/11/2021,2:45:00 PM CDT,708,buy to close,SPY $415 put exp. 5/14/2021,348,1,348,debit,0.127
5/11/2021,2:45:00 PM CDT,709,sell to open,SPY $403 put exp. 5/19/2021,167,1,167,credit,1.142
5/12/2021,2:45:00 PM CDT,709,buy to close,SPY $403 put exp. 5/19/2021,406,1,406,debit,0.127
5/13/2021,2:45:00 PM CDT,710,sell to open,SPY $401 put exp. 5/21/2021,185,1,185,credit,1.142
5/14/2021,2:45:00 PM CDT,710,buy to close,SPY $401 put exp. 5/21/2021,75,1,75,debit,0.127
5/14/2021,2:45:00 PM CDT,711,sell to open,SPY $407 put exp. 5/21/2021,126,1,126,credit,1.142
5/20/2021,2:45:00 PM CDT,711,buy to close,SPY $407 put exp. 5/21/2021,10,1,10,debit,0.127
5/20/2021,2:45:00 PM CDT,712,sell to open,SPY $406 put exp. 5/28/2021,154,1,154,credit,1.142
5/24/2021,2:45:00 PM CDT,712,buy to close,SPY $406 put exp. 5/28/2021,27,1,27,debit,0.127
5/24/2021,2:45:00 PM CDT,713,sell to open,SPY $413 put exp. 6/1/2021,101,1,101,credit,1.142
5/27/2021,2:45:00 PM CDT,713,buy to close,SPY $413 put exp. 6/1/2021,31,1,31,debit,0.127
5/27/2021,2:45:00 PM CDT,714,sell to open,SPY $412.5 put exp. 6/4/2021,90,1,90,credit,1.142
6/1/2021,2:45:00 PM CDT,714,buy to close,SPY $412.5 put exp. 6/4/2021,36,1,36,debit,0.127
6/1/2021,2:45:00 PM CDT,715,sell to open,SPY $412 put exp. 6/9/2021,95,1,95,credit,1.142
6/4/2021,2:45:00 PM CDT,715,buy to close,SPY $412 put exp. 6/9/2021,14,1,14,debit,0.127
6/4/2021,2:45:00 PM CDT,716,sell to open,SPY $416 put exp. 6/11/2021,61,1,61,credit,1.142
6/10/2021,2:45:00 PM CDT,716,buy to close,SPY $416 put exp. 6/11/2021,6,1,6,debit,0.127
6/10/2021,2:45:00 PM CDT,717,sell to open,SPY $415 put exp. 6/18/2021,105,1,105,credit,1.142
6/17/2021,2:45:00 PM CDT,717,buy to close,SPY $415 put exp. 6/18/2021,24,1,24,debit,0.127
6/17/2021,2:45:00 PM CDT,718,sell to open,SPY $416 put exp. 6/25/2021,151,1,151,credit,1.142
6/22/2021,2:45:00 PM CDT,718,buy to close,SPY $416 put exp. 6/25/2021,34,1,34,debit,0.127
6/22/2021,2:45:00 PM CDT,719,sell to open,SPY $414 put exp. 6/30/2021,76,1,76,credit,1.142
6/24/2021,2:45:00 PM CDT,719,buy to close,SPY $414 put exp. 6/30/2021,26,1,26,debit,0.127
6/24/2021,2:45:00 PM CDT,720,sell to open,SPY $417.5 put exp. 7/2/2021,78,1,78,credit,1.142
6/28/2021,2:45:00 PM CDT,720,buy to close,SPY $417.5 put exp. 7/2/2021,24,1,24,debit,0.127
6/28/2021,2:45:00 PM CDT,721,sell to open,SPY $421 put exp. 7/6/2021,64,1,64,credit,1.142
6/30/2021,2:45:00 PM CDT,721,buy to close,SPY $421 put exp. 7/6/2021,27,1,27,debit,0.127
6/30/2021,2:45:00 PM CDT,722,sell to open,SPY $424 put exp. 7/7/2021,68,1,68,credit,1.142
7/2/2021,2:45:00 PM CDT,722,buy to close,SPY $424 put exp. 7/7/2021,11,1,11,debit,0.127
7/2/2021,2:45:00 PM CDT,723,sell to open,SPY $429 put exp. 7/9/2021,61,1,61,credit,1.142
7/7/2021,2:45:00 PM CDT,723,buy to close,SPY $429 put exp. 7/9/2021,22,1,22,debit,0.127
7/7/2021,2:45:00 PM CDT,724,sell to open,SPY $427 put exp. 7/14/2021,72,1,72,credit,1.142
7/12/2021,2:45:00 PM CDT,724,buy to close,SPY $427 put exp. 7/14/2021,12,1,12,debit,0.127
7/12/2021,2:45:00 PM CDT,725,sell to open,SPY $431 put exp. 7/19/2021,91,1,91,credit,1.142
7/19/2021,2:45:00 PM CDT,725,buy to close,SPY $431 put exp. 7/19/2021,819,1,819,debit,0.127
7/19/2021,2:45:00 PM CDT,726,sell to open,SPY $412 put exp. 7/26/2021,178,1,178,credit,1.142
7/20/2021,2:45:00 PM CDT,726,buy to close,SPY $412 put exp. 7/26/2021,23,1,23,debit,0.127
7/20/2021,2:45:00 PM CDT,727,sell to open,SPY $422 put exp. 7/28/2021,138,1,138,credit,1.142
7/21/2021,2:45:00 PM CDT,727,buy to close,SPY $422 put exp. 7/28/2021,57,1,57,debit,0.127
7/21/2021,2:45:00 PM CDT,728,sell to open,SPY $426 put exp. 7/28/2021,94,1,94,credit,1.142
7/23/2021,2:45:00 PM CDT,728,buy to close,SPY $426 put exp. 7/28/2021,14,1,14,debit,0.127
7/23/2021,2:45:00 PM CDT,729,sell to open,SPY $434 put exp. 7/30/2021,89,1,89,credit,1.142
7/28/2021,2:45:00 PM CDT,729,buy to close,SPY $434 put exp. 7/30/2021,39,1,39,debit,0.127
7/28/2021,2:45:00 PM CDT,730,sell to open,SPY $432 put exp. 8/4/2021,82,1,82,credit,1.142
8/3/2021,2:45:00 PM CDT,730,buy to close,SPY $432 put exp. 8/4/2021,4,1,4,debit,0.127
8/3/2021,2:45:00 PM CDT,731,sell to open,SPY $433 put exp. 8/11/2021,97,1,97,credit,1.142
8/6/2021,2:45:00 PM CDT,731,buy to close,SPY $433 put exp. 8/11/2021,20,1,20,debit,0.127
8/6/2021,2:45:00 PM CDT,732,sell to open,SPY $436 put exp. 8/13/2021,71,1,71,credit,1.142
8/11/2021,2:45:00 PM CDT,732,buy to close,SPY $436 put exp. 8/13/2021,13,1,13,debit,0.127
8/11/2021,2:45:00 PM CDT,733,sell to open,SPY $438 put exp. 8/18/2021,68,1,68,credit,1.142
8/13/2021,2:45:00 PM CDT,733,buy to close,SPY $438 put exp. 8/18/2021,26,1,26,debit,0.127
8/13/2021,2:45:00 PM CDT,734,sell to open,SPY $441 put exp. 8/20/2021,72,1,72,credit,1.142
8/20/2021,2:45:00 PM CDT,734,buy to close,SPY $441 put exp. 8/20/2021,2,1,2,debit,0.127
8/20/2021,2:45:00 PM CDT,735,sell to open,SPY $437 put exp. 8/27/2021,120,1,120,credit,1.142
8/23/2021,2:45:00 PM CDT,735,buy to close,SPY $437 put exp. 8/27/2021,30,1,30,debit,0.127
8/23/2021,2:45:00 PM CDT,736,sell to open,SPY $441 put exp. 8/30/2021,80,1,80,credit,1.142
8/25/2021,2:45:00 PM CDT,736,buy to close,SPY $441 put exp. 8/30/2021,30,1,30,debit,0.127
8/25/2021,2:45:00 PM CDT,737,sell to open,SPY $444 put exp. 9/1/2021,83,1,83,credit,1.142
8/30/2021,2:45:00 PM CDT,737,buy to close,SPY $444 put exp. 9/1/2021,11,1,11,debit,0.127
8/30/2021,2:45:00 PM CDT,738,sell to open,SPY $446 put exp. 9/7/2021,60,1,60,credit,1.142
9/3/2021,2:45:00 PM CDT,738,buy to close,SPY $446 put exp. 9/7/2021,11,1,11,debit,0.127
9/3/2021,2:45:00 PM CDT,739,sell to open,SPY $448 put exp. 9/10/2021,63,1,63,credit,1.142
9/10/2021,3:00:00 PM CDT,739,exercise,SPY $448 put exp. 9/10/2021,0,1,0,debit,5
9/10/2021,3:00:00 PM CDT,739,assignment,SPY shares,448,100,44800,debit,0
9/10/2021,3:00:00 PM CDT,739,sell to close,SPY shares,445.44,100,44544,credit,0
9/13/2021,2:45:00 PM CDT,740,sell to open,SPY $436 put exp. 9/20/2021,158,1,158,credit,1.142
9/15/2021,2:45:00 PM CDT,740,buy to close,SPY $436 put exp. 9/20/2021,39,1,39,debit,0.127
9/15/2021,2:45:00 PM CDT,741,sell to open,SPY $443 put exp. 9/22/2021,168,1,168,credit,1.142
9/20/2021,2:45:00 PM CDT,741,buy to close,SPY $443 put exp. 9/22/2021,1097,1,1097,debit,0.127
9/21/2021,2:45:00 PM CDT,742,sell to open,SPY $422 put exp. 9/29/2021,193,1,193,credit,1.142
9/22/2021,2:45:00 PM CDT,742,buy to close,SPY $422 put exp. 9/29/2021,77,1,77,debit,0.127
9/22/2021,2:45:00 PM CDT,743,sell to open,SPY $429 put exp. 9/29/2021,150,1,150,credit,1.142
9/23/2021,2:45:00 PM CDT,743,buy to close,SPY $429 put exp. 9/29/2021,48,1,48,debit,0.127
9/23/2021,2:45:00 PM CDT,744,sell to open,SPY $434 put exp. 9/30/2021,107,1,107,credit,1.142
9/27/2021,2:45:00 PM CDT,744,buy to close,SPY $434 put exp. 9/30/2021,36,1,36,debit,0.127
9/27/2021,2:45:00 PM CDT,745,sell to open,SPY $434 put exp. 10/4/2021,84,1,84,credit,1.142
9/28/2021,2:45:00 PM CDT,745,buy to close,SPY $434 put exp. 10/4/2021,415,1,415,debit,0.127
9/28/2021,2:45:00 PM CDT,746,sell to open,SPY $422 put exp. 10/6/2021,203,1,203,credit,1.142
10/1/2021,2:45:00 PM CDT,746,buy to close,SPY $422 put exp. 10/6/2021,57,1,57,debit,0.127
10/1/2021,2:45:00 PM CDT,747,sell to open,SPY $424 put exp. 10/8/2021,140,1,140,credit,1.142
10/5/2021,2:45:00 PM CDT,747,buy to close,SPY $424 put exp. 10/8/2021,66,1,66,debit,0.127
10/5/2021,2:45:00 PM CDT,748,sell to open,SPY $423 put exp. 10/13/2021,162,1,162,credit,1.142
10/7/2021,2:45:00 PM CDT,748,buy to close,SPY $423 put exp. 10/13/2021,54,1,54,debit,0.127
10/7/2021,2:45:00 PM CDT,749,sell to open,SPY $428 put exp. 10/15/2021,154,1,154,credit,1.142
10/13/2021,2:45:00 PM CDT,749,buy to close,SPY $428 put exp. 10/15/2021,57,1,57,debit,0.127
10/13/2021,2:45:00 PM CDT,750,sell to open,SPY $426 put exp. 10/20/2021,131,1,131,credit,1.142
10/14/2021,2:45:00 PM CDT,750,buy to close,SPY $426 put exp. 10/20/2021,34,1,34,debit,0.127
10/14/2021,2:45:00 PM CDT,751,sell to open,SPY $434 put exp. 10/22/2021,133,1,133,credit,1.142
10/15/2021,2:45:00 PM CDT,751,buy to close,SPY $434 put exp. 10/22/2021,51,1,51,debit,0.127
10/15/2021,2:45:00 PM CDT,752,sell to open,SPY $438 put exp. 10/22/2021,85,1,85,credit,1.142
10/18/2021,2:45:00 PM CDT,752,buy to close,SPY $438 put exp. 10/22/2021,40,1,40,debit,0.127
10/18/2021,2:45:00 PM CDT,753,sell to open,SPY $440 put exp. 10/25/2021,80,1,80,credit,1.142
10/19/2021,2:45:00 PM CDT,753,buy to close,SPY $440 put exp. 10/25/2021,36,1,36,debit,0.127
10/19/2021,2:45:00 PM CDT,754,sell to open,SPY $443 put exp. 10/27/2021,99,1,99,credit,1.142
10/21/2021,2:45:00 PM CDT,754,buy to close,SPY $443 put exp. 10/27/2021,33,1,33,debit,0.127
10/21/2021,2:45:00 PM CDT,755,sell to open,SPY $446 put exp. 10/29/2021,86,1,86,credit,1.142
10/25/2021,2:45:00 PM CDT,755,buy to close,SPY $446 put exp. 10/29/2021,30,1,30,debit,0.127
10/25/2021,2:45:00 PM CDT,756,sell to open,SPY $450 put exp. 11/1/2021,85,1,85,credit,1.142
10/28/2021,2:45:00 PM CDT,756,buy to close,SPY $450 put exp. 11/1/2021,28,1,28,debit,0.127
10/28/2021,2:45:00 PM CDT,757,sell to open,SPY $449 put exp. 11/5/2021,116,1,116,credit,1.142
11/1/2021,2:45:00 PM CDT,757,buy to close,SPY $449 put exp. 11/5/2021,40,1,40,debit,0.127
11/1/2021,2:45:00 PM CDT,758,sell to open,SPY $453 put exp. 11/8/2021,109,1,109,credit,1.142
11/3/2021,2:45:00 PM CDT,758,buy to close,SPY $453 put exp. 11/8/2021,21,1,21,debit,0.127
11/3/2021,2:45:00 PM CDT,759,sell to open,SPY $458 put exp. 11/10/2021,90,1,90,credit,1.142
11/5/2021,2:45:00 PM CDT,759,buy to close,SPY $458 put exp. 11/10/2021,28,1,28,debit,0.127
11/5/2021,2:45:00 PM CDT,760,sell to open,SPY $462 put exp. 11/12/2021,91,1,91,credit,1.142
11/12/2021,2:45:00 PM CST,760,buy to close,SPY $462 put exp. 11/12/2021,1,1,1,debit,0.127
11/12/2021,2:45:00 PM CST,761,sell to open,SPY $461 put exp. 11/19/2021,98,1,98,credit,1.142
11/16/2021,2:45:00 PM CST,761,buy to close,SPY $461 put exp. 11/19/2021,25,1,25,debit,0.127
11/16/2021,2:45:00 PM CST,762,sell to open,SPY $463 put exp. 11/24/2021,99,1,99,credit,1.142
11/22/2021,2:45:00 PM CST,762,buy to close,SPY $463 put exp. 11/24/2021,26,1,26,debit,0.127
11/22/2021,2:45:00 PM CST,763,sell to open,SPY $463 put exp. 11/29/2021,73,1,73,credit,1.142
11/26/2021,2:45:00 PM CST,763,buy to close,SPY $463 put exp. 11/29/2021,401,1,401,debit,0.127
11/29/2021,2:45:00 PM CST,764,sell to open,SPY $455 put exp. 12/6/2021,145,1,145,credit,1.142
11/30/2021,2:45:00 PM CST,764,buy to close,SPY $455 put exp. 12/6/2021,404,1,404,debit,0.127
12/7/2021,2:45:00 PM CST,765,sell to open,SPY $455 put exp. 12/15/2021,184,1,184,credit,1.142
12/8/2021,2:45:00 PM CST,765,buy to close,SPY $455 put exp. 12/15/2021,71,1,71,debit,0.127
12/8/2021,2:45:00 PM CST,766,sell to open,SPY $460 put exp. 12/15/2021,120,1,120,credit,1.142
12/13/2021,2:45:00 PM CST,766,buy to close,SPY $460 put exp. 12/15/2021,54,1,54,debit,0.127
12/13/2021,2:45:00 PM CST,767,sell to open,SPY $459 put exp. 12/20/2021,156,1,156,credit,1.142
12/20/2021,3:00:00 PM CST,767,exercise,SPY $459 put exp. 12/20/2021,0,1,0,debit,5
12/20/2021,3:00:00 PM CST,767,assignment,SPY shares,459,100,45900,debit,0
12/20/2021,3:00:00 PM CST,767,sell to close,SPY shares,454.98,100,45498,credit,0
12/21/2021,2:45:00 PM CST,768,sell to open,SPY $451 put exp. 12/29/2021,154,1,154,credit,1.142
12/22/2021,2:45:00 PM CST,768,buy to close,SPY $451 put exp. 12/29/2021,24,1,24,debit,0.127
12/22/2021,2:45:00 PM CST,769,sell to open,SPY $460 put exp. 12/29/2021,112,1,112,credit,1.142
12/23/2021,2:45:00 PM CST,769,buy to close,SPY $460 put exp. 12/29/2021,25,1,25,debit,0.127
12/23/2021,2:45:00 PM CST,770,sell to open,SPY $464 put exp. 12/31/2021,104,1,104,credit,1.142
12/27/2021,2:45:00 PM CST,770,buy to close,SPY $464 put exp. 12/31/2021,26,1,26,debit,0.127
12/27/2021,2:45:00 PM CST,771,sell to open,SPY $469 put exp. 1/3/2022,84,1,84,credit,1.142
12/29/2021,2:45:00 PM CST,771,buy to close,SPY $469 put exp. 1/3/2022,24,1,24,debit,0.127
12/29/2021,2:45:00 PM CST,772,sell to open,SPY $471 put exp. 1/5/2022,71,1,71,credit,1.142
1/3/2022,2:45:00 PM CST,772,buy to close,SPY $471 put exp. 1/5/2022,30,1,30,debit,0.127
1/3/2022,2:45:00 PM CST,773,sell to open,SPY $470 put exp. 1/10/2022,78,1,78,credit,1.142
1/6/2022,2:45:00 PM CST,773,buy to close,SPY $470 put exp. 1/10/2022,358,1,358,debit,0.127
1/6/2022,2:45:00 PM CST,774,sell to open,SPY $457 put exp. 1/14/2022,160,1,160,credit,1.142
1/11/2022,2:45:00 PM CST,774,buy to close,SPY $457 put exp. 1/14/2022,49,1,49,debit,0.127
1/11/2022,2:45:00 PM CST,775,sell to open,SPY $460 put exp. 1/18/2022,123,1,123,credit,1.142
1/12/2022,2:45:00 PM CST,775,buy to close,SPY $460 put exp. 1/18/2022,51,1,51,debit,0.127
1/12/2022,2:45:00 PM CST,776,sell to open,SPY $464 put exp. 1/19/2022,124,1,124,credit,1.142
1/18/2022,2:45:00 PM CST,776,buy to close,SPY $464 put exp. 1/19/2022,827,1,827,debit,0.127
1/18/2022,2:45:00 PM CST,777,sell to open,SPY $442 put exp. 1/26/2022,202,1,202,credit,1.142
1/20/2022,2:45:00 PM CST,777,buy to close,SPY $442 put exp. 1/26/2022,272,1,272,debit,0.127
1/31/2022,2:45:00 PM CST,778,sell to open,SPY $435 put exp. 2/7/2022,179,1,179,credit,1.142
2/1/2022,2:45:00 PM CST,778,buy to close,SPY $435 put exp. 2/7/2022,60,1,60,debit,0.127
2/1/2022,2:45:00 PM CST,779,sell to open,SPY $440 put exp. 2/9/2022,169,1,169,credit,1.142
2/2/2022,2:45:00 PM CST,779,buy to close,SPY $440 put exp. 2/9/2022,76,1,76,debit,0.127
2/2/2022,2:45:00 PM CST,780,sell to open,SPY $448 put exp. 2/9/2022,164,1,164,credit,1.142
2/9/2022,2:45:00 PM CST,780,buy to close,SPY $448 put exp. 2/9/2022,1,1,1,debit,0.127
2/9/2022,2:45:00 PM CST,781,sell to open,SPY $446 put exp. 2/16/2022,135,1,135,credit,1.142
2/11/2022,2:45:00 PM CST,781,buy to close,SPY $446 put exp. 2/16/2022,830,1,830,debit,0.127
2/16/2022,2:45:00 PM CST,782,sell to open,SPY $437 put exp. 2/23/2022,166,1,166,credit,1.142
2/17/2022,2:45:00 PM CST,782,buy to close,SPY $437 put exp. 2/23/2022,472,1,472,debit,0.127
3/18/2022,2:45:00 PM CDT,783,sell to open,SPY $433 put exp. 3/25/2022,173,1,173,credit,1.142
3/22/2022,2:45:00 PM CDT,783,buy to close,SPY $433 put exp. 3/25/2022,38,1,38,debit,0.127
3/22/2022,2:45:00 PM CDT,784,sell to open,SPY $438 put exp. 3/30/2022,185,1,185,credit,1.142
3/25/2022,2:45:00 PM CDT,784,buy to close,SPY $438 put exp. 3/30/2022,41,1,41,debit,0.127
3/25/2022,2:45:00 PM CDT,785,sell to open,SPY $441 put exp. 4/1/2022,138,1,138,credit,1.142
3/28/2022,2:45:00 PM CDT,785,buy to close,SPY $441 put exp. 4/1/2022,43,1,43,debit,0.127
3/28/2022,2:45:00 PM CDT,786,sell to open,SPY $446 put exp. 4/4/2022,129,1,129,credit,1.142
3/29/2022,2:45:00 PM CDT,786,buy to close,SPY $446 put exp. 4/4/2022,39,1,39,debit,0.127
3/29/2022,2:45:00 PM CDT,787,sell to open,SPY $452 put exp. 4/6/2022,139,1,139,credit,1.142
4/6/2022,3:00:00 PM CDT,787,exercise,SPY $452 put exp. 4/6/2022,0,1,0,debit,5
4/6/2022,3:00:00 PM CDT,787,assignment,SPY shares,452,100,45200,debit,0
4/6/2022,3:00:00 PM CDT,787,sell to close,SPY shares,446.52,100,44652,credit,0
4/7/2022,2:45:00 PM CDT,788,sell to open,SPY $441 put exp. 4/14/2022,167,1,167,credit,1.142
4/13/2022,2:45:00 PM CDT,788,buy to close,SPY $441 put exp. 4/14/2022,80,1,80,debit,0.127
4/13/2022,2:45:00 PM CDT,789,sell to open,SPY $435 put exp. 4/20/2022,121,1,121,credit,1.142
4/19/2022,2:45:00 PM CDT,789,buy to close,SPY $435 put exp. 4/20/2022,8,1,8,debit,0.127
4/19/2022,2:45:00 PM CDT,790,sell to open,SPY $434 put exp. 4/27/2022,156,1,156,credit,1.142
4/22/2022,2:45:00 PM CDT,790,buy to close,SPY $434 put exp. 4/27/2022,753,1,753,debit,0.127
6/2/2022,2:45:00 PM CDT,791,sell to open,SPY $404 put exp. 6/10/2022,178,1,178,credit,1.142
6/6/2022,2:45:00 PM CDT,791,buy to close,SPY $404 put exp. 6/10/2022,189,1,189,debit,0.127
6/7/2022,2:45:00 PM CDT,792,sell to open,SPY $403 put exp. 6/15/2022,179,1,179,credit,1.142
6/9/2022,2:45:00 PM CDT,792,buy to close,SPY $403 put exp. 6/15/2022,553,1,553,debit,0.127
7/8/2022,2:45:00 PM CDT,793,sell to open,SPY $379 put exp. 7/15/2022,150,1,150,credit,1.142
7/11/2022,2:45:00 PM CDT,793,buy to close,SPY $379 put exp. 7/15/2022,249,1,249,debit,0.127
7/15/2022,2:45:00 PM CDT,794,sell to open,SPY $375 put exp. 7/22/2022,142,1,142,credit,1.142
7/18/2022,2:45:00 PM CDT,794,buy to close,SPY $375 put exp. 7/22/2022,179,1,179,debit,0.127
7/19/2022,2:45:00 PM CDT,795,sell to open,SPY $380 put exp. 7/27/2022,191,1,191,credit,1.142
7/21/2022,2:45:00 PM CDT,795,buy to close,SPY $380 put exp. 7/27/2022,51,1,51,debit,0.127
7/21/2022,2:45:00 PM CDT,796,sell to open,SPY $386 put exp. 7/29/2022,183,1,183,credit,1.142
7/27/2022,2:45:00 PM CDT,796,buy to close,SPY $386 put exp. 7/29/2022,34,1,34,debit,0.127
7/27/2022,2:45:00 PM CDT,797,sell to open,SPY $392 put exp. 8/3/2022,157,1,157,credit,1.142
7/28/2022,2:45:00 PM CDT,797,buy to close,SPY $392 put exp. 8/3/2022,61,1,61,debit,0.127
7/28/2022,2:45:00 PM CDT,798,sell to open,SPY $395 put exp. 8/5/2022,146,1,146,credit,1.142
7/29/2022,2:45:00 PM CDT,798,buy to close,SPY $395 put exp. 8/5/2022,37,1,37,debit,0.127
7/29/2022,2:45:00 PM CDT,799,sell to open,SPY $404 put exp. 8/5/2022,126,1,126,credit,1.142
8/3/2022,2:45:00 PM CDT,799,buy to close,SPY $404 put exp. 8/5/2022,34,1,34,debit,0.127
8/3/2022,2:45:00 PM CDT,800,sell to open,SPY $405 put exp. 8/10/2022,130,1,130,credit,1.142
8/9/2022,2:45:00 PM CDT,800,buy to close,SPY $405 put exp. 8/10/2022,61,1,61,debit,0.127
8/9/2022,2:45:00 PM CDT,801,sell to open,SPY $401 put exp. 8/17/2022,157,1,157,credit,1.142
8/10/2022,2:45:00 PM CDT,801,buy to close,SPY $401 put exp. 8/17/2022,27,1,27,debit,0.127
8/10/2022,2:45:00 PM CDT,802,sell to open,SPY $412 put exp. 8/17/2022,121,1,121,credit,1.142
8/12/2022,2:45:00 PM CDT,802,buy to close,SPY $412 put exp. 8/17/2022,17,1,17,debit,0.127
8/12/2022,2:45:00 PM CDT,803,sell to open,SPY $418 put exp. 8/19/2022,101,1,101,credit,1.142
8/15/2022,2:45:00 PM CDT,803,buy to close,SPY $418 put exp. 8/19/2022,45,1,45,debit,0.127
8/15/2022,2:45:00 PM CDT,804,sell to open,SPY $421 put exp. 8/22/2022,108,1,108,credit,1.142
8/18/2022,2:45:00 PM CDT,804,buy to close,SPY $421 put exp. 8/22/2022,49,1,49,debit,0.127
8/18/2022,2:45:00 PM CDT,805,sell to open,SPY $419 put exp. 8/26/2022,134,1,134,credit,1.142
8/22/2022,2:45:00 PM CDT,805,buy to close,SPY $419 put exp. 8/26/2022,776,1,776,debit,0.127
8/22/2022,2:45:00 PM CDT,806,sell to open,SPY $402 put exp. 8/29/2022,136,1,136,credit,1.142
8/24/2022,2:45:00 PM CDT,806,buy to close,SPY $402 put exp. 8/29/2022,51,1,51,debit,0.127
8/24/2022,2:45:00 PM CDT,807,sell to open,SPY $404 put exp. 8/31/2022,134,1,134,credit,1.142
8/26/2022,2:45:00 PM CDT,807,buy to close,SPY $404 put exp. 8/31/2022,333,1,333,debit,0.127
9/7/2022,2:45:00 PM CDT,808,sell to open,SPY $387 put exp. 9/14/2022,162,1,162,credit,1.142
9/9/2022,2:45:00 PM CDT,808,buy to close,SPY $387 put exp. 9/14/2022,22,1,22,debit,0.127
9/9/2022,2:45:00 PM CDT,809,sell to open,SPY $397 put exp. 9/16/2022,174,1,174,credit,1.142
9/13/2022,2:45:00 PM CDT,809,buy to close,SPY $397 put exp. 9/16/2022,808,1,808,debit,0.127
11/4/2022,2:45:00 PM CDT,810,sell to open,SPY $364 put exp. 11/11/2022,165,1,165,credit,1.142
11/7/2022,2:45:00 PM CST,810,buy to close,SPY $364 put exp. 11/11/2022,67,1,67,debit,0.127
11/7/2022,2:45:00 PM CST,811,sell to open,SPY $369 put exp. 11/14/2022,175,1,175,credit,1.142
11/8/2022,2:45:00 PM CST,811,buy to close,SPY $369 put exp. 11/14/2022,119,1,119,debit,0.127
11/10/2022,2:45:00 PM CST,812,sell to open,SPY $382 put exp. 11/18/2022,166,1,166,credit,1.142
11/11/2022,2:45:00 PM CST,812,buy to close,SPY $382 put exp. 11/18/2022,64,1,64,debit,0.127
11/11/2022,2:45:00 PM CST,813,sell to open,SPY $389 put exp. 11/18/2022,149,1,149,credit,1.142
11/18/2022,2:45:00 PM CST,813,buy to close,SPY $389 put exp. 11/18/2022,1,1,1,debit,0.127
11/18/2022,2:45:00 PM CST,814,sell to open,SPY $389 put exp. 11/25/2022,107,1,107,credit,1.142
11/22/2022,2:45:00 PM CST,814,buy to close,SPY $389 put exp. 11/25/2022,13,1,13,debit,0.127
11/22/2022,2:45:00 PM CST,815,sell to open,SPY $392 put exp. 11/29/2022,76,1,76,credit,1.142
11/23/2022,2:45:00 PM CST,815,buy to close,SPY $392 put exp. 11/29/2022,25,1,25,debit,0.127
11/23/2022,2:45:00 PM CST,816,sell to open,SPY $394 put exp. 11/30/2022,79,1,79,credit,1.142
11/30/2022,2:45:00 PM CST,816,buy to close,SPY $394 put exp. 11/30/2022,1,1,1,debit,0.127
11/30/2022,2:45:00 PM CST,817,sell to open,SPY $398 put exp. 12/7/2022,137,1,137,credit,1.142
12/1/2022,2:45:00 PM CST,817,buy to close,SPY $398 put exp. 12/7/2022,65,1,65,debit,0.127
12/1/2022,2:45:00 PM CST,818,sell to open,SPY $400 put exp. 12/8/2022,112,1,112,credit,1.142
12/6/2022,2:45:00 PM CST,818,buy to close,SPY $400 put exp. 12/8/2022,654,1,654,debit,0.127
12/6/2022,2:45:00 PM CST,819,sell to open,SPY $383 put exp. 12/13/2022,172,1,172,credit,1.142
12/12/2022,2:45:00 PM CST,819,buy to close,SPY $383 put exp. 12/13/2022,50,1,50,debit,0.127
12/13/2022,2:45:00 PM CST,820,sell to open,SPY $391 put exp. 12/20/2022,192,1,192,credit,1.142
12/19/2022,2:45:00 PM CST,820,buy to close,SPY $391 put exp. 12/20/2022,1164,1,1164,debit,0.127
12/19/2022,2:45:00 PM CST,821,sell to open,SPY $371 put exp. 12/27/2022,115,1,115,credit,1.142
12/21/2022,2:45:00 PM CST,821,buy to close,SPY $371 put exp. 12/27/2022,13,1,13,debit,0.127
12/21/2022,2:45:00 PM CST,822,sell to open,SPY $379 put exp. 12/28/2022,87,1,87,credit,1.142
12/28/2022,3:00:00 PM CST,822,exercise,SPY $379 put exp. 12/28/2022,0,1,0,debit,5
12/28/2022,3:00:00 PM CST,822,assignment,SPY shares,379,100,37900,debit,0
12/28/2022,3:00:00 PM CST,822,sell to close,SPY shares,376.66,100,37666,credit,0
12/29/2022,2:45:00 PM CST,823,sell to open,SPY $376 put exp. 1/5/2023,98,1,98,credit,1.142
1/4/2023,2:45:00 PM CST,823,buy to close,SPY $376 put exp. 1/5/2023,23,1,23,debit,0.127
1/4/2023,2:45:00 PM CST,824,sell to open,SPY $373 put exp. 1/11/2023,121,1,121,credit,1.142
1/6/2023,2:45:00 PM CST,824,buy to close,SPY $373 put exp. 1/11/2023,11,1,11,debit,0.127
1/6/2023,2:45:00 PM CST,825,sell to open,SPY $379 put exp. 1/13/2023,151,1,151,credit,1.142
1/11/2023,2:45:00 PM CST,825,buy to close,SPY $379 put exp. 1/13/2023,38,1,38,debit,0.127
1/11/2023,2:45:00 PM CST,826,sell to open,SPY $384 put exp. 1/18/2023,157,1,157,credit,1.142
1/12/2023,2:45:00 PM CST,826,buy to close,SPY $384 put exp. 1/18/2023,32,1,32,debit,0.127
1/12/2023,2:45:00 PM CST,827,sell to open,SPY $389 put exp. 1/19/2023,109,1,109,credit,1.142
1/13/2023,2:45:00 PM CST,827,buy to close,SPY $389 put exp. 1/19/2023,41,1,41,debit,0.127
1/13/2023,2:45:00 PM CST,828,sell to open,SPY $392 put exp. 1/20/2023,95,1,95,credit,1.142
1/20/2023,2:45:00 PM CST,828,buy to close,SPY $392 put exp. 1/20/2023,2,1,2,debit,0.127
1/20/2023,2:45:00 PM CST,829,sell to open,SPY $388 put exp. 1/27/2023,111,1,111,credit,1.142
1/23/2023,2:45:00 PM CST,829,buy to close,SPY $388 put exp. 1/27/2023,36,1,36,debit,0.127
1/23/2023,2:45:00 PM CST,830,sell to open,SPY $393 put exp. 1/30/2023,114,1,114,credit,1.142
1/26/2023,2:45:00 PM CST,830,buy to close,SPY $393 put exp. 1/30/2023,17,1,17,debit,0.127
1/26/2023,2:45:00 PM CST,831,sell to open,SPY $394 put exp. 2/2/2023,129,1,129,credit,1.142
1/27/2023,2:45:00 PM CST,831,buy to close,SPY $394 put exp. 2/2/2023,56,1,56,debit,0.127
1/27/2023,2:45:00 PM CST,832,sell to open,SPY $397 put exp. 2/3/2023,138,1,138,credit,1.142
2/1/2023,2:45:00 PM CST,832,buy to close,SPY $397 put exp. 2/3/2023,18,1,18,debit,0.127
2/1/2023,2:45:00 PM CST,833,sell to open,SPY $404 put exp. 2/8/2023,128,1,128,credit,1.142
2/7/2023,2:45:00 PM CST,833,buy to close,SPY $404 put exp. 2/8/2023,5,1,5,debit,0.127
2/7/2023,2:45:00 PM CST,834,sell to open,SPY $406 put exp. 2/14/2023,140,1,140,credit,1.142
2/14/2023,2:45:00 PM CST,834,buy to close,SPY $406 put exp. 2/14/2023,1,1,1,debit,0.127
2/14/2023,2:45:00 PM CST,835,sell to open,SPY $405 put exp. 2/21/2023,94,1,94,credit,1.142
2/21/2023,2:45:00 PM CST,835,buy to close,SPY $405 put exp. 2/21/2023,508,1,508,debit,0.127
2/21/2023,2:45:00 PM CST,836,sell to open,SPY $391 put exp. 2/28/2023,145,1,145,credit,1.142
2/23/2023,2:45:00 PM CST,836,buy to close,SPY $391 put exp. 2/28/2023,45,1,45,debit,0.127
2/23/2023,2:45:00 PM CST,837,sell to open,SPY $393 put exp. 3/2/2023,114,1,114,credit,1.142
3/2/2023,2:45:00 PM CST,837,buy to close,SPY $393 put exp. 3/2/2023,3,1,3,debit,0.127
3/2/2023,2:45:00 PM CST,838,sell to open,SPY $390 put exp. 3/9/2023,107,1,107,credit,1.142
3/3/2023,2:45:00 PM CST,838,buy to close,SPY $390 put exp. 3/9/2023,26,1,26,debit,0.127
3/3/2023,2:45:00 PM CST,839,sell to open,SPY $396 put exp. 3/10/2023,121,1,121,credit,1.142
3/9/2023,2:45:00 PM CST,839,buy to close,SPY $396 put exp. 3/10/2023,536,1,536,debit,0.127
3/9/2023,2:45:00 PM CST,840,sell to open,SPY $380 put exp. 3/16/2023,170,1,170,credit,1.142
3/13/2023,2:45:00 PM CDT,840,buy to close,SPY $380 put exp. 3/16/2023,240,1,240,debit,0.127
3/14/2023,2:45:00 PM CDT,841,sell to open,SPY $379 put exp. 3/21/2023,175,1,175,credit,1.142
3/15/2023,2:45:00 PM CDT,841,buy to close,SPY $379 put exp. 3/21/2023,223,1,223,debit,0.127
3/16/2023,2:45:00 PM CDT,842,sell to open,SPY $384 put exp. 3/23/2023,199,1,199,credit,1.142
3/17/2023,2:45:00 PM CDT,842,buy to close,SPY $384 put exp. 3/23/2023,334,1,334,debit,0.127
3/20/2023,2:45:00 PM CDT,843,sell to open,SPY $381 put exp. 3/27/2023,167,1,167,credit,1.142
3/21/2023,2:45:00 PM CDT,843,buy to close,SPY $381 put exp. 3/27/2023,54,1,54,debit,0.127
3/21/2023,2:45:00 PM CDT,844,sell to open,SPY $388 put exp. 3/28/2023,153,1,153,credit,1.142
3/27/2023,2:45:00 PM CDT,844,buy to close,SPY $388 put exp. 3/28/2023,7,1,7,debit,0.127
3/27/2023,2:45:00 PM CDT,845,sell to open,SPY $388 put exp. 4/3/2023,119,1,119,credit,1.142
3/29/2023,2:45:00 PM CDT,845,buy to close,SPY $388 put exp. 4/3/2023,26,1,26,debit,0.127
3/29/2023,2:45:00 PM CDT,846,sell to open,SPY $393 put exp. 4/5/2023,113,1,113,credit,1.142
3/31/2023,2:45:00 PM CDT,846,buy to close,SPY $393 put exp. 4/5/2023,15,1,15,debit,0.127
3/31/2023,2:45:00 PM CDT,847,sell to open,SPY $401 put exp. 4/6/2023,86,1,86,credit,1.142
4/3/2023,2:45:00 PM CDT,847,buy to close,SPY $401 put exp. 4/6/2023,19,1,19,debit,0.127
4/3/2023,2:45:00 PM CDT,848,sell to open,SPY $404 put exp. 4/10/2023,90,1,90,credit,1.142
4/10/2023,2:45:00 PM CDT,848,buy to close,SPY $404 put exp. 4/10/2023,2,1,2,debit,0.127
4/10/2023,2:45:00 PM CDT,849,sell to open,SPY $402 put exp. 4/17/2023,117,1,117,credit,1.142
4/13/2023,2:45:00 PM CDT,849,buy to close,SPY $402 put exp. 4/17/2023,12,1,12,debit,0.127
4/13/2023,2:45:00 PM CDT,850,sell to open,SPY $406 put exp. 4/20/2023,80,1,80,credit,1.142
4/17/2023,2:45:00 PM CDT,850,buy to close,SPY $406 put exp. 4/20/2023,27,1,27,debit,0.127
4/17/2023,2:45:00 PM CDT,851,sell to open,SPY $406 put exp. 4/24/2023,59,1,59,credit,1.142
4/21/2023,2:45:00 PM CDT,851,buy to close,SPY $406 put exp. 4/24/2023,14,1,14,debit,0.127
4/21/2023,2:45:00 PM CDT,852,sell to open,SPY $405 put exp. 4/28/2023,95,1,95,credit,1.142
4/27/2023,2:45:00 PM CDT,852,buy to close,SPY $405 put exp. 4/28/2023,17,1,17,debit,0.127
4/27/2023,2:45:00 PM CDT,853,sell to open,SPY $404 put exp. 5/4/2023,113,1,113,credit,1.142
4/28/2023,2:45:00 PM CDT,853,buy to close,SPY $404 put exp. 5/4/2023,46,1,46,debit,0.127
4/28/2023,2:45:00 PM CDT,854,sell to open,SPY $407 put exp. 5/5/2023,105,1,105,credit,1.142
5/5/2023,2:45:00 PM CDT,854,buy to close,SPY $407 put exp. 5/5/2023,1,1,1,debit,0.127
5/5/2023,2:45:00 PM CDT,855,sell to open,SPY $405 put exp. 5/12/2023,100,1,100,credit,1.142
5/10/2023,2:45:00 PM CDT,855,buy to close,SPY $405 put exp. 5/12/2023,17,1,17,debit,0.127
5/10/2023,2:45:00 PM CDT,856,sell to open,SPY $407 put exp. 5/17/2023,92,1,92,credit,1.142
5/15/2023,2:45:00 PM CDT,856,buy to close,SPY $407 put exp. 5/17/2023,29,1,29,debit,0.127
5/15/2023,2:45:00 PM CDT,857,sell to open,SPY $406 put exp. 5/22/2023,83,1,83,credit,1.142
5/17/2023,2:45:00 PM CDT,857,buy to close,SPY $406 put exp. 5/22/2023,33,1,33,debit,0.127
5/17/2023,2:45:00 PM CDT,858,sell to open,SPY $409 put exp. 5/24/2023,99,1,99,credit,1.142
5/18/2023,2:45:00 PM CDT,858,buy to close,SPY $409 put exp. 5/24/2023,39,1,39,debit,0.127
5/18/2023,2:45:00 PM CDT,859,sell to open,SPY $413 put exp. 5/25/2023,96,1,96,credit,1.142
5/25/2023,2:45:00 PM CDT,859,buy to close,SPY $413 put exp. 5/25/2023,3,1,3,debit,0.127
5/25/2023,2:45:00 PM CDT,860,sell to open,SPY $407 put exp. 6/1/2023,104,1,104,credit,1.142
5/26/2023,2:45:00 PM CDT,860,buy to close,SPY $407 put exp. 6/1/2023,49,1,49,debit,0.127
5/26/2023,2:45:00 PM CDT,861,sell to open,SPY $411 put exp. 6/2/2023,105,1,105,credit,1.142
5/30/2023,2:45:00 PM CDT,861,buy to close,SPY $411 put exp. 6/2/2023,35,1,35,debit,0.127
5/30/2023,2:45:00 PM CDT,862,sell to open,SPY $413 put exp. 6/6/2023,99,1,99,credit,1.142
6/1/2023,2:45:00 PM CDT,862,buy to close,SPY $413 put exp. 6/6/2023,29,1,29,debit,0.127
6/1/2023,2:45:00 PM CDT,863,sell to open,SPY $415 put exp. 6/8/2023,78,1,78,credit,1.142
6/2/2023,2:45:00 PM CDT,863,buy to close,SPY $415 put exp. 6/8/2023,13,1,13,debit,0.127
6/2/2023,2:45:00 PM CDT,864,sell to open,SPY $423 put exp. 6/9/2023,75,1,75,credit,1.142
6/8/2023,2:45:00 PM CDT,864,buy to close,SPY $423 put exp. 6/9/2023,8,1,8,debit,0.127
6/8/2023,2:45:00 PM CDT,865,sell to open,SPY $422 put exp. 6/15/2023,76,1,76,credit,1.142
6/12/2023,2:45:00 PM CDT,865,buy to close,SPY $422 put exp. 6/15/2023,30,1,30,debit,0.127
6/12/2023,2:45:00 PM CDT,866,sell to open,SPY $426 put exp. 6/20/2023,122,1,122,credit,1.142
6/13/2023,2:45:00 PM CDT,866,buy to close,SPY $426 put exp. 6/20/2023,58,1,58,debit,0.127
6/13/2023,2:45:00 PM CDT,867,sell to open,SPY $430 put exp. 6/20/2023,116,1,116,credit,1.142
6/15/2023,2:45:00 PM CDT,867,buy to close,SPY $430 put exp. 6/20/2023,17,1,17,debit,0.127
6/15/2023,2:45:00 PM CDT,868,sell to open,SPY $438 put exp. 6/22/2023,140,1,140,credit,1.142
6/22/2023,3:00:00 PM CDT,868,exercise,SPY $438 put exp. 6/22/2023,0,1,0,debit,5
6/22/2023,3:00:00 PM CDT,868,assignment,SPY shares,438,100,43800,debit,0
6/22/2023,3:00:00 PM CDT,868,sell to close,SPY shares,436.51,100,43651,credit,0
6/23/2023,2:45:00 PM CDT,869,sell to open,SPY $428 put exp. 6/30/2023,59,1,59,credit,1.142
6/27/2023,2:45:00 PM CDT,869,buy to close,SPY $428 put exp. 6/30/2023,19,1,19,debit,0.127
6/27/2023,2:45:00 PM CDT,870,sell to open,SPY $431 put exp. 7/5/2023,70,1,70,credit,1.142
6/29/2023,2:45:00 PM CDT,870,buy to close,SPY $431 put exp. 7/5/2023,33,1,33,debit,0.127
6/29/2023,2:45:00 PM CDT,871,sell to open,SPY $432 put exp. 7/6/2023,62,1,62,credit,1.142
6/30/2023,2:45:00 PM CDT,871,buy to close,SPY $432 put exp. 7/6/2023,11,1,11,debit,0.127
6/30/2023,2:45:00 PM CDT,872,sell to open,SPY $439 put exp. 7/7/2023,61,1,61,credit,1.142
7/7/2023,2:45:00 PM CDT,872,buy to close,SPY $439 put exp. 7/7/2023,9,1,9,debit,0.127
7/7/2023,2:45:00 PM CDT,873,sell to open,SPY $433 put exp. 7/14/2023,63,1,63,credit,1.142
7/11/2023,2:45:00 PM CDT,873,buy to close,SPY $433 put exp. 7/14/2023,28,1,28,debit,0.127
7/11/2023,2:45:00 PM CDT,874,sell to open,SPY $436 put exp. 7/18/2023,91,1,91,credit,1.142
7/12/2023,2:45:00 PM CDT,874,buy to close,SPY $436 put exp. 7/18/2023,18,1,18,debit,0.127
7/12/2023,2:45:00 PM CDT,875,sell to open,SPY $440 put exp. 7/19/2023,52,1,52,credit,1.142
7/13/2023,2:45:00 PM CDT,875,buy to close,SPY $440 put exp. 7/19/2023,22,1,22,debit,0.127
7/13/2023,2:45:00 PM CDT,876,sell to open,SPY $445 put exp. 7/20/2023,74,1,74,credit,1.142
7/17/2023,2:45:00 PM CDT,876,buy to close,SPY $445 put exp. 7/20/2023,23,1,23,debit,0.127
7/17/2023,2:45:00 PM CDT,877,sell to open,SPY $446 put exp. 7/24/2023,62,1,62,credit,1.142
7/18/2023,2:45:00 PM CDT,877,buy to close,SPY $446 put exp. 7/24/2023,25,1,25,debit,0.127
7/18/2023,2:45:00 PM CDT,878,sell to open,SPY $448 put exp. 7/25/2023,54,1,54,credit,1.142
7/24/2023,2:45:00 PM CDT,878,buy to close,SPY $448 put exp. 7/25/2023,9,1,9,debit,0.127
7/24/2023,2:45:00 PM CDT,879,sell to open,SPY $448 put exp. 7/31/2023,89,1,89,credit,1.142
7/26/2023,2:45:00 PM CDT,879,buy to close,SPY $448 put exp. 7/31/2023,26,1,26,debit,0.127
7/26/2023,2:45:00 PM CDT,880,sell to open,SPY $449 put exp. 8/2/2023,61,1,61,credit,1.142
7/28/2023,2:45:00 PM CDT,880,buy to close,SPY $449 put exp. 8/2/2023,19,1,19,debit,0.127
7/28/2023,2:45:00 PM CDT,881,sell to open,SPY $451 put exp. 8/4/2023,69,1,69,credit,1.142
8/3/2023,2:45:00 PM CDT,881,buy to close,SPY $451 put exp. 8/4/2023,277,1,277,debit,0.127
8/3/2023,2:45:00 PM CDT,882,sell to open,SPY $441 put exp. 8/10/2023,90,1,90,credit,1.142
8/7/2023,2:45:00 PM CDT,882,buy to close,SPY $441 put exp. 8/10/2023,31,1,31,debit,0.127
8/7/2023,2:45:00 PM CDT,883,sell to open,SPY $443 put exp. 8/14/2023,93,1,93,credit,1.142
8/14/2023,2:45:00 PM CDT,883,buy to close,SPY $443 put exp. 8/14/2023,1,1,1,debit,0.127
8/14/2023,2:45:00 PM CDT,884,sell to open,SPY $442 put exp. 8/21/2023,108,1,108,credit,1.142
8/17/2023,2:45:00 PM CDT,884,buy to close,SPY $442 put exp. 8/21/2023,624,1,624,debit,0.127
8/17/2023,2:45:00 PM CDT,885,sell to open,SPY $427 put exp. 8/24/2023,103,1,103,credit,1.142
8/21/2023,2:45:00 PM CDT,885,buy to close,SPY $427 put exp. 8/24/2023,16,1,16,debit,0.127
8/21/2023,2:45:00 PM CDT,886,sell to open,SPY $432 put exp. 8/28/2023,102,1,102,credit,1.142
8/23/2023,2:45:00 PM CDT,886,buy to close,SPY $432 put exp. 8/28/2023,30,1,30,debit,0.127
8/23/2023,2:45:00 PM CDT,887,sell to open,SPY $437 put exp. 8/30/2023,125,1,125,credit,1.142
8/28/2023,2:45:00 PM CDT,887,buy to close,SPY $437 put exp. 8/30/2023,29,1,29,debit,0.127
8/28/2023,2:45:00 PM CDT,888,sell to open,SPY $436 put exp. 9/5/2023,88,1,88,credit,1.142
8/29/2023,2:45:00 PM CDT,888,buy to close,SPY $436 put exp. 9/5/2023,24,1,24,debit,0.127
8/29/2023,2:45:00 PM CDT,889,sell to open,SPY $443 put exp. 9/5/2023,76,1,76,credit,1.142
8/30/2023,2:45:00 PM CDT,889,buy to close,SPY $443 put exp. 9/5/2023,35,1,35,debit,0.127
8/30/2023,2:45:00 PM CDT,890,sell to open,SPY $444 put exp. 9/6/2023,57,1,57,credit,1.142
9/1/2023,2:45:00 PM CDT,890,buy to close,SPY $444 put exp. 9/6/2023,14,1,14,debit,0.127
9/1/2023,2:45:00 PM CDT,891,sell to open,SPY $446 put exp. 9/8/2023,61,1,61,credit,1.142
9/8/2023,3:00:00 PM CDT,891,exercise,SPY $446 put exp. 9/8/2023,0,1,0,debit,5
9/8/2023,3:00:00 PM CDT,891,assignment,SPY shares,446,100,44600,debit,0
9/8/2023,3:00:00 PM CDT,891,sell to close,SPY shares,445.52,100,44552,credit,0
9/11/2023,2:45:00 PM CDT,892,sell to open,SPY $442 put exp. 9/18/2023,92,1,92,credit,1.142
9/14/2023,2:45:00 PM CDT,892,buy to close,SPY $442 put exp. 9/18/2023,18,1,18,debit,0.127
9/14/2023,2:45:00 PM CDT,893,sell to open,SPY $446 put exp. 9/21/2023,132,1,132,credit,1.142
9/20/2023,2:45:00 PM CDT,893,buy to close,SPY $446 put exp. 9/21/2023,682,1,682,debit,0.127
9/20/2023,2:45:00 PM CDT,894,sell to open,SPY $433 put exp. 9/27/2023,95,1,95,credit,1.142
9/26/2023,2:45:00 PM CDT,894,buy to close,SPY $433 put exp. 9/27/2023,730,1,730,debit,0.127
9/26/2023,2:45:00 PM CDT,895,sell to open,SPY $417 put exp. 10/3/2023,140,1,140,credit,1.142
9/28/2023,2:45:00 PM CDT,895,buy to close,SPY $417 put exp. 10/3/2023,47,1,47,debit,0.127
9/28/2023,2:45:00 PM CDT,896,sell to open,SPY $420 put exp. 10/5/2023,118,1,118,credit,1.142
10/4/2023,2:45:00 PM CDT,896,buy to close,SPY $420 put exp. 10/5/2023,28,1,28,debit,0.127
10/4/2023,2:45:00 PM CDT,897,sell to open,SPY $417 put exp. 10/11/2023,118,1,118,credit,1.142
10/6/2023,2:45:00 PM CDT,897,buy to close,SPY $417 put exp. 10/11/2023,17,1,17,debit,0.127
10/6/2023,2:45:00 PM CDT,898,sell to open,SPY $423 put exp. 10/13/2023,117,1,117,credit,1.142
10/10/2023,2:45:00 PM CDT,898,buy to close,SPY $423 put exp. 10/13/2023,34,1,34,debit,0.127
10/10/2023,2:45:00 PM CDT,899,sell to open,SPY $427 put exp. 10/17/2023,110,1,110,credit,1.142
10/16/2023,2:45:00 PM CDT,899,buy to close,SPY $427 put exp. 10/17/2023,8,1,8,debit,0.127
10/16/2023,2:45:00 PM CDT,900,sell to open,SPY $428 put exp. 10/23/2023,98,1,98,credit,1.142
10/19/2023,2:45:00 PM CDT,900,buy to close,SPY $428 put exp. 10/23/2023,411,1,411,debit,0.127
10/19/2023,2:45:00 PM CDT,901,sell to open,SPY $416 put exp. 10/26/2023,152,1,152,credit,1.142
10/24/2023,2:45:00 PM CDT,901,buy to close,SPY $416 put exp. 10/26/2023,33,1,33,debit,0.127
10/24/2023,2:45:00 PM CDT,902,sell to open,SPY $416 put exp. 10/31/2023,127,1,127,credit,1.142
10/26/2023,2:45:00 PM CDT,902,buy to close,SPY $416 put exp. 10/31/2023,533,1,533,debit,0.127
10/26/2023,2:45:00 PM CDT,903,sell to open,SPY $403 put exp. 11/2/2023,144,1,144,credit,1.142
10/30/2023,2:45:00 PM CDT,903,buy to close,SPY $403 put exp. 11/2/2023,29,1,29,debit,0.127
10/30/2023,2:45:00 PM CDT,904,sell to open,SPY $407 put exp. 11/6/2023,127,1,127,credit,1.142
11/1/2023,2:45:00 PM CDT,904,buy to close,SPY $407 put exp. 11/6/2023,16,1,16,debit,0.127
11/1/2023,2:45:00 PM CDT,905,sell to open,SPY $415 put exp. 11/8/2023,107,1,107,credit,1.142
11/2/2023,2:45:00 PM CDT,905,buy to close,SPY $415 put exp. 11/8/2023,22,1,22,debit,0.127
11/2/2023,2:45:00 PM CDT,906,sell to open,SPY $424 put exp. 11/9/2023,109,1,109,credit,1.142
11/3/2023,2:45:00 PM CDT,906,buy to close,SPY $424 put exp. 11/9/2023,32,1,32,debit,0.127
11/3/2023,2:45:00 PM CDT,907,sell to open,SPY $427.5 put exp. 11/10/2023,75,1,75,credit,1.142
11/7/2023,2:45:00 PM CST,907,buy to close,SPY $427.5 put exp. 11/10/2023,17,1,17,debit,0.127
11/7/2023,2:45:00 PM CST,908,sell to open,SPY $431 put exp. 11/14/2023,86,1,86,credit,1.142
11/10/2023,2:45:00 PM CST,908,buy to close,SPY $431 put exp. 11/14/2023,14,1,14,debit,0.127
11/10/2023,2:45:00 PM CST,909,sell to open,SPY $434 put exp. 11/17/2023,84,1,84,credit,1.142
11/14/2023,2:45:00 PM CST,909,buy to close,SPY $434 put exp. 11/17/2023,11,1,11,debit,0.127
11/14/2023,2:45:00 PM CST,910,sell to open,SPY $444 put exp. 11/21/2023,93,1,93,credit,1.142
11/17/2023,2:45:00 PM CST,910,buy to close,SPY $444 put exp. 11/21/2023,17,1,17,debit,0.127
11/17/2023,2:45:00 PM CST,911,sell to open,SPY $445 put exp. 11/24/2023,52,1,52,credit,1.142
11/20/2023,2:45:00 PM CST,911,buy to close,SPY $445 put exp. 11/24/2023,12,1,12,debit,0.127
11/20/2023,2:45:00 PM CST,912,sell to open,SPY $450 put exp. 11/27/2023,56,1,56,credit,1.142
11/22/2023,2:45:00 PM CST,912,buy to close,SPY $450 put exp. 11/27/2023,22,1,22,debit,0.127
11/22/2023,2:45:00 PM CST,913,sell to open,SPY $451 put exp. 11/29/2023,63,1,63,credit,1.142
11/27/2023,2:45:00 PM CST,913,buy to close,SPY $451 put exp. 11/29/2023,21,1,21,debit,0.127
11/27/2023,2:45:00 PM CST,914,sell to open,SPY $450 put exp. 12/4/2023,55,1,55,credit,1.142
12/1/2023,2:45:00 PM CST,914,buy to close,SPY $450 put exp. 12/4/2023,3,1,3,debit,0.127
12/1/2023,2:45:00 PM CST,915,sell to open,SPY $453 put exp. 12/8/2023,72,1,72,credit,1.142
12/7/2023,2:45:00 PM CST,915,buy to close,SPY $453 put exp. 12/8/2023,18,1,18,debit,0.127
12/7/2023,2:45:00 PM CST,916,sell to open,SPY $451 put exp. 12/14/2023,96,1,96,credit,1.142
12/8/2023,2:45:00 PM CST,916,buy to close,SPY $451 put exp. 12/14/2023,39,1,39,debit,0.127
12/8/2023,2:45:00 PM CST,917,sell to open,SPY $453 put exp. 12/15/2023,101,1,101,credit,1.142
12/12/2023,2:45:00 PM CST,917,buy to close,SPY $453 put exp. 12/15/2023,19,1,19,debit,0.127
12/12/2023,2:45:00 PM CST,918,sell to open,SPY $458 put exp. 12/19/2023,96,1,96,credit,1.142
12/13/2023,2:45:00 PM CST,918,buy to close,SPY $458 put exp. 12/19/2023,24,1,24,debit,0.127
12/13/2023,2:45:00 PM CST,919,sell to open,SPY $465 put exp. 12/20/2023,131,1,131,credit,1.142
12/15/2023,2:45:00 PM CST,919,buy to close,SPY $465 put exp. 12/20/2023,49,1,49,debit,0.127
12/15/2023,2:45:00 PM CST,920,sell to open,SPY $464 put exp. 12/22/2023,64,1,64,credit,1.142
12/18/2023,2:45:00 PM CST,920,buy to close,SPY $464 put exp. 12/22/2023,20,1,20,debit,0.127
12/18/2023,2:45:00 PM CST,921,sell to open,SPY $466 put exp. 12/26/2023,46,1,46,credit,1.142
12/19/2023,2:45:00 PM CST,921,buy to close,SPY $466 put exp. 12/26/2023,19,1,19,debit,0.127
12/19/2023,2:45:00 PM CST,922,sell to open,SPY $469 put exp. 12/26/2023,41,1,41,credit,1.142
12/20/2023,2:45:00 PM CST,922,buy to close,SPY $469 put exp. 12/26/2023,169,1,169,debit,0.127
12/20/2023,2:45:00 PM CST,923,sell to open,SPY $465 put exp. 12/27/2023,80,1,80,credit,1.142
12/21/2023,2:45:00 PM CST,923,buy to close,SPY $465 put exp. 12/27/2023,36,1,36,debit,0.127
12/21/2023,2:45:00 PM CST,924,sell to open,SPY $466 put exp. 12/28/2023,64,1,64,credit,1.142
12/26/2023,2:45:00 PM CST,924,buy to close,SPY $466 put exp. 12/28/2023,7,1,7,debit,0.127
12/26/2023,2:45:00 PM CST,925,sell to open,SPY $471 put exp. 1/2/2024,69,1,69,credit,1.142
12/28/2023,2:45:00 PM CST,925,buy to close,SPY $471 put exp. 1/2/2024,18,1,18,debit,0.127
12/28/2023,2:45:00 PM CST,926,sell to open,SPY $471 put exp. 1/4/2024,48,1,48,credit,1.142
1/3/2024,2:45:00 PM CST,926,buy to close,SPY $471 put exp. 1/4/2024,224,1,224,debit,0.127
1/3/2024,2:45:00 PM CST,927,sell to open,SPY $463 put exp. 1/10/2024,74,1,74,credit,1.142
1/8/2024,2:45:00 PM CST,927,buy to close,SPY $463 put exp. 1/10/2024,6,1,6,debit,0.127
1/8/2024,2:45:00 PM CST,928,sell to open,SPY $468 put exp. 1/16/2024,88,1,88,credit,1.142
1/10/2024,2:45:00 PM CST,928,buy to close,SPY $468 put exp. 1/16/2024,31,1,31,debit,0.127
1/10/2024,2:45:00 PM CST,929,sell to open,SPY $470 put exp. 1/17/2024,64,1,64,credit,1.142
1/12/2024,2:45:00 PM CST,929,buy to close,SPY $470 put exp. 1/17/2024,23,1,23,debit,0.127
1/12/2024,2:45:00 PM CST,930,sell to open,SPY $472 put exp. 1/19/2024,80,1,80,credit,1.142
1/18/2024,2:45:00 PM CST,930,buy to close,SPY $472 put exp. 1/19/2024,25,1,25,debit,0.127
1/18/2024,2:45:00 PM CST,931,sell to open,SPY $470 put exp. 1/25/2024,81,1,81,credit,1.142
1/19/2024,2:45:00 PM CST,931,buy to close,SPY $470 put exp. 1/25/2024,18,1,18,debit,0.127
1/19/2024,2:45:00 PM CST,932,sell to open,SPY $475 put exp. 1/26/2024,62,1,62,credit,1.142
1/22/2024,2:45:00 PM CST,932,buy to close,SPY $475 put exp. 1/26/2024,26,1,26,debit,0.127
1/22/2024,2:45:00 PM CST,933,sell to open,SPY $478 put exp. 1/29/2024,70,1,70,credit,1.142
1/24/2024,2:45:00 PM CST,933,buy to close,SPY $478 put exp. 1/29/2024,20,1,20,debit,0.127
1/24/2024,2:45:00 PM CST,934,sell to open,SPY $480 put exp. 1/31/2024,83,1,83,credit,1.142
1/29/2024,2:45:00 PM CST,934,buy to close,SPY $480 put exp. 1/31/2024,11,1,11,debit,0.127
1/29/2024,2:45:00 PM CST,935,sell to open,SPY $483 put exp. 2/5/2024,88,1,88,credit,1.142
2/2/2024,2:45:00 PM CST,935,buy to close,SPY $483 put exp. 2/5/2024,5,1,5,debit,0.127
2/2/2024,2:45:00 PM CST,936,sell to open,SPY $487 put exp. 2/9/2024,64,1,64,credit,1.142
2/7/2024,2:45:00 PM CST,936,buy to close,SPY $487 put exp. 2/9/2024,6,1,6,debit,0.127
2/7/2024,2:45:00 PM CST,937,sell to open,SPY $492 put exp. 2/14/2024,78,1,78,credit,1.142
2/9/2024,2:45:00 PM CST,937,buy to close,SPY $492 put exp. 2/14/2024,28,1,28,debit,0.127
2/9/2024,2:45:00 PM CST,938,sell to open,SPY $495 put exp. 2/16/2024,88,1,88,credit,1.142
2/13/2024,2:45:00 PM CST,938,buy to close,SPY $495 put exp. 2/16/2024,356,1,356,debit,0.127
2/13/2024,2:45:00 PM CST,939,sell to open,SPY $486 put exp. 2/20/2024,105,1,105,credit,1.142
2/14/2024,2:45:00 PM CST,939,buy to close,SPY $486 put exp. 2/20/2024,19,1,19,debit,0.127
2/14/2024,2:45:00 PM CST,940,sell to open,SPY $493 put exp. 2/21/2024,98,1,98,credit,1.142
2/15/2024,2:45:00 PM CST,940,buy to close,SPY $493 put exp. 2/21/2024,44,1,44,debit,0.127
2/15/2024,2:45:00 PM CST,941,sell to open,SPY $495 put exp. 2/22/2024,87,1,87,credit,1.142
2/22/2024,2:45:00 PM CST,941,buy to close,SPY $495 put exp. 2/22/2024,1,1,1,debit,0.127
2/22/2024,2:45:00 PM CST,942,sell to open,SPY $501 put exp. 2/29/2024,92,1,92,credit,1.142
2/27/2024,2:45:00 PM CST,942,buy to close,SPY $501 put exp. 2/29/2024,30,1,30,debit,0.127
2/27/2024,2:45:00 PM CST,943,sell to open,SPY $500 put exp. 3/5/2024,70,1,70,credit,1.142
2/29/2024,2:45:00 PM CST,943,buy to close,SPY $500 put exp. 3/5/2024,25,1,25,debit,0.127
2/29/2024,2:45:00 PM CST,944,sell to open,SPY $502 put exp. 3/7/2024,80,1,80,credit,1.142
3/1/2024,2:45:00 PM CST,944,buy to close,SPY $502 put exp. 3/7/2024,25,1,25,debit,0.127
3/1/2024,2:45:00 PM CST,945,sell to open,SPY $507 put exp. 3/8/2024,94,1,94,credit,1.142
3/7/2024,2:45:00 PM CST,945,buy to close,SPY $507 put exp. 3/8/2024,10,1,10,debit,0.127
3/7/2024,2:45:00 PM CST,946,sell to open,SPY $507 put exp. 3/14/2024,105,1,105,credit,1.142
3/12/2024,2:45:00 PM CDT,946,buy to close,SPY $507 put exp. 3/14/2024,16,1,16,debit,0.127
3/12/2024,2:45:00 PM CDT,947,sell to open,SPY $510 put exp. 3/19/2024,123,1,123,credit,1.142
3/18/2024,2:45:00 PM CDT,947,buy to close,SPY $510 put exp. 3/19/2024,41,1,41,debit,0.127
3/18/2024,2:45:00 PM CDT,948,sell to open,SPY $507 put exp. 3/25/2024,126,1,126,credit,1.142
3/20/2024,2:45:00 PM CDT,948,buy to close,SPY $507 put exp. 3/25/2024,20,1,20,debit,0.127
3/20/2024,2:45:00 PM CDT,949,sell to open,SPY $514 put exp. 3/27/2024,103,1,103,credit,1.142
3/21/2024,2:45:00 PM CDT,949,buy to close,SPY $514 put exp. 3/27/2024,38,1,38,debit,0.127
3/21/2024,2:45:00 PM CDT,950,sell to open,SPY $517 put exp. 3/28/2024,89,1,89,credit,1.142
3/27/2024,2:45:00 PM CDT,950,buy to close,SPY $517 put exp. 3/28/2024,10,1,10,debit,0.127
3/27/2024,2:45:00 PM CDT,951,sell to open,SPY $517 put exp. 4/3/2024,60,1,60,credit,1.142
4/1/2024,2:45:00 PM CDT,951,buy to close,SPY $517 put exp. 4/3/2024,25,1,25,debit,0.127
4/1/2024,2:45:00 PM CDT,952,sell to open,SPY $516 put exp. 4/8/2024,85,1,85,credit,1.142
4/4/2024,2:45:00 PM CDT,952,buy to close,SPY $516 put exp. 4/8/2024,437,1,437,debit,0.127
4/4/2024,2:45:00 PM CDT,953,sell to open,SPY $505 put exp. 4/11/2024,170,1,170,credit,1.142
4/5/2024,2:45:00 PM CDT,953,buy to close,SPY $505 put exp. 4/11/2024,64,1,64,debit,0.127
4/5/2024,2:45:00 PM CDT,954,sell to open,SPY $510 put exp. 4/12/2024,151,1,151,credit,1.142
4/11/2024,2:45:00 PM CDT,954,buy to close,SPY $510 put exp. 4/12/2024,12,1,12,debit,0.127
4/11/2024,2:45:00 PM CDT,955,sell to open,SPY $511 put exp. 4/18/2024,119,1,119,credit,1.142
4/15/2024,2:45:00 PM CDT,955,buy to close,SPY $511 put exp. 4/18/2024,751,1,751,debit,0.127
4/15/2024,2:45:00 PM CDT,956,sell to open,SPY $494 put exp. 4/22/2024,151,1,151,credit,1.142
4/22/2024,2:45:00 PM CDT,956,buy to close,SPY $494 put exp. 4/22/2024,1,1,1,debit,0.127
4/22/2024,2:45:00 PM CDT,957,sell to open,SPY $491 put exp. 4/29/2024,110,1,110,credit,1.142
4/23/2024,2:45:00 PM CDT,957,buy to close,SPY $491 put exp. 4/29/2024,32,1,32,debit,0.127
4/23/2024,2:45:00 PM CDT,958,sell to open,SPY $497 put exp. 4/30/2024,108,1,108,credit,1.142
4/26/2024,2:45:00 PM CDT,958,buy to close,SPY $497 put exp. 4/30/2024,11,1,11,debit,0.127
4/26/2024,2:45:00 PM CDT,959,sell to open,SPY $500 put exp. 5/3/2024,116,1,116,credit,1.142
5/3/2024,2:45:00 PM CDT,959,buy to close,SPY $500 put exp. 5/3/2024,1,1,1,debit,0.127
5/3/2024,2:45:00 PM CDT,960,sell to open,SPY $505 put exp. 5/10/2024,89,1,89,credit,1.142
5/6/2024,2:45:00 PM CDT,960,buy to close,SPY $505 put exp. 5/10/2024,23,1,23,debit,0.127
5/6/2024,2:45:00 PM CDT,961,sell to open,SPY $509 put exp. 5/13/2024,78,1,78,credit,1.142
5/8/2024,2:45:00 PM CDT,961,buy to close,SPY $509 put exp. 5/13/2024,20,1,20,debit,0.127
5/8/2024,2:45:00 PM CDT,962,sell to open,SPY $511 put exp. 5/15/2024,112,1,112,credit,1.142
5/10/2024,2:45:00 PM CDT,962,buy to close,SPY $511 put exp. 5/15/2024,29,1,29,debit,0.127
5/10/2024,2:45:00 PM CDT,963,sell to open,SPY $514 put exp. 5/17/2024,91,1,91,credit,1.142
5/14/2024,2:45:00 PM CDT,963,buy to close,SPY $514 put exp. 5/17/2024,38,1,38,debit,0.127
5/14/2024,2:45:00 PM CDT,964,sell to open,SPY $516 put exp. 5/21/2024,88,1,88,credit,1.142
5/15/2024,2:45:00 PM CDT,964,buy to close,SPY $516 put exp. 5/21/2024,14,1,14,debit,0.127
5/15/2024,2:45:00 PM CDT,965,sell to open,SPY $524 put exp. 5/22/2024,96,1,96,credit,1.142
5/20/2024,2:45:00 PM CDT,965,buy to close,SPY $524 put exp. 5/22/2024,35,1,35,debit,0.127
5/20/2024,2:45:00 PM CDT,966,sell to open,SPY $524 put exp. 5/28/2024,90,1,90,credit,1.142
5/24/2024,2:45:00 PM CDT,966,buy to close,SPY $524 put exp. 5/28/2024,11,1,11,debit,0.127
5/24/2024,2:45:00 PM CDT,967,sell to open,SPY $524 put exp. 5/31/2024,63,1,63,credit,1.142
5/31/2024,3:00:00 PM CDT,967,expiration,SPY $524 put exp. 5/31/2024,0,1,0,debit,0
6/3/2024,2:45:00 PM CDT,968,sell to open,SPY $519 put exp. 6/10/2024,95,1,95,credit,1.142
6/5/2024,2:45:00 PM CDT,968,buy to close,SPY $519 put exp. 6/10/2024,10,1,10,debit,0.127
6/5/2024,2:45:00 PM CDT,969,sell to open,SPY $525 put exp. 6/12/2024,119,1,119,credit,1.142
6/7/2024,2:45:00 PM CDT,969,buy to close,SPY $525 put exp. 6/12/2024,47,1,47,debit,0.127
6/7/2024,2:45:00 PM CDT,970,sell to open,SPY $527 put exp. 6/14/2024,119,1,119,credit,1.142
6/11/2024,2:45:00 PM CDT,970,buy to close,SPY $527 put exp. 6/14/2024,52,1,52,debit,0.127
6/11/2024,2:45:00 PM CDT,971,sell to open,SPY $529 put exp. 6/18/2024,115,1,115,credit,1.142
6/12/2024,2:45:00 PM CDT,971,buy to close,SPY $529 put exp. 6/18/2024,24,1,24,debit,0.127
6/12/2024,2:45:00 PM CDT,972,sell to open,SPY $535 put exp. 6/20/2024,98,1,98,credit,1.142
6/13/2024,2:45:00 PM CDT,972,buy to close,SPY $535 put exp. 6/20/2024,40,1,40,debit,0.127
6/13/2024,2:45:00 PM CDT,973,sell to open,SPY $537 put exp. 6/20/2024,59,1,59,credit,1.142
6/17/2024,2:45:00 PM CDT,973,buy to close,SPY $537 put exp. 6/20/2024,14,1,14,debit,0.127
6/17/2024,2:45:00 PM CDT,974,sell to open,SPY $542 put exp. 6/24/2024,112,1,112,credit,1.142
6/21/2024,2:45:00 PM CDT,974,buy to close,SPY $542 put exp. 6/24/2024,40,1,40,debit,0.127
6/21/2024,2:45:00 PM CDT,975,sell to open,SPY $538 put exp. 6/28/2024,83,1,83,credit,1.142
6/26/2024,2:45:00 PM CDT,975,buy to close,SPY $538 put exp. 6/28/2024,19,1,19,debit,0.127
6/26/2024,2:45:00 PM CDT,976,sell to open,SPY $539 put exp. 7/3/2024,77,1,77,credit,1.142
7/1/2024,2:45:00 PM CDT,976,buy to close,SPY $539 put exp. 7/3/2024,15,1,15,debit,0.127
7/1/2024,2:45:00 PM CDT,977,sell to open,SPY $540 put exp. 7/8/2024,76,1,76,credit,1.142
7/2/2024,2:45:00 PM CDT,977,buy to close,SPY $540 put exp. 7/8/2024,24,1,24,debit,0.127
7/2/2024,2:45:00 PM CDT,978,sell to open,SPY $543 put exp. 7/9/2024,72,1,72,credit,1.142
7/5/2024,2:45:00 PM CDT,978,buy to close,SPY $543 put exp. 7/9/2024,7,1,7,debit,0.127
7/5/2024,2:45:00 PM CDT,979,sell to open,SPY $549 put exp. 7/12/2024,92,1,92,credit,1.142
7/9/2024,2:45:00 PM CDT,979,buy to close,SPY $549 put exp. 7/12/2024,43,1,43,debit,0.127
7/9/2024,2:45:00 PM CDT,980,sell to open,SPY $549 put exp. 7/16/2024,72,1,72,credit,1.142
7/10/2024,2:45:00 PM CDT,980,buy to close,SPY $549 put exp. 7/16/2024,31,1,31,debit,0.127
7/10/2024,2:45:00 PM CDT,981,sell to open,SPY $554 put exp. 7/17/2024,93,1,93,credit,1.142
7/12/2024,2:45:00 PM CDT,981,buy to close,SPY $554 put exp. 7/17/2024,44,1,44,debit,0.127
7/12/2024,2:45:00 PM CDT,982,sell to open,SPY $553 put exp. 7/19/2024,65,1,65,credit,1.142
7/16/2024,2:45:00 PM CDT,982,buy to close,SPY $553 put exp. 7/19/2024,18,1,18,debit,0.127
7/16/2024,2:45:00 PM CDT,983,sell to open,SPY $557 put exp. 7/23/2024,78,1,78,credit,1.142
7/18/2024,2:45:00 PM CDT,983,buy to close,SPY $557 put exp. 7/23/2024,530,1,530,debit,0.127
7/18/2024,2:45:00 PM CDT,984,sell to open,SPY $543 put exp. 7/25/2024,101,1,101,credit,1.142
7/22/2024,2:45:00 PM CDT,984,buy to close,SPY $543 put exp. 7/25/2024,18,1,18,debit,0.127
7/22/2024,2:45:00 PM CDT,985,sell to open,SPY $548 put exp. 7/29/2024,110,1,110,credit,1.142
7/24/2024,2:45:00 PM CDT,985,buy to close,SPY $548 put exp. 7/29/2024,691,1,691,debit,0.127
7/24/2024,2:45:00 PM CDT,986,sell to open,SPY $531 put exp. 7/31/2024,141,1,141,credit,1.142
7/26/2024,2:45:00 PM CDT,986,buy to close,SPY $531 put exp. 7/31/2024,57,1,57,debit,0.127
7/26/2024,2:45:00 PM CDT,987,sell to open,SPY $534 put exp. 8/2/2024,168,1,168,credit,1.142
7/31/2024,2:45:00 PM CDT,987,buy to close,SPY $534 put exp. 8/2/2024,15,1,15,debit,0.127
7/31/2024,2:45:00 PM CDT,988,sell to open,SPY $542 put exp. 8/7/2024,149,1,149,credit,1.142
8/2/2024,2:45:00 PM CDT,988,buy to close,SPY $542 put exp. 8/7/2024,1161,1,1161,debit,0.127
8/2/2024,2:45:00 PM CDT,989,sell to open,SPY $517 put exp. 8/9/2024,177,1,177,credit,1.142
8/5/2024,2:45:00 PM CDT,989,buy to close,SPY $517 put exp. 8/9/2024,878,1,878,debit,0.127
8/8/2024,2:45:00 PM CDT,990,sell to open,SPY $515 put exp. 8/15/2024,213,1,213,credit,1.142
8/9/2024,2:45:00 PM CDT,990,buy to close,SPY $515 put exp. 8/15/2024,86,1,86,debit,0.127
8/9/2024,2:45:00 PM CDT,991,sell to open,SPY $520 put exp. 8/16/2024,179,1,179,credit,1.142
8/13/2024,2:45:00 PM CDT,991,buy to close,SPY $520 put exp. 8/16/2024,32,1,32,debit,0.127
8/13/2024,2:45:00 PM CDT,992,sell to open,SPY $530 put exp. 8/20/2024,166,1,166,credit,1.142
8/14/2024,2:45:00 PM CDT,992,buy to close,SPY $530 put exp. 8/20/2024,59,1,59,debit,0.127
8/14/2024,2:45:00 PM CDT,993,sell to open,SPY $534 put exp. 8/21/2024,126,1,126,credit,1.142
8/15/2024,2:45:00 PM CDT,993,buy to close,SPY $534 put exp. 8/21/2024,25,1,25,debit,0.127
8/15/2024,2:45:00 PM CDT,994,sell to open,SPY $545 put exp. 8/22/2024,116,1,116,credit,1.142
8/19/2024,2:45:00 PM CDT,994,buy to close,SPY $545 put exp. 8/22/2024,14,1,14,debit,0.127
8/19/2024,2:45:00 PM CDT,995,sell to open,SPY $551 put exp. 8/26/2024,112,1,112,credit,1.142
8/23/2024,2:45:00 PM CDT,995,buy to close,SPY $551 put exp. 8/26/2024,6,1,6,debit,0.127
8/23/2024,2:45:00 PM CDT,996,sell to open,SPY $553 put exp. 8/30/2024,121,1,121,credit,1.142
8/27/2024,2:45:00 PM CDT,996,buy to close,SPY $553 put exp. 8/30/2024,57,1,57,debit,0.127
8/27/2024,2:45:00 PM CDT,997,sell to open,SPY $555 put exp. 9/3/2024,115,1,115,credit,1.142
8/30/2024,2:45:00 PM CDT,997,buy to close,SPY $555 put exp. 9/3/2024,16,1,16,debit,0.127
8/30/2024,2:45:00 PM CDT,998,sell to open,SPY $554 put exp. 9/6/2024,109,1,109,credit,1.142
9/3/2024,2:45:00 PM CDT,998,buy to close,SPY $554 put exp. 9/6/2024,597,1,597,debit,0.127
9/3/2024,2:45:00 PM CDT,999,sell to open,SPY $540 put exp. 9/10/2024,177,1,177,credit,1.142
9/9/2024,2:45:00 PM CDT,999,buy to close,SPY $540 put exp. 9/10/2024,43,1,43,debit,0.127
9/9/2024,2:45:00 PM CDT,1000,sell to open,SPY $534 put exp. 9/16/2024,154,1,154,credit,1.142
9/11/2024,2:45:00 PM CDT,1000,buy to close,SPY $534 put exp. 9/16/2024,24,1,24,debit,0.127
9/11/2024,2:45:00 PM CDT,1001,sell to open,SPY $542 put exp. 9/18/2024,173,1,173,credit,1.142
9/12/2024,2:45:00 PM CDT,1001,buy to close,SPY $542 put exp. 9/18/2024,54,1,54,debit,0.127
9/12/2024,2:45:00 PM CDT,1002,sell to open,SPY $549 put exp. 9/19/2024,150,1,150,credit,1.142
9/16/2024,2:45:00 PM CDT,1002,buy to close,SPY $549 put exp. 9/19/2024,54,1,54,debit,0.127
9/16/2024,2:45:00 PM CDT,1003,sell to open,SPY $552 put exp. 9/23/2024,165,1,165,credit,1.142
9/19/2024,2:45:00 PM CDT,1003,buy to close,SPY $552 put exp. 9/23/2024,17,1,17,debit,0.127
9/19/2024,2:45:00 PM CDT,1004,sell to open,SPY $563 put exp. 9/26/2024,155,1,155,credit,1.142
9/23/2024,2:45:00 PM CDT,1004,buy to close,SPY $563 put exp. 9/26/2024,61,1,61,debit,0.127
9/23/2024,2:45:00 PM CDT,1005,sell to open,SPY $562 put exp. 9/30/2024,110,1,110,credit,1.142
9/26/2024,2:45:00 PM CDT,1005,buy to close,SPY $562 put exp. 9/30/2024,29,1,29,debit,0.127
9/26/2024,2:45:00 PM CDT,1006,sell to open,SPY $565 put exp. 10/3/2024,117,1,117,credit,1.142
10/3/2024,2:45:00 PM CDT,1006,buy to close,SPY $565 put exp. 10/3/2024,8,1,8,debit,0.127
10/3/2024,2:45:00 PM CDT,1007,sell to open,SPY $553 put exp. 10/10/2024,164,1,164,credit,1.142
10/4/2024,2:45:00 PM CDT,1007,buy to close,SPY $553 put exp. 10/10/2024,46,1,46,debit,0.127
10/4/2024,2:45:00 PM CDT,1008,sell to open,SPY $562 put exp. 10/11/2024,150,1,150,credit,1.142
10/8/2024,2:45:00 PM CDT,1008,buy to close,SPY $562 put exp. 10/11/2024,71,1,71,debit,0.127
10/8/2024,2:45:00 PM CDT,1009,sell to open,SPY $563 put exp. 10/15/2024,155,1,155,credit,1.142
10/10/2024,2:45:00 PM CDT,1009,buy to close,SPY $563 put exp. 10/15/2024,48,1,48,debit,0.127
10/10/2024,2:45:00 PM CDT,1010,sell to open,SPY $566 put exp. 10/17/2024,130,1,130,credit,1.142
10/11/2024,2:45:00 PM CDT,1010,buy to close,SPY $566 put exp. 10/17/2024,48,1,48,debit,0.127
10/11/2024,2:45:00 PM CDT,1011,sell to open,SPY $570 put exp. 10/18/2024,104,1,104,credit,1.142
10/14/2024,2:45:00 PM CDT,1011,buy to close,SPY $570 put exp. 10/18/2024,39,1,39,debit,0.127
10/14/2024,2:45:00 PM CDT,1012,sell to open,SPY $576 put exp. 10/21/2024,111,1,111,credit,1.142
10/17/2024,2:45:00 PM CDT,1012,buy to close,SPY $576 put exp. 10/21/2024,49,1,49,debit,0.127
10/17/2024,2:45:00 PM CDT,1013,sell to open,SPY $573 put exp. 10/24/2024,81,1,81,credit,1.142
10/18/2024,2:45:00 PM CDT,1013,buy to close,SPY $573 put exp. 10/24/2024,38,1,38,debit,0.127
10/18/2024,2:45:00 PM CDT,1014,sell to open,SPY $577 put exp. 10/25/2024,98,1,98,credit,1.142
10/25/2024,2:45:00 PM CDT,1014,buy to close,SPY $577 put exp. 10/25/2024,4,1,4,debit,0.127
10/25/2024,2:45:00 PM CDT,1015,sell to open,SPY $568 put exp. 11/1/2024,146,1,146,credit,1.142
10/28/2024,2:45:00 PM CDT,1015,buy to close,SPY $568 put exp. 11/1/2024,70,1,70,debit,0.127
10/28/2024,2:45:00 PM CDT,1016,sell to open,SPY $572 put exp. 11/4/2024,150,1,150,credit,1.142
11/4/2024,3:00:00 PM CST,1016,exercise,SPY $572 put exp. 11/4/2024,0,1,0,debit,5
11/4/2024,3:00:00 PM CST,1016,assignment,SPY shares,572,100,57200,debit,0
11/4/2024,3:00:00 PM CST,1016,sell to close,SPY shares,569.81,100,56981,credit,0
11/5/2024,2:45:00 PM CST,1017,sell to open,SPY $560 put exp. 11/12/2024,245,1,245,credit,1.142
11/6/2024,2:45:00 PM CST,1017,buy to close,SPY $560 put exp. 11/12/2024,19,1,19,debit,0.127
11/6/2024,2:45:00 PM CST,1018,sell to open,SPY $582 put exp. 11/13/2024,150,1,150,credit,1.142
11/7/2024,2:45:00 PM CST,1018,buy to close,SPY $582 put exp. 11/13/2024,49,1,49,debit,0.127
11/7/2024,2:45:00 PM CST,1019,sell to open,SPY $588 put exp. 11/14/2024,122,1,122,credit,1.142
11/11/2024,2:45:00 PM CST,1019,buy to close,SPY $588 put exp. 11/14/2024,38,1,38,debit,0.127
11/11/2024,2:45:00 PM CST,1020,sell to open,SPY $589 put exp. 11/18/2024,91,1,91,credit,1.142
11/13/2024,2:45:00 PM CST,1020,buy to close,SPY $589 put exp. 11/18/2024,34,1,34,debit,0.127
11/13/2024,2:45:00 PM CST,1021,sell to open,SPY $591 put exp. 11/20/2024,114,1,114,credit,1.142
11/15/2024,2:45:00 PM CST,1021,buy to close,SPY $591 put exp. 11/20/2024,699,1,699,debit,0.127
11/15/2024,2:45:00 PM CST,1022,sell to open,SPY $575 put exp. 11/22/2024,139,1,139,credit,1.142
11/18/2024,2:45:00 PM CST,1022,buy to close,SPY $575 put exp. 11/22/2024,51,1,51,debit,0.127
11/18/2024,2:45:00 PM CST,1023,sell to open,SPY $579 put exp. 11/25/2024,127,1,127,credit,1.142
11/21/2024,2:45:00 PM CST,1023,buy to close,SPY $579 put exp. 11/25/2024,24,1,24,debit,0.127
11/21/2024,2:45:00 PM CST,1024,sell to open,SPY $586 put exp. 11/29/2024,146,1,146,credit,1.142
11/22/2024,2:45:00 PM CST,1024,buy to close,SPY $586 put exp. 11/29/2024,70,1,70,debit,0.127
11/22/2024,2:45:00 PM CST,1025,sell to open,SPY $588 put exp. 11/29/2024,94,1,94,credit,1.142
11/25/2024,2:45:00 PM CST,1025,buy to close,SPY $588 put exp. 11/29/2024,30,1,30,debit,0.127
11/25/2024,2:45:00 PM CST,1026,sell to open,SPY $591 put exp. 12/2/2024,86,1,86,credit,1.142
11/26/2024,2:45:00 PM CST,1026,buy to close,SPY $591 put exp. 12/2/2024,30,1,30,debit,0.127
11/26/2024,2:45:00 PM CST,1027,sell to open,SPY $594 put exp. 12/3/2024,74,1,74,credit,1.142
11/29/2024,2:45:00 PM CST,1027,buy to close,SPY $594 put exp. 12/3/2024,17,1,17,debit,0.127
11/29/2024,2:45:00 PM CST,1028,sell to open,SPY $596 put exp. 12/6/2024,108,1,108,credit,1.142
12/3/2024,2:45:00 PM CST,1028,buy to close,SPY $596 put exp. 12/6/2024,42,1,42,debit,0.127
12/3/2024,2:45:00 PM CST,1029,sell to open,SPY $597 put exp. 12/10/2024,92,1,92,credit,1.142
12/4/2024,2:45:00 PM CST,1029,buy to close,SPY $597 put exp. 12/10/2024,38,1,38,debit,0.127
12/4/2024,2:45:00 PM CST,1030,sell to open,SPY $600 put exp. 12/11/2024,89,1,89,credit,1.142
12/6/2024,2:45:00 PM CST,1030,buy to close,SPY $600 put exp. 12/11/2024,28,1,28,debit,0.127
12/6/2024,2:45:00 PM CST,1031,sell to open,SPY $601 put exp. 12/13/2024,75,1,75,credit,1.142
12/11/2024,2:45:00 PM CST,1031,buy to close,SPY $601 put exp. 12/13/2024,17,1,17,debit,0.127
12/11/2024,2:45:00 PM CST,1032,sell to open,SPY $600 put exp. 12/18/2024,80,1,80,credit,1.142
12/18/2024,2:45:00 PM CST,1032,buy to close,SPY $600 put exp. 12/18/2024,1274,1,1274,debit,0.127
12/19/2024,2:45:00 PM CST,1033,sell to open,SPY $574 put exp. 12/26/2024,200,1,200,credit,1.142
12/20/2024,2:45:00 PM CST,1033,buy to close,SPY $574 put exp. 12/26/2024,48,1,48,debit,0.127
12/20/2024,2:45:00 PM CST,1034,sell to open,SPY $581 put exp. 12/27/2024,147,1,147,credit,1.142
12/23/2024,2:45:00 PM CST,1034,buy to close,SPY $581 put exp. 12/27/2024,52,1,52,debit,0.127
12/23/2024,2:45:00 PM CST,1035,sell to open,SPY $585 put exp. 12/30/2024,128,1,128,credit,1.142
12/24/2024,2:45:00 PM CST,1035,buy to close,SPY $585 put exp. 12/30/2024,30,1,30,debit,0.127
12/24/2024,2:45:00 PM CST,1036,sell to open,SPY $592 put exp. 12/31/2024,101,1,101,credit,1.142
12/31/2024,2:45:00 PM CST,1036,buy to close,SPY $592 put exp. 12/31/2024,606,1,606,debit,0.127
12/31/2024,2:45:00 PM CST,1037,sell to open,SPY $577 put exp. 1/7/2025,132,1,132,credit,1.142
1/3/2025,2:45:00 PM CST,1037,buy to close,SPY $577 put exp. 1/7/2025,12,1,12,debit,0.127
1/3/2025,2:45:00 PM CST,1038,sell to open,SPY $583 put exp. 1/10/2025,136,1,136,credit,1.142
1/6/2025,2:45:00 PM CST,1038,buy to close,SPY $583 put exp. 1/10/2025,62,1,62,debit,0.127
1/6/2025,2:45:00 PM CST,1039,sell to open,SPY $586 put exp. 1/13/2025,131,1,131,credit,1.142
1/10/2025,2:45:00 PM CST,1039,buy to close,SPY $586 put exp. 1/13/2025,617,1,617,debit,0.127
1/10/2025,2:45:00 PM CST,1040,sell to open,SPY $568 put exp. 1/17/2025,167,1,167,credit,1.142
1/15/2025,2:45:00 PM CST,1040,buy to close,SPY $568 put exp. 1/17/2025,6,1,6,debit,0.127
1/15/2025,2:45:00 PM CST,1041,sell to open,SPY $585 put exp. 1/22/2025,116,1,116,credit,1.142
1/17/2025,2:45:00 PM CST,1041,buy to close,SPY $585 put exp. 1/22/2025,33,1,33,debit,0.127
1/17/2025,2:45:00 PM CST,1042,sell to open,SPY $589 put exp. 1/24/2025,130,1,130,credit,1.142
1/21/2025,2:45:00 PM CST,1042,buy to close,SPY $589 put exp. 1/24/2025,22,1,22,debit,0.127
1/21/2025,2:45:00 PM CST,1043,sell to open,SPY $595 put exp. 1/28/2025,113,1,113,credit,1.142
1/22/2025,2:45:00 PM CST,1043,buy to close,SPY $595 put exp. 1/28/2025,40,1,40,debit,0.127
1/22/2025,2:45:00 PM CST,1044,sell to open,SPY $599 put exp. 1/29/2025,120,1,120,credit,1.142
1/24/2025,2:45:00 PM CST,1044,buy to close,SPY $599 put exp. 1/29/2025,57,1,57,debit,0.127
1/24/2025,2:45:00 PM CST,1045,sell to open,SPY $598 put exp. 1/31/2025,114,1,114,credit,1.142
1/31/2025,2:45:00 PM CST,1045,buy to close,SPY $598 put exp. 1/31/2025,6,1,6,debit,0.127
1/31/2025,2:45:00 PM CST,1046,sell to open,SPY $591 put exp. 2/7/2025,181,1,181,credit,1.142
2/5/2025,2:45:00 PM CST,1046,buy to close,SPY $591 put exp. 2/7/2025,31,1,31,debit,0.127
2/5/2025,2:45:00 PM CST,1047,sell to open,SPY $593 put exp. 2/12/2025,150,1,150,credit,1.142
2/10/2025,2:45:00 PM CST,1047,buy to close,SPY $593 put exp. 2/12/2025,27,1,27,debit,0.127
2/10/2025,2:45:00 PM CST,1048,sell to open,SPY $596 put exp. 2/18/2025,136,1,136,credit,1.142
2/13/2025,2:45:00 PM CST,1048,buy to close,SPY $596 put exp. 2/18/2025,30,1,30,debit,0.127
2/13/2025,2:45:00 PM CST,1049,sell to open,SPY $601 put exp. 2/20/2025,116,1,116,credit,1.142
2/18/2025,2:45:00 PM CST,1049,buy to close,SPY $601 put exp. 2/20/2025,27,1,27,debit,0.127
2/18/2025,2:45:00 PM CST,1050,sell to open,SPY $603 put exp. 2/25/2025,122,1,122,credit,1.142
2/25/2025,2:45:00 PM CST,1050,buy to close,SPY $603 put exp. 2/25/2025,887,1,887,debit,0.127
2/25/2025,2:45:00 PM CST,1051,sell to open,SPY $582 put exp. 3/4/2025,184,1,184,credit,1.142
3/4/2025,3:00:00 PM CST,1051,exercise,SPY $582 put exp. 3/4/2025,0,1,0,debit,5
3/4/2025,3:00:00 PM CST,1051,assignment,SPY shares,582,100,58200,debit,0
3/4/2025,3:00:00 PM CST,1051,sell to close,SPY shares,576.86,100,57686,credit,0
3/5/2025,2:45:00 PM CST,1052,sell to open,SPY $568 put exp. 3/12/2025,230,1,230,credit,1.142
3/10/2025,2:45:00 PM CDT,1052,buy to close,SPY $568 put exp. 3/12/2025,1085,1,1085,debit,0.127
3/12/2025,2:45:00 PM CDT,1053,sell to open,SPY $543 put exp. 3/19/2025,228,1,228,credit,1.142
3/14/2025,2:45:00 PM CDT,1053,buy to close,SPY $543 put exp. 3/19/2025,71,1,71,debit,0.127
3/14/2025,2:45:00 PM CDT,1054,sell to open,SPY $547 put exp. 3/21/2025,224,1,224,credit,1.142
3/17/2025,2:45:00 PM CDT,1054,buy to close,SPY $547 put exp. 3/21/2025,65,1,65,debit,0.127
3/17/2025,2:45:00 PM CDT,1055,sell to open,SPY $556 put exp. 3/24/2025,217,1,217,credit,1.142
3/20/2025,2:45:00 PM CDT,1055,buy to close,SPY $556 put exp. 3/24/2025,105,1,105,debit,0.127
3/20/2025,2:45:00 PM CDT,1056,sell to open,SPY $554 put exp. 3/27/2025,210,1,210,credit,1.142
3/24/2025,2:45:00 PM CDT,1056,buy to close,SPY $554 put exp. 3/27/2025,14,1,14,debit,0.127
3/24/2025,2:45:00 PM CDT,1057,sell to open,SPY $563 put exp. 3/31/2025,160,1,160,credit,1.142
3/28/2025,2:45:00 PM CDT,1057,buy to close,SPY $563 put exp. 3/31/2025,834,1,834,debit,0.127
3/28/2025,2:45:00 PM CDT,1058,sell to open,SPY $541 put exp. 4/4/2025,214,1,214,credit,1.142
4/1/2025,2:45:00 PM CDT,1058,buy to close,SPY $541 put exp. 4/4/2025,93,1,93,debit,0.127
4/1/2025,2:45:00 PM CDT,1059,sell to open,SPY $545 put exp. 4/8/2025,225,1,225,credit,1.142
4/3/2025,2:45:00 PM CDT,1059,buy to close,SPY $545 put exp. 4/8/2025,1005,1,1005,debit,0.127
4/30/2025,2:45:00 PM CDT,1060,sell to open,SPY $536 put exp. 5/7/2025,246,1,246,credit,1.142
5/1/2025,2:45:00 PM CDT,1060,buy to close,SPY $536 put exp. 5/7/2025,75,1,75,debit,0.127
5/1/2025,2:45:00 PM CDT,1061,sell to open,SPY $547 put exp. 5/8/2025,240,1,240,credit,1.142
5/2/2025,2:45:00 PM CDT,1061,buy to close,SPY $547 put exp. 5/8/2025,92,1,92,debit,0.127
5/2/2025,2:45:00 PM CDT,1062,sell to open,SPY $553 put exp. 5/9/2025,201,1,201,credit,1.142
5/8/2025,2:45:00 PM CDT,1062,buy to close,SPY $553 put exp. 5/9/2025,16,1,16,debit,0.127
5/8/2025,2:45:00 PM CDT,1063,sell to open,SPY $553 put exp. 5/15/2025,203,1,203,credit,1.142
5/12/2025,2:45:00 PM CDT,1063,buy to close,SPY $553 put exp. 5/15/2025,10,1,10,debit,0.127
5/12/2025,2:45:00 PM CDT,1064,sell to open,SPY $570 put exp. 5/19/2025,164,1,164,credit,1.142
5/13/2025,2:45:00 PM CDT,1064,buy to close,SPY $570 put exp. 5/19/2025,53,1,53,debit,0.127
5/13/2025,2:45:00 PM CDT,1065,sell to open,SPY $578 put exp. 5/20/2025,155,1,155,credit,1.142
5/16/2025,2:45:00 PM CDT,1065,buy to close,SPY $578 put exp. 5/20/2025,17,1,17,debit,0.127
5/16/2025,2:45:00 PM CDT,1066,sell to open,SPY $584 put exp. 5/23/2025,152,1,152,credit,1.142
5/23/2025,3:00:00 PM CDT,1066,exercise,SPY $584 put exp. 5/23/2025,0,1,0,debit,5
5/23/2025,3:00:00 PM CDT,1066,assignment,SPY shares,584,100,58400,debit,0
5/23/2025,3:00:00 PM CDT,1066,sell to close,SPY shares,579.11,100,57911,credit,0
5/27/2025,2:45:00 PM CDT,1067,sell to open,SPY $579 put exp. 6/3/2025,160,1,160,credit,1.142
5/30/2025,2:45:00 PM CDT,1067,buy to close,SPY $579 put exp. 6/3/2025,66,1,66,debit,0.127
5/30/2025,2:45:00 PM CDT,1068,sell to open,SPY $578 put exp. 6/6/2025,169,1,169,credit,1.142
6/3/2025,2:45:00 PM CDT,1068,buy to close,SPY $578 put exp. 6/6/2025,27,1,27,debit,0.127
6/3/2025,2:45:00 PM CDT,1069,sell to open,SPY $585 put exp. 6/10/2025,145,1,145,credit,1.142
6/6/2025,2:45:00 PM CDT,1069,buy to close,SPY $585 put exp. 6/10/2025,24,1,24,debit,0.127
6/6/2025,2:45:00 PM CDT,1070,sell to open,SPY $590 put exp. 6/13/2025,144,1,144,credit,1.142
6/10/2025,2:45:00 PM CDT,1070,buy to close,SPY $590 put exp. 6/13/2025,58,1,58,debit,0.127
6/10/2025,2:45:00 PM CDT,1071,sell to open,SPY $593 put exp. 6/17/2025,144,1,144,credit,1.142
6/16/2025,2:45:00 PM CDT,1071,buy to close,SPY $593 put exp. 6/17/2025,22,1,22,debit,0.127
6/16/2025,2:45:00 PM CDT,1072,sell to open,SPY $591 put exp. 6/23/2025,173,1,173,credit,1.142
6/23/2025,2:45:00 PM CDT,1072,buy to close,SPY $591 put exp. 6/23/2025,2,1,2,debit,0.127
6/23/2025,2:45:00 PM CDT,1073,sell to open,SPY $588 put exp. 6/30/2025,168,1,168,credit,1.142
6/24/2025,2:45:00 PM CDT,1073,buy to close,SPY $588 put exp. 6/30/2025,51,1,51,debit,0.127
6/24/2025,2:45:00 PM CDT,1074,sell to open,SPY $598 put exp. 7/1/2025,155,1,155,credit,1.142
6/26/2025,2:45:00 PM CDT,1074,buy to close,SPY $598 put exp. 7/1/2025,35,1,35,debit,0.127
6/26/2025,2:45:00 PM CDT,1075,sell to open,SPY $603 put exp. 7/3/2025,133,1,133,credit,1.142
6/30/2025,2:45:00 PM CDT,1075,buy to close,SPY $603 put exp. 7/3/2025,21,1,21,debit,0.127
6/30/2025,2:45:00 PM CDT,1076,sell to open,SPY $610 put exp. 7/7/2025,126,1,126,credit,1.142
7/2/2025,2:45:00 PM CDT,1076,buy to close,SPY $610 put exp. 7/7/2025,49,1,49,debit,0.127
7/2/2025,2:45:00 PM CDT,1077,sell to open,SPY $611 put exp. 7/9/2025,126,1,126,credit,1.142
7/3/2025,2:45:00 PM CDT,1077,buy to close,SPY $611 put exp. 7/9/2025,47,1,47,debit,0.127
7/8/2025,2:45:00 PM CDT,1078,sell to open,SPY $612 put exp. 7/15/2025,142,1,142,credit,1.142
7/9/2025,2:45:00 PM CDT,1078,buy to close,SPY $612 put exp. 7/15/2025,55,1,55,debit,0.127
7/9/2025,2:45:00 PM CDT,1079,sell to open,SPY $615 put exp. 7/16/2025,111,1,111,credit,1.142
7/14/2025,2:45:00 PM CDT,1079,buy to close,SPY $615 put exp. 7/16/2025,37,1,37,debit,0.127
7/14/2025,2:45:00 PM CDT,1080,sell to open,SPY $615 put exp. 7/21/2025,126,1,126,credit,1.142
7/17/2025,2:45:00 PM CDT,1080,buy to close,SPY $615 put exp. 7/21/2025,26,1,26,debit,0.127
7/17/2025,2:45:00 PM CDT,1081,sell to open,SPY $619 put exp. 7/24/2025,125,1,125,credit,1.142
7/21/2025,2:45:00 PM CDT,1081,buy to close,SPY $619 put exp. 7/24/2025,48,1,48,debit,0.127
7/21/2025,2:45:00 PM CDT,1082,sell to open,SPY $620 put exp. 7/28/2025,108,1,108,credit,1.142
7/23/2025,2:45:00 PM CDT,1082,buy to close,SPY $620 put exp. 7/28/2025,28,1,28,debit,0.127
7/23/2025,2:45:00 PM CDT,1083,sell to open,SPY $625 put exp. 7/30/2025,135,1,135,credit,1.142
7/25/2025,2:45:00 PM CDT,1083,buy to close,SPY $625 put exp. 7/30/2025,43,1,43,debit,0.127
7/25/2025,2:45:00 PM CDT,1084,sell to open,SPY $628 put exp. 8/1/2025,148,1,148,credit,1.142
8/1/2025,2:45:00 PM CDT,1084,buy to close,SPY $628 put exp. 8/1/2025,605,1,605,debit,0.127
8/1/2025,2:45:00 PM CDT,1085,sell to open,SPY $607 put exp. 8/8/2025,199,1,199,credit,1.142
8/4/2025,2:45:00 PM CDT,1085,buy to close,SPY $607 put exp. 8/8/2025,32,1,32,debit,0.127
8/4/2025,2:45:00 PM CDT,1086,sell to open,SPY $620 put exp. 8/11/2025,148,1,148,credit,1.142
8/6/2025,2:45:00 PM CDT,1086,buy to close,SPY $620 put exp. 8/11/2025,52,1,52,debit,0.127
8/6/2025,2:45:00 PM CDT,1087,sell to open,SPY $623 put exp. 8/13/2025,154,1,154,credit,1.142
8/8/2025,2:45:00 PM CDT,1087,buy to close,SPY $623 put exp. 8/13/2025,51,1,51,debit,0.127
8/8/2025,2:45:00 PM CDT,1088,sell to open,SPY $627 put exp. 8/15/2025,145,1,145,credit,1.142
8/12/2025,2:45:00 PM CDT,1088,buy to close,SPY $627 put exp. 8/15/2025,33,1,33,debit,0.127
8/12/2025,2:45:00 PM CDT,1089,sell to open,SPY $634 put exp. 8/19/2025,122,1,122,credit,1.142
8/14/2025,2:45:00 PM CDT,1089,buy to close,SPY $634 put exp. 8/19/2025,49,1,49,debit,0.127
8/14/2025,2:45:00 PM CDT,1090,sell to open,SPY $637 put exp. 8/21/2025,116,1,116,credit,1.142
8/21/2025,3:00:00 PM CDT,1090,exercise,SPY $637 put exp. 8/21/2025,0,1,0,debit,5
8/21/2025,3:00:00 PM CDT,1090,assignment,SPY shares,637,100,63700,debit,0
8/21/2025,3:00:00 PM CDT,1090,sell to close,SPY shares,635.55,100,63555,credit,0
8/22/2025,2:45:00 PM CDT,1091,sell to open,SPY $637 put exp. 8/29/2025,146,1,146,credit,1.142
8/27/2025,2:45:00 PM CDT,1091,buy to close,SPY $637 put exp. 8/29/2025,57,1,57,debit,0.127
8/27/2025,2:45:00 PM CDT,1092,sell to open,SPY $639 put exp. 9/3/2025,134,1,134,credit,1.142
8/28/2025,2:45:00 PM CDT,1092,buy to close,SPY $639 put exp. 9/3/2025,42,1,42,debit,0.127
8/28/2025,2:45:00 PM CDT,1093,sell to open,SPY $643 put exp. 9/4/2025,106,1,106,credit,1.142
9/2/2025,2:45:00 PM CDT,1093,buy to close,SPY $643 put exp. 9/4/2025,449,1,449,debit,0.127
9/2/2025,2:45:00 PM CDT,1094,sell to open,SPY $630 put exp. 9/9/2025,204,1,204,credit,1.142
9/3/2025,2:45:00 PM CDT,1094,buy to close,SPY $630 put exp. 9/9/2025,93,1,93,debit,0.127
9/3/2025,2:45:00 PM CDT,1095,sell to open,SPY $630 put exp. 9/10/2025,118,1,118,credit,1.142
9/4/2025,2:45:00 PM CDT,1095,buy to close,SPY $630 put exp. 9/10/2025,39,1,39,debit,0.127
9/4/2025,2:45:00 PM CDT,1096,sell to open,SPY $639 put exp. 9/11/2025,149,1,149,credit,1.142
9/8/2025,2:45:00 PM CDT,1096,buy to close,SPY $639 put exp. 9/11/2025,65,1,65,debit,0.127
9/8/2025,2:45:00 PM CDT,1097,sell to open,SPY $640 put exp. 9/15/2025,129,1,129,credit,1.142
9/10/2025,2:45:00 PM CDT,1097,buy to close,SPY $640 put exp. 9/15/2025,61,1,61,debit,0.127
9/10/2025,2:45:00 PM CDT,1098,sell to open,SPY $642 put exp. 9/17/2025,147,1,147,credit,1.142
9/11/2025,2:45:00 PM CDT,1098,buy to close,SPY $642 put exp. 9/17/2025,53,1,53,debit,0.127
9/11/2025,2:45:00 PM CDT,1099,sell to open,SPY $649 put exp. 9/18/2025,130,1,130,credit,1.142
9/17/2025,2:45:00 PM CDT,1099,buy to close,SPY $649 put exp. 9/18/2025,39,1,39,debit,0.127
9/17/2025,2:45:00 PM CDT,1100,sell to open,SPY $648 put exp. 9/24/2025,177,1,177,credit,1.142
9/18/2025,2:45:00 PM CDT,1100,buy to close,SPY $648 put exp. 9/24/2025,80,1,80,debit,0.127
9/18/2025,2:45:00 PM CDT,1101,sell to open,SPY $653 put exp. 9/25/2025,164,1,164,credit,1.142
9/22/2025,2:45:00 PM CDT,1101,buy to close,SPY $653 put exp. 9/25/2025,37,1,37,debit,0.127
9/22/2025,2:45:00 PM CDT,1102,sell to open,SPY $658 put exp. 9/29/2025,123,1,123,credit,1.142
9/29/2025,2:45:00 PM CDT,1102,buy to close,SPY $658 put exp. 9/29/2025,1,1,1,debit,0.127
9/29/2025,2:45:00 PM CDT,1103,sell to open,SPY $654 put exp. 10/6/2025,121,1,121,credit,1.142
10/1/2025,2:45:00 PM CDT,1103,buy to close,SPY $654 put exp. 10/6/2025,45,1,45,debit,0.127
10/1/2025,2:45:00 PM CDT,1104,sell to open,SPY $660 put exp. 10/8/2025,134,1,134,credit,1.142
10/7/2025,2:45:00 PM CDT,1104,buy to close,SPY $660 put exp. 10/8/2025,17,1,17,debit,0.127
10/7/2025,2:45:00 PM CDT,1105,sell to open,SPY $658 put exp. 10/14/2025,131,1,131,credit,1.142
10/8/2025,2:45:00 PM CDT,1105,buy to close,SPY $658 put exp. 10/14/2025,62,1,62,debit,0.127
10/8/2025,2:45:00 PM CDT,1106,sell to open,SPY $664 put exp. 10/15/2025,136,1,136,credit,1.142
10/10/2025,2:45:00 PM CDT,1106,buy to close,SPY $664 put exp. 10/15/2025,986,1,986,debit,0.127
10/10/2025,2:45:00 PM CDT,1107,sell to open,SPY $640 put exp. 10/17/2025,269,1,269,credit,1.142
10/13/2025,2:45:00 PM CDT,1107,buy to close,SPY $640 put exp. 10/17/2025,57,1,57,debit,0.127
10/13/2025,2:45:00 PM CDT,1108,sell to open,SPY $652 put exp. 10/20/2025,189,1,189,credit,1.142
10/17/2025,2:45:00 PM CDT,1108,buy to close,SPY $652 put exp. 10/20/2025,49,1,49,debit,0.127
10/20/2025,2:45:00 PM CDT,1109,sell to open,SPY $661 put exp. 10/27/2025,172,1,172,credit,1.142
10/23/2025,2:45:00 PM CDT,1109,buy to close,SPY $661 put exp. 10/27/2025,72,1,72,debit,0.127
10/23/2025,2:45:00 PM CDT,1110,sell to open,SPY $660 put exp. 10/30/2025,192,1,192,credit,1.142
10/24/2025,2:45:00 PM CDT,1110,buy to close,SPY $660 put exp. 10/30/2025,91,1,91,debit,0.127
10/24/2025,2:45:00 PM CDT,1111,sell to open,SPY $667 put exp. 10/31/2025,193,1,193,credit,1.142
10/27/2025,2:45:00 PM CDT,1111,buy to close,SPY $667 put exp. 10/31/2025,69,1,69,debit,0.127
10/27/2025,2:45:00 PM CDT,1112,sell to open,SPY $674 put exp. 11/3/2025,160,1,160,credit,1.142
10/31/2025,2:45:00 PM CDT,1112,buy to close,SPY $674 put exp. 11/3/2025,32,1,32,debit,0.127
10/31/2025,2:45:00 PM CDT,1113,sell to open,SPY $672.5 put exp. 11/7/2025,162,1,162,credit,1.142
11/7/2025,3:00:00 PM CST,1113,exercise,SPY $672.5 put exp. 11/7/2025,0,1,0,debit,5
11/7/2025,3:00:00 PM CST,1113,assignment,SPY shares,672.5,100,67250,debit,0
11/7/2025,3:00:00 PM CST,1113,sell to close,SPY shares,670.97,100,67097,credit,0
11/10/2025,2:45:00 PM CST,1114,sell to open,SPY $671 put exp. 11/17/2025,165,1,165,credit,1.142
11/12/2025,2:45:00 PM CST,1114,buy to close,SPY $671 put exp. 11/17/2025,68,1,68,debit,0.127
11/12/2025,2:45:00 PM CST,1115,sell to open,SPY $672 put exp. 11/19/2025,163,1,163,credit,1.142
11/17/2025,2:45:00 PM CST,1115,buy to close,SPY $672 put exp. 11/19/2025,904,1,904,debit,0.127
11/17/2025,2:45:00 PM CST,1116,sell to open,SPY $650 put exp. 11/24/2025,303,1,303,credit,1.142
11/21/2025,2:45:00 PM CST,1116,buy to close,SPY $650 put exp. 11/24/2025,85,1,85,debit,0.127
11/24/2025,2:45:00 PM CST,1117,sell to open,SPY $658 put exp. 12/1/2025,190,1,190,credit,1.142
11/25/2025,2:45:00 PM CST,1117,buy to close,SPY $658 put exp. 12/1/2025,52,1,52,debit,0.127
11/25/2025,2:45:00 PM CST,1118,sell to open,SPY $666 put exp. 12/2/2025,152,1,152,credit,1.142
11/26/2025,2:45:00 PM CST,1118,buy to close,SPY $666 put exp. 12/2/2025,44,1,44,debit,0.127
11/26/2025,2:45:00 PM CST,1119,sell to open,SPY $673 put exp. 12/3/2025,134,1,134,credit,1.142
12/1/2025,2:45:00 PM CST,1119,buy to close,SPY $673 put exp. 12/3/2025,64,1,64,debit,0.127
12/1/2025,2:45:00 PM CST,1120,sell to open,SPY $670 put exp. 12/8/2025,147,1,147,credit,1.142
12/3/2025,2:45:00 PM CST,1120,buy to close,SPY $670 put exp. 12/8/2025,33,1,33,debit,0.127
12/3/2025,2:45:00 PM CST,1121,sell to open,SPY $674 put exp. 12/10/2025,142,1,142,credit,1.142
12/5/2025,2:45:00 PM CST,1121,buy to close,SPY $674 put exp. 12/10/2025,58,1,58,debit,0.127
12/5/2025,2:45:00 PM CST,1122,sell to open,SPY $675 put exp. 12/12/2025,145,1,145,credit,1.142
12/10/2025,2:45:00 PM CST,1122,buy to close,SPY $675 put exp. 12/12/2025,29,1,29,debit,0.127
12/10/2025,2:45:00 PM CST,1123,sell to open,SPY $678 put exp. 12/17/2025,160,1,160,credit,1.142
12/17/2025,3:00:00 PM CST,1123,exercise,SPY $678 put exp. 12/17/2025,0,1,0,debit,5
12/17/2025,3:00:00 PM CST,1123,assignment,SPY shares,678,100,67800,debit,0
12/17/2025,3:00:00 PM CST,1123,sell to close,SPY shares,671.4,100,67140,credit,0
12/18/2025,2:45:00 PM CST,1124,sell to open,SPY $668 put exp. 12/26/2025,186,1,186,credit,1.142
12/19/2025,2:45:00 PM CST,1124,buy to close,SPY $668 put exp. 12/26/2025,62,1,62,debit,0.127
12/19/2025,2:45:00 PM CST,1125,sell to open,SPY $672 put exp. 12/26/2025,105,1,105,credit,1.142
12/22/2025,2:45:00 PM CST,1125,buy to close,SPY $672 put exp. 12/26/2025,20,1,20,debit,0.127
12/22/2025,2:45:00 PM CST,1126,sell to open,SPY $679 put exp. 12/29/2025,96,1,96,credit,1.142
12/23/2025,2:45:00 PM CST,1126,buy to close,SPY $679 put exp. 12/29/2025,41,1,41,debit,0.127
12/23/2025,2:45:00 PM CST,1127,sell to open,SPY $682 put exp. 12/30/2025,97,1,97,credit,1.142
12/24/2025,2:45:00 PM CST,1127,buy to close,SPY $682 put exp. 12/30/2025,44,1,44,debit,0.127
12/24/2025,2:45:00 PM CST,1128,sell to open,SPY $684 put exp. 12/31/2025,102,1,102,credit,1.142
12/30/2025,2:45:00 PM CST,1128,buy to close,SPY $684 put exp. 12/31/2025,39,1,39,debit,0.127
12/30/2025,2:45:00 PM CST,1129,sell to open,SPY $679 put exp. 1/6/2026,77,1,77,credit,1.142
1/5/2026,2:45:00 PM CST,1129,buy to close,SPY $679 put exp. 1/6/2026,9,1,9,debit,0.127
1/5/2026,2:45:00 PM CST,1130,sell to open,SPY $680 put exp. 1/12/2026,134,1,134,credit,1.142
1/6/2026,2:45:00 PM CST,1130,buy to close,SPY $680 put exp. 1/12/2026,60,1,60,debit,0.127
1/6/2026,2:45:00 PM CST,1131,sell to open,SPY $683 put exp. 1/13/2026,128,1,128,credit,1.142
1/9/2026,2:45:00 PM CST,1131,buy to close,SPY $683 put exp. 1/13/2026,23,1,23,debit,0.127
1/9/2026,2:45:00 PM CST,1132,sell to open,SPY $686 put exp. 1/16/2026,130,1,130,credit,1.142
1/15/2026,2:45:00 PM CST,1132,buy to close,SPY $686 put exp. 1/16/2026,40,1,40,debit,0.127
1/15/2026,2:45:00 PM CST,1133,sell to open,SPY $683 put exp. 1/22/2026,140,1,140,credit,1.142
1/20/2026,2:45:00 PM CST,1133,buy to close,SPY $683 put exp. 1/22/2026,728,1,728,debit,0.127
1/20/2026,2:45:00 PM CST,1134,sell to open,SPY $663 put exp. 1/27/2026,234,1,234,credit,1.142
1/21/2026,2:45:00 PM CST,1134,buy to close,SPY $663 put exp. 1/27/2026,43,1,43,debit,0.127
1/21/2026,2:45:00 PM CST,1135,sell to open,SPY $674 put exp. 1/28/2026,181,1,181,credit,1.142
1/22/2026,2:45:00 PM CST,1135,buy to close,SPY $674 put exp. 1/28/2026,78,1,78,debit,0.127
1/22/2026,2:45:00 PM CST,1136,sell to open,SPY $677 put exp. 1/29/2026,156,1,156,credit,1.142
1/26/2026,2:45:00 PM CST,1136,buy to close,SPY $677 put exp. 1/29/2026,45,1,45,debit,0.127
1/26/2026,2:45:00 PM CST,1137,sell to open,SPY $682 put exp. 2/2/2026,150,1,150,credit,1.142
1/30/2026,2:45:00 PM CST,1137,buy to close,SPY $682 put exp. 2/2/2026,60,1,60,debit,0.127
1/30/2026,2:45:00 PM CST,1138,sell to open,SPY $678 put exp. 2/6/2026,197,1,197,credit,1.142
2/2/2026,2:45:00 PM CST,1138,buy to close,SPY $678 put exp. 2/6/2026,62,1,62,debit,0.127
2/2/2026,2:45:00 PM CST,1139,sell to open,SPY $684 put exp. 2/9/2026,151,1,151,credit,1.142
2/5/2026,2:45:00 PM CST,1139,buy to close,SPY $684 put exp. 2/9/2026,908,1,908,debit,0.127
2/5/2026,2:45:00 PM CST,1140,sell to open,SPY $660 put exp. 2/12/2026,277,1,277,credit,1.142
2/6/2026,2:45:00 PM CST,1140,buy to close,SPY $660 put exp. 2/12/2026,29,1,29,debit,0.127
2/6/2026,2:45:00 PM CST,1141,sell to open,SPY $678 put exp. 2/13/2026,191,1,191,credit,1.142
2/9/2026,2:45:00 PM CST,1141,buy to close,SPY $678 put exp. 2/13/2026,79,1,79,debit,0.127
2/9/2026,2:45:00 PM CST,1142,sell to open,SPY $683 put exp. 2/17/2026,179,1,179,credit,1.142
2/17/2026,2:45:00 PM CST,1142,buy to close,SPY $683 put exp. 2/17/2026,52,1,52,debit,0.127
2/17/2026,2:45:00 PM CST,1143,sell to open,SPY $668 put exp. 2/24/2026,224,1,224,credit,1.142
2/20/2026,2:45:00 PM CST,1143,buy to close,SPY $668 put exp. 2/24/2026,41,1,41,debit,0.127
2/20/2026,2:45:00 PM CST,1144,sell to open,SPY $674 put exp. 2/27/2026,214,1,214,credit,1.142
2/25/2026,2:45:00 PM CST,1144,buy to close,SPY $674 put exp. 2/27/2026,38,1,38,debit,0.127
2/25/2026,2:45:00 PM CST,1145,sell to open,SPY $680 put exp. 3/4/2026,194,1,194,credit,1.142
3/3/2026,2:45:00 PM CST,1145,buy to close,SPY $680 put exp. 3/4/2026,293,1,293,debit,0.127
3/4/2026,2:45:00 PM CST,1146,sell to open,SPY $671 put exp. 3/11/2026,248,1,248,credit,1.142
3/9/2026,2:45:00 PM CDT,1146,buy to close,SPY $671 put exp. 3/11/2026,287,1,287,debit,0.127
3/10/2026,2:45:00 PM CDT,1147,sell to open,SPY $659 put exp. 3/17/2026,310,1,310,credit,1.142
3/11/2026,2:45:00 PM CDT,1147,buy to close,SPY $659 put exp. 3/17/2026,250,1,250,debit,0.127
3/17/2026,2:45:00 PM CDT,1148,sell to open,SPY $654 put exp. 3/24/2026,267,1,267,credit,1.142
3/19/2026,2:45:00 PM CDT,1148,buy to close,SPY $654 put exp. 3/24/2026,449,1,449,debit,0.127
4/1/2026,2:45:00 PM CDT,1149,sell to open,SPY $639 put exp. 4/8/2026,268,1,268,credit,1.142
4/2/2026,2:45:00 PM CDT,1149,buy to close,SPY $639 put exp. 4/8/2026,241,1,241,debit,0.127
4/6/2026,2:45:00 PM CDT,1150,sell to open,SPY $641 put exp. 4/13/2026,269,1,269,credit,1.142
4/8/2026,2:45:00 PM CDT,1150,buy to close,SPY $641 put exp. 4/13/2026,38,1,38,debit,0.127
4/8/2026,2:45:00 PM CDT,1151,sell to open,SPY $660 put exp. 4/15/2026,234,1,234,credit,1.142
4/9/2026,2:45:00 PM CDT,1151,buy to close,SPY $660 put exp. 4/15/2026,83,1,83,debit,0.127
4/9/2026,2:45:00 PM CDT,1152,sell to open,SPY $667 put exp. 4/16/2026,189,1,189,credit,1.142
4/13/2026,2:45:00 PM CDT,1152,buy to close,SPY $667 put exp. 4/16/2026,63,1,63,debit,0.127
4/13/2026,2:45:00 PM CDT,1153,sell to open,SPY $671 put exp. 4/20/2026,201,1,201,credit,1.142
4/14/2026,2:45:00 PM CDT,1153,buy to close,SPY $671 put exp. 4/20/2026,75,1,75,debit,0.127
4/14/2026,2:45:00 PM CDT,1154,sell to open,SPY $681 put exp. 4/21/2026,196,1,196,credit,1.142
4/16/2026,2:45:00 PM CDT,1154,buy to close,SPY $681 put exp. 4/21/2026,49,1,49,debit,0.127
4/16/2026,2:45:00 PM CDT,1155,sell to open,SPY $690 put exp. 4/23/2026,183,1,183,credit,1.142
4/17/2026,2:45:00 PM CDT,1155,buy to close,SPY $690 put exp. 4/23/2026,64,1,64,debit,0.127
4/17/2026,2:45:00 PM CDT,1156,sell to open,SPY $698 put exp. 4/24/2026,168,1,168,credit,1.142
4/22/2026,2:45:00 PM CDT,1156,buy to close,SPY $698 put exp. 4/24/2026,49,1,49,debit,0.127
4/22/2026,2:45:00 PM CDT,1157,sell to open,SPY $697 put exp. 4/29/2026,209,1,209,credit,1.142
4/24/2026,2:45:00 PM CDT,1157,buy to close,SPY $697 put exp. 4/29/2026,96,1,96,debit,0.127
4/24/2026,2:45:00 PM CDT,1158,sell to open,SPY $699 put exp. 5/1/2026,210,1,210,credit,1.142
4/30/2026,2:45:00 PM CDT,1158,buy to close,SPY $699 put exp. 5/1/2026,5,1,5,debit,0.127
4/30/2026,2:45:00 PM CDT,1159,sell to open,SPY $708 put exp. 5/7/2026,169,1,169,credit,1.142
5/5/2026,2:45:00 PM CDT,1159,buy to close,SPY $708 put exp. 5/7/2026,22,1,22,debit,0.127
5/5/2026,2:45:00 PM CDT,1160,sell to open,SPY $712 put exp. 5/12/2026,156,1,156,credit,1.142
5/6/2026,2:45:00 PM CDT,1160,buy to close,SPY $712 put exp. 5/12/2026,60,1,60,debit,0.127
5/6/2026,2:45:00 PM CDT,1161,sell to open,SPY $722 put exp. 5/13/2026,172,1,172,credit,1.142
5/8/2026,2:45:00 PM CDT,1161,buy to close,SPY $722 put exp. 5/13/2026,58,1,58,debit,0.127
5/8/2026,2:45:00 PM CDT,1162,sell to open,SPY $726 put exp. 5/15/2026,168,1,168,credit,1.142
5/13/2026,2:45:00 PM CDT,1162,buy to close,SPY $726 put exp. 5/15/2026,27,1,27,debit,0.127
5/13/2026,2:45:00 PM CDT,1163,sell to open,SPY $731 put exp. 5/20/2026,171,1,171,credit,1.142
5/20/2026,2:45:00 PM CDT,1163,buy to close,SPY $731 put exp. 5/20/2026,2,1,2,debit,0.127
5/20/2026,2:45:00 PM CDT,1164,sell to open,SPY $729 put exp. 5/27/2026,180,1,180,credit,1.142
5/22/2026,2:45:00 PM CDT,1164,buy to close,SPY $729 put exp. 5/27/2026,59,1,59,debit,0.127
5/22/2026,2:45:00 PM CDT,1165,sell to open,SPY $733 put exp. 5/29/2026,167,1,167,credit,1.142
5/26/2026,2:45:00 PM CDT,1165,buy to close,SPY $733 put exp. 5/29/2026,44,1,44,debit,0.127
5/26/2026,2:45:00 PM CDT,1166,sell to open,SPY $740 put exp. 6/2/2026,174,1,174,credit,1.142
5/28/2026,2:45:00 PM CDT,1166,buy to close,SPY $740 put exp. 6/2/2026,44,1,44,debit,0.127
5/28/2026,2:45:00 PM CDT,1167,sell to open,SPY $745 put exp. 6/4/2026,142,1,142,credit,1.142
6/1/2026,2:45:00 PM CDT,1167,buy to close,SPY $745 put exp. 6/4/2026,48,1,48,debit,0.127
6/1/2026,2:45:00 PM CDT,1168,sell to open,SPY $749 put exp. 6/8/2026,160,1,160,credit,1.142
6/4/2026,2:45:00 PM CDT,1168,buy to close,SPY $749 put exp. 6/8/2026,57,1,57,debit,0.127
6/4/2026,2:45:00 PM CDT,1169,sell to open,SPY $747 put exp. 6/11/2026,131,1,131,credit,1.142
6/5/2026,2:45:00 PM CDT,1169,buy to close,SPY $747 put exp. 6/11/2026,1116,1,1116,debit,0.127
6/5/2026,2:45:00 PM CDT,1170,sell to open,SPY $721 put exp. 6/12/2026,259,1,259,credit,1.142
6/8/2026,2:45:00 PM CDT,1170,buy to close,SPY $721 put exp. 6/12/2026,116,1,116,debit,0.127
6/8/2026,2:45:00 PM CDT,1171,sell to open,SPY $725 put exp. 6/15/2026,216,1,216,credit,1.142
6/12/2026,2:45:00 PM CDT,1171,buy to close,SPY $725 put exp. 6/15/2026,43,1,43,debit,0.127
6/12/2026,2:45:00 PM CDT,1172,sell to open,SPY $726 put exp. 6/18/2026,229,1,229,credit,1.142
6/15/2026,2:45:00 PM CDT,1172,buy to close,SPY $726 put exp. 6/18/2026,41,1,41,debit,0.127
6/15/2026,2:45:00 PM CDT,1173,sell to open,SPY $742 put exp. 6/22/2026,190,1,190,credit,1.142
6/22/2026,2:45:00 PM CDT,1173,buy to close,SPY $742 put exp. 6/22/2026,9,1,9,debit,0.127
6/22/2026,2:45:00 PM CDT,1174,sell to open,SPY $730 put exp. 6/29/2026,208,1,208,credit,1.142
6/29/2026,2:45:00 PM CDT,1174,buy to close,SPY $730 put exp. 6/29/2026,2,1,2,debit,0.127
6/29/2026,2:45:00 PM CDT,1175,sell to open,SPY $729 put exp. 7/6/2026,168,1,168,credit,1.142
6/30/2026,2:45:00 PM CDT,1175,buy to close,SPY $729 put exp. 7/6/2026,55,1,55,debit,0.127
6/30/2026,2:45:00 PM CDT,1176,sell to open,SPY $736 put exp. 7/7/2026,145,1,145,credit,1.142
7/6/2026,2:45:00 PM CDT,1176,buy to close,SPY $736 put exp. 7/7/2026,5,1,5,debit,0.127
7/6/2026,2:45:00 PM CDT,1177,sell to open,SPY $743 put exp. 7/13/2026,128,1,128,credit,1.142
7/10/2026,2:45:00 PM CDT,1177,buy to close,SPY $743 put exp. 7/13/2026,12,1,12,debit,0.127
7/10/2026,2:45:00 PM CDT,1178,sell to open,SPY $745 put exp. 7/17/2026,125,1,125,credit,1.142
7/15/2026,2:45:00 PM CDT,1178,buy to close,SPY $745 put exp. 7/17/2026,48,1,48,debit,0.127
7/15/2026,2:45:00 PM CDT,1179,sell to open,SPY $744 put exp. 7/22/2026,137,1,137,credit,1.142
7/22/2026,2:45:00 PM CDT,1179,buy to close,SPY $744 put exp. 7/22/2026,8,1,8,debit,0.127
7/22/2026,2:45:00 PM CDT,1180,sell to open,SPY $736 put exp. 7/29/2026,183,1,183,credit,1.142
7/29/2026,3:00:00 PM CDT,1180,exercise,SPY $736 put exp. 7/29/2026,0,1,0,debit,5
7/29/2026,3:00:00 PM CDT,1180,assignment,SPY shares,736,100,73600,debit,0
7/29/2026,3:00:00 PM CDT,1180,sell to close,SPY shares,729.46,100,72946,credit,0
